poi_id,poi_name,poi_cate,journey_n_total,stop_n_total,avg_stop_sentiment,frame_n_total,is_focal,top_market,top_inbound_poi_id,top_inbound_poi_name,top_outbound_poi_id,top_outbound_poi_name,top_companion_poi_id,top_companion_poi_name,city_sentiment_rank,category_sentiment_rank
296.0,Hong Kong Disneyland,Entertainment,22954,27617,0.8977668180037256,167350,1,PH,300.0,Hong Kong International Airport,598.0,Ocean Park,300.0,Hong Kong International Airport,4.0,4.0
300.0,Hong Kong International Airport,Transit,5819,6608,0.5151689871648693,14260,1,PH,296.0,Hong Kong Disneyland,296.0,Hong Kong Disneyland,296.0,Hong Kong Disneyland,113.0,4.0
598.0,Ocean Park,Entertainment,1947,2744,0.8318490953931607,8292,1,PH,296.0,Hong Kong Disneyland,296.0,Hong Kong Disneyland,296.0,Hong Kong Disneyland,20.0,9.0
451.0,Lantau Island,Natural,3455,4305,0.8602152551871495,6972,1,TH,629.0,Po Lin Monastery,629.0,Po Lin Monastery,296.0,Hong Kong Disneyland,10.0,1.0
946.0,Victoria Peak,Cityscape,3390,3898,0.8411576965784452,6717,1,PH,873.0,The Peak Tram,296.0,Hong Kong Disneyland,296.0,Hong Kong Disneyland,17.0,2.0
944.0,Victoria Harbour,Cityscape,3496,3881,0.8196116058180014,6106,1,PH,296.0,Hong Kong Disneyland,296.0,Hong Kong Disneyland,296.0,Hong Kong Disneyland,24.0,4.0
873.0,The Peak Tram,Entertainment,1471,1699,0.7746373141762586,2915,1,PH,946.0,Victoria Peak,946.0,Victoria Peak,946.0,Victoria Peak,49.0,12.0
101.0,Central,area,1743,1943,0.5992424959711704,2666,1,PH,296.0,Hong Kong Disneyland,296.0,Hong Kong Disneyland,296.0,Hong Kong Disneyland,95.0,10.0
580.0,Ngong Ping 360,Entertainment,1222,1406,0.7821462997106332,2550,1,PH,451.0,Lantau Island,451.0,Lantau Island,451.0,Lantau Island,43.0,11.0
907.0,Tsim Sha Tsui,area,1077,1161,0.6173407532433671,2383,1,TH,300.0,Hong Kong International Airport,296.0,Hong Kong Disneyland,300.0,Hong Kong International Airport,89.0,7.0
629.0,Po Lin Monastery,Religious,1290,1522,0.812662966759884,2018,1,PH,451.0,Lantau Island,451.0,Lantau Island,451.0,Lantau Island,28.0,2.0
180.0,Disney's Hollywood Hotel,Hotel,687,1007,0.8652195707246604,1835,1,JP,296.0,Hong Kong Disneyland,296.0,Hong Kong Disneyland,296.0,Hong Kong Disneyland,8.0,1.0
96.0,Causeway Bay,area,727,781,0.6412717783327081,1687,1,ID,300.0,Hong Kong International Airport,296.0,Hong Kong Disneyland,101.0,Central,85.0,4.0
540.0,Mong Kok,area,791,853,0.6357254015172109,1649,1,TH,296.0,Hong Kong Disneyland,296.0,Hong Kong Disneyland,296.0,Hong Kong Disneyland,86.0,5.0
307.0,Hong Kong Observation Wheel,Entertainment,1039,1116,0.8496194199784606,1521,1,PH,296.0,Hong Kong Disneyland,296.0,Hong Kong Disneyland,296.0,Hong Kong Disneyland,14.0,8.0
46.0,Bakehouse (Wan Chai),Dining,727,763,0.8169451555298047,1328,1,TH,296.0,Hong Kong Disneyland,296.0,Hong Kong Disneyland,296.0,Hong Kong Disneyland,26.0,2.0
815.0,Tai Po,area,1022,1158,0.778631599057182,1327,1,TH,451.0,Lantau Island,451.0,Lantau Island,451.0,Lantau Island,46.0,2.0
803.0,Tai Mo Shan,Outdoor,868,978,0.8517156080637704,1233,1,PH,451.0,Lantau Island,451.0,Lantau Island,451.0,Lantau Island,13.0,1.0
584.0,Ngong Ping Village,Cultural,577,626,0.7804312884904736,1188,1,PH,451.0,Lantau Island,451.0,Lantau Island,451.0,Lantau Island,44.0,5.0
37.0,Avenue Of Stars,Cityscape,469,483,0.8207190756411653,1179,1,ID,944.0,Victoria Harbour,944.0,Victoria Harbour,944.0,Victoria Harbour,23.0,3.0
874.0,The Peninsula,Hotel,770,832,0.8221175364335245,1157,1,TH,296.0,Hong Kong Disneyland,296.0,Hong Kong Disneyland,296.0,Hong Kong Disneyland,22.0,2.0
579.0,Ngong Ping,area,405,463,0.7907765292196235,1114,1,PH,580.0,Ngong Ping 360,580.0,Ngong Ping 360,451.0,Lantau Island,37.0,1.0
295.0,Hong Kong Cultural Centre,Cultural,853,910,0.6780754948124604,1076,1,PH,944.0,Victoria Harbour,944.0,Victoria Harbour,944.0,Victoria Harbour,77.0,9.0
696.0,Sha Tin Che Kung Temple,Religious,553,583,0.6636280528461953,965,1,TH,506.0,Man Mo Temple,506.0,Man Mo Temple,300.0,Hong Kong International Airport,82.0,9.0
364.0,K11 MUSEA,Shopping,609,640,0.7391377924801446,924,1,PH,944.0,Victoria Harbour,944.0,Victoria Harbour,944.0,Victoria Harbour,61.0,3.0
733.0,Sky 100,Cityscape,708,757,0.68463617409876,909,1,PH,946.0,Victoria Peak,946.0,Victoria Peak,946.0,Victoria Peak,72.0,13.0
1003.0,World of Frozen,Entertainment,598,652,0.9364957078957293,885,1,TH,296.0,Hong Kong Disneyland,296.0,Hong Kong Disneyland,296.0,Hong Kong Disneyland,1.0,1.0
506.0,Man Mo Temple,Religious,539,580,0.6508810190352105,839,1,TH,696.0,Sha Tin Che Kung Temple,696.0,Sha Tin Che Kung Temple,696.0,Sha Tin Che Kung Temple,83.0,10.0
913.0,Tsing Ma Bridge,Cityscape,615,639,0.6800900843923832,810,1,PH,300.0,Hong Kong International Airport,296.0,Hong Kong Disneyland,300.0,Hong Kong International Airport,75.0,14.0
324.0,Hong Kong-Zhuhai-Macao Bridge,Cityscape,475,539,0.6721771827579525,773,1,TH,300.0,Hong Kong International Airport,300.0,Hong Kong International Airport,300.0,Hong Kong International Airport,79.0,15.0
804.0,Tai O,area,268,312,0.7271125953051137,672,1,TH,451.0,Lantau Island,451.0,Lantau Island,451.0,Lantau Island,65.0,3.0
995.0,Wong Tai Sin Temple,Religious,282,305,0.6981330637249316,666,1,TH,696.0,Sha Tin Che Kung Temple,696.0,Sha Tin Che Kung Temple,696.0,Sha Tin Che Kung Temple,68.0,7.0
921.0,Tsz Shan Monastery,Religious,435,475,0.7738772377384112,663,1,TH,451.0,Lantau Island,451.0,Lantau Island,451.0,Lantau Island,51.0,4.0
885.0,Tian Tan Buddha,Religious,265,291,0.7746579410602464,645,1,PH,451.0,Lantau Island,451.0,Lantau Island,451.0,Lantau Island,48.0,3.0
304.0,Hong Kong Museum of Art,Cultural,414,443,0.6788902859328412,625,1,PH,944.0,Victoria Harbour,944.0,Victoria Harbour,944.0,Victoria Harbour,76.0,8.0
494.0,Madame Tussauds,Cultural,283,303,0.7906985556417903,596,1,PH,946.0,Victoria Peak,946.0,Victoria Peak,946.0,Victoria Peak,38.0,3.0
310.0,Hong Kong Park,Cityscape,415,443,0.8041239042700942,585,1,PH,296.0,Hong Kong Disneyland,296.0,Hong Kong Disneyland,296.0,Hong Kong Disneyland,32.0,6.0
293.0,Hong Kong Convention and Exhibition Centre,Cityscape,517,535,0.6670044152037098,582,1,PH,300.0,Hong Kong International Airport,296.0,Hong Kong Disneyland,300.0,Hong Kong International Airport,80.0,16.0
150.0,Clock Tower,Cultural,428,448,0.776893122590239,565,1,PH,944.0,Victoria Harbour,944.0,Victoria Harbour,944.0,Victoria Harbour,47.0,6.0
404.0,Kowloon,area,315,328,0.5938813393063314,517,1,TH,300.0,Hong Kong International Airport,300.0,Hong Kong International Airport,300.0,Hong Kong International Airport,96.0,11.0
386.0,Kennedy Town,area,280,287,0.4918296988533598,515,1,TH,101.0,Central,101.0,Central,944.0,Victoria Harbour,118.0,18.0
964.0,Wan Chai,area,222,234,0.6245818960272659,510,1,TH,101.0,Central,101.0,Central,101.0,Central,87.0,6.0
413.0,Kowloon Tin Hau Temple,Religious,395,428,0.7523692562398188,502,1,TH,815.0,Tai Po,815.0,Tai Po,815.0,Tai Po,58.0,5.0
872.0,The Peak Tower,Cityscape,324,352,0.754772099912731,476,1,PH,946.0,Victoria Peak,946.0,Victoria Peak,946.0,Victoria Peak,57.0,10.0
834.0,Temple Street Night Market,Shopping,326,360,0.7621772734826016,468,1,TH,696.0,Sha Tin Che Kung Temple,696.0,Sha Tin Che Kung Temple,296.0,Hong Kong Disneyland,55.0,2.0
301.0,Hong Kong Island,Natural,216,237,0.6850498980006426,418,1,ID,944.0,Victoria Harbour,944.0,Victoria Harbour,944.0,Victoria Harbour,71.0,6.0
228.0,Frozen Ever After,Entertainment,329,368,0.8562634576298747,404,1,TH,296.0,Hong Kong Disneyland,296.0,Hong Kong Disneyland,296.0,Hong Kong Disneyland,11.0,7.0
312.0,Hong Kong Science Museum,Cultural,257,274,0.6242452458084611,371,1,PH,296.0,Hong Kong Disneyland,296.0,Hong Kong Disneyland,296.0,Hong Kong Disneyland,88.0,11.0
886.0,Times Square,Shopping,252,263,0.6438034665052673,345,1,PH,96.0,Causeway Bay,296.0,Hong Kong Disneyland,296.0,Hong Kong Disneyland,84.0,7.0
800.0,Tai Kwun,Cultural,171,197,0.4876700782605718,342,1,ID,101.0,Central,101.0,Central,101.0,Central,120.0,12.0
54.0,Big Grizzly Mountain Runaway Mine Cars,Entertainment,141,156,0.8235629068641942,340,1,PH,296.0,Hong Kong Disneyland,296.0,Hong Kong Disneyland,296.0,Hong Kong Disneyland,21.0,10.0
446.0,Lan Fong Yuen,Dining,245,250,0.7054358314516644,338,1,TW,296.0,Hong Kong Disneyland,101.0,Central,296.0,Hong Kong Disneyland,67.0,10.0
567.0,Nathan Rd,Cityscape,231,244,0.45550645080832713,328,1,TH,300.0,Hong Kong International Airport,300.0,Hong Kong International Airport,300.0,Hong Kong International Airport,121.0,22.0
663.0,Repulse Bay,Natural,184,189,0.7973589997644484,324,1,TH,815.0,Tai Po,815.0,Tai Po,451.0,Lantau Island,34.0,3.0
145.0,Chungking Mansions,Cityscape,232,239,0.5638390331317545,311,1,PH,296.0,Hong Kong Disneyland,296.0,Hong Kong Disneyland,296.0,Hong Kong Disneyland,104.0,19.0
448.0,Lan Kwai Fong,Cultural,188,191,0.7850156275445058,311,1,VN,101.0,Central,296.0,Hong Kong Disneyland,296.0,Hong Kong Disneyland,41.0,4.0
146.0,Citygate Outlets,Shopping,214,227,0.5722059859390164,310,1,PH,300.0,Hong Kong International Airport,580.0,Ngong Ping 360,451.0,Lantau Island,102.0,10.0
898.0,Toy Story Land,Entertainment,227,255,0.9257894193911864,305,1,PH,296.0,Hong Kong Disneyland,296.0,Hong Kong Disneyland,296.0,Hong Kong Disneyland,3.0,3.0
546.0,Monster Building,Cityscape,165,167,0.374489102910195,299,1,JP,296.0,Hong Kong Disneyland,300.0,Hong Kong International Airport,296.0,Hong Kong Disneyland,125.0,24.0
814.0,Tai Ping Shan,Outdoor,118,121,0.7644151352915493,298,1,TW,946.0,Victoria Peak,946.0,Victoria Peak,946.0,Victoria Peak,54.0,4.0
363.0,K11 ARTMALL,Shopping,188,197,0.6844324652964888,294,1,TH,944.0,Victoria Harbour,364.0,K11 MUSEA,944.0,Victoria Harbour,73.0,5.0
1042.0,iSQUARE,Shopping,219,229,0.5371477156817482,292,1,PH,300.0,Hong Kong International Airport,296.0,Hong Kong Disneyland,296.0,Hong Kong Disneyland,111.0,11.0
485.0,M+,Cultural,126,138,0.6755080860716857,277,1,PH,296.0,Hong Kong Disneyland,944.0,Victoria Harbour,944.0,Victoria Harbour,78.0,10.0
123.0,Cheung Hing Kee Shanghai Pan Fried Buns,Dining,157,162,0.8172759292519944,274,1,TH,46.0,Bakehouse (Wan Chai),46.0,Bakehouse (Wan Chai),907.0,Tsim Sha Tsui,25.0,1.0
560.0,Mystic Manor,Entertainment,123,133,0.5458104886909558,270,1,PH,296.0,Hong Kong Disneyland,296.0,Hong Kong Disneyland,296.0,Hong Kong Disneyland,109.0,14.0
565.0,Nan Lian Garden,Cultural,153,163,0.8609447319175901,268,1,PH,296.0,Hong Kong Disneyland,629.0,Po Lin Monastery,296.0,Hong Kong Disneyland,9.0,1.0
104.0,Central Market,Shopping,114,130,0.5221960803347446,268,1,TW,101.0,Central,101.0,Central,101.0,Central,112.0,12.0
444.0,Lamma Island,Natural,165,174,0.7961853745589795,259,1,TH,451.0,Lantau Island,296.0,Hong Kong Disneyland,451.0,Lantau Island,35.0,4.0
833.0,Temple St,Cityscape,173,179,0.7874222577888202,257,1,PH,300.0,Hong Kong International Airport,834.0,Temple Street Night Market,296.0,Hong Kong Disneyland,40.0,8.0
721.0,Sheung Wan,area,110,114,0.5468532970443379,257,1,TH,101.0,Central,101.0,Central,101.0,Central,108.0,14.0
820.0,Tai Tam Reservoir,Natural,171,179,0.8480823078397419,249,1,PH,451.0,Lantau Island,451.0,Lantau Island,451.0,Lantau Island,16.0,2.0
271.0,Harbour City,Shopping,157,164,0.730097334646913,248,1,PH,944.0,Victoria Harbour,944.0,Victoria Harbour,944.0,Victoria Harbour,64.0,4.0
119.0,Cheung Chau,Natural,82,90,0.7671743192410876,243,1,ID,296.0,Hong Kong Disneyland,103.0,Central Ferry Pier,296.0,Hong Kong Disneyland,52.0,5.0
17.0,Adventureland,Entertainment,173,186,0.8945656489293795,229,1,PH,296.0,Hong Kong Disneyland,296.0,Hong Kong Disneyland,296.0,Hong Kong Disneyland,5.0,5.0
588.0,North Point,area,156,165,0.57430928484786,229,1,TH,300.0,Hong Kong International Airport,300.0,Hong Kong International Airport,300.0,Hong Kong International Airport,101.0,12.0
323.0,Hong Kong Zoological and Botanical Gardens,Cityscape,150,157,0.7465186280827468,224,1,PH,598.0,Ocean Park,598.0,Ocean Park,296.0,Hong Kong Disneyland,60.0,11.0
675.0,SOGO,Shopping,168,172,0.5903307897043657,222,1,PH,96.0,Causeway Bay,96.0,Causeway Bay,96.0,Causeway Bay,98.0,9.0
179.0,Disney Explorers Lodge,Hotel,112,134,0.8033677100274592,218,1,JP,296.0,Hong Kong Disneyland,296.0,Hong Kong Disneyland,296.0,Hong Kong Disneyland,33.0,3.0
278.0,Hashtag B,Dining,151,157,0.8129475475315545,208,1,TH,46.0,Bakehouse (Wan Chai),46.0,Bakehouse (Wan Chai),46.0,Bakehouse (Wan Chai),27.0,3.0
1013.0,Yau Ma Tei,area,149,152,0.48897333531558773,196,1,VN,300.0,Hong Kong International Airport,296.0,Hong Kong Disneyland,101.0,Central,119.0,19.0
700.0,Sham Shui Po,area,107,108,0.6087654048001201,192,1,TW,907.0,Tsim Sha Tsui,540.0,Mong Kok,101.0,Central,91.0,8.0
436.0,Ladies' Market,Shopping,88,101,0.6655990660329136,190,1,ID,540.0,Mong Kok,540.0,Mong Kok,296.0,Hong Kong Disneyland,81.0,6.0
877.0,The Ritz-Carlton,Hotel,127,138,0.7739184842884909,188,1,PH,874.0,The Peninsula,874.0,The Peninsula,944.0,Victoria Harbour,50.0,4.0
953.0,Vission Bakery,Dining,104,105,0.7607098179436349,188,1,TH,101.0,Central,46.0,Bakehouse (Wan Chai),46.0,Bakehouse (Wan Chai),56.0,7.0
358.0,Jordan,area,116,121,0.6041279576763278,186,1,TH,907.0,Tsim Sha Tsui,296.0,Hong Kong Disneyland,907.0,Tsim Sha Tsui,94.0,9.0
433.0,LEGOLAND Discovery Centre,Entertainment,106,119,0.8816511809109406,186,1,PH,296.0,Hong Kong Disneyland,296.0,Hong Kong Disneyland,296.0,Hong Kong Disneyland,6.0,6.0
291.0,Hollywood Rd,Cityscape,116,123,0.5436009984919199,184,1,TH,101.0,Central,101.0,Central,101.0,Central,110.0,21.0
503.0,Mak's Noodle,Dining,109,109,0.736365962677701,183,1,TH,296.0,Hong Kong Disneyland,46.0,Bakehouse (Wan Chai),296.0,Hong Kong Disneyland,63.0,9.0
945.0,Victoria Park,Cityscape,136,144,0.7670100262586924,180,1,PH,296.0,Hong Kong Disneyland,296.0,Hong Kong Disneyland,296.0,Hong Kong Disneyland,53.0,9.0
334.0,Hung Hom Kwun Yum Temple,Religious,145,152,0.7481588957432126,179,1,TH,413.0,Kowloon Tin Hau Temple,506.0,Man Mo Temple,696.0,Sha Tin Che Kung Temple,59.0,6.0
36.0,Australia Dairy Company,Dining,128,128,0.5484797661234754,179,1,TW,46.0,Bakehouse (Wan Chai),46.0,Bakehouse (Wan Chai),46.0,Bakehouse (Wan Chai),107.0,12.0
897.0,Tomorrowland,Entertainment,131,147,0.9293212702272777,178,1,PH,296.0,Hong Kong Disneyland,296.0,Hong Kong Disneyland,296.0,Hong Kong Disneyland,2.0,2.0
1010.0,Yat Lok Restaurant,Dining,108,110,0.779625796366276,175,1,PH,101.0,Central,101.0,Central,101.0,Central,45.0,6.0
3.0,1881 Heritage,Shopping,118,122,0.8043229427740812,160,1,ID,874.0,The Peninsula,296.0,Hong Kong Disneyland,874.0,The Peninsula,31.0,1.0
977.0,West Kowloon Cultural District,Cultural,73,76,0.7173766948542334,160,1,ID,331.0,Hotel ICON,944.0,Victoria Harbour,944.0,Victoria Harbour,66.0,7.0
603.0,Old Hong Kong,Cityscape,119,127,0.8701461225493843,154,1,PH,598.0,Ocean Park,296.0,Hong Kong Disneyland,598.0,Ocean Park,7.0,1.0
263.0,Halfway Coffee,Dining,78,80,0.7369986148812764,154,1,TH,46.0,Bakehouse (Wan Chai),296.0,Hong Kong Disneyland,46.0,Bakehouse (Wan Chai),62.0,8.0
160.0,Cupnoodles Museum,Cultural,51,55,0.8520613585012138,153,1,PH,37.0,Avenue Of Stars,312.0,Hong Kong Science Museum,296.0,Hong Kong Disneyland,12.0,2.0
916.0,Tsuen Wan,area,128,131,0.5062778532516545,150,1,TH,296.0,Hong Kong Disneyland,296.0,Hong Kong Disneyland,296.0,Hong Kong Disneyland,115.0,15.0
784.0,Sunny Bay Station,Transit,110,118,0.5933228791734584,150,1,PH,296.0,Hong Kong Disneyland,296.0,Hong Kong Disneyland,296.0,Hong Kong Disneyland,97.0,2.0
826.0,Tai Wong Yeh Temple,Religious,128,138,0.6911004443207512,145,1,TH,696.0,Sha Tin Che Kung Temple,815.0,Tai Po,506.0,Man Mo Temple,69.0,8.0
366.0,Kai Kai Dessert,Dining,95,95,0.7897558217620402,145,1,TH,502.0,Mak Man Kee Noodle Shop,296.0,Hong Kong Disneyland,46.0,Bakehouse (Wan Chai),39.0,5.0
128.0,Chi Lin Nunnery,Religious,84,92,0.8399510362179754,140,1,TH,629.0,Po Lin Monastery,629.0,Po Lin Monastery,565.0,Nan Lian Garden,18.0,1.0
925.0,Tung Chung,area,114,124,0.5592270950687879,138,1,PH,580.0,Ngong Ping 360,451.0,Lantau Island,451.0,Lantau Island,106.0,13.0
189.0,Dragon's Back,Outdoor,53,67,0.8342581924509537,138,1,SG,803.0,Tai Mo Shan,803.0,Tai Mo Shan,803.0,Tai Mo Shan,19.0,3.0
857.0,The Hong Kong Tourism Board Kowloon Visitor Centre,Cityscape,94,103,0.6903914938632604,136,1,PH,300.0,Hong Kong International Airport,300.0,Hong Kong International Airport,300.0,Hong Kong International Airport,70.0,12.0
452.0,Lantau Peak,Outdoor,91,100,0.8483557568172558,136,1,TH,451.0,Lantau Island,803.0,Tai Mo Shan,451.0,Lantau Island,15.0,2.0
137.0,Choi Hung Estate,Cityscape,96,99,0.6118354609405453,135,1,VN,139.0,Choi Hung Station,546.0,Monster Building,540.0,Mong Kok,90.0,17.0
108.0,Central-Mid-Levels Escalators,Cityscape,76,76,0.38271179903693264,134,1,ID,101.0,Central,800.0,Tai Kwun,946.0,Victoria Peak,123.0,23.0
761.0,Star Ferry Pier,Transit,95,98,0.5657925270235328,133,1,VN,944.0,Victoria Harbour,307.0,Hong Kong Observation Wheel,944.0,Victoria Harbour,103.0,3.0
270.0,Happy Valley Racecourse,Entertainment,78,80,0.6843959048301691,126,1,TH,296.0,Hong Kong Disneyland,296.0,Hong Kong Disneyland,296.0,Hong Kong Disneyland,74.0,13.0
975.0,West Kowloon,area,103,107,0.5005153254243165,125,1,PH,300.0,Hong Kong International Airport,296.0,Hong Kong Disneyland,300.0,Hong Kong International Airport,116.0,16.0
408.0,Kowloon Park,Cityscape,62,62,0.8052774668603238,123,1,PH,907.0,Tsim Sha Tsui,310.0,Hong Kong Park,310.0,Hong Kong Park,29.0,5.0
243.0,Golden Bauhinia Square,Cityscape,92,100,0.7926966644652809,118,1,TH,946.0,Victoria Peak,296.0,Hong Kong Disneyland,944.0,Victoria Harbour,36.0,7.0
544.0,Mong Kok Station,Transit,93,94,0.37670372350099574,117,1,PH,540.0,Mong Kok,540.0,Mong Kok,300.0,Hong Kong International Airport,124.0,6.0
316.0,Hong Kong Stadium,Sport,47,49,0.7828158589113765,116,1,PH,300.0,Hong Kong International Airport,293.0,Hong Kong Convention and Exhibition Centre,296.0,Hong Kong Disneyland,42.0,1.0
356.0,Jenny Bakery,Dining,68,68,0.5882893725917705,114,1,TH,907.0,Tsim Sha Tsui,540.0,Mong Kok,907.0,Tsim Sha Tsui,99.0,11.0
768.0,Stone Slab Street,Cityscape,43,44,0.5870612684963036,114,1,TW,101.0,Central,800.0,Tai Kwun,101.0,Central,100.0,18.0
914.0,Tsing Yi,Natural,101,103,0.5148529022618538,112,1,PH,300.0,Hong Kong International Airport,296.0,Hong Kong Disneyland,300.0,Hong Kong International Airport,114.0,7.0
434.0,LOUIS VUITTON,Shopping,99,101,0.6067011195846616,111,1,PH,300.0,Hong Kong International Airport,296.0,Hong Kong Disneyland,300.0,Hong Kong International Airport,93.0,8.0
912.0,Tsim Sha Tsui Station,Transit,95,97,0.34290473635830115,111,1,TH,300.0,Hong Kong International Airport,296.0,Hong Kong Disneyland,300.0,Hong Kong International Airport,126.0,7.0
929.0,Tung Chung Station,Transit,88,92,0.3982850654232923,109,1,PH,300.0,Hong Kong International Airport,580.0,Ngong Ping 360,451.0,Lantau Island,122.0,5.0
635.0,Prince Edward,area,70,74,0.49592153245566395,104,1,TH,907.0,Tsim Sha Tsui,907.0,Tsim Sha Tsui,907.0,Tsim Sha Tsui,117.0,17.0
103.0,Central Ferry Pier,Transit,80,85,0.6068732222556775,103,1,ID,307.0,Hong Kong Observation Wheel,307.0,Hong Kong Observation Wheel,307.0,Hong Kong Observation Wheel,92.0,1.0
646.0,Queen's Road,Cityscape,78,78,0.5595382625618155,101,1,ID,101.0,Central,296.0,Hong Kong Disneyland,101.0,Central,105.0,20.0
344.0,ICHIRAN,Dining,67,67,0.8043630043085725,101,1,PH,296.0,Hong Kong Disneyland,296.0,Hong Kong Disneyland,296.0,Hong Kong Disneyland,30.0,4.0
708.0,Shau Kei Wan,area,57,60,0.5029318833573618,98,0,TH,946.0,Victoria Peak,296.0,Hong Kong Disneyland,296.0,Hong Kong Disneyland,,
471.0,Lo Pan Temple,Religious,83,88,0.7328586707343206,97,0,TH,413.0,Kowloon Tin Hau Temple,696.0,Sha Tin Che Kung Temple,413.0,Kowloon Tin Hau Temple,,
441.0,Lai King,area,84,90,0.5852576083969325,95,0,PH,296.0,Hong Kong Disneyland,296.0,Hong Kong Disneyland,296.0,Hong Kong Disneyland,,
342.0,Hyperspace Mountain,Entertainment,72,73,0.9073758942657683,95,0,TH,296.0,Hong Kong Disneyland,296.0,Hong Kong Disneyland,296.0,Hong Kong Disneyland,,
163.0,DON DON DONKI,Shopping,56,58,0.8494128166124445,95,0,PH,296.0,Hong Kong Disneyland,296.0,Hong Kong Disneyland,296.0,Hong Kong Disneyland,,
303.0,Hong Kong Macau Ferry Terminal,Transit,73,77,0.40493100680797905,94,0,ID,300.0,Hong Kong International Airport,300.0,Hong Kong International Airport,300.0,Hong Kong International Airport,,
15.0,Admiralty,area,75,82,0.5479091449445228,92,0,TW,907.0,Tsim Sha Tsui,598.0,Ocean Park,907.0,Tsim Sha Tsui,,
309.0,Hong Kong Palace Museum,Cultural,29,31,0.6682772889460928,91,0,TH,295.0,Hong Kong Cultural Centre,304.0,Hong Kong Museum of Art,944.0,Victoria Harbour,,
374.0,Kam Wah Cafe & Cake Shop,Dining,53,53,0.7976426016715057,90,0,ID,446.0,Lan Fong Yuen,1010.0,Yat Lok Restaurant,46.0,Bakehouse (Wan Chai),,
557.0,Museum of Art,Cultural,49,51,0.6630655919642839,89,0,PH,304.0,Hong Kong Museum of Art,304.0,Hong Kong Museum of Art,944.0,Victoria Harbour,,
297.0,Hong Kong Fisherman's Wharf,Transit,53,53,0.7796705545752566,87,0,PH,296.0,Hong Kong Disneyland,296.0,Hong Kong Disneyland,296.0,Hong Kong Disneyland,,
662.0,Regent,Hotel,50,51,0.7252740411560449,87,0,PH,944.0,Victoria Harbour,944.0,Victoria Harbour,944.0,Victoria Harbour,,
642.0,Quarry Bay,area,48,49,0.47388940661150364,87,0,PH,946.0,Victoria Peak,546.0,Monster Building,101.0,Central,,
659.0,Regal Kowloon Hotel,Hotel,24,26,0.64883923306703,87,0,PH,198.0,East Tsim Sha Tsui,37.0,Avenue Of Stars,300.0,Hong Kong International Airport,,
607.0,One Dim Sum,Dining,70,70,0.7031451135962492,86,0,TH,296.0,Hong Kong Disneyland,101.0,Central,300.0,Hong Kong International Airport,,
317.0,Hong Kong Station,Transit,65,70,0.3736884355811136,83,0,PH,300.0,Hong Kong International Airport,300.0,Hong Kong International Airport,300.0,Hong Kong International Airport,,
514.0,Masjid Ammar and Osman Ramju Sadick Islamic Centre,Religious,46,46,0.58864711583592,83,0,ID,296.0,Hong Kong Disneyland,296.0,Hong Kong Disneyland,296.0,Hong Kong Disneyland,,
198.0,East Tsim Sha Tsui,Transit,72,76,0.3229876039672251,81,0,TH,300.0,Hong Kong International Airport,907.0,Tsim Sha Tsui,944.0,Victoria Harbour,,
793.0,Tai Cheong Bakery,Dining,58,59,0.8421757709624319,79,0,TW,46.0,Bakehouse (Wan Chai),46.0,Bakehouse (Wan Chai),46.0,Bakehouse (Wan Chai),,
795.0,Tai Hang,area,27,28,0.841425110976256,79,0,NZ,119.0,Cheung Chau,296.0,Hong Kong Disneyland,119.0,Cheung Chau,,
869.0,The Peak Galleria,Shopping,65,67,0.6930059594523847,78,0,PH,946.0,Victoria Peak,946.0,Victoria Peak,946.0,Victoria Peak,,
377.0,Kam's Roast Goose,Dining,50,50,0.8013274866739909,76,0,TW,607.0,One Dim Sum,944.0,Victoria Harbour,36.0,Australia Dairy Company,,
286.0,Hing Kee Restaurant,Dining,38,38,0.7979120672264961,73,0,SG,374.0,Kam Wah Cafe & Cake Shop,833.0,Temple St,46.0,Bakehouse (Wan Chai),,
245.0,Golden Crocus Inn,Dining,60,64,0.8527865916354737,72,0,TH,296.0,Hong Kong Disneyland,296.0,Hong Kong Disneyland,296.0,Hong Kong Disneyland,,
315.0,Hong Kong Space Museum,Cultural,44,45,0.6516980342165589,70,0,PH,300.0,Hong Kong International Airport,312.0,Hong Kong Science Museum,944.0,Victoria Harbour,,
449.0,Langham Place,Shopping,50,52,0.6010590733518489,69,0,PH,300.0,Hong Kong International Airport,296.0,Hong Kong Disneyland,300.0,Hong Kong International Airport,,
484.0,Lung Fung Mall,Shopping,35,35,0.5827716021541328,69,0,TH,296.0,Hong Kong Disneyland,296.0,Hong Kong Disneyland,296.0,Hong Kong Disneyland,,
502.0,Mak Man Kee Noodle Shop,Dining,35,35,0.7567983274563911,69,0,TH,580.0,Ngong Ping 360,366.0,Kai Kai Dessert,300.0,Hong Kong International Airport,,
739.0,Sneakers Street,Shopping,48,48,0.7221526633689387,68,0,ID,436.0,Ladies' Market,296.0,Hong Kong Disneyland,296.0,Hong Kong Disneyland,,
749.0,St John's Cathedral,Religious,48,48,0.736142446856118,68,0,PH,101.0,Central,873.0,The Peak Tram,101.0,Central,,
992.0,Wong Tai Sin,area,57,60,0.6228816144789259,66,0,TH,540.0,Mong Kok,995.0,Wong Tai Sin Temple,300.0,Hong Kong International Airport,,
459.0,Lee Tung Avenue,Shopping,32,34,0.8094602192039875,66,0,ID,364.0,K11 MUSEA,300.0,Hong Kong International Airport,364.0,K11 MUSEA,,
8.0,AIA Carnival,Entertainment,16,17,0.8931505143131111,66,0,SG,307.0,Hong Kong Observation Wheel,307.0,Hong Kong Observation Wheel,307.0,Hong Kong Observation Wheel,,
849.0,The Grand Aquarium,Entertainment,58,61,0.8648332021825138,65,0,PH,598.0,Ocean Park,598.0,Ocean Park,598.0,Ocean Park,,
406.0,Kowloon City,area,26,29,0.5885410651500369,65,0,SG,832.0,Tei Mou Koon Dessert,364.0,K11 MUSEA,404.0,Kowloon,,
253.0,Grizzly Gulch,Entertainment,50,51,0.800914288912991,63,0,PH,296.0,Hong Kong Disneyland,296.0,Hong Kong Disneyland,296.0,Hong Kong Disneyland,,
305.0,Hong Kong Museum of History,Cultural,42,46,0.48505966693324887,62,0,PH,873.0,The Peak Tram,873.0,The Peak Tram,873.0,The Peak Tram,,
817.0,Tai Tam,area,49,56,0.8558249935574297,61,0,TH,803.0,Tai Mo Shan,803.0,Tai Mo Shan,803.0,Tai Mo Shan,,
339.0,Hyatt Centric,Hotel,30,34,0.760527435244069,61,0,SG,300.0,Hong Kong International Airport,588.0,North Point,944.0,Victoria Harbour,,
683.0,Sai Ying Pun,area,34,35,0.5720477720562901,60,0,TH,101.0,Central,101.0,Central,101.0,Central,,
464.0,Lin Heung Lau,Dining,28,28,0.792037365913746,60,0,US,101.0,Central,296.0,Hong Kong Disneyland,296.0,Hong Kong Disneyland,,
549.0,Mott 32,Dining,23,25,0.659709270361956,58,0,TH,913.0,Tsing Ma Bridge,46.0,Bakehouse (Wan Chai),296.0,Hong Kong Disneyland,,
225.0,Fortress Hill,area,37,41,0.6352176218932878,57,0,TH,451.0,Lantau Island,804.0,Tai O,944.0,Victoria Harbour,,
173.0,Diamond Hill,Outdoor,45,47,0.5623839384063761,56,0,ID,565.0,Nan Lian Garden,128.0,Chi Lin Nunnery,101.0,Central,,
359.0,Jordan Station,Transit,49,52,0.43301368636401516,55,0,TH,907.0,Tsim Sha Tsui,296.0,Hong Kong Disneyland,300.0,Hong Kong International Airport,,
336.0,Hung Hom Station,Transit,48,49,0.28190262944811356,55,0,TH,300.0,Hong Kong International Airport,296.0,Hong Kong Disneyland,300.0,Hong Kong International Airport,,
753.0,Stanley,area,40,43,0.7559086626554414,53,0,TW,101.0,Central,101.0,Central,944.0,Victoria Harbour,,
513.0,Marty's General Store,Shopping,50,52,0.9332718895031855,52,0,TH,296.0,Hong Kong Disneyland,296.0,Hong Kong Disneyland,296.0,Hong Kong Disneyland,,
798.0,Tai Kok Tsui,area,46,46,0.6491701689386822,52,0,TH,413.0,Kowloon Tin Hau Temple,815.0,Tai Po,413.0,Kowloon Tin Hau Temple,,
106.0,Central Station,Transit,46,46,0.39210908722294413,51,0,PH,101.0,Central,101.0,Central,101.0,Central,,
887.0,Tin Hau,area,39,41,0.7008079978508678,51,0,TW,101.0,Central,101.0,Central,101.0,Central,,
12.0,Aberdeen,area,28,28,0.7289713319080571,51,0,PH,598.0,Ocean Park,37.0,Avenue Of Stars,598.0,Ocean Park,,
272.0,Harbour Grand,Hotel,17,21,0.7792238958484057,51,0,US,980.0,Whampoa,944.0,Victoria Harbour,944.0,Victoria Harbour,,
33.0,AsiaWorld-Expo,Cityscape,43,45,0.6154793251305819,50,0,JP,300.0,Hong Kong International Airport,300.0,Hong Kong International Airport,300.0,Hong Kong International Airport,,
199.0,Eaton HK,Hotel,21,23,0.622442628404677,50,0,ID,300.0,Hong Kong International Airport,300.0,Hong Kong International Airport,300.0,Hong Kong International Airport,,
458.0,Lee Garden,Shopping,18,18,0.7314288837849976,50,0,PH,907.0,Tsim Sha Tsui,296.0,Hong Kong Disneyland,296.0,Hong Kong Disneyland,,
460.0,Lei Yue Mun,area,11,13,0.7969991050724291,50,0,PH,16.0,Admiralty Station,944.0,Victoria Harbour,944.0,Victoria Harbour,,
87.0,Canton Rd,Cityscape,39,41,0.5162333491811059,49,0,TH,300.0,Hong Kong International Airport,3.0,1881 Heritage,944.0,Victoria Harbour,,
414.0,Kowloon Walled City Park,Cityscape,23,24,0.7654589294042023,49,0,ID,404.0,Kowloon,404.0,Kowloon,404.0,Kowloon,,
705.0,Shangri-La,Hotel,36,37,0.6914324859106863,48,0,TH,101.0,Central,300.0,Hong Kong International Airport,101.0,Central,,
976.0,West Kowloon Art Park,Cultural,20,20,0.7982734239970644,48,0,TH,485.0,M+,485.0,M+,944.0,Victoria Harbour,,
979.0,Western Market,Cultural,43,43,0.5634546507467596,47,0,TH,946.0,Victoria Peak,101.0,Central,101.0,Central,,
407.0,Kowloon Mosque And Islamic Centre,Cityscape,30,31,0.5275417970680846,47,0,ID,296.0,Hong Kong Disneyland,296.0,Hong Kong Disneyland,296.0,Hong Kong Disneyland,,
1044.0,ifc mall,Shopping,34,34,0.6694792483148037,46,0,PH,101.0,Central,307.0,Hong Kong Observation Wheel,101.0,Central,,
740.0,Snoopy's World,Entertainment,10,13,0.8990212388977206,46,0,PH,296.0,Hong Kong Disneyland,296.0,Hong Kong Disneyland,296.0,Hong Kong Disneyland,,
98.0,Causeway Bay Station,Transit,35,39,0.29690560777313435,45,0,ID,96.0,Causeway Bay,96.0,Causeway Bay,96.0,Causeway Bay,,
943.0,Victoria Dockside,Cityscape,35,39,0.6981364119750185,45,0,TH,364.0,K11 MUSEA,944.0,Victoria Harbour,944.0,Victoria Harbour,,
543.0,Mong Kok Night Market,Shopping,26,28,0.6846395261763106,45,0,PH,540.0,Mong Kok,296.0,Hong Kong Disneyland,296.0,Hong Kong Disneyland,,
143.0,Chukfo Taipan Restaurant,Dining,24,24,0.8999557349003023,45,0,TW,446.0,Lan Fong Yuen,296.0,Hong Kong Disneyland,296.0,Hong Kong Disneyland,,
773.0,Sun Hing Restaurant,Dining,17,17,0.658720622700052,45,0,SG,386.0,Kennedy Town,1.0,% Arabica,386.0,Kennedy Town,,
781.0,Sun Yat Sen Memorial Park,Cultural,10,10,0.6161726585669177,45,0,PH,30.0,ArtLane,540.0,Mong Kok,944.0,Victoria Harbour,,
848.0,The Fullerton Ocean Park Hotel,Hotel,8,8,0.7802109355358658,45,0,PH,296.0,Hong Kong Disneyland,180.0,Disney's Hollywood Hotel,296.0,Hong Kong Disneyland,,
538.0,Mon Kee Café,Dining,30,30,0.8628057422240576,44,0,ID,46.0,Bakehouse (Wan Chai),46.0,Bakehouse (Wan Chai),46.0,Bakehouse (Wan Chai),,
610.0,PMQ,Shopping,21,21,0.6950032752066377,44,0,SG,101.0,Central,104.0,Central Market,101.0,Central,,
835.0,Ten Thousand Buddhas Monastery,Religious,22,25,0.8339679870605469,43,0,TH,451.0,Lantau Island,629.0,Po Lin Monastery,451.0,Lantau Island,,
211.0,Fantasyland,Entertainment,32,34,0.920053581981098,42,0,TH,296.0,Hong Kong Disneyland,296.0,Hong Kong Disneyland,296.0,Hong Kong Disneyland,,
626.0,Playhouse in the Woods,Entertainment,29,32,0.9275484285317361,42,0,TH,296.0,Hong Kong Disneyland,296.0,Hong Kong Disneyland,296.0,Hong Kong Disneyland,,
899.0,Tram View Café,Dining,24,26,0.6864112002822833,42,0,PH,873.0,The Peak Tram,296.0,Hong Kong Disneyland,873.0,The Peak Tram,,
1032.0,Yuen Long,area,21,22,0.5330530517791031,42,0,TH,101.0,Central,296.0,Hong Kong Disneyland,300.0,Hong Kong International Airport,,
1016.0,Yau Ma Tei Station,Transit,33,34,0.3282037244068787,41,0,TH,300.0,Hong Kong International Airport,46.0,Bakehouse (Wan Chai),300.0,Hong Kong International Airport,,
905.0,Tsim Chai Kee Noodle,Dining,30,32,0.734719977558901,41,0,TH,907.0,Tsim Sha Tsui,907.0,Tsim Sha Tsui,907.0,Tsim Sha Tsui,,
423.0,Kwan Kee Claypot Rice,Dining,11,11,0.7872200120471601,41,0,US,96.0,Causeway Bay,366.0,Kai Kai Dessert,278.0,Hashtag B,,
504.0,Mammy Pancake,Dining,29,29,0.847074496609041,40,0,TH,377.0,Kam's Roast Goose,46.0,Bakehouse (Wan Chai),300.0,Hong Kong International Airport,,
910.0,Tsim Sha Tsui Promenade,Cityscape,28,28,0.8071417817845941,40,0,ID,907.0,Tsim Sha Tsui,944.0,Victoria Harbour,296.0,Hong Kong Disneyland,,
31.0,Arte M,Cultural,12,14,0.6715899466660481,40,0,TH,112.0,Chai Wan,104.0,Central Market,485.0,M+,,
122.0,Cheung Hing Coffee Shop,Dining,11,11,0.8030903586190501,40,0,TW,446.0,Lan Fong Yuen,36.0,Australia Dairy Company,123.0,Cheung Hing Kee Shanghai Pan Fried Buns,,
801.0,Tai Lam Chung Reservoir,Natural,32,32,0.8760379228818541,39,0,PH,296.0,Hong Kong Disneyland,820.0,Tai Tam Reservoir,820.0,Tai Tam Reservoir,,
829.0,Taikoo Shing,area,28,31,0.5700015222593662,39,0,TW,101.0,Central,15.0,Admiralty,96.0,Causeway Bay,,
224.0,Fortnum & Mason,Dining,28,28,0.6080458545968647,38,0,TH,944.0,Victoria Harbour,944.0,Victoria Harbour,944.0,Victoria Harbour,,
915.0,Tsing Yi Station,Transit,28,28,0.4780173576536721,38,0,PH,300.0,Hong Kong International Airport,296.0,Hong Kong Disneyland,296.0,Hong Kong Disneyland,,
465.0,Lion Rock,Outdoor,21,23,0.793916873647359,38,0,ID,296.0,Hong Kong Disneyland,946.0,Victoria Peak,946.0,Victoria Peak,,
387.0,Kennedy Town Station,Transit,32,32,0.1938585101161152,37,0,TW,386.0,Kennedy Town,386.0,Kennedy Town,386.0,Kennedy Town,,
678.0,Sai Kung District,area,22,23,0.7218937218405198,37,0,PH,300.0,Hong Kong International Airport,141.0,Chuen Kee Seafood Restaurant,944.0,Victoria Harbour,,
901.0,Travelodge Kowloon,Hotel,19,23,0.5389462036067161,37,0,TH,296.0,Hong Kong Disneyland,296.0,Hong Kong Disneyland,300.0,Hong Kong International Airport,,
956.0,Wah Heung Yuen,Dining,19,19,0.5969927502436596,37,0,TH,123.0,Cheung Hing Kee Shanghai Pan Fried Buns,296.0,Hong Kong Disneyland,46.0,Bakehouse (Wan Chai),,
475.0,Log Ye Dim Sum,Dining,18,18,0.7735817956151786,37,0,TH,46.0,Bakehouse (Wan Chai),296.0,Hong Kong Disneyland,300.0,Hong Kong International Airport,,
791.0,THE MATCHA TOKYO,Dining,26,27,0.7907612693990453,36,0,ID,278.0,Hashtag B,300.0,Hong Kong International Airport,300.0,Hong Kong International Airport,,
65.0,Braemar Hill,Outdoor,17,19,0.7077438371625506,36,0,ID,946.0,Victoria Peak,946.0,Victoria Peak,946.0,Victoria Peak,,
288.0,Ho Lee Fook,Dining,10,10,0.8409020044639999,36,0,ID,628.0,Po Kee BBQ Restaurant,530.0,Min Jun Cart Noodles,96.0,Causeway Bay,,
490.0,MOMA,Dining,28,29,0.7334240089845041,35,0,PH,944.0,Victoria Harbour,364.0,K11 MUSEA,944.0,Victoria Harbour,,
438.0,Lai Chi Kok,area,26,27,0.5220492715590898,35,0,TW,439.0,Lai Chi Kok Station,441.0,Lai King,907.0,Tsim Sha Tsui,,
724.0,Shiu Shing Hong,Shopping,24,26,0.44501071327771896,35,0,TH,300.0,Hong Kong International Airport,300.0,Hong Kong International Airport,300.0,Hong Kong International Airport,,
294.0,Hong Kong Correctional Services Museum,Cultural,23,28,0.37071924718163374,35,0,ID,800.0,Tai Kwun,800.0,Tai Kwun,800.0,Tai Kwun,,
155.0,Cordis,Hotel,21,22,0.664108829457087,35,0,ID,300.0,Hong Kong International Airport,861.0,The Langham,300.0,Hong Kong International Airport,,
539.0,Mondrian,Hotel,12,14,0.7869157591036389,35,0,TH,907.0,Tsim Sha Tsui,364.0,K11 MUSEA,944.0,Victoria Harbour,,
338.0,Hutong,Dining,10,11,0.834832801251639,35,0,SG,296.0,Hong Kong Disneyland,944.0,Victoria Harbour,296.0,Hong Kong Disneyland,,
581.0,Ngong Ping Cable Car Station,Entertainment,32,32,0.4467041842872277,34,0,TH,300.0,Hong Kong International Airport,146.0,Citygate Outlets,451.0,Lantau Island,,
510.0,Mandarin Oriental,Hotel,28,28,0.6368501173953216,34,0,ID,101.0,Central,101.0,Central,101.0,Central,,
60.0,Blue Bottle Coffee,Dining,21,21,0.7513421951305299,34,0,TH,46.0,Bakehouse (Wan Chai),101.0,Central,46.0,Bakehouse (Wan Chai),,
545.0,Monopoly Dreams,Entertainment,21,22,0.8133592555920284,34,0,PH,946.0,Victoria Peak,946.0,Victoria Peak,946.0,Victoria Peak,,
439.0,Lai Chi Kok Station,Transit,20,20,0.5313749846898848,34,0,TH,540.0,Mong Kok,438.0,Lai Chi Kok,540.0,Mong Kok,,
1037.0,Yung Kee Restaurant,Dining,13,13,0.8936685740183562,34,0,TH,296.0,Hong Kong Disneyland,300.0,Hong Kong International Airport,296.0,Hong Kong Disneyland,,
717.0,Shelley St,Cityscape,32,32,0.6049839880433865,33,0,JP,46.0,Bakehouse (Wan Chai),46.0,Bakehouse (Wan Chai),101.0,Central,,
426.0,Kwun Tong,area,28,30,0.5688459607772529,33,0,TW,404.0,Kowloon,428.0,Kwun Tong Public Pier,101.0,Central,,
333.0,Hung Hom,area,24,25,0.5487466260930524,33,0,TH,96.0,Causeway Bay,506.0,Man Mo Temple,907.0,Tsim Sha Tsui,,
805.0,Tai O Bakery,Dining,23,24,0.8015893118249046,33,0,TH,804.0,Tai O,804.0,Tai O,804.0,Tai O,,
731.0,Sister Wah Beef Brisket,Dining,17,18,0.7947160339138161,33,0,PH,123.0,Cheung Hing Kee Shanghai Pan Fried Buns,221.0,Fook Yuen,46.0,Bakehouse (Wan Chai),,
832.0,Tei Mou Koon Dessert,Dining,13,15,0.9009025782346726,33,0,TW,406.0,Kowloon City,406.0,Kowloon City,406.0,Kowloon City,,
669.0,Rosewood,Hotel,12,13,0.8289102185540292,33,0,US,37.0,Avenue Of Stars,539.0,Mondrian,874.0,The Peninsula,,
168.0,Davis St,Cityscape,25,25,0.48636595289409157,32,0,TH,300.0,Hong Kong International Airport,296.0,Hong Kong Disneyland,300.0,Hong Kong International Airport,,
175.0,Dim Dim Sum,Dining,27,27,0.656342436456018,31,0,PH,540.0,Mong Kok,123.0,Cheung Hing Kee Shanghai Pan Fried Buns,46.0,Bakehouse (Wan Chai),,
612.0,Pacific Place,Shopping,27,27,0.6564607453865954,31,0,PH,296.0,Hong Kong Disneyland,295.0,Hong Kong Cultural Centre,296.0,Hong Kong Disneyland,,
267.0,Hankow Rd,Cityscape,25,26,0.4365322235971689,31,0,TH,300.0,Hong Kong International Airport,296.0,Hong Kong Disneyland,296.0,Hong Kong Disneyland,,
343.0,Hysan Place,Shopping,25,26,0.5519043624233932,31,0,ID,96.0,Causeway Bay,886.0,Times Square,96.0,Causeway Bay,,
329.0,Hopewell Centre,Cityscape,17,17,0.5537576638475186,31,0,PH,946.0,Victoria Peak,850.0,The Grand Buffet,850.0,The Grand Buffet,,
112.0,Chai Wan,area,28,29,0.4018396307425252,30,0,TH,300.0,Hong Kong International Airport,296.0,Hong Kong Disneyland,300.0,Hong Kong International Airport,,
802.0,Tai Long Wan,Natural,25,29,0.8179357825168247,30,0,PH,817.0,Tai Tam,296.0,Hong Kong Disneyland,803.0,Tai Mo Shan,,
614.0,Panda Hotel,Hotel,18,18,0.5547202701300935,30,0,PH,300.0,Hong Kong International Airport,296.0,Hong Kong Disneyland,300.0,Hong Kong International Airport,,
980.0,Whampoa,area,18,20,0.40109264343045653,30,0,PH,272.0,Harbour Grand,272.0,Harbour Grand,300.0,Hong Kong International Airport,,
463.0,Lin Heung Kui,Dining,16,16,0.6848299102857709,30,0,AU,1010.0,Yat Lok Restaurant,263.0,Halfway Coffee,300.0,Hong Kong International Airport,,
1011.0,Yat Tung Heen,Dining,12,13,0.7204808936828476,30,0,TH,36.0,Australia Dairy Company,46.0,Bakehouse (Wan Chai),944.0,Victoria Harbour,,
951.0,Villepin,Cultural,27,27,0.8517205030829819,29,0,JP,506.0,Man Mo Temple,46.0,Bakehouse (Wan Chai),300.0,Hong Kong International Airport,,
213.0,Fashion Walk,Shopping,21,21,0.6910442267500219,29,0,ID,96.0,Causeway Bay,96.0,Causeway Bay,96.0,Causeway Bay,,
30.0,ArtLane,Cultural,20,21,0.8437568003696109,29,0,TH,683.0,Sai Ying Pun,291.0,Hollywood Rd,944.0,Victoria Harbour,,
258.0,HSBC Building,Cityscape,27,27,0.3276690988180538,28,0,PH,300.0,Hong Kong International Airport,300.0,Hong Kong International Airport,300.0,Hong Kong International Airport,,
176.0,Dim Sum Here,Dining,23,23,0.8122969999693442,28,0,TH,36.0,Australia Dairy Company,296.0,Hong Kong Disneyland,296.0,Hong Kong Disneyland,,
331.0,Hotel ICON,Hotel,17,17,0.7801767055894815,28,0,TH,300.0,Hong Kong International Airport,977.0,West Kowloon Cultural District,459.0,Lee Tung Avenue,,
89.0,Capital Café,Dining,12,14,0.7760393298009322,28,0,SG,123.0,Cheung Hing Kee Shanghai Pan Fried Buns,377.0,Kam's Roast Goose,46.0,Bakehouse (Wan Chai),,
435.0,Ladies Street Sik Faan Co.,Dining,7,7,0.8060103222372986,28,0,SG,464.0,Lin Heung Lau,296.0,Hong Kong Disneyland,101.0,Central,,
772.0,Sun Heung Yuen,Dining,7,7,0.7320168421736785,28,0,ID,418.0,Kung Wo Beancurd Factory,23.0,Apliu St,96.0,Causeway Bay,,
638.0,Prince's Building,Cityscape,25,25,0.5151063613593578,27,0,PH,296.0,Hong Kong Disneyland,101.0,Central,296.0,Hong Kong Disneyland,,
250.0,Grand Plaza,Shopping,24,25,0.5867456547543406,27,0,PH,336.0,Hung Hom Station,913.0,Tsing Ma Bridge,946.0,Victoria Peak,,
831.0,Tarzan's Treehouse,Entertainment,21,21,0.800607855357821,27,0,PH,296.0,Hong Kong Disneyland,296.0,Hong Kong Disneyland,296.0,Hong Kong Disneyland,,
382.0,Kau Kee,Dining,20,20,0.5835707169647019,27,0,TW,46.0,Bakehouse (Wan Chai),36.0,Australia Dairy Company,101.0,Central,,
878.0,The Royal Garden,Hotel,18,18,0.6541285566867344,27,0,TH,296.0,Hong Kong Disneyland,540.0,Mong Kok,296.0,Hong Kong Disneyland,,
268.0,Hanoi Rd,Cityscape,16,18,0.4855688400221644,27,0,VN,260.0,Haiphong Rd,300.0,Hong Kong International Airport,300.0,Hong Kong International Airport,,
575.0,New Territories,area,12,13,0.5675602318671269,27,0,TH,23.0,Apliu St,411.0,Kowloon Station,300.0,Hong Kong International Airport,,
498.0,Main Street Bakery,Dining,24,24,0.9067576991187202,26,0,PH,296.0,Hong Kong Disneyland,296.0,Hong Kong Disneyland,296.0,Hong Kong Disneyland,,
968.0,Wan Chai Station,Transit,20,20,0.29044201044986645,26,0,PH,296.0,Hong Kong Disneyland,364.0,K11 MUSEA,300.0,Hong Kong International Airport,,
821.0,Tai Wai,area,19,19,0.49715927906595825,26,0,TH,101.0,Central,696.0,Sha Tin Che Kung Temple,101.0,Central,,
231.0,Fu Wah Café,Dining,14,14,0.8040750832075164,26,0,TH,296.0,Hong Kong Disneyland,74.0,CHAGEE,296.0,Hong Kong Disneyland,,
960.0,Wai Kee Halal restaurant,Dining,13,13,0.6609337205306077,26,0,ID,408.0,Kowloon Park,514.0,Masjid Ammar and Osman Ramju Sadick Islamic Centre,514.0,Masjid Ammar and Osman Ramju Sadick Islamic Centre,,
172.0,Des Voeux Rd Central,Cityscape,21,22,0.45987127541395073,25,0,PH,101.0,Central,296.0,Hong Kong Disneyland,296.0,Hong Kong Disneyland,,
949.0,Victoria Prison,Cultural,15,15,0.21284626690256925,25,0,ID,101.0,Central,800.0,Tai Kwun,800.0,Tai Kwun,,
657.0,Regal Airport Hotel ,Hotel,14,16,0.48136585982865654,25,0,TH,300.0,Hong Kong International Airport,300.0,Hong Kong International Airport,300.0,Hong Kong International Airport,,
881.0,The Stellar Hotel & Serviced Apartments,Hotel,2,2,0.4342538720617692,25,0,TW,,,,,,,,
621.0,Peninsula - The Arcade,Shopping,21,21,0.5688105304355895,24,0,PH,874.0,The Peninsula,874.0,The Peninsula,874.0,The Peninsula,,
973.0,Wellington St,Cityscape,21,21,0.653895919344255,24,0,TH,896.0,Tommy Yummy,123.0,Cheung Hing Kee Shanghai Pan Fried Buns,101.0,Central,,
863.0,The Mira,Hotel,20,20,0.6829676723573357,24,0,TH,300.0,Hong Kong International Airport,145.0,Chungking Mansions,300.0,Hong Kong International Airport,,
35.0,Austin Station,Transit,19,20,0.1497109504416585,24,0,TH,975.0,West Kowloon,300.0,Hong Kong International Airport,975.0,West Kowloon,,
411.0,Kowloon Station,Transit,19,20,0.5656051440164447,24,0,TH,300.0,Hong Kong International Airport,33.0,AsiaWorld-Expo,300.0,Hong Kong International Airport,,
481.0,Lugard Rd,Cityscape,19,20,0.6924379089847207,24,0,MM,946.0,Victoria Peak,946.0,Victoria Peak,946.0,Victoria Peak,,
698.0,Sha Tin Racecourse,Entertainment,18,19,0.7657756275383004,24,0,TW,598.0,Ocean Park,270.0,Happy Valley Racecourse,296.0,Hong Kong Disneyland,,
260.0,Haiphong Rd,Cityscape,14,16,0.4507981982314959,24,0,VN,597.0,Ocean Pacific,451.0,Lantau Island,451.0,Lantau Island,,
893.0,To Kwa Wan,area,14,15,0.690244181205829,24,0,TH,426.0,Kwun Tong,96.0,Causeway Bay,907.0,Tsim Sha Tsui,,
249.0,Grand Hyatt,Hotel,20,20,0.6937504988784592,23,0,PH,300.0,Hong Kong International Airport,69.0,British Consulate General,154.0,Conrad Hong Kong,,
279.0,Hau Fook St,Cityscape,20,20,0.7334614567458629,23,0,TH,278.0,Hashtag B,92.0,Carnarvon Rd,278.0,Hashtag B,,
284.0,Hennessy Rd,Cityscape,18,20,0.54724811060975,23,0,TW,96.0,Causeway Bay,51.0,Bee Cheng Hiang,101.0,Central,,
319.0,Hong Kong Traditional Food,Dining,18,18,0.6049588424050145,23,0,TH,907.0,Tsim Sha Tsui,296.0,Hong Kong Disneyland,296.0,Hong Kong Disneyland,,
159.0,Crystal Lotus,Dining,15,15,0.867839238444964,23,0,JP,296.0,Hong Kong Disneyland,296.0,Hong Kong Disneyland,296.0,Hong Kong Disneyland,,
576.0,New Town Plaza,Shopping,14,15,0.537765788866414,23,0,PH,300.0,Hong Kong International Airport,296.0,Hong Kong Disneyland,296.0,Hong Kong Disneyland,,
1021.0,Yee Shun Milk Company,Dining,14,14,0.6045392370294956,23,0,SG,46.0,Bakehouse (Wan Chai),96.0,Causeway Bay,446.0,Lan Fong Yuen,,
602.0,Oi Man Sang,Dining,12,12,0.7910957610622669,23,0,SG,36.0,Australia Dairy Company,296.0,Hong Kong Disneyland,36.0,Australia Dairy Company,,
713.0,Shek O Beach,Natural,8,8,0.6915758519687436,23,0,SG,708.0,Shau Kei Wan,189.0,Dragon's Back,189.0,Dragon's Back,,
904.0,Tseung Kwan O,area,6,6,0.3565260987961665,23,0,US,300.0,Hong Kong International Airport,46.0,Bakehouse (Wan Chai),46.0,Bakehouse (Wan Chai),,
859.0,The Iron Fairies,Dining,5,5,0.638230691368089,23,0,TW,101.0,Central,101.0,Central,101.0,Central,,
922.0,Tsz Wan Shan,area,22,22,0.7677523798563264,22,0,TH,451.0,Lantau Island,995.0,Wong Tai Sin Temple,815.0,Tai Po,,
695.0,Sha Tin,area,20,20,0.47543239034712315,22,0,PH,46.0,Bakehouse (Wan Chai),698.0,Sha Tin Racecourse,296.0,Hong Kong Disneyland,,
353.0,Jardine's Lookout,Outdoor,19,20,0.5806989755481482,22,0,TW,944.0,Victoria Harbour,803.0,Tai Mo Shan,944.0,Victoria Harbour,,
636.0,Prince Edward Station,Transit,19,20,0.39942092429846526,22,0,ID,4.0,2 Café,296.0,Hong Kong Disneyland,296.0,Hong Kong Disneyland,,
870.0,The Peak Lookout,Dining,16,17,0.840208640869926,22,0,PH,946.0,Victoria Peak,946.0,Victoria Peak,946.0,Victoria Peak,,
135.0,Chiu Fat Porridge Noodle Restaurant,Dining,15,15,0.7444345063633389,22,0,TH,46.0,Bakehouse (Wan Chai),46.0,Bakehouse (Wan Chai),46.0,Bakehouse (Wan Chai),,
525.0,Mido Café,Dining,15,16,0.5782021379563957,22,0,KR,145.0,Chungking Mansions,812.0,Tai On Coffee & Tea Shop,300.0,Hong Kong International Airport,,
90.0,Carbone,Dining,11,11,0.8311491939154538,22,0,AU,60.0,Blue Bottle Coffee,288.0,Ho Lee Fook,944.0,Victoria Harbour,,
861.0,The Langham,Hotel,10,13,0.8340978362621405,22,0,ID,155.0,Cordis,155.0,Cordis,155.0,Cordis,,
16.0,Admiralty Station,Transit,20,20,0.2930652773939073,21,0,ID,101.0,Central,300.0,Hong Kong International Airport,101.0,Central,,
77.0,Cable Car Discovery Centre,Cultural,20,20,0.6892144568264484,21,0,PH,629.0,Po Lin Monastery,451.0,Lantau Island,451.0,Lantau Island,,
524.0,Middle Rd,Cityscape,20,20,0.38421783577650787,21,0,PH,874.0,The Peninsula,296.0,Hong Kong Disneyland,296.0,Hong Kong Disneyland,,
157.0,Cross Harbour Tunl,Transit,18,18,0.3323289597820904,21,0,PH,101.0,Central,296.0,Hong Kong Disneyland,101.0,Central,,
1030.0,Yue Po Chai Antique Co.,Shopping,18,19,0.4297660995078714,21,0,TH,291.0,Hollywood Rd,101.0,Central,291.0,Hollywood Rd,,
664.0,Repulse Bay Beach,Natural,17,18,0.8075879889505881,21,0,TH,296.0,Hong Kong Disneyland,663.0,Repulse Bay,300.0,Hong Kong International Airport,,
501.0,Main Street USA,Entertainment,14,16,0.6883657640428282,21,0,JP,296.0,Hong Kong Disneyland,296.0,Hong Kong Disneyland,296.0,Hong Kong Disneyland,,
247.0,Graham St,Cityscape,17,17,0.6008369396714603,20,0,TH,101.0,Central,295.0,Hong Kong Cultural Centre,101.0,Central,,
828.0,Taikoo Place,Cityscape,12,12,0.5505306071468762,20,0,PH,296.0,Hong Kong Disneyland,944.0,Victoria Harbour,296.0,Hong Kong Disneyland,,
618.0,Peking Garden,Dining,8,8,0.876926760781895,20,0,PH,944.0,Victoria Harbour,128.0,Chi Lin Nunnery,296.0,Hong Kong Disneyland,,
308.0,Hong Kong Ocean Park Marriott Hotel,Hotel,6,6,0.5139248615091361,20,0,US,295.0,Hong Kong Cultural Centre,179.0,Disney Explorers Lodge,179.0,Disney Explorers Lodge,,
49.0,Barker Rd,Cityscape,19,19,0.6883240493112489,19,0,PH,873.0,The Peak Tram,946.0,Victoria Peak,873.0,The Peak Tram,,
92.0,Carnarvon Rd,Cityscape,18,18,0.6638685430710515,19,0,TH,278.0,Hashtag B,46.0,Bakehouse (Wan Chai),300.0,Hong Kong International Airport,,
397.0,King's Rd,Cityscape,18,18,0.5390586502229174,19,0,PH,307.0,Hong Kong Observation Wheel,546.0,Monster Building,540.0,Mong Kok,,
467.0,Lippo Centre,Cityscape,18,18,0.47101646899763083,19,0,ID,101.0,Central,101.0,Central,296.0,Hong Kong Disneyland,,
493.0,Macdonnell Rd,Cityscape,18,18,0.4633368957373831,19,0,ID,873.0,The Peak Tram,946.0,Victoria Peak,873.0,The Peak Tram,,
311.0,Hong Kong Railway Museum,Cultural,14,14,0.5575899896877152,19,0,PH,218.0,Fo Tan,946.0,Victoria Peak,733.0,Sky 100,,
900.0,Transformers The Ark,Dining,14,14,0.8579143491529283,19,0,PH,296.0,Hong Kong Disneyland,96.0,Causeway Bay,886.0,Times Square,,
972.0,Water World,Entertainment,10,14,0.7441825436295143,19,0,PH,598.0,Ocean Park,598.0,Ocean Park,598.0,Ocean Park,,
939.0,Upper Lascar Row,Shopping,9,9,0.6386692264565714,19,0,MY,721.0,Sheung Wan,506.0,Man Mo Temple,506.0,Man Mo Temple,,
812.0,Tai On Coffee & Tea Shop,Dining,8,8,0.6772142428089865,19,0,US,525.0,Mido Café,446.0,Lan Fong Yuen,446.0,Lan Fong Yuen,,
954.0,Vivienne Westwood Café,Dining,8,8,0.8348969531555971,19,0,TH,96.0,Causeway Bay,90.0,Carbone,96.0,Causeway Bay,,
1036.0,Yun Ping Rd,Cityscape,8,8,0.5516399766008059,19,0,ID,96.0,Causeway Bay,46.0,Bakehouse (Wan Chai),96.0,Causeway Bay,,
398.0,Kings Hotel,Hotel,7,7,0.5616368314476459,19,0,TH,946.0,Victoria Peak,,,946.0,Victoria Peak,,
597.0,Ocean Pacific,Dining,7,9,0.4151486779252688,19,0,VN,260.0,Haiphong Rd,260.0,Haiphong Rd,1013.0,Yau Ma Tei,,
23.0,Apliu St,Cityscape,6,7,0.6968359367533045,19,0,ID,98.0,Causeway Bay Station,300.0,Hong Kong International Airport,300.0,Hong Kong International Airport,,
472.0,Lo Wu,area,6,6,0.7333868038482391,19,0,TH,101.0,Central,148.0,Citywalk,101.0,Central,,
88.0,Cape D'Aguilar,Natural,4,4,0.6679634477810136,19,0,AU,,,804.0,Tai O,189.0,Dragon's Back,,
824.0,Tai Wo Tang Café,Dining,3,3,0.4765673683956266,19,0,CA,372.0,Kam Ming Noodles,,,372.0,Kam Ming Noodles,,
718.0,Sheraton Hong Kong Hotel & Towers,Hotel,18,18,0.6219645390907923,18,0,TH,296.0,Hong Kong Disneyland,433.0,LEGOLAND Discovery Centre,300.0,Hong Kong International Airport,,
192.0,Duddell's,Dining,16,16,0.8089779708534479,18,0,TH,300.0,Hong Kong International Airport,300.0,Hong Kong International Airport,300.0,Hong Kong International Airport,,
923.0,Tuen Mun,area,15,15,0.43128671987603107,18,0,PH,300.0,Hong Kong International Airport,598.0,Ocean Park,913.0,Tsing Ma Bridge,,
48.0,Bar Leone,Dining,8,8,0.7783965967595577,18,0,TH,101.0,Central,207.0,Eyebar,946.0,Victoria Peak,,
210.0,Fa Yuen Street Market,Shopping,8,8,0.7064315463815417,18,0,VN,295.0,Hong Kong Cultural Centre,246.0,Goldfish Street,37.0,Avenue Of Stars,,
1006.0,Xi Hotel,Hotel,8,10,0.7469885284081101,18,0,TH,907.0,Tsim Sha Tsui,296.0,Hong Kong Disneyland,907.0,Tsim Sha Tsui,,
197.0,East Coast Park Precinct,Cityscape,6,7,0.8149827711638951,18,0,AU,80.0,Cafe Match Box,101.0,Central,101.0,Central,,
930.0,Tung Lung Chau,Natural,2,2,0.8022249744218939,18,0,SG,834.0,Temple Street Night Market,546.0,Monster Building,137.0,Choi Hung Estate,,
125.0,Cheung Kong Center,Cityscape,17,17,0.4795971346252105,17,0,ID,873.0,The Peak Tram,873.0,The Peak Tram,946.0,Victoria Peak,,
1035.0,Yuen Po Street Bird Garden,Cityscape,17,17,0.9095214289777419,17,0,PH,310.0,Hong Kong Park,101.0,Central,565.0,Nan Lian Garden,,
4.0,2 Café,Dining,14,14,0.817309843642371,17,0,TH,46.0,Bakehouse (Wan Chai),296.0,Hong Kong Disneyland,296.0,Hong Kong Disneyland,,
204.0,Entertainment Building,Shopping,14,14,0.6557686073439462,17,0,MY,96.0,Causeway Bay,296.0,Hong Kong Disneyland,300.0,Hong Kong International Airport,,
947.0,Victoria Peak Garden,Cityscape,14,14,0.9038123924817357,17,0,GB,296.0,Hong Kong Disneyland,296.0,Hong Kong Disneyland,296.0,Hong Kong Disneyland,,
536.0,Mobile Softee,Dining,13,13,0.7704287550913599,17,0,PH,101.0,Central,296.0,Hong Kong Disneyland,296.0,Hong Kong Disneyland,,
528.0,Milk Café,Dining,11,12,0.8621740813056628,17,0,US,119.0,Cheung Chau,46.0,Bakehouse (Wan Chai),300.0,Hong Kong International Airport,,
569.0,Nelson St,Cityscape,8,12,0.4497413505023966,17,0,PH,436.0,Ladies' Market,436.0,Ladies' Market,146.0,Citygate Outlets,,
188.0,Dragon Wind,Dining,7,7,0.8699699618986675,17,0,JP,296.0,Hong Kong Disneyland,296.0,Hong Kong Disneyland,296.0,Hong Kong Disneyland,,
919.0,Tsuen Wan West Station,Transit,6,6,0.35429156464007167,17,0,TW,912.0,Tsim Sha Tsui Station,101.0,Central,300.0,Hong Kong International Airport,,
74.0,CHAGEE,Dining,15,15,0.8603665411472321,16,0,TH,300.0,Hong Kong International Airport,1.0,% Arabica,296.0,Hong Kong Disneyland,,
347.0,Ink & Plate,Dining,14,14,0.8822707166629178,16,0,TH,180.0,Disney's Hollywood Hotel,296.0,Hong Kong Disneyland,296.0,Hong Kong Disneyland,,
419.0,Kwai Fong,area,14,14,0.2967869719889547,16,0,ID,300.0,Hong Kong International Airport,296.0,Hong Kong Disneyland,296.0,Hong Kong Disneyland,,
535.0,Mira Place,Shopping,14,14,0.5837709773775367,16,0,TH,37.0,Avenue Of Stars,163.0,DON DON DONKI,101.0,Central,,
673.0,SHARI SHARI Kakigori House,Dining,13,13,0.6309801091989263,16,0,TW,104.0,Central Market,96.0,Causeway Bay,101.0,Central,,
777.0,Sun Sing St,Cityscape,12,14,0.4754480628429779,16,0,TW,300.0,Hong Kong International Airport,708.0,Shau Kei Wan,300.0,Hong Kong International Airport,,
410.0,Kowloon Public Pier,Transit,11,11,0.870051875258937,16,0,ID,295.0,Hong Kong Cultural Centre,464.0,Lin Heung Lau,300.0,Hong Kong International Airport,,
1022.0,Yee Wo St,Cityscape,10,10,0.4232513666152954,16,0,PH,98.0,Causeway Bay Station,296.0,Hong Kong Disneyland,296.0,Hong Kong Disneyland,,
755.0,Stanley Market,Shopping,9,9,0.7063934673215189,16,0,AU,753.0,Stanley,46.0,Bakehouse (Wan Chai),413.0,Kowloon Tin Hau Temple,,
882.0,The University of Hong Kong,School,9,10,0.6922333312531312,16,0,ID,46.0,Bakehouse (Wan Chai),546.0,Monster Building,451.0,Lantau Island,,
671.0,Royal Plaza Hotel,Hotel,8,8,0.5701536348788068,16,0,ID,296.0,Hong Kong Disneyland,300.0,Hong Kong International Airport,300.0,Hong Kong International Airport,,
221.0,Fook Yuen,Dining,5,5,0.8392642029126485,16,0,ID,731.0,Sister Wah Beef Brisket,474.0,Lockhart Rd,731.0,Sister Wah Beef Brisket,,
505.0,Man Kee Cart Noodle,Dining,5,5,0.8374182668599215,16,0,US,101.0,Central,372.0,Kam Ming Noodles,101.0,Central,,
285.0,High Junk Peak,Outdoor,3,4,0.6995516488185296,16,0,ID,820.0,Tai Tam Reservoir,174.0,Diamond Hill Station,149.0,Clear Water Bay,,
399.0,Kinsman,Dining,3,3,0.7780147137550207,16,0,DE,504.0,Mammy Pancake,,,286.0,Hing Kee Restaurant,,
357.0,Johnston Rd,Cityscape,15,15,0.41411650031805036,15,0,TH,112.0,Chai Wan,101.0,Central,101.0,Central,,
566.0,Nathan Hotel,Hotel,15,15,0.34431784264743326,15,0,PH,300.0,Hong Kong International Airport,300.0,Hong Kong International Airport,300.0,Hong Kong International Airport,,
206.0,Explorer's Club Restaurant,Dining,14,14,0.8604407927819661,15,0,TH,296.0,Hong Kong Disneyland,296.0,Hong Kong Disneyland,296.0,Hong Kong Disneyland,,
619.0,Peking Rd,Cityscape,14,15,0.6028959050774574,15,0,TH,96.0,Causeway Bay,296.0,Hong Kong Disneyland,296.0,Hong Kong Disneyland,,
994.0,Wong Tai Sin Station,Transit,14,15,0.3799204986542463,15,0,TH,992.0,Wong Tai Sin,413.0,Kowloon Tin Hau Temple,413.0,Kowloon Tin Hau Temple,,
430.0,Kwun Yum Temple,Religious,13,15,0.7204077045122782,15,0,TH,413.0,Kowloon Tin Hau Temple,296.0,Hong Kong Disneyland,296.0,Hong Kong Disneyland,,
825.0,Tai Wong Temple,Religious,13,14,0.6903715878725052,15,0,TH,413.0,Kowloon Tin Hau Temple,834.0,Temple Street Night Market,834.0,Temple Street Night Market,,
517.0,May Rd,Cityscape,12,12,0.3097929597521822,15,0,ID,873.0,The Peak Tram,946.0,Victoria Peak,946.0,Victoria Peak,,
483.0,Lung Dim Sum,Dining,11,11,0.8274067575281318,15,0,TW,300.0,Hong Kong International Airport,296.0,Hong Kong Disneyland,296.0,Hong Kong Disneyland,,
850.0,The Grand Buffet,Dining,11,11,0.5738136382265524,15,0,PH,329.0,Hopewell Centre,451.0,Lantau Island,329.0,Hopewell Centre,,
53.0,Best Western Plus Hotel,Hotel,10,11,0.5615143105387688,15,0,TH,300.0,Hong Kong International Airport,107.0,Central and Western District Promenade,300.0,Hong Kong International Airport,,
593.0,Novotel,Hotel,10,10,0.6061301787965931,15,0,PH,300.0,Hong Kong International Airport,300.0,Hong Kong International Airport,296.0,Hong Kong Disneyland,,
639.0,Prison Yard,Cultural,10,10,0.16487325835973024,15,0,PH,800.0,Tai Kwun,800.0,Tai Kwun,101.0,Central,,
45.0,Bakehouse (Central),Dining,9,9,0.7509949476354651,15,0,ID,46.0,Bakehouse (Wan Chai),46.0,Bakehouse (Wan Chai),46.0,Bakehouse (Wan Chai),,
516.0,Maxim's Palace,Dining,8,9,0.8371731092532476,15,0,SG,307.0,Hong Kong Observation Wheel,46.0,Bakehouse (Wan Chai),46.0,Bakehouse (Wan Chai),,
1017.0,Yau Tong,area,8,11,0.5567250591279431,15,0,PH,137.0,Choi Hung Estate,15.0,Admiralty,540.0,Mong Kok,,
776.0,Sun King Yuen Curry Restaurant,Dining,7,7,0.633315035771756,15,0,ID,19.0,Alice Pizza,374.0,Kam Wah Cafe & Cake Shop,377.0,Kam's Roast Goose,,
966.0,Wan Chai Market,Shopping,7,7,0.7434129605487901,15,0,GB,11.0,ARTISTA PERFETTO,964.0,Wan Chai,296.0,Hong Kong Disneyland,,
320.0,Hong Kong Trail,Outdoor,4,5,0.8242574016253152,15,0,US,189.0,Dragon's Back,189.0,Dragon's Back,189.0,Dragon's Back,,
113.0,Chai Wan Park,Cityscape,2,7,0.6206989101178589,15,0,PH,112.0,Chai Wan,112.0,Chai Wan,112.0,Chai Wan,,
251.0,Granville Rd,Cityscape,14,14,0.4957119859755039,14,0,TH,145.0,Chungking Mansions,150.0,Clock Tower,296.0,Hong Kong Disneyland,,
283.0,HeSheEat,Dining,13,13,0.9093740169818585,14,0,SG,96.0,Causeway Bay,46.0,Bakehouse (Wan Chai),540.0,Mong Kok,,
385.0,Kennedy Rd,Cityscape,13,13,0.5079840927456434,14,0,TH,873.0,The Peak Tram,946.0,Victoria Peak,873.0,The Peak Tram,,
918.0,Tsuen Wan Station,Transit,13,14,0.289760209753045,14,0,PH,33.0,AsiaWorld-Expo,101.0,Central,300.0,Hong Kong International Airport,,
299.0,Hong Kong Heritage Museum,Cultural,12,13,0.5404105953728924,14,0,TH,247.0,Graham St,366.0,Kai Kai Dessert,944.0,Victoria Harbour,,
637.0,Prince Tower,Cityscape,12,12,0.6529065590972701,14,0,TH,46.0,Bakehouse (Wan Chai),296.0,Hong Kong Disneyland,296.0,Hong Kong Disneyland,,
714.0,Shek O Peak,Outdoor,12,12,0.8375421166419983,14,0,SG,803.0,Tai Mo Shan,803.0,Tai Mo Shan,189.0,Dragon's Back,,
962.0,Walking With Buddha,Shopping,12,12,0.7505104206502438,14,0,PH,580.0,Ngong Ping 360,451.0,Lantau Island,451.0,Lantau Island,,
94.0,Castle of Magical Dreams,Entertainment,11,11,0.8657949982267437,14,0,PH,296.0,Hong Kong Disneyland,296.0,Hong Kong Disneyland,296.0,Hong Kong Disneyland,,
261.0,Haiphong Road Temporary Market,Shopping,11,11,0.40261293439702556,14,0,TH,907.0,Tsim Sha Tsui,956.0,Wah Heung Yuen,46.0,Bakehouse (Wan Chai),,
442.0,Lai King Station,Transit,11,11,0.3951460378752513,14,0,PH,441.0,Lai King,296.0,Hong Kong Disneyland,296.0,Hong Kong Disneyland,,
633.0,Portland St,Cityscape,11,12,0.34103422834434444,14,0,TW,137.0,Choi Hung Estate,4.0,2 Café,300.0,Hong Kong International Airport,,
743.0,South Horizons,Cityscape,11,12,0.3724885828172167,14,0,PH,296.0,Hong Kong Disneyland,598.0,Ocean Park,296.0,Hong Kong Disneyland,,
287.0,Ho Hung Kee,Dining,10,10,0.8345666085680327,14,0,JP,27.0,Arena Kitchen,96.0,Causeway Bay,27.0,Arena Kitchen,,
533.0,Mini Central,Hotel,10,10,0.6622087916980187,14,0,JP,296.0,Hong Kong Disneyland,101.0,Central,101.0,Central,,
138.0,Choi Hung Estate Rooftop Basketball Court,Sport,9,9,0.5100758889759028,14,0,SG,46.0,Bakehouse (Wan Chai),173.0,Diamond Hill,137.0,Choi Hung Estate,,
468.0,Little Bao,Dining,9,9,0.8082617168073302,14,0,DE,96.0,Causeway Bay,263.0,Halfway Coffee,46.0,Bakehouse (Wan Chai),,
202.0,Elephant Grounds,Dining,8,8,0.8842674704889456,14,0,TH,101.0,Central,46.0,Bakehouse (Wan Chai),46.0,Bakehouse (Wan Chai),,
209.0,Fa Yuen St,Cityscape,8,9,0.5293118690864907,14,0,ID,236.0,Gage St,436.0,Ladies' Market,436.0,Ladies' Market,,
931.0,Tung Ping Chau,Natural,7,7,0.917302565915244,14,0,TH,451.0,Lantau Island,803.0,Tai Mo Shan,451.0,Lantau Island,,
57.0,Bing Kee Cha Dong,Dining,6,6,0.7083534032106399,14,0,SG,96.0,Causeway Bay,278.0,Hashtag B,36.0,Australia Dairy Company,,
606.0,On The Hill Coffee Bar,Dining,5,5,0.5593521724144618,14,0,ID,800.0,Tai Kwun,800.0,Tai Kwun,800.0,Tai Kwun,,
1025.0,Ying Kee Noodle,Dining,5,5,0.7892994925379753,14,0,US,46.0,Bakehouse (Wan Chai),96.0,Causeway Bay,46.0,Bakehouse (Wan Chai),,
34.0,Attitude on Granville,Hotel,4,4,0.41983933225274084,14,0,TH,119.0,Cheung Chau,907.0,Tsim Sha Tsui,119.0,Cheung Chau,,
866.0,The ONE,Shopping,13,13,0.6215901040973572,13,0,TH,101.0,Central,89.0,Capital Café,296.0,Hong Kong Disneyland,,
302.0,Hong Kong Jockey Club Sichuan Treasures,Entertainment,12,12,0.7928392852966984,13,0,PH,598.0,Ocean Park,296.0,Hong Kong Disneyland,598.0,Ocean Park,,
599.0,Ocean Park Station,Transit,12,12,0.5890178500364224,13,0,PH,598.0,Ocean Park,598.0,Ocean Park,598.0,Ocean Park,,
991.0,Wong Chuk Hang,area,11,11,0.6665168047854395,13,0,TW,301.0,Hong Kong Island,296.0,Hong Kong Disneyland,101.0,Central,,
44.0,Bakehouse (Causeway Bay),Dining,10,10,0.6934877209365368,13,0,PH,46.0,Bakehouse (Wan Chai),46.0,Bakehouse (Wan Chai),46.0,Bakehouse (Wan Chai),,
190.0,Dragonfly,Dining,9,9,0.8948520521322886,13,0,SG,580.0,Ngong Ping 360,101.0,Central,101.0,Central,,
765.0,Starliner Diner,Dining,8,10,0.8460881263017654,13,0,PH,296.0,Hong Kong Disneyland,296.0,Hong Kong Disneyland,296.0,Hong Kong Disneyland,,
185.0,Dragon Centre,Shopping,7,7,0.579561669911657,13,0,TW,700.0,Sham Shui Po,358.0,Jordan,700.0,Sham Shui Po,,
880.0,The St. Regis,Hotel,7,7,0.7469744703599385,13,0,US,877.0,The Ritz-Carlton,295.0,Hong Kong Cultural Centre,295.0,Hong Kong Cultural Centre,,
623.0,Ping Pong 129,Dining,6,6,0.7809134316113261,13,0,SG,247.0,Graham St,37.0,Avenue Of Stars,610.0,PMQ,,
628.0,Po Kee BBQ Restaurant,Dining,5,5,0.7516108637054761,13,0,TH,425.0,Kwan Yu Roasted Meat,288.0,Ho Lee Fook,96.0,Causeway Bay,,
214.0,Fat Boy Shop,Dining,3,3,0.7653479460212919,13,0,ID,504.0,Mammy Pancake,395.0,King of Coconut,395.0,King of Coconut,,
751.0,St. Paul's Church,Religious,12,12,0.6159577574580908,12,0,TH,296.0,Hong Kong Disneyland,296.0,Hong Kong Disneyland,296.0,Hong Kong Disneyland,,
207.0,Eyebar,Dining,10,10,0.7338680701330305,12,0,VN,36.0,Australia Dairy Company,768.0,Stone Slab Street,296.0,Hong Kong Disneyland,,
836.0,The Alley,Dining,10,10,0.8014264553785324,12,0,PH,296.0,Hong Kong Disneyland,607.0,One Dim Sum,296.0,Hong Kong Disneyland,,
390.0,Ki'son Roasted Goose,Dining,8,8,0.8581998820106188,12,0,TH,101.0,Central,123.0,Cheung Hing Kee Shanghai Pan Fried Buns,123.0,Cheung Hing Kee Shanghai Pan Fried Buns,,
529.0,Milksha,Dining,8,9,0.7633056618549205,12,0,TH,540.0,Mong Kok,46.0,Bakehouse (Wan Chai),278.0,Hashtag B,,
534.0,Mini Hotel,Hotel,8,8,0.5589653081260622,12,0,ID,96.0,Causeway Bay,101.0,Central,96.0,Causeway Bay,,
830.0,Tamar Park,Cityscape,7,7,0.818045763032777,12,0,PH,310.0,Hong Kong Park,101.0,Central,101.0,Central,,
844.0,The Emperor Hotel,Hotel,7,7,0.6576959229783997,12,0,JP,300.0,Hong Kong International Airport,296.0,Hong Kong Disneyland,300.0,Hong Kong International Airport,,
166.0,Danish Bakery,Dining,5,5,0.5814898339721064,12,0,SG,278.0,Hashtag B,46.0,Bakehouse (Wan Chai),46.0,Bakehouse (Wan Chai),,
856.0,The Hong Kong Polytechnic University,School,5,5,0.5003119249145189,12,0,TH,331.0,Hotel ICON,198.0,East Tsim Sha Tsui,101.0,Central,,
670.0,Royal Banquet Hall,Dining,4,4,0.7326470432337373,12,0,PH,296.0,Hong Kong Disneyland,296.0,Hong Kong Disneyland,296.0,Hong Kong Disneyland,,
183.0,Dr Sun Yat-sen Museum,Cultural,2,2,0.7049766472644277,12,0,TW,,,227.0,Fringe Club,101.0,Central,,
29.0,Argyle St,Cityscape,11,11,0.3941965162415396,11,0,PH,296.0,Hong Kong Disneyland,296.0,Hong Kong Disneyland,296.0,Hong Kong Disneyland,,
500.0,Main Street Market,Shopping,11,11,0.86272118748589,11,0,PH,296.0,Hong Kong Disneyland,296.0,Hong Kong Disneyland,296.0,Hong Kong Disneyland,,
583.0,Ngong Ping Piazza,Cultural,11,11,0.7849133339795199,11,0,PH,451.0,Lantau Island,451.0,Lantau Island,451.0,Lantau Island,,
1031.0,Yuen Ching Kok (Wong Tai Sin),Religious,11,11,0.7585146481340582,11,0,TH,629.0,Po Lin Monastery,471.0,Lo Pan Temple,413.0,Kowloon Tin Hau Temple,,
1033.0,Yuen Long Park,Cityscape,11,11,0.8906027295372703,11,0,PH,451.0,Lantau Island,451.0,Lantau Island,451.0,Lantau Island,,
203.0,Enchanted Garden Restaurant,Dining,10,10,0.9140319049358367,11,0,TH,296.0,Hong Kong Disneyland,296.0,Hong Kong Disneyland,296.0,Hong Kong Disneyland,,
624.0,Ping Shan,area,10,10,0.7043947756290436,11,0,PH,451.0,Lantau Island,451.0,Lantau Island,451.0,Lantau Island,,
860.0,The Kimberley Hotel,Hotel,10,10,0.6822957750409842,11,0,PH,300.0,Hong Kong International Airport,145.0,Chungking Mansions,296.0,Hong Kong Disneyland,,
971.0,Waso Café,Dining,10,10,0.7232875436544418,11,0,TH,135.0,Chiu Fat Porridge Noodle Restaurant,291.0,Hollywood Rd,300.0,Hong Kong International Airport,,
139.0,Choi Hung Station,Transit,9,10,0.7132351361215115,11,0,TH,137.0,Choi Hung Estate,137.0,Choi Hung Estate,137.0,Choi Hung Estate,,
362.0,Jungle River Cruise,Entertainment,9,10,0.8279812335968018,11,0,TH,296.0,Hong Kong Disneyland,296.0,Hong Kong Disneyland,296.0,Hong Kong Disneyland,,
332.0,Hotel Pravo,Hotel,8,9,0.6271235775202513,11,0,PH,300.0,Hong Kong International Airport,296.0,Hong Kong Disneyland,300.0,Hong Kong International Airport,,
492.0,MacLehose Trail,Outdoor,8,8,0.826555656734854,11,0,TH,296.0,Hong Kong Disneyland,459.0,Lee Tung Avenue,295.0,Hong Kong Cultural Centre,,
555.0,Mui Wo,area,8,8,0.6896924577886239,11,0,US,663.0,Repulse Bay,413.0,Kowloon Tin Hau Temple,803.0,Tai Mo Shan,,
416.0,Kung Fu Tea,Dining,7,7,0.5521264954337052,11,0,TH,146.0,Citygate Outlets,101.0,Central,101.0,Central,,
865.0,The Murray,Hotel,7,7,0.45547920891216825,11,0,ID,295.0,Hong Kong Cultural Centre,101.0,Central,873.0,The Peak Tram,,
933.0,Tung Tat,Dining,7,7,0.8718101637704032,11,0,SG,300.0,Hong Kong International Airport,366.0,Kai Kai Dessert,36.0,Australia Dairy Company,,
19.0,Alice Pizza,Dining,6,6,0.6690661451882787,11,0,AU,907.0,Tsim Sha Tsui,101.0,Central,907.0,Tsim Sha Tsui,,
595.0,Oasis Aurum 181 Hotel,Hotel,6,6,0.8634649887681007,11,0,PH,300.0,Hong Kong International Airport,338.0,Hutong,296.0,Hong Kong Disneyland,,
620.0,Peng Chau,Natural,6,6,0.683547992259264,11,0,PH,35.0,Austin Station,119.0,Cheung Chau,451.0,Lantau Island,,
512.0,Maritime Square,Shopping,5,5,0.7918557388863215,11,0,PH,598.0,Ocean Park,296.0,Hong Kong Disneyland,300.0,Hong Kong International Airport,,
615.0,Park Hotel,Hotel,5,5,0.6529232829809188,11,0,TH,907.0,Tsim Sha Tsui,907.0,Tsim Sha Tsui,907.0,Tsim Sha Tsui,,
149.0,Clear Water Bay,Natural,4,4,0.6441513693581025,11,0,FR,174.0,Diamond Hill Station,820.0,Tai Tam Reservoir,174.0,Diamond Hill Station,,
158.0,Cruise Restaurant & Bar,Dining,3,3,0.8527356709043185,11,0,GB,944.0,Victoria Harbour,588.0,North Point,588.0,North Point,,
774.0,Sun Kee Noodles,Dining,3,3,0.9073555121819178,11,0,ID,436.0,Ladies' Market,96.0,Causeway Bay,772.0,Sun Heung Yuen,,
729.0,Sim City,Shopping,2,2,0.5855889138248231,11,0,ID,700.0,Sham Shui Po,167.0,David Chan Co,167.0,David Chan Co,,
70.0,Brooklyn Bar and Grill,Dining,10,10,0.9348055183887481,10,0,ID,296.0,Hong Kong Disneyland,101.0,Central,296.0,Hong Kong Disneyland,,
239.0,Giant Panda Adventure,Entertainment,10,10,0.8891714215278625,10,0,PH,598.0,Ocean Park,598.0,Ocean Park,598.0,Ocean Park,,
348.0,International Plaza,Cityscape,10,10,0.45443212538957595,10,0,PH,300.0,Hong Kong International Airport,296.0,Hong Kong Disneyland,300.0,Hong Kong International Airport,,
590.0,North Pole Encounter,Entertainment,10,10,0.7435912117362022,10,0,PH,296.0,Hong Kong Disneyland,598.0,Ocean Park,598.0,Ocean Park,,
647.0,Queensway,Cityscape,10,10,0.5316098898649215,10,0,ID,101.0,Central,296.0,Hong Kong Disneyland,296.0,Hong Kong Disneyland,,
237.0,Garden Rd,Cityscape,9,9,0.3248191424128082,10,0,VN,101.0,Central,101.0,Central,873.0,The Peak Tram,,
298.0,Hong Kong Heritage Discovery Centre,Cultural,9,9,0.6409751284453604,10,0,PH,404.0,Kowloon,101.0,Central,295.0,Hong Kong Cultural Centre,,
118.0,Chek Lap Kok,Natural,8,8,0.5617296725977212,10,0,PH,103.0,Central Ferry Pier,300.0,Hong Kong International Airport,300.0,Hong Kong International Airport,,
131.0,China Hong Kong City,Shopping,8,8,0.6656074387331804,10,0,PH,87.0,Canton Rd,160.0,Cupnoodles Museum,296.0,Hong Kong Disneyland,,
330.0,Hotel Hart,Hotel,8,8,0.43683909927494824,10,0,TH,295.0,Hong Kong Cultural Centre,300.0,Hong Kong International Airport,300.0,Hong Kong International Airport,,
482.0,Lugard Road Lookout,Outdoor,8,9,0.8596818778249953,10,0,TW,946.0,Victoria Peak,946.0,Victoria Peak,946.0,Victoria Peak,,
558.0,My Cup of Tea,Dining,8,8,0.8809859063476324,10,0,ID,221.0,Fook Yuen,46.0,Bakehouse (Wan Chai),436.0,Ladies' Market,,
653.0,Ramada Hong Kong Harbour View,Hotel,8,8,0.627981914653598,10,0,PH,307.0,Hong Kong Observation Wheel,296.0,Hong Kong Disneyland,296.0,Hong Kong Disneyland,,
1.0,% Arabica,Dining,7,7,0.5117068990532841,10,0,TH,74.0,CHAGEE,101.0,Central,101.0,Central,,
86.0,Canal Rd,Cityscape,7,7,0.5335629928324904,10,0,TW,907.0,Tsim Sha Tsui,1051.0,阿四快餐,300.0,Hong Kong International Airport,,
541.0,Mong Kok East,Transit,7,7,0.525273637313928,10,0,ID,300.0,Hong Kong International Airport,296.0,Hong Kong Disneyland,300.0,Hong Kong International Airport,,
766.0,Staunton St,Cityscape,7,7,0.44143751228139516,10,0,TH,46.0,Bakehouse (Wan Chai),46.0,Bakehouse (Wan Chai),291.0,Hollywood Rd,,
797.0,Tai Hing,Dining,7,7,0.7557781281925383,10,0,ID,287.0,Ho Hung Kee,123.0,Cheung Hing Kee Shanghai Pan Fried Buns,123.0,Cheung Hing Kee Shanghai Pan Fried Buns,,
25.0,Apt. Coffee Wanchai,Dining,6,6,0.6807883481184641,10,0,ID,40.0,BASAO,46.0,Bakehouse (Wan Chai),46.0,Bakehouse (Wan Chai),,
325.0,Honolulu Café,Dining,4,5,0.8225297123193741,10,0,CA,46.0,Bakehouse (Wan Chai),964.0,Wan Chai,964.0,Wan Chai,,
328.0,Hop Yik Tai,Dining,4,4,0.616087730973959,10,0,AU,36.0,Australia Dairy Company,418.0,Kung Wo Beancurd Factory,418.0,Kung Wo Beancurd Factory,,
440.0,Lai Chi Wo,Cultural,4,4,0.8890256397426128,10,0,GB,854.0,The Hideout,700.0,Sham Shui Po,119.0,Cheung Chau,,
690.0,Sang Roastery,Dining,4,4,0.8371256999671459,10,0,DE,37.0,Avenue Of Stars,46.0,Bakehouse (Wan Chai),46.0,Bakehouse (Wan Chai),,
28.0,Argyle Centre,Shopping,3,3,0.6214309090541469,10,0,ID,101.0,Central,436.0,Ladies' Market,96.0,Causeway Bay,,
372.0,Kam Ming Noodles,Dining,1,1,0.8170986711978913,10,0,CA,505.0,Man Kee Cart Noodle,824.0,Tai Wo Tang Café,505.0,Man Kee Cart Noodle,,
474.0,Lockhart Rd,Cityscape,9,9,0.23546729381713602,9,0,ID,221.0,Fook Yuen,675.0,SOGO,675.0,SOGO,,
871.0,The Peak Terminus,Transit,9,9,0.3594933042509688,9,0,ID,873.0,The Peak Tram,494.0,Madame Tussauds,873.0,The Peak Tram,,
55.0,Big Wave Bay,Natural,8,8,0.8909203000366688,9,0,GB,818.0,Tai Tam Gap,56.0,Big Wave Bay Beach,189.0,Dragon's Back,,
154.0,Conrad Hong Kong,Hotel,8,8,0.6970236878842115,9,0,US,877.0,The Ritz-Carlton,944.0,Victoria Harbour,249.0,Grand Hyatt,,
550.0,Mount Davis,Outdoor,8,9,0.9247822827763028,9,0,PH,451.0,Lantau Island,598.0,Ocean Park,451.0,Lantau Island,,
767.0,Stone Nullah Ln,Cityscape,8,8,0.3250130144879222,9,0,TH,101.0,Central,426.0,Kwun Tong,101.0,Central,,
845.0,The FOREST,Shopping,8,8,0.7906626351177692,9,0,ID,300.0,Hong Kong International Airport,101.0,Central,300.0,Hong Kong International Airport,,
208.0,FINEPRINT,Dining,7,7,0.6425902630601611,9,0,ID,46.0,Bakehouse (Wan Chai),506.0,Man Mo Temple,506.0,Man Mo Temple,,
227.0,Fringe Club,Cultural,7,7,0.5399771891534328,9,0,ID,101.0,Central,101.0,Central,300.0,Hong Kong International Airport,,
617.0,Peel St,Cityscape,7,7,0.7620387134097871,9,0,TH,296.0,Hong Kong Disneyland,296.0,Hong Kong Disneyland,296.0,Hong Kong Disneyland,,
783.0,Sung Wong Toi,area,7,8,0.6150631695054471,9,0,TH,101.0,Central,137.0,Choi Hung Estate,137.0,Choi Hung Estate,,
715.0,Shek Tong Tsui,area,6,6,0.5870686409374078,9,0,TH,101.0,Central,296.0,Hong Kong Disneyland,307.0,Hong Kong Observation Wheel,,
562.0,N1 Coffee & Co.,Dining,5,5,0.7029013395309448,9,0,TH,74.0,CHAGEE,37.0,Avenue Of Stars,37.0,Avenue Of Stars,,
522.0,Metroplaza,Shopping,4,4,0.5470755253918469,9,0,ID,312.0,Hong Kong Science Museum,324.0,Hong Kong-Zhuhai-Macao Bridge,296.0,Hong Kong Disneyland,,
563.0,NOC,Dining,4,4,0.7175092225273451,9,0,CA,504.0,Mammy Pancake,675.0,SOGO,101.0,Central,,
412.0,Kowloon Taproom,Dining,3,3,0.7623788124985165,9,0,PH,364.0,K11 MUSEA,46.0,Bakehouse (Wan Chai),46.0,Bakehouse (Wan Chai),,
191.0,Dragonking Dim Sum,Dining,2,2,0.9027589663863183,9,0,ID,231.0,Fu Wah Café,278.0,Hashtag B,278.0,Hashtag B,,
940.0,Urban Coffee Roaster,Dining,2,2,0.8037945415292467,9,0,ID,395.0,King of Coconut,548.0,More Yogurt,36.0,Australia Dairy Company,,
50.0,Be With Years,Dining,1,1,0.8090557518104712,9,0,KR,,,,,,,,
130.0,China Ferry Terminal,Transit,8,8,0.4237393152434379,8,0,TH,944.0,Victoria Harbour,268.0,Hanoi Rd,296.0,Hong Kong Disneyland,,
422.0,Kwai Tsing District,area,8,8,0.6647194041870534,8,0,TH,296.0,Hong Kong Disneyland,222.0,For Kee Restaurant,913.0,Tsing Ma Bridge,,
478.0,Lucky Star Coffee Shop,Dining,8,8,0.8971340283751488,8,0,ID,46.0,Bakehouse (Wan Chai),296.0,Hong Kong Disneyland,296.0,Hong Kong Disneyland,,
489.0,MOKO,Shopping,8,8,0.5656290715560317,8,0,PH,300.0,Hong Kong International Airport,250.0,Grand Plaza,250.0,Grand Plaza,,
526.0,Midtown Delights,Dining,8,8,0.9446138888597488,8,0,TH,296.0,Hong Kong Disneyland,296.0,Hong Kong Disneyland,296.0,Hong Kong Disneyland,,
704.0,Shanghai St,Cityscape,8,8,0.5024168314412236,8,0,PH,446.0,Lan Fong Yuen,296.0,Hong Kong Disneyland,296.0,Hong Kong Disneyland,,
21.0,Animation Academy,Entertainment,7,8,0.6848917566239834,8,0,JP,296.0,Hong Kong Disneyland,296.0,Hong Kong Disneyland,296.0,Hong Kong Disneyland,,
240.0,Ginza Square,Cityscape,7,7,0.29558277369609903,8,0,PH,101.0,Central,307.0,Hong Kong Observation Wheel,944.0,Victoria Harbour,,
531.0,Ming Court Hotel,Hotel,7,7,0.5334713328629732,8,0,VN,944.0,Victoria Harbour,293.0,Hong Kong Convention and Exhibition Centre,944.0,Victoria Harbour,,
691.0,Sau Wa Fong,Cityscape,7,7,0.6096637600234577,8,0,TH,101.0,Central,101.0,Central,300.0,Hong Kong International Airport,,
51.0,Bee Cheng Hiang,Shopping,6,6,0.6906452565971347,8,0,PH,46.0,Bakehouse (Wan Chai),296.0,Hong Kong Disneyland,944.0,Victoria Harbour,,
710.0,Shau Kei Wan Station,Transit,6,6,0.46561812588738066,8,0,GB,16.0,Admiralty Station,119.0,Cheung Chau,189.0,Dragon's Back,,
808.0,Tai O Market St,Shopping,6,6,0.5320591144263744,8,0,ID,804.0,Tai O,230.0,Fu Shan Viewing Point,804.0,Tai O,,
1007.0,Xiqu Centre,Cultural,6,6,0.8235231091578802,8,0,TH,506.0,Man Mo Temple,207.0,Eyebar,295.0,Hong Kong Cultural Centre,,
115.0,Chai Wan Station,Transit,5,5,0.4044335010151068,8,0,PH,113.0,Chai Wan Park,98.0,Causeway Bay Station,98.0,Causeway Bay Station,,
432.0,LAB ZERÕ,Dining,5,5,0.7723983734846115,8,0,SG,673.0,SHARI SHARI Kakigori House,18.0,After You Dessert Café,18.0,After You Dessert Café,,
660.0,Regal Oriental Hotel,Hotel,5,5,0.5782821998000145,8,0,TH,300.0,Hong Kong International Airport,506.0,Man Mo Temple,300.0,Hong Kong International Airport,,
963.0,Walt's Café,Dining,5,5,0.8668945292631784,8,0,AU,180.0,Disney's Hollywood Hotel,296.0,Hong Kong Disneyland,296.0,Hong Kong Disneyland,,
1004.0,Wu Zhi Jian Beef Noodles,Dining,5,5,0.7385393977165222,8,0,ID,514.0,Masjid Ammar and Osman Ramju Sadick Islamic Centre,304.0,Hong Kong Museum of Art,514.0,Masjid Ammar and Osman Ramju Sadick Islamic Centre,,
73.0,C Dessert,Dining,4,4,0.8698295404513676,8,0,TW,270.0,Happy Valley Racecourse,,,96.0,Causeway Bay,,
83.0,California Hotel,Hotel,4,5,0.8186162412166595,8,0,ID,514.0,Masjid Ammar and Osman Ramju Sadick Islamic Centre,907.0,Tsim Sha Tsui,296.0,Hong Kong Disneyland,,
360.0,Joy Hing Roasted Meat,Dining,4,5,0.7343162417411804,8,0,ID,964.0,Wan Chai,598.0,Ocean Park,96.0,Causeway Bay,,
418.0,Kung Wo Beancurd Factory,Dining,4,4,0.6350516118109226,8,0,AU,328.0,Hop Yik Tai,772.0,Sun Heung Yuen,328.0,Hop Yik Tai,,
722.0,Shing Kee Congee Noodle,Dining,4,4,0.7497655611174802,8,0,TH,296.0,Hong Kong Disneyland,8.0,AIA Carnival,907.0,Tsim Sha Tsui,,
847.0,The Fleming,Hotel,4,5,0.4703916261593501,8,0,GB,96.0,Causeway Bay,217.0,Fleming Rd,964.0,Wan Chai,,
9.0,AKI Hotel ,Hotel,2,2,0.7543864713183471,8,0,MV,295.0,Hong Kong Cultural Centre,964.0,Wan Chai,295.0,Hong Kong Cultural Centre,,
67.0,Bridal Tea House Hotel,Hotel,2,2,0.4875291331360737,8,0,ID,,,1016.0,Yau Ma Tei Station,540.0,Mong Kok,,
229.0,Frozen Village,Entertainment,1,1,0.9685569256544113,8,0,PH,,,,,,,,
164.0,DON DON DONKI ,Shopping,7,7,0.8609057494572231,7,0,CA,163.0,DON DON DONKI,44.0,Bakehouse (Causeway Bay),96.0,Causeway Bay,,
186.0,Dragon City Café,Dining,7,7,0.8560913801193237,7,0,PH,144.0,Chung Hing St,301.0,Hong Kong Island,144.0,Chung Hing St,,
644.0,Queen St,Cityscape,7,7,0.4904233996889421,7,0,PH,303.0,Hong Kong Macau Ferry Terminal,295.0,Hong Kong Cultural Centre,101.0,Central,,
658.0,Regal Hongkong Hotel,Hotel,7,7,0.43378333773996147,7,0,PH,300.0,Hong Kong International Airport,96.0,Causeway Bay,300.0,Hong Kong International Airport,,
1018.0,Yau Tsim Mong District,area,7,7,0.6003232390752861,7,0,TW,944.0,Victoria Harbour,300.0,Hong Kong International Airport,944.0,Victoria Harbour,,
99.0,Causeway Rd,Cityscape,6,6,0.26766782471289235,7,0,PH,296.0,Hong Kong Disneyland,96.0,Causeway Bay,296.0,Hong Kong Disneyland,,
345.0,Imperial Hotel,Hotel,6,6,0.27734768313045305,7,0,ID,180.0,Disney's Hollywood Hotel,145.0,Chungking Mansions,296.0,Hong Kong Disneyland,,
551.0,Mount Parker Rd,Outdoor,6,6,0.3929753328363101,7,0,TH,270.0,Happy Valley Racecourse,270.0,Happy Valley Racecourse,96.0,Causeway Bay,,
699.0,Sha Tin Station,Transit,6,6,0.3052517296746373,7,0,ES,413.0,Kowloon Tin Hau Temple,364.0,K11 MUSEA,270.0,Happy Valley Racecourse,,
111.0,ChaTraMue,Dining,5,5,0.5983351588249206,7,0,TH,101.0,Central,46.0,Bakehouse (Wan Chai),300.0,Hong Kong International Airport,,
392.0,King Bakery,Dining,5,5,0.8821706692377725,7,0,ID,89.0,Capital Café,46.0,Bakehouse (Wan Chai),46.0,Bakehouse (Wan Chai),,
547.0,Montane Mansion,Cityscape,5,5,0.25310450326651335,7,0,VN,210.0,Fa Yuen Street Market,137.0,Choi Hung Estate,101.0,Central,,
594.0,OZONE,Dining,5,5,0.7320174435153604,7,0,PH,296.0,Hong Kong Disneyland,272.0,Harbour Grand,300.0,Hong Kong International Airport,,
627.0,Plaza Hollywood,Shopping,5,6,0.5965261710807681,7,0,ID,174.0,Diamond Hill Station,173.0,Diamond Hill,173.0,Diamond Hill,,
661.0,Regala Skycity Hotel,Hotel,5,5,0.8711246013641357,7,0,TH,451.0,Lantau Island,451.0,Lantau Island,451.0,Lantau Island,,
843.0,The Cityview,Hotel,5,6,0.8015886892875036,7,0,ID,296.0,Hong Kong Disneyland,295.0,Hong Kong Cultural Centre,296.0,Hong Kong Disneyland,,
851.0,The Harbourview,Hotel,5,5,0.7282582581043243,7,0,JP,243.0,Golden Bauhinia Square,293.0,Hong Kong Convention and Exhibition Centre,300.0,Hong Kong International Airport,,
42.0,Bacha Coffee,Dining,4,4,0.8428610985477766,7,0,CA,1044.0,ifc mall,101.0,Central,101.0,Central,,
76.0,COA,Dining,4,4,0.6233468080560366,7,0,ID,101.0,Central,867.0,The Old Man,46.0,Bakehouse (Wan Chai),,
409.0,Kowloon Park Dr,Cityscape,4,4,0.1861647522309795,7,0,ID,946.0,Victoria Peak,296.0,Hong Kong Disneyland,946.0,Victoria Peak,,
655.0,Red Incense Burner Summit,Outdoor,4,4,0.9038226753473282,7,0,ID,976.0,West Kowloon Art Park,733.0,Sky 100,946.0,Victoria Peak,,
218.0,Fo Tan,area,3,4,0.4014078907979031,7,0,DE,698.0,Sha Tin Racecourse,311.0,Hong Kong Railway Museum,311.0,Hong Kong Railway Museum,,
720.0,Sheung Shui,area,3,3,0.2843555585791667,7,0,ID,,,300.0,Hong Kong International Airport,300.0,Hong Kong International Airport,,
841.0,The Cheesecake Factory,Dining,3,3,0.8742912146780225,7,0,GB,629.0,Po Lin Monastery,,,334.0,Hung Hom Kwun Yum Temple,,
854.0,The Hideout,Dining,3,3,0.7783627973662482,7,0,GB,119.0,Cheung Chau,440.0,Lai Chi Wo,119.0,Cheung Chau,,
527.0,Milk Bar,Dining,2,2,0.830166956782341,7,0,GB,36.0,Australia Dairy Company,,,36.0,Australia Dairy Company,,
479.0,Luen Fat Restaurant,Dining,1,1,0.8963349461555481,7,0,TW,296.0,Hong Kong Disneyland,832.0,Tei Mou Koon Dessert,232.0,Fuk Wa Camera,,
61.0,Blue Coast,Cityscape,6,6,0.5856199637055397,6,0,PH,101.0,Central,293.0,Hong Kong Convention and Exhibition Centre,300.0,Hong Kong International Airport,,
290.0,Hollywood Plaza,Shopping,6,6,0.5834501336018244,6,0,PH,300.0,Hong Kong International Airport,296.0,Hong Kong Disneyland,296.0,Hong Kong Disneyland,,
429.0,Kwun Tong Station,Transit,6,6,0.2938791730751594,6,0,PH,296.0,Hong Kong Disneyland,46.0,Bakehouse (Wan Chai),300.0,Hong Kong International Airport,,
447.0,Lan Heung Restaurant,Dining,6,6,0.8995035191377004,6,0,TW,46.0,Bakehouse (Wan Chai),386.0,Kennedy Town,46.0,Bakehouse (Wan Chai),,
568.0,Nei Nak Shan,Outdoor,6,6,0.5604483857750893,6,0,AU,101.0,Central,451.0,Lantau Island,451.0,Lantau Island,,
640.0,Prosperous Building,Cityscape,6,6,0.4927256057659785,6,0,ID,101.0,Central,104.0,Central Market,101.0,Central,,
651.0,Rainbow Stairs,Cultural,6,6,0.8112556040287018,6,0,TH,296.0,Hong Kong Disneyland,60.0,Blue Bottle Coffee,300.0,Hong Kong International Airport,,
818.0,Tai Tam Gap,area,6,6,0.6105114544431368,6,0,PH,189.0,Dragon's Back,55.0,Big Wave Bay,189.0,Dragon's Back,,
80.0,Cafe Match Box,Dining,5,5,0.6862703919410705,6,0,US,296.0,Hong Kong Disneyland,197.0,East Coast Park Precinct,96.0,Causeway Bay,,
170.0,Demon Grove,Entertainment,5,5,0.5800423711538315,6,0,PH,598.0,Ocean Park,296.0,Hong Kong Disneyland,296.0,Hong Kong Disneyland,,
289.0,Hoi Ping Rd,Cityscape,5,5,0.5302208364009857,6,0,US,101.0,Central,946.0,Victoria Peak,101.0,Central,,
313.0,Hong Kong Scout Centre,Cityscape,5,6,0.36392324417829514,6,0,PH,101.0,Central,101.0,Central,296.0,Hong Kong Disneyland,,
314.0,Hong Kong Seamen's Union,Cityscape,5,5,0.31621386148035524,6,0,TH,293.0,Hong Kong Convention and Exhibition Centre,101.0,Central,101.0,Central,,
716.0,Shek Tong Tsui Market and Cooked Food Centre,Shopping,5,5,0.36391531974077224,6,0,GB,815.0,Tai Po,816.0,Tai Po Hui,815.0,Tai Po,,
839.0,The Baker & The Bottleman,Dining,5,5,0.8884001076221466,6,0,ID,96.0,Causeway Bay,296.0,Hong Kong Disneyland,96.0,Causeway Bay,,
967.0,Wan Chai Rd,Cityscape,5,5,0.74403817653656,6,0,ID,944.0,Victoria Harbour,62.0,Blue House,119.0,Cheung Chau,,
1020.0,Yaumatei Tin Hau Temple,Religious,5,5,0.6285056576132775,6,0,PH,506.0,Man Mo Temple,101.0,Central,101.0,Central,,
1039.0,Yung Shue Wan,Natural,5,6,0.6306602768599987,6,0,CA,444.0,Lamma Island,303.0,Hong Kong Macau Ferry Terminal,303.0,Hong Kong Macau Ferry Terminal,,
52.0,Best Western Hotel,Hotel,4,4,0.5330715216696262,6,0,ID,96.0,Causeway Bay,101.0,Central,36.0,Australia Dairy Company,,
56.0,Big Wave Bay Beach,Natural,4,4,0.8185922391712666,6,0,GB,55.0,Big Wave Bay,270.0,Happy Valley Racecourse,55.0,Big Wave Bay,,
174.0,Diamond Hill Station,Transit,4,4,0.5891551667203505,6,0,ID,173.0,Diamond Hill,149.0,Clear Water Bay,173.0,Diamond Hill,,
236.0,Gage St,Cityscape,4,4,0.4352262491981188,6,0,KR,503.0,Mak's Noodle,209.0,Fa Yuen St,101.0,Central,,
306.0,Hong Kong Museum of Medical Sciences,Cultural,4,4,0.6754511743783951,6,0,TH,270.0,Happy Valley Racecourse,101.0,Central,101.0,Central,,
672.0,Royal View Hotel,Hotel,4,4,0.4695307854562998,6,0,PH,300.0,Hong Kong International Airport,300.0,Hong Kong International Airport,296.0,Hong Kong Disneyland,,
1028.0,Yoshinoya,Dining,4,4,0.6295489265273015,6,0,ID,635.0,Prince Edward,733.0,Sky 100,300.0,Hong Kong International Airport,,
477.0,Lord Stow's Bakery,Dining,3,3,0.7897190451622009,6,0,ID,300.0,Hong Kong International Airport,303.0,Hong Kong Macau Ferry Terminal,300.0,Hong Kong International Airport,,
736.0,SkyCity Marriott Hotel,Hotel,3,3,0.8228499293327332,6,0,GB,300.0,Hong Kong International Airport,101.0,Central,101.0,Central,,
759.0,Stanley Village Rd,Cityscape,3,3,0.3968992804487546,6,0,CA,15.0,Admiralty,754.0,Stanley Main Street,14.0,Aberdeen/Stanley,,
842.0,The Chinese Library,Dining,3,3,0.9067070815298292,6,0,MY,101.0,Central,768.0,Stone Slab Street,3.0,1881 Heritage,,
1038.0,Yung Kee Roast Goose Restaurant,Dining,3,4,0.8358615015943845,6,0,TH,293.0,Hong Kong Convention and Exhibition Centre,4.0,2 Café,907.0,Tsim Sha Tsui,,
165.0,DOZY Café,Dining,2,2,0.668926677107811,6,0,ID,772.0,Sun Heung Yuen,436.0,Ladies' Market,96.0,Causeway Bay,,
400.0,Knockbox Coffee Company,Dining,2,2,0.7423140779137611,6,0,ID,548.0,More Yogurt,,,11.0,ARTISTA PERFETTO,,
425.0,Kwan Yu Roasted Meat,Dining,2,2,0.8670460085074108,6,0,NZ,96.0,Causeway Bay,628.0,Po Kee BBQ Restaurant,96.0,Causeway Bay,,
730.0,Sing Kee,Dining,2,2,0.9526640673478444,6,0,GB,680.0,Sai Kung Public Pier,123.0,Cheung Hing Kee Shanghai Pan Fried Buns,123.0,Cheung Hing Kee Shanghai Pan Fried Buns,,
11.0,ARTISTA PERFETTO,Dining,1,1,0.6405468583106995,6,0,ID,208.0,FINEPRINT,966.0,Wan Chai Market,96.0,Causeway Bay,,
235.0,GENERAL PURPOSE HK,Shopping,1,1,0.47694040803859633,6,0,TW,438.0,Lai Chi Kok,96.0,Causeway Bay,96.0,Causeway Bay,,
62.0,Blue House,Cultural,5,5,0.8043352782726287,5,0,SG,46.0,Bakehouse (Wan Chai),96.0,Causeway Bay,46.0,Bakehouse (Wan Chai),,
71.0,Buddhist World in the South Archway,Religious,5,5,0.8334730505943299,5,0,HK,451.0,Lantau Island,451.0,Lantau Island,451.0,Lantau Island,,
120.0,Cheung Chau Beach Rd,Cityscape,5,5,0.8448742032051086,5,0,SG,296.0,Hong Kong Disneyland,101.0,Central,300.0,Hong Kong International Airport,,
194.0,E Point Rd,Cityscape,5,5,0.6113609671592712,5,0,AE,96.0,Causeway Bay,98.0,Causeway Bay Station,96.0,Causeway Bay,,
246.0,Goldfish Street,Shopping,5,5,0.7671074032783508,5,0,CA,210.0,Fa Yuen Street Market,46.0,Bakehouse (Wan Chai),210.0,Fa Yuen Street Market,,
499.0,Main Street Corner Café,Dining,5,5,0.8353525638580322,5,0,TW,296.0,Hong Kong Disneyland,296.0,Hong Kong Disneyland,296.0,Hong Kong Disneyland,,
572.0,New Istanbul Kebab,Dining,5,5,0.5338214747607708,5,0,PH,598.0,Ocean Park,92.0,Carnarvon Rd,300.0,Hong Kong International Airport,,
573.0,New Praya,Cityscape,5,5,0.5851426422595978,5,0,ID,386.0,Kennedy Town,448.0,Lan Kwai Fong,386.0,Kennedy Town,,
668.0,Rosedale Hotel ,Hotel,5,5,0.4556967385113239,5,0,PH,300.0,Hong Kong International Airport,300.0,Hong Kong International Airport,300.0,Hong Kong International Airport,,
703.0,Shang Sin Chun Tong,Religious,5,5,0.7597505331039429,5,0,TH,413.0,Kowloon Tin Hau Temple,580.0,Ngong Ping 360,296.0,Hong Kong Disneyland,,
758.0,Stanley St,Cityscape,5,5,0.6334195986390114,5,0,VN,753.0,Stanley,296.0,Hong Kong Disneyland,101.0,Central,,
838.0,The Archivist,Hotel,5,5,0.9011051297187805,5,0,ES,296.0,Hong Kong Disneyland,296.0,Hong Kong Disneyland,296.0,Hong Kong Disneyland,,
868.0,The One Bakery,Dining,5,5,0.638037896156311,5,0,GB,296.0,Hong Kong Disneyland,404.0,Kowloon,96.0,Causeway Bay,,
917.0,Tsuen Wan Park,Cityscape,5,5,0.8929189205169678,5,0,PH,296.0,Hong Kong Disneyland,451.0,Lantau Island,296.0,Hong Kong Disneyland,,
938.0,Underpass Restaurant & Bar,Dining,5,5,0.2297277208417654,5,0,ID,123.0,Cheung Hing Kee Shanghai Pan Fried Buns,675.0,SOGO,101.0,Central,,
1001.0,World Trade Centre,Cityscape,5,5,0.5946000337600708,5,0,GB,271.0,Harbour City,101.0,Central,101.0,Central,,
116.0,Che Kung Temple Station,Transit,4,4,0.6188669577240944,5,0,TH,413.0,Kowloon Tin Hau Temple,696.0,Sha Tin Che Kung Temple,696.0,Sha Tin Che Kung Temple,,
232.0,Fuk Wa Camera,Shopping,4,5,0.3773866705596447,5,0,AU,424.0,Kwan Kee Store,424.0,Kwan Kee Store,700.0,Sham Shui Po,,
355.0,Java Rd,Cityscape,4,4,0.6040905192494392,5,0,HK,96.0,Causeway Bay,101.0,Central,37.0,Avenue Of Stars,,
548.0,More Yogurt,Dining,4,4,0.8436759486794472,5,0,US,46.0,Bakehouse (Wan Chai),400.0,Knockbox Coffee Company,944.0,Victoria Harbour,,
822.0,Tai Wo Hau Station,Transit,4,4,0.45773821230977774,5,0,PH,312.0,Hong Kong Science Museum,441.0,Lai King,944.0,Victoria Harbour,,
1014.0,Yau Ma Tei Jade Hawker Bazaar,Shopping,4,5,0.6317297074943781,5,0,GB,567.0,Nathan Rd,868.0,The One Bakery,96.0,Causeway Bay,,
281.0,Hay Wong Dim Sum,Dining,3,3,0.8757155934969584,5,0,HU,436.0,Ladies' Market,,,435.0,Ladies Street Sik Faan Co.,,
427.0,Kwun Tong Promenade,Cityscape,3,3,0.7188003460566202,5,0,ID,428.0,Kwun Tong Public Pier,404.0,Kowloon,404.0,Kowloon,,
466.0,Lion Rock Head,Outdoor,3,3,0.9428171912829081,5,0,AU,700.0,Sham Shui Po,946.0,Victoria Peak,36.0,Australia Dairy Company,,
487.0,MASHI NO MASHI,Dining,3,3,0.8016342520713806,5,0,DE,451.0,Lantau Island,663.0,Repulse Bay,46.0,Bakehouse (Wan Chai),,
665.0,Reservoir Islands Viewpoint,Outdoor,3,3,0.8596140146255493,5,0,NZ,803.0,Tai Mo Shan,801.0,Tai Lam Chung Reservoir,492.0,MacLehose Trail,,
888.0,Tin Hau Station,Transit,3,3,0.8206857707765368,5,0,PH,96.0,Causeway Bay,451.0,Lantau Island,451.0,Lantau Island,,
926.0,Tung Chung Bay,Natural,3,3,0.8517830487754611,5,0,ID,451.0,Lantau Island,450.0,Lantau Country Park,296.0,Hong Kong Disneyland,,
47.0,Baker by LUBUDS,Dining,2,2,0.930363804101944,5,0,AU,46.0,Bakehouse (Wan Chai),,,46.0,Bakehouse (Wan Chai),,
144.0,Chung Hing St,Cityscape,2,3,0.9338379800319672,5,0,PH,36.0,Australia Dairy Company,186.0,Dragon City Café,36.0,Australia Dairy Company,,
147.0,Cityplaza,Shopping,2,2,0.1370682877022773,5,0,MO,112.0,Chai Wan,858.0,The Ice Palace,112.0,Chai Wan,,
396.0,King's Café,Dining,2,2,0.8621041029691696,5,0,CA,300.0,Hong Kong International Airport,46.0,Bakehouse (Wan Chai),46.0,Bakehouse (Wan Chai),,
424.0,Kwan Kee Store,Shopping,2,2,0.6417517159910251,5,0,AE,232.0,Fuk Wa Camera,232.0,Fuk Wa Camera,232.0,Fuk Wa Camera,,
556.0,Mui Wo Ferry Pier,Transit,2,3,0.3116654301476148,5,0,ID,303.0,Hong Kong Macau Ferry Terminal,761.0,Star Ferry Pier,303.0,Hong Kong Macau Ferry Terminal,,
650.0,Rabbitland Café,Dining,2,2,0.6350677420074742,5,0,SG,,,,,,,,
890.0,Tin Hau and Kwun Yum Statues,Religious,2,2,0.826202929019928,5,0,TH,663.0,Repulse Bay,921.0,Tsz Shan Monastery,300.0,Hong Kong International Airport,,
66.0,Brick Hill (Nam Long Shan),Outdoor,1,1,0.9120998859405518,5,0,TH,,,,,,,,
97.0,Causeway Bay Centre Shopping Arcade,Shopping,1,1,0.49821878150105475,5,0,PH,,,119.0,Cheung Chau,119.0,Cheung Chau,,
167.0,David Chan Co,Shopping,1,1,0.8044459342956543,5,0,SG,729.0,Sim City,,,232.0,Fuk Wa Camera,,
473.0,LockCha,Dining,1,1,0.6960790812969208,5,0,MY,46.0,Bakehouse (Wan Chai),,,46.0,Bakehouse (Wan Chai),,
846.0,The Farmhouse,Dining,1,1,0.914063549041748,5,0,TW,,,944.0,Victoria Harbour,158.0,Cruise Restaurant & Bar,,
961.0,Wai Shing Bakery,Dining,1,1,0.8711506485939026,5,0,US,,,,,,,,
93.0,Castle Peak,Outdoor,4,4,0.7704100534319878,4,0,PH,296.0,Hong Kong Disneyland,293.0,Hong Kong Convention and Exhibition Centre,946.0,Victoria Peak,,
182.0,Dorsett Wanchai,Hotel,4,4,0.34974771924316883,4,0,VN,300.0,Hong Kong International Airport,377.0,Kam's Roast Goose,300.0,Hong Kong International Airport,,
205.0,Exchange Square,Cityscape,4,4,0.3623701580800116,4,0,PH,198.0,East Tsim Sha Tsui,580.0,Ngong Ping 360,101.0,Central,,
222.0,For Kee Restaurant,Dining,4,4,0.6703260280191898,4,0,TH,422.0,Kwai Tsing District,291.0,Hollywood Rd,291.0,Hollywood Rd,,
322.0,Hong Kong Water Taxi,Transit,4,4,0.8853309005498886,4,0,SG,12.0,Aberdeen,103.0,Central Ferry Pier,944.0,Victoria Harbour,,
361.0,Jumbo kingdom,Dining,4,4,0.767602950334549,4,0,PH,663.0,Repulse Bay,30.0,ArtLane,296.0,Hong Kong Disneyland,,
403.0,Korean Inn Restaurant,Dining,4,4,0.8823889046907425,4,0,GB,364.0,K11 MUSEA,588.0,North Point,364.0,K11 MUSEA,,
437.0,Lady BoBo,Dining,4,4,0.6559944376349449,4,0,CA,127.0,Cheung Lai St,127.0,Cheung Lai St,127.0,Cheung Lai St,,
443.0,Lam Heung Ling Lemon Tea,Dining,4,4,0.7640480995178223,4,0,TW,178.0,Dim Sum Square,464.0,Lin Heung Lau,36.0,Australia Dairy Company,,
497.0,Mai Po Rd,Cityscape,4,4,0.9020840227603912,4,0,PH,873.0,The Peak Tram,873.0,The Peak Tram,873.0,The Peak Tram,,
677.0,Sai Kung Cafe & Bakery,Dining,4,4,0.7145237722434103,4,0,CA,286.0,Hing Kee Restaurant,,,46.0,Bakehouse (Wan Chai),,
679.0,Sai Kung New Public Pier,Transit,4,4,0.8573651015758514,4,0,GB,678.0,Sai Kung District,680.0,Sai Kung Public Pier,678.0,Sai Kung District,,
684.0,Sai Ying Pun Station,Transit,4,4,0.19516451843082905,4,0,PH,300.0,Hong Kong International Airport,31.0,Arte M,300.0,Hong Kong International Airport,,
745.0,Space Traders,Entertainment,4,4,0.8762369453907013,4,0,PH,296.0,Hong Kong Disneyland,296.0,Hong Kong Disneyland,296.0,Hong Kong Disneyland,,
786.0,Sushi Raku,Dining,4,4,0.4868662003427744,4,0,KR,973.0,Wellington St,300.0,Hong Kong International Airport,123.0,Cheung Hing Kee Shanghai Pan Fried Buns,,
790.0,T Square,Shopping,4,4,0.6399028515443206,4,0,TH,1042.0,iSQUARE,1042.0,iSQUARE,1042.0,iSQUARE,,
809.0,Tai O Rd,Cityscape,4,4,0.5496340394020081,4,0,GB,804.0,Tai O,804.0,Tai O,804.0,Tai O,,
876.0,The Pottinger,Hotel,4,4,0.5346704414114356,4,0,NL,451.0,Lantau Island,36.0,Australia Dairy Company,101.0,Central,,
902.0,Triangle St,Cityscape,4,4,0.6853947341442108,4,0,US,96.0,Causeway Bay,179.0,Disney Explorers Lodge,96.0,Causeway Bay,,
1005.0,Wycombe Abbey School,School,4,4,0.645842157304287,4,0,ID,101.0,Central,296.0,Hong Kong Disneyland,300.0,Hong Kong International Airport,,
171.0,Des Voeux Rd,Cityscape,3,3,0.5384422242641449,4,0,ID,96.0,Causeway Bay,30.0,ArtLane,30.0,ArtLane,,
223.0,Forbidden Duck,Dining,3,3,0.8804888129234314,4,0,BN,101.0,Central,343.0,Hysan Place,343.0,Hysan Place,,
254.0,Gwing Kee Roasted,Dining,3,3,0.6857979198296865,4,0,AU,812.0,Tai On Coffee & Tea Shop,446.0,Lan Fong Yuen,46.0,Bakehouse (Wan Chai),,
276.0,Harbour Plaza 8 Degrees,Hotel,3,3,0.6035696665445963,4,0,ID,295.0,Hong Kong Cultural Centre,598.0,Ocean Park,598.0,Ocean Park,,
511.0,Maria's Bakery,Dining,3,3,0.9384428958098093,4,0,JP,123.0,Cheung Hing Kee Shanghai Pan Fried Buns,278.0,Hashtag B,46.0,Bakehouse (Wan Chai),,
622.0,Pichic Bay,Natural,3,3,0.6854603222260872,4,0,DE,303.0,Hong Kong Macau Ferry Terminal,444.0,Lamma Island,291.0,Hollywood Rd,,
667.0,Rosedale Hotel,Hotel,3,4,0.6210462432354689,4,0,TH,96.0,Causeway Bay,925.0,Tung Chung,96.0,Causeway Bay,,
711.0,Shau Kei Wan Terminus,Transit,3,3,0.17120967681209245,4,0,PH,270.0,Happy Valley Racecourse,270.0,Happy Valley Racecourse,270.0,Happy Valley Racecourse,,
728.0,Silka Tsuen Wan,Hotel,3,3,0.45972480687002343,4,0,ID,886.0,Times Square,522.0,Metroplaza,243.0,Golden Bauhinia Square,,
747.0,Spring Garden Ln,Cityscape,3,3,0.3430507133404414,4,0,BR,459.0,Lee Tung Avenue,296.0,Hong Kong Disneyland,459.0,Lee Tung Avenue,,
770.0,Sukiya,Dining,3,3,0.6026420816779137,4,0,ID,300.0,Hong Kong International Airport,300.0,Hong Kong International Airport,46.0,Bakehouse (Wan Chai),,
799.0,Tai Kok Tsui Rd,Cityscape,3,3,0.12168716608236234,4,0,GB,198.0,East Tsim Sha Tsui,975.0,West Kowloon,198.0,East Tsim Sha Tsui,,
999.0,Woosung St,Cityscape,3,3,0.7818086246649424,4,0,ID,540.0,Mong Kok,1000.0,Woosung Street Temporary Cooked Food Hawker Bazaar,1000.0,Woosung Street Temporary Cooked Food Hawker Bazaar,,
64.0,Bowen Rd,Cityscape,2,2,0.9474074641863506,4,0,FR,129.0,China Club HK,506.0,Man Mo Temple,129.0,China Club HK,,
109.0,Centrestage,Cityscape,2,4,0.9659495651721954,4,0,GB,293.0,Hong Kong Convention and Exhibition Centre,293.0,Hong Kong Convention and Exhibition Centre,293.0,Hong Kong Convention and Exhibition Centre,,
340.0,Hyatt Regency,Hotel,2,3,0.6142344772815704,4,0,MO,341.0,Hyatt Regency (Sha Tin),341.0,Hyatt Regency (Sha Tin),101.0,Central,,
354.0,Jasmine,Dining,2,2,0.9028487354516983,4,0,KW,293.0,Hong Kong Convention and Exhibition Centre,580.0,Ngong Ping 360,146.0,Citygate Outlets,,
428.0,Kwun Tong Public Pier,Transit,2,2,0.7613610178232193,4,0,ID,426.0,Kwun Tong,427.0,Kwun Tong Promenade,404.0,Kowloon,,
608.0,One One Roast Goose Restaurant,Dining,2,2,0.9483342270056407,4,0,MY,46.0,Bakehouse (Wan Chai),296.0,Hong Kong Disneyland,46.0,Bakehouse (Wan Chai),,
648.0,Quinary,Dining,2,2,0.828849196434021,4,0,ID,366.0,Kai Kai Dessert,76.0,COA,46.0,Bakehouse (Wan Chai),,
697.0,Sha Tin Park,Cityscape,2,3,0.9062298436959585,4,0,GB,296.0,Hong Kong Disneyland,629.0,Po Lin Monastery,296.0,Hong Kong Disneyland,,
852.0,The Hari,Hotel,2,3,0.7832005818684896,4,0,MY,364.0,K11 MUSEA,62.0,Blue House,37.0,Avenue Of Stars,,
959.0,Wai Kee,Dining,2,2,0.24029505252838135,4,0,HU,,,771.0,Sum Hung Cuisine,532.0,Ming Wah Bakery,,
129.0,China Club HK,Dining,1,1,0.9424968759218851,4,0,FR,151.0,Cococabana,64.0,Bowen Rd,64.0,Bowen Rd,,
292.0,Hon Wo Korean Restaurant,Dining,1,1,0.9606000632047653,4,0,PH,,,,,,,,
380.0,Kapok,Shopping,1,1,0.7480471804738045,4,0,TW,674.0,SHOWA Causeway Bay,101.0,Central,96.0,Causeway Bay,,
394.0,King Tak Hong Porcelain Company Limited,Shopping,1,1,0.9007598757743835,4,0,ID,558.0,My Cup of Tea,459.0,Lee Tung Avenue,96.0,Causeway Bay,,
469.0,Little Cove Espresso,Dining,1,1,0.941011905670166,4,0,GB,,,483.0,Lung Dim Sum,483.0,Lung Dim Sum,,
520.0,Men Wah Bing Teng (Causeway Bay),Dining,1,1,0.8029413521289825,4,0,TW,540.0,Mong Kok,96.0,Causeway Bay,96.0,Causeway Bay,,
586.0,Nmcnoodles,Dining,1,1,0.7151689156889915,4,0,TH,,,,,,,,
732.0,Siu Lam,Natural,1,1,0.6524431575089693,4,0,ID,324.0,Hong Kong-Zhuhai-Macao Bridge,,,324.0,Hong Kong-Zhuhai-Macao Bridge,,
38.0,B P International,Hotel,3,3,0.3054253160953522,3,0,TH,300.0,Hong Kong International Airport,296.0,Hong Kong Disneyland,300.0,Hong Kong International Airport,,
102.0,Central Building,Cityscape,3,3,0.5735199799140295,3,0,PH,296.0,Hong Kong Disneyland,291.0,Hollywood Rd,291.0,Hollywood Rd,,
126.0,Cheung Kong Park,Cityscape,3,3,0.8790033459663391,3,0,PH,749.0,St John's Cathedral,946.0,Victoria Peak,749.0,St John's Cathedral,,
226.0,Fortune Foot Massage,Entertainment,3,3,0.5814027388890585,3,0,GB,506.0,Man Mo Temple,,,506.0,Man Mo Temple,,
256.0,HKU Station,Transit,3,3,0.4809793432553609,3,0,GB,271.0,Harbour City,544.0,Mong Kok Station,101.0,Central,,
259.0,HZMB Hong Kong Port,Transit,3,3,0.616409569978714,3,0,PH,944.0,Victoria Harbour,300.0,Hong Kong International Airport,324.0,Hong Kong-Zhuhai-Macao Bridge,,
275.0,Harbour North,Shopping,3,3,0.8472598195075989,3,0,PH,339.0,Hyatt Centric,588.0,North Point,158.0,Cruise Restaurant & Bar,,
280.0,Hau Wo St,Cityscape,3,3,0.5047377347946167,3,0,ID,,,386.0,Kennedy Town,386.0,Kennedy Town,,
368.0,Kai Tak Commercial Building,Cityscape,3,3,0.12507221599419913,3,0,TH,300.0,Hong Kong International Airport,448.0,Lan Kwai Fong,296.0,Hong Kong Disneyland,,
455.0,Law Fu Kee,Dining,3,3,0.8986038366953532,3,0,AU,944.0,Victoria Harbour,101.0,Central,46.0,Bakehouse (Wan Chai),,
486.0,M1 Hotel,Hotel,3,3,0.4963471442461014,3,0,TH,300.0,Hong Kong International Airport,588.0,North Point,296.0,Hong Kong Disneyland,,
604.0,Old Wan Chai Post Office,Cultural,3,3,0.46774157385031384,3,0,SG,284.0,Hennessy Rd,62.0,Blue House,62.0,Blue House,,
643.0,Quarry Bay Station,Transit,3,3,0.4564998745918274,3,0,MY,642.0,Quarry Bay,364.0,K11 MUSEA,364.0,K11 MUSEA,,
754.0,Stanley Main Street,Cityscape,3,3,0.5812168369690577,3,0,CA,696.0,Sha Tin Che Kung Temple,,,696.0,Sha Tin Che Kung Temple,,
760.0,Star Ferry,Transit,3,3,0.17537366847197214,3,0,ID,598.0,Ocean Park,598.0,Ocean Park,296.0,Hong Kong Disneyland,,
892.0,Ting Kau Bridge,Cityscape,3,3,0.6256264907618364,3,0,ID,580.0,Ngong Ping 360,300.0,Hong Kong International Airport,451.0,Lantau Island,,
906.0,Tsim Chai Kee Noodles,Dining,3,3,0.7823565403620402,3,0,AU,101.0,Central,46.0,Bakehouse (Wan Chai),46.0,Bakehouse (Wan Chai),,
928.0,Tung Chung Kitchen,Dining,3,3,0.672329048315684,3,0,JP,,,271.0,Harbour City,271.0,Harbour City,,
989.0,Wo Foo Commercial Building,Cityscape,3,3,0.8029817740122477,3,0,GB,96.0,Causeway Bay,,,96.0,Causeway Bay,,
998.0,Wood Rd,Cityscape,3,3,0.6513892809549967,3,0,ID,296.0,Hong Kong Disneyland,361.0,Jumbo kingdom,30.0,ArtLane,,
1000.0,Woosung Street Temporary Cooked Food Hawker Bazaar,Shopping,3,3,0.7553240458170573,3,0,NZ,999.0,Woosung St,145.0,Chungking Mansions,999.0,Woosung St,,
1008.0,YOHO MALL,Shopping,3,3,0.25971752405166626,3,0,AU,828.0,Taikoo Place,300.0,Hong Kong International Airport,300.0,Hong Kong International Airport,,
1051.0,阿四快餐,Dining,3,3,0.6295075317223867,3,0,VN,86.0,Canal Rd,907.0,Tsim Sha Tsui,907.0,Tsim Sha Tsui,,
40.0,BASAO,Dining,2,2,0.8487736284732819,3,0,CA,60.0,Blue Bottle Coffee,25.0,Apt. Coffee Wanchai,964.0,Wan Chai,,
81.0,Cafe Seasons,Dining,2,2,0.8191633224487305,3,0,GB,,,463.0,Lin Heung Kui,463.0,Lin Heung Kui,,
161.0,Cyberport,Shopping,2,2,0.9244798123836517,3,0,PH,296.0,Hong Kong Disneyland,,,296.0,Hong Kong Disneyland,,
178.0,Dim Sum Square,Dining,2,3,0.6696871146559715,3,0,PH,108.0,Central-Mid-Levels Escalators,128.0,Chi Lin Nunnery,296.0,Hong Kong Disneyland,,
184.0,Dragon Boat Restaurant,Dining,2,2,0.720885269343853,3,0,TH,,,,,,,,
215.0,Felix,Dining,2,2,0.6871866174042225,3,0,GB,874.0,The Peninsula,,,874.0,The Peninsula,,
335.0,Hung Hom Pancake,Dining,2,2,0.8150511085987091,3,0,ID,144.0,Chung Hing St,366.0,Kai Kai Dessert,36.0,Australia Dairy Company,,
351.0,JOYCE Boutique,Shopping,2,2,0.7803324460983276,3,0,AR,,,638.0,Prince's Building,638.0,Prince's Building,,
378.0,Kamcentre Roast Goose,Dining,2,2,0.7910346686840057,3,0,PH,278.0,Hashtag B,96.0,Causeway Bay,46.0,Bakehouse (Wan Chai),,
389.0,Ki Lung St,Cityscape,2,2,0.296676205471158,3,0,GB,388.0,Keung Kee Roasted Meat Restaurant,291.0,Hollywood Rd,36.0,Australia Dairy Company,,
508.0,Man Wah Restaurant,Dining,2,2,0.3951072674244642,3,0,ID,296.0,Hong Kong Disneyland,123.0,Cheung Hing Kee Shanghai Pan Fried Buns,36.0,Australia Dairy Company,,
523.0,Mid-Levels,area,2,2,0.10552560538053513,3,0,AU,323.0,Hong Kong Zoological and Botanical Gardens,106.0,Central Station,46.0,Bakehouse (Wan Chai),,
552.0,Mr. Ma & Restaurant,Dining,2,2,0.5505220592021942,3,0,CA,444.0,Lamma Island,444.0,Lamma Island,444.0,Lamma Island,,
571.0,New Five Dragon Congee & Noodle Restaurant,Dining,2,2,0.8122972100973129,3,0,CA,,,558.0,My Cup of Tea,46.0,Bakehouse (Wan Chai),,
577.0,New World Millennium,Hotel,2,2,0.5749182999134064,3,0,EG,874.0,The Peninsula,,,874.0,The Peninsula,,
589.0,North Point Station,Transit,2,3,0.18942342201868692,3,0,TH,588.0,North Point,944.0,Victoria Harbour,588.0,North Point,,
605.0,Omotesando Koffee,Dining,2,2,0.4283701926469803,3,0,PH,101.0,Central,300.0,Hong Kong International Airport,101.0,Central,,
625.0,Ping Shek Estate,Cityscape,2,2,0.248040028847754,3,0,PH,296.0,Hong Kong Disneyland,137.0,Choi Hung Estate,137.0,Choi Hung Estate,,
652.0,Ramada Hong Kong Grand View,Hotel,2,3,0.5949911996722221,3,0,PH,588.0,North Point,588.0,North Point,588.0,North Point,,
656.0,Red Tea,Dining,2,2,0.8522469997406006,3,0,TH,377.0,Kam's Roast Goose,446.0,Lan Fong Yuen,46.0,Bakehouse (Wan Chai),,
727.0,Silka Seaview Hotel,Hotel,2,2,0.17543936846777797,3,0,ID,,,336.0,Hung Hom Station,324.0,Hong Kong-Zhuhai-Macao Bridge,,
737.0,SkyPier,Transit,2,2,0.4342838143929839,3,0,ID,300.0,Hong Kong International Airport,300.0,Hong Kong International Airport,300.0,Hong Kong International Airport,,
738.0,Sleepyhead,Dining,2,2,0.6166967526078224,3,0,DE,46.0,Bakehouse (Wan Chai),,,46.0,Bakehouse (Wan Chai),,
752.0,Stanford Hillview Hotel,Hotel,2,2,0.6993571370840073,3,0,MY,844.0,The Emperor Hotel,,,844.0,The Emperor Hotel,,
769.0,Stubbs Rd,Cityscape,2,2,0.3329670801758766,3,0,PH,964.0,Wan Chai,293.0,Hong Kong Convention and Exhibition Centre,293.0,Hong Kong Convention and Exhibition Centre,,
862.0,The Merton,Cityscape,2,2,0.4978397637605667,3,0,TH,296.0,Hong Kong Disneyland,296.0,Hong Kong Disneyland,296.0,Hong Kong Disneyland,,
958.0,Wah Tao Seafood Restaurant,Dining,2,2,0.7297806181013584,3,0,TW,464.0,Lin Heung Lau,296.0,Hong Kong Disneyland,584.0,Ngong Ping Village,,
981.0,Whampoa Station,Transit,2,2,0.6165347974747419,3,0,SG,944.0,Victoria Harbour,307.0,Hong Kong Observation Wheel,272.0,Harbour Grand,,
1024.0,Yim Tin Tsai,area,2,3,0.8630264401435852,3,0,GB,413.0,Kowloon Tin Hau Temple,678.0,Sai Kung District,141.0,Chuen Kee Seafood Restaurant,,
10.0,ANA TEN,Dining,1,1,0.7382213672002157,3,0,TH,,,,,,,,
22.0,Ap Lei Pai,Natural,1,1,0.6092692414919535,3,0,TH,,,12.0,Aberdeen,12.0,Aberdeen,,
39.0,BAPE Café,Dining,1,2,0.8035897761583328,3,0,US,278.0,Hashtag B,278.0,Hashtag B,278.0,Hashtag B,,
43.0,Baked Tai Hang,Dining,1,1,0.8515810966491699,3,0,PH,,,46.0,Bakehouse (Wan Chai),46.0,Bakehouse (Wan Chai),,
58.0,Bird Market,Shopping,1,1,0.1124522367802759,3,0,JP,448.0,Lan Kwai Fong,137.0,Choi Hung Estate,123.0,Cheung Hing Kee Shanghai Pan Fried Buns,,
107.0,Central and Western District Promenade,Cityscape,1,1,0.7999833822250366,3,0,TW,53.0,Best Western Plus Hotel,307.0,Hong Kong Observation Wheel,53.0,Best Western Plus Hotel,,
151.0,Cococabana,Dining,1,1,0.9609579046567281,3,0,FR,,,129.0,China Club HK,64.0,Bowen Rd,,
156.0,Craft Coffee Roaster,Dining,1,2,0.6899267435073853,3,0,ID,987.0,Wing Ning St,504.0,Mammy Pancake,28.0,Argyle Centre,,
169.0,Deli-O,Dining,1,1,0.7340280910332998,3,0,PH,,,,,,,,
242.0,Gold Garden Restaurant,Dining,1,1,0.8678280512491862,3,0,US,,,779.0,Sun Wui Kong Restaurant,221.0,Fook Yuen,,
244.0,Golden Beach,Natural,1,1,0.8700586358706156,3,0,US,820.0,Tai Tam Reservoir,,,665.0,Reservoir Islands Viewpoint,,
273.0,Harbour Inn Cuisine,Dining,1,1,0.7076330383618673,3,0,SG,,,1042.0,iSQUARE,271.0,Harbour City,,
274.0,Harbour Kitchen,Dining,1,1,0.5472314357757568,3,0,TH,503.0,Mak's Noodle,,,222.0,For Kee Restaurant,,
327.0,Hop Fat Café,Dining,1,1,0.8142227530479431,3,0,TW,446.0,Lan Fong Yuen,36.0,Australia Dairy Company,36.0,Australia Dairy Company,,
346.0,Indigo Coffee,Dining,1,1,0.6615338126818339,3,0,ID,,,,,,,,
376.0,Kam Yuck Building,Cityscape,1,1,0.8689735730489095,3,0,MY,,,,,,,,
454.0,Lau Sum Kee Noodle,Dining,1,1,0.84657222032547,3,0,AU,,,328.0,Hop Yik Tai,232.0,Fuk Wa Camera,,
462.0,Leung So Kee Umbrella,Shopping,1,2,0.5687589421868324,3,0,US,299.0,Hong Kong Heritage Museum,299.0,Hong Kong Heritage Museum,299.0,Hong Kong Heritage Museum,,
515.0,Masterbeef,Dining,1,1,0.9458718697230021,3,0,PH,,,96.0,Causeway Bay,96.0,Causeway Bay,,
537.0,Model Boat Pool,Cityscape,1,1,0.6835115055243174,3,0,PH,112.0,Chai Wan,257.0,HKUGA Primary School,112.0,Chai Wan,,
649.0,ROSÉ,Dining,1,1,0.8375626603762308,3,0,TH,598.0,Ocean Park,,,598.0,Ocean Park,,
693.0,Sha Kok Station,Transit,1,1,0.5329442620277405,3,0,CA,127.0,Cheung Lai St,,,37.0,Avenue Of Stars,,
779.0,Sun Wui Kong Restaurant,Dining,1,1,0.8447710076967875,3,0,US,242.0,Gold Garden Restaurant,221.0,Fook Yuen,221.0,Fook Yuen,,
937.0,Under Bridge Spicy Crab,Dining,1,1,0.32146864756941795,3,0,VN,,,,,,,,
26.0,Aqua City,Entertainment,2,2,0.8924366533756256,2,0,PH,296.0,Hong Kong Disneyland,296.0,Hong Kong Disneyland,296.0,Hong Kong Disneyland,,
63.0,Bonham Strand,Cityscape,2,2,0.43187826313078403,2,0,TH,,,946.0,Victoria Peak,101.0,Central,,
72.0,Bute St,Cityscape,2,2,0.7587169110774994,2,0,AU,436.0,Ladies' Market,733.0,Sky 100,296.0,Hong Kong Disneyland,,
91.0,Carnarvon Plaza,Shopping,2,2,0.6932986080646515,2,0,NL,268.0,Hanoi Rd,,,145.0,Chungking Mansions,,
114.0,Chai Wan Rd,Cityscape,2,2,0.3192140609025955,2,0,ID,708.0,Shau Kei Wan,708.0,Shau Kei Wan,301.0,Hong Kong Island,,
127.0,Cheung Lai St,Cityscape,2,2,0.4617399573326111,2,0,CA,437.0,Lady BoBo,437.0,Lady BoBo,437.0,Lady BoBo,,
141.0,Chuen Kee Seafood Restaurant,Dining,2,2,0.5392125733196735,2,0,GB,678.0,Sai Kung District,444.0,Lamma Island,678.0,Sai Kung District,,
162.0,D'Aguilar St,Cityscape,2,2,0.23659469559788704,2,0,TH,291.0,Hollywood Rd,663.0,Repulse Bay,291.0,Hollywood Rd,,
201.0,Elegant Tang Dynasty,Shopping,2,2,0.8592223227024078,2,0,PH,145.0,Chungking Mansions,836.0,The Alley,17.0,Adventureland,,
217.0,Fleming Rd,Cityscape,2,2,0.7119356691837311,2,0,JP,847.0,The Fleming,964.0,Wan Chai,847.0,The Fleming,,
277.0,Harbour Plaza Resort City,Hotel,2,2,0.08190679177641869,2,0,AU,146.0,Citygate Outlets,296.0,Hong Kong Disneyland,146.0,Citygate Outlets,,
318.0,Hong Kong Tennis Centre,Sport,2,2,0.7731375694274902,2,0,SG,300.0,Hong Kong International Airport,300.0,Hong Kong International Airport,300.0,Hong Kong International Airport,,
337.0,Hung Kee Seafood Restaurant,Dining,2,2,0.5955183953046799,2,0,ID,833.0,Temple St,296.0,Hong Kong Disneyland,286.0,Hing Kee Restaurant,,
367.0,Kai Kee Noodle Restaurant,Dining,2,2,0.8853633105754852,2,0,TH,300.0,Hong Kong International Airport,363.0,K11 ARTMALL,296.0,Hong Kong Disneyland,,
395.0,King of Coconut,Dining,2,2,0.9538564085960388,2,0,ID,214.0,Fat Boy Shop,101.0,Central,214.0,Fat Boy Shop,,
470.0,Living PLAZA,Shopping,2,2,0.706133633852005,2,0,TH,314.0,Hong Kong Seamen's Union,944.0,Victoria Harbour,293.0,Hong Kong Convention and Exhibition Centre,,
476.0,Long Ping Station,Transit,2,2,0.16485770232975483,2,0,GB,404.0,Kowloon,300.0,Hong Kong International Airport,300.0,Hong Kong International Airport,,
518.0,Meanwhile Coffee,Dining,2,2,0.6637728661298752,2,0,PH,,,,,,,,
519.0,Megan's Kitchen,Dining,2,2,0.8303461372852325,2,0,US,,,,,,,,
561.0,N Lantau Hwy,Cityscape,2,2,0.3752153217792511,2,0,PH,300.0,Hong Kong International Airport,910.0,Tsim Sha Tsui Promenade,146.0,Citygate Outlets,,
564.0,Nam Wan Tunnel,Cityscape,2,2,0.639788031578064,2,0,ID,300.0,Hong Kong International Airport,579.0,Ngong Ping,300.0,Hong Kong International Airport,,
582.0,Ngong Ping Nature Centre,Cityscape,2,2,0.511940211057663,2,0,KH,300.0,Hong Kong International Airport,451.0,Lantau Island,296.0,Hong Kong Disneyland,,
585.0,Nina Mall,Shopping,2,2,0.4792316183447838,2,0,TH,,,123.0,Cheung Hing Kee Shanghai Pan Fried Buns,123.0,Cheung Hing Kee Shanghai Pan Fried Buns,,
587.0,Noah's Ark Hotel and Resort,Hotel,2,2,0.71520034968853,2,0,PH,419.0,Kwai Fong,296.0,Hong Kong Disneyland,296.0,Hong Kong Disneyland,,
596.0,Ocean Express Waterfront Station,Entertainment,2,2,0.9328682720661163,2,0,PH,296.0,Hong Kong Disneyland,296.0,Hong Kong Disneyland,296.0,Hong Kong Disneyland,,
611.0,Pa Shih,Dining,2,2,0.8534283638000488,2,0,SG,382.0,Kau Kee,366.0,Kai Kai Dessert,46.0,Bakehouse (Wan Chai),,
666.0,Robinson Rd,Cityscape,2,2,0.37236784724518657,2,0,AU,936.0,Two MacDonnell Road,873.0,The Peak Tram,296.0,Hong Kong Disneyland,,
676.0,STAY MK,Hotel,2,2,0.2757505513727665,2,0,PH,580.0,Ngong Ping 360,295.0,Hong Kong Cultural Centre,295.0,Hong Kong Cultural Centre,,
689.0,Samsen,Dining,2,2,0.7460103929042816,2,0,CA,673.0,SHARI SHARI Kakigori House,953.0,Vission Bakery,255.0,HAIKA Coffee,,
707.0,Shatin Plaza,Shopping,2,2,0.4738009930588305,2,0,GB,567.0,Nathan Rd,567.0,Nathan Rd,300.0,Hong Kong International Airport,,
719.0,Sheraton Hong Kong Tung Chung Hotel,Hotel,2,2,0.7454121112823486,2,0,PH,293.0,Hong Kong Convention and Exhibition Centre,271.0,Harbour City,300.0,Hong Kong International Airport,,
771.0,Sum Hung Cuisine,Dining,2,2,0.4681747565045953,2,0,PH,426.0,Kwun Tong,540.0,Mong Kok,426.0,Kwun Tong,,
782.0,Sunbeam Whampoa,Cultural,2,2,0.1346750445663929,2,0,GB,588.0,North Point,101.0,Central,101.0,Central,,
794.0,Tai Chi Garden,Cityscape,2,2,0.644465908408165,2,0,PH,310.0,Hong Kong Park,629.0,Po Lin Monastery,310.0,Hong Kong Park,,
819.0,Tai Tam Mound Waterfall,Natural,2,2,0.9309831857681274,2,0,MX,,,803.0,Tai Mo Shan,767.0,Stone Nullah Ln,,
823.0,Tai Wo St,Cityscape,2,2,0.5831105560064316,2,0,CA,946.0,Victoria Peak,907.0,Tsim Sha Tsui,263.0,Halfway Coffee,,
827.0,Tai Yuen St,Cityscape,2,2,0.2849278002977371,2,0,GB,357.0,Johnston Rd,968.0,Wan Chai Station,357.0,Johnston Rd,,
853.0,The Helena May,Cultural,2,2,0.33069435879588127,2,0,PH,300.0,Hong Kong International Airport,494.0,Madame Tussauds,300.0,Hong Kong International Airport,,
855.0,The Hong Kong Country Club,Entertainment,2,2,0.3886975459754467,2,0,PH,446.0,Lan Fong Yuen,444.0,Lamma Island,296.0,Hong Kong Disneyland,,
867.0,The Old Man,Dining,2,2,0.5998926907777786,2,0,SK,76.0,COA,,,46.0,Bakehouse (Wan Chai),,
896.0,Tommy Yummy,Dining,2,2,0.6543855965137482,2,0,AU,,,973.0,Wellington St,973.0,Wellington St,,
934.0,Tung Wan Beach,Natural,2,2,0.8935890793800354,2,0,ID,119.0,Cheung Chau,451.0,Lantau Island,307.0,Hong Kong Observation Wheel,,
941.0,Urban Pack Hostel,Hotel,2,2,0.6853797435760498,2,0,TH,907.0,Tsim Sha Tsui,567.0,Nathan Rd,117.0,Check Inn HK,,
942.0,Valley Centre,Cityscape,2,2,0.4024975970387459,2,0,TH,,,101.0,Central,101.0,Central,,
957.0,Wah Lok Café,Dining,2,2,0.8685256540775299,2,0,ID,263.0,Halfway Coffee,400.0,Knockbox Coffee Company,11.0,ARTISTA PERFETTO,,
974.0,Wesleyan House,Religious,2,2,0.12175048515200615,2,0,PH,850.0,The Grand Buffet,451.0,Lantau Island,451.0,Lantau Island,,
982.0,Wharf T & T Centre,Shopping,2,2,0.7752133309841156,2,0,PH,1042.0,iSQUARE,874.0,The Peninsula,874.0,The Peninsula,,
988.0,Wisdom Path,Outdoor,2,2,0.5517689436674118,2,0,PH,451.0,Lantau Island,803.0,Tai Mo Shan,451.0,Lantau Island,,
1002.0,World of Color Restaurant,Dining,2,2,0.8836879134178162,2,0,CN,296.0,Hong Kong Disneyland,296.0,Hong Kong Disneyland,296.0,Hong Kong Disneyland,,
1015.0,Yau Ma Tei Police Station,Cultural,2,2,0.057737170020118356,2,0,MY,296.0,Hong Kong Disneyland,,,296.0,Hong Kong Disneyland,,
1023.0,Yifang Taiwan Fruit Tea,Dining,2,2,0.8290635645389557,2,0,TW,339.0,Hyatt Centric,,,339.0,Hyatt Centric,,
1043.0,iclub Wan Chai Hotel,Hotel,2,2,0.700272262096405,2,0,TH,300.0,Hong Kong International Airport,,,300.0,Hong Kong International Airport,,
1045.0,堅強貿易行,Dining,2,2,0.8718897998332977,2,0,CA,263.0,Halfway Coffee,202.0,Elephant Grounds,202.0,Elephant Grounds,,
1049.0,灣仔順記,Dining,2,2,0.6235681772232056,2,0,ID,964.0,Wan Chai,998.0,Wood Rd,221.0,Fook Yuen,,
1052.0,香港魚蛋皇,Dining,2,2,0.8957317471504211,2,0,ID,278.0,Hashtag B,156.0,Craft Coffee Roaster,214.0,Fat Boy Shop,,
7.0,7-Eleven (Hong Kong Airport),Shopping,1,1,0.4471256248652935,2,0,PH,300.0,Hong Kong International Airport,907.0,Tsim Sha Tsui,300.0,Hong Kong International Airport,,
20.0,Amo·Ago,Dining,1,1,0.9702155590057373,2,0,GB,46.0,Bakehouse (Wan Chai),,,46.0,Bakehouse (Wan Chai),,
27.0,Arena Kitchen,Dining,1,1,0.9564253687858582,2,0,PH,309.0,Hong Kong Palace Museum,287.0,Ho Hung Kee,287.0,Ho Hung Kee,,
84.0,Camlux Hotel,Hotel,1,1,0.30022988095879555,2,0,ID,540.0,Mong Kok,296.0,Hong Kong Disneyland,36.0,Australia Dairy Company,,
85.0,Camp Four Bouldering Gym,Sport,1,1,0.5696282684803009,2,0,US,402.0,Koon Wah Building,,,402.0,Koon Wah Building,,
110.0,Cha Don,Dining,1,1,0.7888133823871613,2,0,SG,,,,,,,,
152.0,Coffee & Laundry,Dining,1,1,0.5833645761013031,2,0,US,263.0,Halfway Coffee,360.0,Joy Hing Roasted Meat,263.0,Halfway Coffee,,
153.0,Color Space,Shopping,1,2,0.8497865200042725,2,0,TW,540.0,Mong Kok,540.0,Mong Kok,96.0,Causeway Bay,,
187.0,Dragon State Kitchen Restaurant,Dining,1,1,0.8401764333248138,2,0,TW,300.0,Hong Kong International Airport,46.0,Bakehouse (Wan Chai),46.0,Bakehouse (Wan Chai),,
193.0,Dynasty,Dining,1,1,0.9391466975212097,2,0,SG,761.0,Star Ferry Pier,873.0,The Peak Tram,37.0,Avenue Of Stars,,
196.0,EPARK COFFEE,Dining,1,1,0.6012561321258545,2,0,PH,300.0,Hong Kong International Airport,985.0,Wing Hap Lung Restaurant,300.0,Hong Kong International Airport,,
200.0,Electric Rd,Cityscape,1,1,0.9281716048717499,2,0,ID,65.0,Braemar Hill,887.0,Tin Hau,65.0,Braemar Hill,,
233.0,Fuk Wing St,Cityscape,1,1,0.7906416654586792,2,0,JP,700.0,Sham Shui Po,920.0,Tsui Wan,225.0,Fortress Hill,,
255.0,HAIKA Coffee,Dining,1,1,0.8536667823791504,2,0,CA,,,673.0,SHARI SHARI Kakigori House,673.0,SHARI SHARI Kakigori House,,
257.0,HKUGA Primary School,School,1,1,0.16826756484806538,2,0,PH,537.0,Model Boat Pool,113.0,Chai Wan Park,112.0,Chai Wan,,
269.0,Hao Tang Hao Mian,Dining,1,1,0.9259171187877655,2,0,SG,690.0,Sang Roastery,,,189.0,Dragon's Back,,
282.0,Hazukido,Dining,1,1,0.9345147609710693,2,0,CA,,,,,,,,
352.0,JPS Gallery,Cultural,1,1,0.5195800699293613,2,0,TW,,,,,,,,
369.0,Kai Tak Cruise Terminal Park,Cityscape,1,1,0.7738548517227173,2,0,PH,137.0,Choi Hung Estate,944.0,Victoria Harbour,137.0,Choi Hung Estate,,
371.0,Kam Fung Restaurant,Dining,1,1,0.7192531824111938,2,0,SG,847.0,The Fleming,964.0,Wan Chai,37.0,Avenue Of Stars,,
375.0,Kam Wah Cake Shop,Dining,1,1,0.7580707371234894,2,0,US,,,,,,,,
401.0,Kokoro Tokyo Mazesoba,Dining,1,1,0.9188415706157684,2,0,PH,,,309.0,Hong Kong Palace Museum,27.0,Arena Kitchen,,
402.0,Koon Wah Building,Cityscape,1,1,0.020917855203151703,2,0,US,,,85.0,Camp Four Bouldering Gym,85.0,Camp Four Bouldering Gym,,
417.0,Kung Lee Sugar Cane Drink,Dining,1,1,0.7796569466590881,2,0,SG,506.0,Man Mo Temple,1010.0,Yat Lok Restaurant,101.0,Central,,
453.0,Lau Hing Kee,Dining,1,1,0.8957551121711731,2,0,US,,,,,,,,
456.0,Law Mark Kee,Dining,1,1,0.9400833547115326,2,0,TW,,,,,,,,
488.0,MCL Cinema,Cultural,1,1,0.44396808184683323,2,0,ID,,,,,,,,
491.0,MTR e-Store,Shopping,1,1,0.71763114631176,2,0,TH,,,,,,,,
496.0,Mai Hei,Dining,1,1,0.9447367787361145,2,0,US,,,,,,,,
521.0,Metro Winner Hotel,Hotel,1,1,0.4883504584431648,2,0,ID,,,1013.0,Yau Ma Tei,16.0,Admiralty Station,,
532.0,Ming Wah Bakery,Dining,1,1,0.8716468513011932,2,0,US,1009.0,Yan Ching St,,,540.0,Mong Kok,,
574.0,New Punjab Club,Dining,1,1,0.5099795311689377,2,0,US,,,,,,,,
578.0,New World Town Hall,Cityscape,1,1,0.23004799894988537,2,0,ID,438.0,Lai Chi Kok,,,438.0,Lai Chi Kok,,
592.0,Not Just Coffee,Dining,1,1,0.9454370141029358,2,0,CA,,,563.0,NOC,563.0,NOC,,
601.0,Ohlalagout,Dining,1,2,0.9242615103721619,2,0,TW,46.0,Bakehouse (Wan Chai),101.0,Central,44.0,Bakehouse (Causeway Bay),,
674.0,SHOWA Causeway Bay,Shopping,1,1,0.8364377617835999,2,0,TW,96.0,Causeway Bay,380.0,Kapok,96.0,Causeway Bay,,
685.0,Saisho Daigo,Dining,1,1,0.4463617764413357,2,0,CA,,,833.0,Temple St,833.0,Temple St,,
686.0,Saizeriya Ristorante e Caffé,Dining,1,1,0.7988115847110748,2,0,PH,,,,,,,,
688.0,Sampan Seafood Restaurant,Dining,1,1,0.7793033123016357,2,0,US,444.0,Lamma Island,1040.0,Yung Shue Wan Main St,444.0,Lamma Island,,
692.0,Sense Coffee,Dining,1,1,0.19390197098255157,2,0,AU,,,446.0,Lan Fong Yuen,37.0,Avenue Of Stars,,
701.0,Sham Shui Po Gadget Outlet,Shopping,1,1,0.4358745962381363,2,0,JP,225.0,Fortress Hill,700.0,Sham Shui Po,225.0,Fortress Hill,,
709.0,Shau Kei Wan Market,Shopping,1,1,0.27231375873088837,2,0,ID,,,,,,,,
712.0,Shek Kee Wonton Noodles,Dining,1,1,0.7910165786743164,2,0,JP,46.0,Bakehouse (Wan Chai),,,46.0,Bakehouse (Wan Chai),,
726.0,Shun Tak Centre,Cityscape,1,2,0.46757036820054054,2,0,PH,721.0,Sheung Wan,721.0,Sheung Wan,721.0,Sheung Wan,,
741.0,Soft Thunder Bakery,Dining,1,1,0.9586676955223083,2,0,TW,,,377.0,Kam's Roast Goose,36.0,Australia Dairy Company,,
748.0,St Francis Rd,Cityscape,1,2,0.8823000192642212,2,0,PH,60.0,Blue Bottle Coffee,60.0,Blue Bottle Coffee,60.0,Blue Bottle Coffee,,
756.0,Stanley Murray House,Cultural,1,1,0.8656034171581268,2,0,ID,759.0,Stanley Village Rd,757.0,Stanley Plaza,14.0,Aberdeen/Stanley,,
757.0,Stanley Plaza,Shopping,1,2,0.6783599704504013,2,0,ID,14.0,Aberdeen/Stanley,598.0,Ocean Park,14.0,Aberdeen/Stanley,,
778.0,Sun St,Cityscape,1,1,0.6246323883533478,2,0,ID,202.0,Elephant Grounds,839.0,The Baker & The Bottleman,202.0,Elephant Grounds,,
787.0,Sushiyoshi,Dining,1,1,0.6989170610904694,2,0,US,1037.0,Yung Kee Restaurant,678.0,Sai Kung District,678.0,Sai Kung District,,
807.0,Tai O Lookout,Dining,1,1,0.8862485587596893,2,0,US,804.0,Tai O,629.0,Po Lin Monastery,451.0,Lantau Island,,
816.0,Tai Po Hui,Shopping,1,1,0.7947366833686829,2,0,GB,716.0,Shek Tong Tsui Market and Cooked Food Centre,,,716.0,Shek Tong Tsui Market and Cooked Food Centre,,
875.0,The Pontiac,Dining,1,1,0.8669513761997223,2,0,PH,800.0,Tai Kwun,106.0,Central Station,46.0,Bakehouse (Wan Chai),,
895.0,Tokio Joe,Dining,1,1,0.6048417538404465,2,0,US,,,,,,,,
932.0,Tung Sing House,Cityscape,1,2,0.8501041233539581,2,0,US,96.0,Causeway Bay,96.0,Causeway Bay,96.0,Causeway Bay,,
970.0,Wang Fat Roasted Goose Restaurant,Dining,1,1,0.8765818178653717,2,0,CA,263.0,Halfway Coffee,,,46.0,Bakehouse (Wan Chai),,
978.0,West Kowloon Terminus,Transit,1,1,0.8681340217590332,2,0,PH,877.0,The Ritz-Carlton,293.0,Hong Kong Convention and Exhibition Centre,293.0,Hong Kong Convention and Exhibition Centre,,
984.0,Wing Fat Seafood Restaurant,Dining,1,1,0.6092033684253693,2,0,PH,833.0,Temple St,,,704.0,Shanghai St,,
1050.0,金苑粉麵,Dining,1,1,0.9271117448806763,2,0,MY,516.0,Maxim's Palace,,,46.0,Bakehouse (Wan Chai),,
2.0,1453 Ottoman Mediterranean,Dining,1,1,0.6682560443878174,1,0,ID,300.0,Hong Kong International Airport,,,300.0,Hong Kong International Airport,,
13.0,Aberdeen Fisherman's Wharf Pier 6,Shopping,1,1,0.8860641121864319,1,0,TW,,,12.0,Aberdeen,12.0,Aberdeen,,
14.0,Aberdeen/Stanley,Transit,1,1,0.5404577255249023,1,0,ID,753.0,Stanley,757.0,Stanley Plaza,598.0,Ocean Park,,
18.0,After You Dessert Café,Dining,1,1,0.9538959860801697,1,0,SG,432.0,LAB ZERÕ,339.0,Hyatt Centric,221.0,Fook Yuen,,
32.0,Artemis & Apollo,Dining,1,1,0.04269377514719963,1,0,SG,964.0,Wan Chai,304.0,Hong Kong Museum of Art,46.0,Bakehouse (Wan Chai),,
41.0,BRAZA Churrascaria,Dining,1,1,0.943099319934845,1,0,PH,,,,,,,,
69.0,British Consulate General,Cityscape,1,1,0.6726524233818054,1,0,GB,249.0,Grand Hyatt,96.0,Causeway Bay,46.0,Bakehouse (Wan Chai),,
78.0,Cafe Aficionado,Dining,1,1,0.8857892751693726,1,0,ID,118.0,Chek Lap Kok,,,118.0,Chek Lap Kok,,
82.0,Café Ocean,Dining,1,1,0.758253812789917,1,0,ID,598.0,Ocean Park,296.0,Hong Kong Disneyland,276.0,Harbour Plaza 8 Degrees,,
100.0,Celebrity Gifts,Shopping,1,1,0.8948518633842468,1,0,TW,838.0,The Archivist,296.0,Hong Kong Disneyland,180.0,Disney's Hollywood Hotel,,
105.0,Central Rd,Cityscape,1,1,0.4154449701309204,1,0,ID,296.0,Hong Kong Disneyland,478.0,Lucky Star Coffee Shop,296.0,Hong Kong Disneyland,,
117.0,Check Inn HK,Hotel,1,1,0.44706135988235474,1,0,TH,,,907.0,Tsim Sha Tsui,567.0,Nathan Rd,,
121.0,Cheung Chau Corner,Dining,1,1,0.8301212191581726,1,0,US,570.0,New Baccarat Seafood Restaurant,119.0,Cheung Chau,103.0,Central Ferry Pier,,
124.0,Cheung Hing Restaurant,Dining,1,1,0.8964354395866394,1,0,LA,,,296.0,Hong Kong Disneyland,296.0,Hong Kong Disneyland,,
132.0,China Visa Application Service Center,Cityscape,1,1,0.3144908547401428,1,0,FR,964.0,Wan Chai,270.0,Happy Valley Racecourse,270.0,Happy Valley Racecourse,,
133.0,Ching Ching Desserts,Dining,1,1,0.9335643649101257,1,0,CA,,,,,,,,
140.0,ChorLand Cookfood Stall,Dining,1,1,0.8613792061805725,1,0,ID,101.0,Central,,,37.0,Avenue Of Stars,,
148.0,Citywalk,Shopping,1,1,0.5174522399902344,1,0,US,472.0,Lo Wu,300.0,Hong Kong International Airport,300.0,Hong Kong International Airport,,
177.0,Dim Sum Library,Dining,1,1,0.904209554195404,1,0,GB,946.0,Victoria Peak,642.0,Quarry Bay,263.0,Halfway Coffee,,
181.0,Dolphin Explorations,Entertainment,1,1,0.35476452112197876,1,0,VN,598.0,Ocean Park,598.0,Ocean Park,598.0,Ocean Park,,
195.0,EAST Hong Kong,Hotel,1,1,0.7921044826507568,1,0,ID,,,,,,,,
212.0,Fantasyland Station,Transit,1,1,0.9608515501022339,1,0,AU,296.0,Hong Kong Disneyland,296.0,Hong Kong Disneyland,296.0,Hong Kong Disneyland,,
216.0,Flat Iron Steak,Dining,1,1,0.8580267429351807,1,0,ID,953.0,Vission Bakery,,,953.0,Vission Bakery,,
219.0,Fook Moon Lam Restaurant,Dining,1,1,0.8133897185325623,1,0,SG,804.0,Tai O,805.0,Tai O Bakery,451.0,Lantau Island,,
230.0,Fu Shan Viewing Point,Outdoor,1,1,0.8753600120544434,1,0,NZ,808.0,Tai O Market St,820.0,Tai Tam Reservoir,444.0,Lamma Island,,
234.0,GARDENEast,Hotel,1,1,0.42292430996894836,1,0,PH,459.0,Lee Tung Avenue,459.0,Lee Tung Avenue,300.0,Hong Kong International Airport,,
238.0,Gen Ji Street Restaurant,Dining,1,1,0.699740469455719,1,0,AU,,,602.0,Oi Man Sang,602.0,Oi Man Sang,,
248.0,Grand Fortune Mansion,Cityscape,1,1,0.3300800323486328,1,0,VN,446.0,Lan Fong Yuen,386.0,Kennedy Town,60.0,Blue Bottle Coffee,,
252.0,Gresson St,Cityscape,1,1,0.9416975378990173,1,0,CA,364.0,K11 MUSEA,364.0,K11 MUSEA,364.0,K11 MUSEA,,
262.0,Hak Dei,Shopping,1,1,0.4328775405883789,1,0,CA,700.0,Sham Shui Po,423.0,Kwan Kee Claypot Rice,423.0,Kwan Kee Claypot Rice,,
321.0,Hong Kong Visual Arts Centre,Cultural,1,1,0.13382279872894287,1,0,US,,,310.0,Hong Kong Park,30.0,ArtLane,,
326.0,Honolulu Coffee Shop,Dining,1,1,0.8464536666870117,1,0,CA,325.0,Honolulu Café,964.0,Wan Chai,325.0,Honolulu Café,,
341.0,Hyatt Regency (Sha Tin),Hotel,1,1,0.5736835598945618,1,0,TH,340.0,Hyatt Regency,340.0,Hyatt Regency,340.0,Hyatt Regency,,
349.0,Island Workbench,Shopping,1,1,0.8830636739730835,1,0,SG,119.0,Cheung Chau,559.0,Myarts,32.0,Artemis & Apollo,,
350.0,JC Contemporary,Cultural,1,1,0.25745636224746704,1,0,PH,800.0,Tai Kwun,,,800.0,Tai Kwun,,
365.0,Kaffeine,Dining,1,1,0.6786020398139954,1,0,TW,,,,,,,,
370.0,Kam Chung Commercial Building,Cityscape,1,1,0.12352389842271805,1,0,VN,358.0,Jordan,598.0,Ocean Park,101.0,Central,,
373.0,Kam Tin,area,1,1,0.6732994318008423,1,0,KR,,,,,,,,
379.0,Kamikaze Cave,Natural,1,1,0.7438300848007202,1,0,CA,444.0,Lamma Island,451.0,Lantau Island,444.0,Lamma Island,,
381.0,Kat Hing St,Cityscape,1,1,0.2991127669811249,1,0,ID,944.0,Victoria Harbour,808.0,Tai O Market St,101.0,Central,,
384.0,Keming Bing Sat,Dining,1,1,0.9783729910850525,1,0,TW,,,607.0,One Dim Sum,377.0,Kam's Roast Goose,,
388.0,Keung Kee Roasted Meat Restaurant,Dining,1,1,0.699740469455719,1,0,GB,,,389.0,Ki Lung St,389.0,Ki Lung St,,
393.0,King Sing St,Cityscape,1,1,0.8134298324584961,1,0,VN,,,804.0,Tai O,296.0,Hong Kong Disneyland,,
415.0,Kozi Island Café,Dining,1,1,0.8964099884033203,1,0,SG,559.0,Myarts,192.0,Duddell's,32.0,Artemis & Apollo,,
420.0,Kwai Heung St,Cityscape,1,1,0.019685791805386543,1,0,SG,423.0,Kwan Kee Claypot Rice,,,423.0,Kwan Kee Claypot Rice,,
421.0,Kwai Hing Station,Transit,1,1,0.7983487248420715,1,0,ID,419.0,Kwai Fong,,,296.0,Hong Kong Disneyland,,
445.0,Lamma Wind Power Station,Cityscape,1,1,0.39539557695388794,1,0,GB,,,,,,,,
450.0,Lantau Country Park,Natural,1,1,0.9002111554145813,1,0,TW,926.0,Tung Chung Bay,568.0,Nei Nak Shan,296.0,Hong Kong Disneyland,,
461.0,Les Halles,Shopping,1,1,0.49948209524154663,1,0,TH,696.0,Sha Tin Che Kung Temple,296.0,Hong Kong Disneyland,296.0,Hong Kong Disneyland,,
480.0,Luen Tai Building,Cityscape,1,1,0.0692734569311142,1,0,ID,1047.0,東豪肉食公司,,,1047.0,東豪肉食公司,,
507.0,Man Wah,Dining,1,1,0.9361438155174255,1,0,SG,1021.0,Yee Shun Milk Company,451.0,Lantau Island,278.0,Hashtag B,,
530.0,Min Jun Cart Noodles,Dining,1,1,0.9677818417549133,1,0,SG,288.0,Ho Lee Fook,538.0,Mon Kee Café,37.0,Avenue Of Stars,,
554.0,Mt. High West Viewing Point,Outdoor,1,1,0.4680843651294708,1,0,AU,946.0,Victoria Peak,1010.0,Yat Lok Restaurant,46.0,Bakehouse (Wan Chai),,
559.0,Myarts,Shopping,1,1,0.9050669074058533,1,0,SG,349.0,Island Workbench,415.0,Kozi Island Café,32.0,Artemis & Apollo,,
570.0,New Baccarat Seafood Restaurant,Dining,1,1,0.32739362120628357,1,0,US,119.0,Cheung Chau,121.0,Cheung Chau Corner,103.0,Central Ferry Pier,,
591.0,Northern Dumpling Yuan,Dining,1,1,0.8304211497306824,1,0,US,,,,,,,,
600.0,Ocean Theatre,Entertainment,1,1,0.8619176745414734,1,0,MY,598.0,Ocean Park,944.0,Victoria Harbour,37.0,Avenue Of Stars,,
613.0,Pai Tau Village,Cultural,1,1,0.0401482991874218,1,0,ES,835.0,Ten Thousand Buddhas Monastery,,,451.0,Lantau Island,,
616.0,Passione,Dining,1,1,0.9381253719329834,1,0,AU,,,733.0,Sky 100,296.0,Hong Kong Disneyland,,
630.0,Po Toi,Natural,1,1,0.008150441572070122,1,0,KR,,,444.0,Lamma Island,444.0,Lamma Island,,
632.0,Pok Fu Lam Reservoir Rd,Outdoor,1,1,0.6464784741401672,1,0,US,320.0,Hong Kong Trail,320.0,Hong Kong Trail,320.0,Hong Kong Trail,,
634.0,Potion House,Dining,1,1,0.802365243434906,1,0,PH,295.0,Hong Kong Cultural Centre,,,295.0,Hong Kong Cultural Centre,,
641.0,QRE Plaza,Shopping,1,1,0.021064911037683487,1,0,HK,329.0,Hopewell Centre,137.0,Choi Hung Estate,46.0,Bakehouse (Wan Chai),,
654.0,Ramen Iroha,Dining,1,1,0.9680206775665283,1,0,SG,,,,,,,,
680.0,Sai Kung Public Pier,Transit,1,1,0.8558210134506226,1,0,GB,679.0,Sai Kung New Public Pier,730.0,Sing Kee,678.0,Sai Kung District,,
682.0,Sai Wan,area,1,1,0.43884551525115967,1,0,SG,,,683.0,Sai Ying Pun,683.0,Sai Ying Pun,,
694.0,Sha Po New Village,Cultural,1,1,0.22801245748996735,1,0,SG,,,444.0,Lamma Island,444.0,Lamma Island,,
702.0,Sham Shui Po Government Primary School,School,1,1,0.023143427446484566,1,0,US,300.0,Hong Kong International Airport,,,300.0,Hong Kong International Airport,,
723.0,Shing Wong St,Cityscape,1,1,0.9037718772888184,1,0,KR,,,,,,,,
725.0,Shouson Hill,Outdoor,1,1,0.5004312992095947,1,0,AU,,,755.0,Stanley Market,175.0,Dim Dim Sum,,
734.0,Sky Bridge,Cityscape,1,1,0.7681103348731995,1,0,CA,300.0,Hong Kong International Airport,300.0,Hong Kong International Airport,300.0,Hong Kong International Airport,,
735.0,Sky City Interchange,Transit,1,1,0.8324352502822876,1,0,PH,300.0,Hong Kong International Airport,913.0,Tsing Ma Bridge,300.0,Hong Kong International Airport,,
744.0,Southorn Stadium,Sport,1,1,0.15579934418201447,1,0,US,101.0,Central,,,101.0,Central,,
746.0,Spirit Book Store,Shopping,1,1,0.672039806842804,1,0,US,998.0,Wood Rd,,,998.0,Wood Rd,,
750.0,St Margaret's Church,Religious,1,1,0.8583258986473083,1,0,TH,471.0,Lo Pan Temple,,,451.0,Lantau Island,,
762.0,Star Ferry's Water Tour,Transit,1,1,0.4227207899093628,1,0,PH,,,944.0,Victoria Harbour,37.0,Avenue Of Stars,,
763.0,Star St,Cityscape,1,1,0.1482778638601303,1,0,TW,964.0,Wan Chai,964.0,Wan Chai,46.0,Bakehouse (Wan Chai),,
764.0,Starbucks (Avenue of Stars),Dining,1,1,0.7120479345321655,1,0,PH,37.0,Avenue Of Stars,944.0,Victoria Harbour,37.0,Avenue Of Stars,,
780.0,Sun Wui Rd,Cityscape,1,1,0.12459167838096619,1,0,PH,913.0,Tsing Ma Bridge,296.0,Hong Kong Disneyland,101.0,Central,,
785.0,Sushi Masa,Dining,1,1,0.8947747349739075,1,0,GB,,,,,,,,
789.0,SìpSip Rooftop Shisha Bar,Dining,1,1,0.9154136180877686,1,0,PH,,,96.0,Causeway Bay,96.0,Causeway Bay,,
796.0,Tai Hang Rd,Dining,1,1,0.9425954222679138,1,0,TW,122.0,Cheung Hing Coffee Shop,123.0,Cheung Hing Kee Shanghai Pan Fried Buns,46.0,Bakehouse (Wan Chai),,
810.0,Tai O Rural Committee Square,Cultural,1,1,0.7444611191749573,1,0,ID,451.0,Lantau Island,804.0,Tai O,101.0,Central,,
813.0,Tai Pak Restaurant,Dining,1,1,0.7796815633773804,1,0,TH,101.0,Central,979.0,Western Market,101.0,Central,,
837.0,The Archive Shop,Shopping,1,1,0.9573389887809753,1,0,PH,296.0,Hong Kong Disneyland,296.0,Hong Kong Disneyland,296.0,Hong Kong Disneyland,,
858.0,The Ice Palace,Sport,1,1,0.9521489143371582,1,0,PH,147.0,Cityplaza,,,147.0,Cityplaza,,
864.0,The Monocle Shop,Shopping,1,1,0.9272710084915161,1,0,VN,60.0,Blue Bottle Coffee,1010.0,Yat Lok Restaurant,60.0,Blue Bottle Coffee,,
879.0,The Silveri,Hotel,1,1,0.824513852596283,1,0,QA,300.0,Hong Kong International Airport,96.0,Causeway Bay,96.0,Causeway Bay,,
883.0,The Westwood,Shopping,1,1,0.8195123076438904,1,0,GB,,,873.0,The Peak Tram,873.0,The Peak Tram,,
884.0,The one Lemon,Dining,1,1,0.9207477569580078,1,0,US,279.0,Hau Fook St,,,39.0,BAPE Café,,
889.0,Tin Hau Temple,Religious,1,1,0.7166457772254944,1,0,TH,,,995.0,Wong Tai Sin Temple,334.0,Hung Hom Kwun Yum Temple,,
891.0,TinTinPhoto,Shopping,1,1,0.9157887697219849,1,0,ID,757.0,Stanley Plaza,,,14.0,Aberdeen/Stanley,,
894.0,To Tei Wan,Natural,1,1,0.6045041680335999,1,0,GB,710.0,Shau Kei Wan Station,189.0,Dragon's Back,55.0,Big Wave Bay,,
908.0,Tsim Sha Tsui Fire Station,Cityscape,1,1,0.4971480667591095,1,0,PH,,,3.0,1881 Heritage,3.0,1881 Heritage,,
911.0,Tsim Sha Tsui Star Ferry Pier,Transit,1,1,0.4889160692691803,1,0,TW,,,944.0,Victoria Harbour,101.0,Central,,
920.0,Tsui Wan,area,1,1,0.5322985053062439,1,0,JP,233.0,Fuk Wing St,979.0,Western Market,225.0,Fortress Hill,,
924.0,Tung Choi St,Cityscape,1,1,0.8754250407218933,1,0,SG,540.0,Mong Kok,284.0,Hennessy Rd,62.0,Blue House,,
927.0,Tung Chung Development Pier,Transit,1,1,0.5154641270637512,1,0,TH,312.0,Hong Kong Science Museum,733.0,Sky 100,146.0,Citygate Outlets,,
936.0,Two MacDonnell Road,Hotel,1,1,0.4111999571323395,1,0,ID,647.0,Queensway,666.0,Robinson Rd,493.0,Macdonnell Rd,,
948.0,Victoria Peak's Lions Pavilion,Cityscape,1,1,0.9255144000053406,1,0,US,946.0,Victoria Peak,310.0,Hong Kong Park,33.0,AsiaWorld-Expo,,
950.0,Village Bakery,Dining,1,1,0.9232513308525085,1,0,SG,555.0,Mui Wo,,,219.0,Fook Moon Lam Restaurant,,
965.0,Wan Chai Computer Centre,Shopping,1,1,0.8480202555656433,1,0,IT,,,964.0,Wan Chai,907.0,Tsim Sha Tsui,,
969.0,Wanchai House,Cityscape,1,1,0.011365124024450779,1,0,TH,1051.0,阿四快餐,,,86.0,Canal Rd,,
983.0,Wharney Hotel,Hotel,1,1,0.770558774471283,1,0,AU,,,,,,,,
985.0,Wing Hap Lung Restaurant,Dining,1,1,0.9295729994773865,1,0,PH,196.0,EPARK COFFEE,635.0,Prince Edward,196.0,EPARK COFFEE,,
987.0,Wing Ning St,Cityscape,1,1,0.6465813517570496,1,0,ID,156.0,Craft Coffee Roaster,156.0,Craft Coffee Roaster,28.0,Argyle Centre,,
990.0,Wo Yick Mansion,Cityscape,1,1,0.9319785833358765,1,0,TW,804.0,Tai O,,,119.0,Cheung Chau,,
993.0,Wong Tai Sin Plaza,Shopping,1,1,0.0333513505756855,1,0,TH,994.0,Wong Tai Sin Station,696.0,Sha Tin Che Kung Temple,17.0,Adventureland,,
996.0,Wong Wing Kee,Dining,1,1,0.8500831723213196,1,0,JP,300.0,Hong Kong International Airport,,,300.0,Hong Kong International Airport,,
997.0,Woo Cheong Tea House,Dining,1,1,0.20735600590705872,1,0,PH,,,96.0,Causeway Bay,96.0,Causeway Bay,,
1009.0,Yan Ching St,Cityscape,1,1,0.009555989876389503,1,0,US,540.0,Mong Kok,532.0,Ming Wah Bakery,532.0,Ming Wah Bakery,,
1012.0,Yau Kom Tau Village,Cultural,1,1,0.9311041831970215,1,0,PH,,,917.0,Tsuen Wan Park,917.0,Tsuen Wan Park,,
1026.0,Yip Fung Building,Cityscape,1,1,0.36305171251296997,1,0,KR,451.0,Lantau Island,786.0,Sushi Raku,146.0,Citygate Outlets,,
1034.0,Yuen Long Theatre,Cultural,1,1,0.9527943134307861,1,0,CN,,,,,,,,
1040.0,Yung Shue Wan Main St,Cityscape,1,1,0.02223496325314045,1,0,US,688.0,Sampan Seafood Restaurant,1020.0,Yaumatei Tin Hau Temple,444.0,Lamma Island,,
1046.0,富華麵包餅店,Dining,1,1,0.26877638697624207,1,0,PH,540.0,Mong Kok,300.0,Hong Kong International Airport,46.0,Bakehouse (Wan Chai),,
1047.0,東豪肉食公司,Shopping,1,1,0.5022742748260498,1,0,ID,,,480.0,Luen Tai Building,480.0,Luen Tai Building,,
1048.0,永佳餅店,Dining,1,1,0.772200882434845,1,0,CN,296.0,Hong Kong Disneyland,,,296.0,Hong Kong Disneyland,,
