video_date,poi_cate,journey_n,stop_n,avg_stop_sentiment
2016-02-28,Entertainment,1,1,0.9598719477653503
2016-02-28,Natural,2,2,0.9059084206819534
2016-02-28,Religious,1,1,0.9205385446548462
2016-02-28,area,1,1,0.897092878818512
2019-09-25,Cityscape,1,1,0.9010170102119446
2019-09-25,Entertainment,1,1,0.9412645399570465
2019-10-11,Entertainment,1,1,0.9582765102386475
2020-01-11,Transit,1,1,0.06085970997810364
2020-05-04,Cityscape,1,2,0.634063646197319
2020-05-22,Natural,1,1,0.9229393601417542
2020-05-27,Hotel,1,1,0.6018480062484741
2020-06-05,Cityscape,1,1,0.9536846280097961
2020-06-05,Outdoor,1,3,0.794969896475474
2020-08-14,Cityscape,1,1,0.838832437992096
2020-08-14,Entertainment,1,1,0.9615330100059509
2021-01-24,Transit,1,1,0.05885057523846626
2021-04-16,Entertainment,1,1,0.9643622040748596
2021-05-03,Dining,1,1,0.7888133823871613
2021-05-26,Cityscape,1,1,0.815265953540802
2021-05-26,Shopping,1,1,0.9591919183731079
2021-08-09,Cityscape,1,1,0.9578969478607178
2021-08-09,Transit,1,1,0.5839655995368958
2021-08-17,Entertainment,1,1,0.9175731976826985
2021-09-26,Shopping,1,1,0.911026656627655
2021-10-16,Cityscape,1,1,0.889679491519928
2021-11-28,Natural,1,1,0.9440873861312866
2021-12-15,Outdoor,1,1,0.8460379838943481
2022-01-25,Cityscape,1,1,0.9211966395378113
2022-01-25,Outdoor,2,3,0.797418475151062
2022-01-25,area,1,1,0.645893394947052
2022-02-20,Cityscape,1,3,0.9342457254727682
2022-02-20,Cultural,1,1,0.9534489512443542
2022-02-20,area,1,1,0.8190696239471436
2022-03-25,Cityscape,1,1,0.8731443881988525
2022-03-25,Dining,1,1,0.9536241292953491
2022-03-25,Entertainment,1,1,0.945825845003128
2022-03-25,Natural,1,1,0.7946192622184753
2022-04-01,area,1,2,0.54328653216362
2022-04-07,Natural,1,1,0.8935832579930624
2022-06-01,Cityscape,1,1,0.7840301394462585
2022-06-15,Cityscape,1,1,0.2416478842496872
2022-06-15,Entertainment,1,1,0.9703637361526489
2022-06-15,Shopping,1,1,0.41578763723373413
2022-06-15,area,1,1,0.5827319622039795
2022-06-22,Cityscape,1,3,0.8283145825068156
2022-06-22,Natural,1,1,0.8848437964916229
2022-06-22,Religious,1,1,0.922289252281189
2022-06-22,Shopping,2,2,0.47544384468346834
2022-06-22,Transit,1,2,0.7853498756885529
2022-06-22,area,1,2,0.8863952904939651
2022-07-08,area,1,1,0.835559219121933
2022-07-09,Natural,1,1,0.9424581527709961
2022-07-10,Transit,1,1,0.49331989139318466
2022-07-11,Cityscape,1,1,0.4036131054162979
2022-07-11,Entertainment,1,1,0.7709338963031769
2022-07-11,area,1,1,0.7814728617668152
2022-07-22,Cultural,1,1,0.9663475751876831
2022-07-22,Natural,1,3,0.7433226268428067
2022-07-22,Outdoor,1,1,0.9319084882736206
2022-07-22,Religious,1,2,0.8270241618156433
2022-07-23,Dining,1,1,0.8859198689460754
2022-07-28,Shopping,1,1,0.32329532504081726
2022-08-06,Entertainment,1,1,0.9377347793844011
2022-08-17,Cultural,1,1,0.8422892689704895
2022-08-18,Cityscape,1,1,0.8049793839454651
2022-08-18,Transit,1,1,0.05044209957122803
2022-08-18,area,1,1,0.19304023124277592
2022-08-28,area,1,1,0.8336505889892578
2022-09-04,Cultural,1,1,0.9697846174240112
2022-09-04,Entertainment,1,7,0.9053832122257778
2022-09-18,area,1,2,0.8030843138694763
2022-09-19,Entertainment,1,1,0.893589973449707
2022-09-23,Hotel,1,1,0.04052504152059555
2022-10-13,Transit,1,1,0.39587515592575073
2022-10-16,Entertainment,1,1,0.8704781867563725
2022-10-16,Transit,1,1,0.09351488202810287
2022-11-02,Shopping,1,1,0.5461433591055018
2022-11-09,Cityscape,1,2,0.9234091341495514
2022-11-09,Natural,1,2,0.7803842052817345
2022-11-09,Religious,1,2,0.9316567033529282
2022-11-09,area,1,2,0.9217947572469711
2022-11-15,Cityscape,1,1,0.7150566577911377
2022-11-15,Shopping,1,1,0.7478065490722656
2022-11-22,Cityscape,1,1,0.8860666155815125
2022-11-22,Cultural,1,2,0.7535403072834015
2022-11-23,Transit,1,1,0.23868635296821594
2022-11-28,Cityscape,1,1,0.8593064546585083
2022-11-29,Cityscape,1,2,0.8584454357624054
2022-11-29,Natural,1,1,0.8933310508728027
2022-12-01,Shopping,1,1,0.9579617977142334
2022-12-04,Cityscape,1,1,0.20503030717372894
2022-12-04,Transit,1,1,0.4357408285140991
2022-12-09,Cityscape,1,1,0.5804373994469643
2022-12-13,Cityscape,1,6,0.8737159487273959
2022-12-13,Cultural,1,6,0.6715212613344193
2022-12-13,Hotel,1,1,0.9153211712837219
2022-12-13,Shopping,1,1,0.9412710070610046
2022-12-13,area,1,1,0.7635437250137329
2022-12-14,Cityscape,1,1,0.47508224844932556
2022-12-14,Dining,1,1,0.9400759339332581
2022-12-14,Entertainment,1,1,0.9130374640226364
2022-12-14,Natural,1,1,0.8844298124313354
2022-12-14,area,1,1,0.799068033695221
2022-12-21,Cityscape,1,1,0.29189643263816833
2022-12-26,Entertainment,1,1,0.9275886416435242
2022-12-30,Entertainment,1,4,0.5534493364393711
2022-12-30,Transit,1,5,0.3077805632352829
2023-01-04,Shopping,1,1,0.9467708766460419
2023-01-07,Shopping,1,1,0.7762835621833801
2023-01-13,Cityscape,1,1,0.9731951951980591
2023-01-13,Dining,2,2,0.4534257063642144
2023-01-13,Entertainment,1,1,0.9144293069839478
2023-01-13,area,1,1,0.7320435643196106
2023-01-14,Cityscape,1,1,0.5588696002960205
2023-01-14,Dining,1,1,0.7589049339294434
2023-01-14,Transit,1,1,0.4870396666228771
2023-01-15,Cultural,1,1,0.7824760675430298
2023-01-15,Entertainment,1,3,0.9429165025552114
2023-01-15,Religious,1,2,0.7196997903287411
2023-01-15,School,1,1,0.023143427446484566
2023-01-15,Transit,1,1,0.14203725506862006
2023-01-15,area,1,2,0.9725010991096497
2023-01-16,Shopping,1,1,0.05835013464093208
2023-01-17,Cityscape,1,1,0.9215345978736877
2023-01-17,Entertainment,1,1,0.8558417161305746
2023-01-17,Shopping,1,1,0.9154460072517395
2023-01-17,Transit,1,2,0.3569841608405113
2023-01-18,Cityscape,1,1,0.9062240719795227
2023-01-18,Cultural,1,1,0.9452422261238098
2023-01-18,Entertainment,1,1,0.40729112178087234
2023-01-18,Outdoor,1,3,0.8371601767010158
2023-01-18,Shopping,1,2,0.6471069902181625
2023-01-18,Transit,1,2,0.1648167222738266
2023-01-18,area,1,1,0.7082167739669482
2023-01-20,Cityscape,1,1,0.9074291586875916
2023-01-20,Transit,2,2,0.7374385893344879
2023-01-22,Cultural,1,1,0.6908779740333557
2023-01-22,Dining,1,1,0.0439511314034462
2023-01-22,Religious,1,1,0.12144024670124054
2023-01-23,area,1,1,0.7232078313827515
2023-01-26,Transit,1,1,0.5288511365652084
2023-01-28,Entertainment,1,3,0.7952156920736241
2023-01-28,Hotel,1,1,0.9162896573543549
2023-01-28,Transit,1,1,0.8511746525764465
2023-01-28,area,1,1,0.058091163635253906
2023-01-29,Entertainment,1,1,0.9419023791948954
2023-01-31,Transit,1,1,0.023292403668165207
2023-01-31,area,1,1,0.9229393601417542
2023-02-01,Cityscape,1,2,0.7584661692380905
2023-02-02,Dining,1,1,0.8121916651725769
2023-02-03,Dining,1,1,0.03221463784575462
2023-02-05,Cityscape,1,1,0.9323285222053528
2023-02-06,Cityscape,1,1,0.6684854626655579
2023-02-06,Transit,1,1,0.917860597372055
2023-02-06,area,2,2,0.616875799993674
2023-02-07,Dining,1,1,0.7580707371234894
2023-02-07,Entertainment,2,2,0.9479532092809677
2023-02-07,area,1,1,0.47091612219810486
2023-02-09,Cityscape,1,1,0.8531130403280258
2023-02-11,Dining,1,1,0.8962568044662476
2023-02-11,Natural,1,1,0.7449066605832841
2023-02-11,Shopping,1,1,0.9732853174209595
2023-02-11,Transit,1,1,0.18080548722563045
2023-02-11,area,1,1,0.9744818210601807
2023-02-12,Dining,1,1,0.5511554479598999
2023-02-13,Entertainment,2,14,0.8358913446255388
2023-02-13,Natural,1,1,0.1501268744468689
2023-02-13,School,1,1,0.5567639470100403
2023-02-13,Transit,1,1,0.015952594578266144
2023-02-13,area,1,1,0.1855909824371338
2023-02-14,Cityscape,2,2,0.8508358299732208
2023-02-14,Dining,1,1,0.8549284934997559
2023-02-14,Hotel,2,2,0.4897869825363159
2023-02-14,Transit,1,1,0.2404411039315164
2023-02-15,Cityscape,1,2,0.6626924599210421
2023-02-15,Cultural,1,1,0.9115358591079712
2023-02-15,Transit,1,1,0.9029662211736044
2023-02-16,Entertainment,1,1,0.6878539721171061
2023-02-16,area,1,1,0.567171573638916
2023-02-17,Transit,1,1,0.5627053815871477
2023-02-19,Cityscape,1,4,0.7004801854491234
2023-02-19,Shopping,1,1,0.2347366362810135
2023-02-19,Transit,1,1,0.22154313325881958
2023-02-20,Transit,1,1,0.36252912878990173
2023-02-21,Dining,1,1,0.7097209493319193
2023-02-21,Entertainment,2,2,0.7895251909891765
2023-02-21,Natural,1,1,0.763170599937439
2023-02-22,Cityscape,1,3,0.7847034434477488
2023-02-22,area,1,1,0.8776265382766724
2023-02-23,Cultural,1,2,0.9058563113212585
2023-02-23,Dining,1,1,0.8947747349739075
2023-02-23,Entertainment,1,3,0.7538242662946383
2023-02-23,Religious,1,1,0.9381142258644104
2023-02-23,Transit,1,1,0.5046584010124207
2023-02-23,area,1,4,0.5791486639529466
2023-02-24,Cityscape,2,2,0.7293890714645386
2023-02-24,Dining,1,1,0.5531536340713501
2023-02-24,Natural,1,1,0.913967490196228
2023-02-24,Outdoor,1,1,0.8492903411388397
2023-02-24,Transit,1,1,0.5607753992080688
2023-02-25,Cityscape,4,5,0.6120459616184235
2023-02-25,Dining,2,2,0.7063814634457231
2023-02-25,Entertainment,1,1,0.905106802781423
2023-02-25,Hotel,1,1,0.09566770493984222
2023-02-25,Shopping,2,2,0.13944349810481071
2023-02-25,Transit,2,5,0.4622172031232289
2023-02-25,area,3,5,0.6680103451013565
2023-02-26,Cityscape,3,10,0.6528641283512115
2023-02-26,Cultural,1,1,0.7676181793212891
2023-02-26,Dining,1,1,0.8851762413978577
2023-02-26,Entertainment,2,3,0.4914655908305421
2023-02-26,Hotel,1,1,0.9526406526565552
2023-02-26,Shopping,2,3,0.5332070688406626
2023-02-26,Transit,1,1,0.49145383238792417
2023-02-26,area,3,3,0.17605310285256967
2023-02-27,Cityscape,3,4,0.653852965682745
2023-02-27,Dining,3,3,0.7735461393992106
2023-02-27,Entertainment,1,2,0.7451354488730431
2023-02-27,Natural,1,1,0.9313119351863861
2023-02-27,Religious,1,1,0.9279831647872925
2023-02-27,Shopping,2,2,0.8728373348712921
2023-02-27,Transit,1,1,0.22269438207149506
2023-02-27,area,3,7,0.6507939377001354
2023-02-28,Cityscape,2,3,0.7063683867454529
2023-02-28,Dining,2,2,0.6632358580827713
2023-02-28,Entertainment,2,2,0.9157434552907944
2023-02-28,Transit,1,2,0.23941472337129666
2023-03-01,Cultural,1,1,0.890951931476593
2023-03-01,Shopping,1,1,0.9496557116508484
2023-03-01,Transit,2,2,0.8706658780574799
2023-03-01,area,1,1,0.012720176950097084
2023-03-02,Cultural,1,1,0.8609627485275269
2023-03-03,Cityscape,1,1,0.9574412405490875
2023-03-03,Dining,1,2,0.793162152171135
2023-03-03,Shopping,1,1,0.8406098484992981
2023-03-03,area,2,3,0.6596357723077139
2023-03-04,Cityscape,1,1,0.4342077076435089
2023-03-04,Entertainment,2,2,0.7905001044273376
2023-03-04,Natural,1,2,0.828058530886968
2023-03-05,Cityscape,1,1,0.9009285569190979
2023-03-05,Cultural,1,1,0.9314579963684082
2023-03-05,Entertainment,1,2,0.949870690703392
2023-03-05,Outdoor,1,1,0.03654961660504341
2023-03-05,Religious,1,2,0.5611250102519989
2023-03-05,Shopping,1,1,0.01162815187126398
2023-03-05,Transit,1,1,0.10901332646608353
2023-03-06,Cityscape,2,2,0.8477355390787125
2023-03-06,Entertainment,1,1,0.9686400353908539
2023-03-06,Hotel,1,1,0.9754030704498291
2023-03-07,Cityscape,3,3,0.8163465857505798
2023-03-07,Cultural,1,1,0.15490135550498962
2023-03-07,Dining,1,2,0.5972521118819714
2023-03-07,Entertainment,1,1,0.8927779793739319
2023-03-07,Natural,1,4,0.879527340332667
2023-03-07,Religious,2,3,0.8096168835957845
2023-03-07,Shopping,1,1,0.8515551686286926
2023-03-07,Transit,1,1,0.7737151980400085
2023-03-07,area,2,4,0.6264201030135155
2023-03-08,Hotel,1,1,0.9331429600715637
2023-03-08,area,1,1,0.05283178761601448
2023-03-09,Cityscape,4,5,0.6574849881231785
2023-03-09,Entertainment,1,3,0.1832374291760581
2023-03-09,Hotel,1,1,0.48198718950152397
2023-03-09,Natural,2,2,0.9349177181720734
2023-03-09,Shopping,1,1,0.9073856472969055
2023-03-09,Transit,3,6,0.2814313843070219
2023-03-09,area,2,3,0.6704487154881159
2023-03-10,Entertainment,2,2,0.9036501348018646
2023-03-10,Natural,1,1,0.6092692414919535
2023-03-10,Shopping,1,1,0.41578763723373413
2023-03-10,Transit,2,2,0.8291663825511932
2023-03-10,area,2,2,0.3636036366224289
2023-03-11,Cityscape,5,7,0.6591888747044973
2023-03-11,Cultural,2,2,0.08786956407129765
2023-03-11,Dining,2,2,0.8810638785362244
2023-03-11,Entertainment,2,3,0.7439000482360522
2023-03-11,Hotel,1,1,0.8704908490180969
2023-03-11,Natural,3,6,0.8529900709788004
2023-03-11,Outdoor,1,1,0.7844825387001038
2023-03-11,Religious,2,2,0.8839767426252365
2023-03-11,Transit,1,1,0.25588008264700574
2023-03-11,area,3,4,0.6293856129050255
2023-03-12,Cityscape,2,4,0.8124434947967529
2023-03-12,Entertainment,1,1,0.9656482934951782
2023-03-12,Natural,1,2,0.8752814829349518
2023-03-12,Religious,1,3,0.5694231713811556
2023-03-12,area,1,1,0.9306091070175171
2023-03-13,Cityscape,2,7,0.7988992198592141
2023-03-13,Cultural,1,1,0.018458575010299683
2023-03-13,Dining,1,1,0.8959562182426453
2023-03-13,Entertainment,3,22,0.7237522182366267
2023-03-13,Natural,1,1,0.5608499646186829
2023-03-13,Transit,2,3,0.6881100038687388
2023-03-13,area,1,4,0.8162982085098823
2023-03-14,Cityscape,2,2,0.8421585559844971
2023-03-14,Dining,2,2,0.8130639791488647
2023-03-14,Natural,1,1,0.6837418079376221
2023-03-14,Shopping,1,1,0.09630652517080307
2023-03-14,Transit,1,1,0.23509682507978547
2023-03-14,area,1,1,0.7696470618247986
2023-03-16,Entertainment,1,1,0.8905546532736884
2023-03-17,Natural,1,1,0.9372469782829285
2023-03-17,Shopping,1,1,0.7478065490722656
2023-03-17,area,1,1,0.056030821055173874
2023-03-18,Entertainment,1,1,0.9137507677078247
2023-03-19,Sport,1,1,0.15579934418201447
2023-03-19,area,1,1,0.8229968547821045
2023-03-20,Dining,1,1,0.3068622052669525
2023-03-20,area,1,1,0.06826896220445633
2023-03-21,Cityscape,1,1,0.7999833822250366
2023-03-21,Cultural,1,1,0.7016057769457499
2023-03-21,Entertainment,3,3,0.9116499287386736
2023-03-21,Hotel,2,5,0.868644517660141
2023-03-21,Transit,2,2,0.3235225608572364
2023-03-21,area,1,1,0.8206761479377747
2023-03-22,Dining,1,1,0.9216552674770355
2023-03-22,Entertainment,1,1,0.8673146367073059
2023-03-22,Hotel,1,1,0.9017641544342041
2023-03-22,Transit,1,1,0.9119220972061157
2023-03-22,area,1,2,0.8875278830528259
2023-03-23,Cityscape,1,1,0.9290729761123657
2023-03-23,Dining,1,2,0.8225582614541054
2023-03-24,Entertainment,1,1,0.9433610439300537
2023-03-24,Hotel,1,3,0.48931081344683963
2023-03-24,area,1,1,0.8766148686408997
2023-03-25,Cityscape,1,1,0.5694600343704224
2023-03-25,Transit,1,1,0.2972743809223175
2023-03-26,Cityscape,1,1,0.5530707240104675
2023-03-26,Entertainment,1,2,0.9251375330819024
2023-03-26,Natural,1,1,0.9277558922767639
2023-03-26,Religious,1,1,0.6877941489219666
2023-03-26,Transit,1,1,0.35886603593826294
2023-03-26,area,1,1,0.7804792523384094
2023-03-27,Cultural,2,2,0.5599175095558167
2023-03-27,Dining,2,4,0.6143596206481258
2023-03-27,Entertainment,1,2,0.9108744266960356
2023-03-27,Transit,2,2,0.5206401953473687
2023-03-28,Cityscape,1,1,0.9341526627540588
2023-03-28,Cultural,1,1,0.7415812015533447
2023-03-28,Dining,1,3,0.5674462964137396
2023-03-28,Transit,2,2,0.7218444775789976
2023-03-28,area,2,4,0.8712922632694244
2023-03-29,Transit,1,1,0.3536521904170513
2023-03-30,Cityscape,1,2,0.9109220504760742
2023-03-30,Cultural,1,1,0.7863884369532267
2023-03-30,Dining,1,1,0.8538298606872559
2023-03-30,Hotel,1,1,0.30079516768455505
2023-03-30,Transit,2,4,0.5762443672865629
2023-03-31,Cityscape,1,2,0.738091379404068
2023-03-31,Entertainment,2,2,0.9149040877819061
2023-03-31,Religious,1,3,0.7400219374232822
2023-03-31,area,1,1,0.9334914684295654
2023-04-01,Entertainment,2,2,0.9436105489730835
2023-04-01,Religious,1,1,0.7234774231910706
2023-04-01,Shopping,1,1,0.8733943104743958
2023-04-02,Cityscape,5,9,0.5971424903513657
2023-04-02,Cultural,5,7,0.5209640668971198
2023-04-02,Dining,6,15,0.7956007791890038
2023-04-02,Entertainment,1,1,0.9491110940774282
2023-04-02,Hotel,3,4,0.5273617152124643
2023-04-02,Natural,2,2,0.8792273104190826
2023-04-02,Religious,1,2,0.9201915860176086
2023-04-02,Shopping,2,4,0.7282484620809555
2023-04-02,Transit,3,3,0.7019981940587362
2023-04-02,area,4,6,0.6929584592580795
2023-04-03,Cityscape,1,1,0.2059587836265564
2023-04-03,Dining,1,1,0.8525553345680237
2023-04-03,area,1,1,0.2561109662055969
2023-04-04,Dining,1,2,0.9577500969171524
2023-04-04,Entertainment,1,2,0.7859278056238379
2023-04-04,Transit,2,2,0.8107336461544037
2023-04-04,area,1,1,0.22872188687324524
2023-04-05,Cityscape,1,2,0.43707253504544497
2023-04-05,Hotel,1,1,0.913550615310669
2023-04-05,Transit,1,1,0.3339408743195236
2023-04-06,Cityscape,1,1,0.8178940415382385
2023-04-06,Hotel,1,1,0.15514035522937775
2023-04-06,Natural,1,1,0.9424583911895752
2023-04-06,Transit,1,1,0.057036612182855606
2023-04-06,area,1,1,0.8214223384857178
2023-04-07,Hotel,1,1,0.9367702603340149
2023-04-07,area,1,1,0.07656895369291306
2023-04-08,Shopping,2,2,0.6028152704238892
2023-04-08,Transit,2,4,0.43092378973960876
2023-04-08,area,1,1,0.9334268569946289
2023-04-09,Cityscape,2,2,0.8653845191001892
2023-04-09,Entertainment,1,1,0.8874610662460327
2023-04-10,Cultural,3,6,0.7556805435982015
2023-04-10,Dining,2,3,0.7809378306070963
2023-04-10,Entertainment,5,7,0.9232274372741659
2023-04-10,Hotel,1,1,0.8070955872535706
2023-04-10,Natural,3,6,0.8694938868284225
2023-04-10,Religious,2,2,0.6937815696001053
2023-04-10,Shopping,2,2,0.3321513558427493
2023-04-10,Transit,2,3,0.32502443095048267
2023-04-10,area,3,3,0.6603812972704569
2023-04-11,Dining,1,2,0.7301273196935654
2023-04-11,Entertainment,1,2,0.7829657316207885
2023-04-11,Religious,1,1,0.6646667122840881
2023-04-11,Shopping,1,2,0.7782642804086208
2023-04-11,area,1,1,0.5103809833526611
2023-04-12,Cityscape,3,4,0.49894234957173467
2023-04-12,Entertainment,1,1,0.8967248201370239
2023-04-12,Hotel,1,1,0.9168247580528259
2023-04-12,Religious,2,2,0.7068139351904392
2023-04-12,Shopping,1,1,0.8402082622051239
2023-04-13,Cityscape,1,1,0.9051322340965271
2023-04-13,Entertainment,2,3,0.8400791817241244
2023-04-13,Transit,1,1,0.06121345981955528
2023-04-14,area,1,1,0.38589930534362793
2023-04-15,Hotel,1,1,0.7921044826507568
2023-04-16,Cityscape,1,1,0.32258614897727966
2023-04-16,Cultural,1,1,0.13650080561637878
2023-04-16,Natural,1,2,0.565539263188839
2023-04-16,Outdoor,1,1,0.8753600120544434
2023-04-16,Shopping,2,2,0.46403929591178894
2023-04-16,Transit,1,1,0.5131824612617493
2023-04-16,area,2,3,0.7353881200154623
2023-04-17,Cityscape,1,1,0.9272278547286987
2023-04-17,Entertainment,1,3,0.8410805149210824
2023-04-17,Shopping,1,1,0.8382447957992554
2023-04-19,Entertainment,3,3,0.8600473093800246
2023-04-19,Shopping,1,2,0.8706445793310802
2023-04-20,Cityscape,1,1,0.9207233190536499
2023-04-20,Dining,1,2,0.6659009605646133
2023-04-20,Entertainment,1,1,0.9682513356208802
2023-04-21,Cityscape,1,1,0.8845906853675842
2023-04-21,Cultural,1,1,0.8789284229278564
2023-04-21,Shopping,1,2,0.6854041814804077
2023-04-22,Cityscape,3,4,0.7101248167455196
2023-04-22,Cultural,1,1,0.8918600678443909
2023-04-22,Dining,2,2,0.24378862977027893
2023-04-22,Entertainment,1,6,0.7030864336098043
2023-04-22,Natural,1,1,0.8491566777229309
2023-04-22,Shopping,1,1,0.8454144597053528
2023-04-22,Transit,2,2,0.41925455816090107
2023-04-22,area,1,1,0.8574605584144592
2023-04-23,Cityscape,3,4,0.7356549104054769
2023-04-23,Entertainment,2,2,0.9269991099834443
2023-04-23,Hotel,1,1,0.1356848031282425
2023-04-23,Transit,1,1,0.10615379363298416
2023-04-23,area,3,3,0.6865261495113373
2023-04-24,Dining,1,2,0.6184567794203758
2023-04-25,Cityscape,1,1,0.8348017036914825
2023-04-26,Cultural,1,1,0.8818681240081787
2023-04-26,Entertainment,1,1,0.9543565511703491
2023-04-27,Dining,1,1,0.7937557101249695
2023-04-27,Entertainment,1,1,0.9649991989135742
2023-04-27,Natural,1,2,0.9546007215976715
2023-04-27,Outdoor,1,3,0.6671751936276754
2023-04-27,Transit,1,1,0.36473485579093295
2023-04-29,Cityscape,1,2,0.8709654211997986
2023-04-29,Entertainment,2,4,0.804222859442234
2023-04-29,Natural,2,3,0.9167747100194296
2023-04-29,Religious,1,1,0.8801959753036499
2023-04-29,Shopping,1,1,0.5779561996459961
2023-04-29,area,1,2,0.5725200027227402
2023-04-30,Cityscape,1,2,0.8582457005977631
2023-04-30,Dining,2,4,0.8619208772977194
2023-04-30,Entertainment,2,2,0.7010588317810158
2023-04-30,area,1,1,0.299684077501297
2023-05-01,Cityscape,1,1,0.952003538608551
2023-05-01,Dining,1,3,0.8185622493426005
2023-05-01,Entertainment,1,5,0.8636117508014044
2023-05-01,Hotel,1,1,0.312278953846544
2023-05-01,Natural,1,1,0.8599801063537598
2023-05-01,Outdoor,1,2,0.7520816624164581
2023-05-01,Shopping,1,1,0.9130301475524902
2023-05-01,Transit,2,2,0.08906328305602074
2023-05-01,area,1,4,0.7225061431527138
2023-05-02,Cityscape,1,2,0.8644032776355743
2023-05-02,Dining,1,2,0.681401714682579
2023-05-02,Entertainment,2,2,0.9341621994972229
2023-05-02,Natural,2,2,0.9055155813694
2023-05-02,Outdoor,1,2,0.7268809676170349
2023-05-02,Religious,1,1,0.32797330617904663
2023-05-02,Transit,3,3,0.5341794489381405
2023-05-03,Cityscape,3,4,0.6899679941125214
2023-05-03,Cultural,1,1,0.7559115886688232
2023-05-03,Dining,1,1,0.6544678211212158
2023-05-03,Entertainment,2,3,0.902213109864129
2023-05-03,Natural,1,1,0.008466786704957485
2023-05-03,Shopping,1,1,0.8553302884101868
2023-05-03,Transit,2,3,0.4167399437477191
2023-05-03,area,1,1,0.6698816865682602
2023-05-04,Dining,1,1,0.9467692971229553
2023-05-04,Entertainment,3,3,0.8358324937748186
2023-05-04,Hotel,1,1,0.9660338163375854
2023-05-05,Cityscape,1,2,0.4377235099673271
2023-05-05,Cultural,1,1,0.5728998109698296
2023-05-05,Dining,1,1,0.8009110689163208
2023-05-05,Entertainment,1,1,0.9601716637611389
2023-05-05,Religious,1,1,0.9139439463615417
2023-05-05,area,2,2,0.6905756741762161
2023-05-06,Dining,1,1,0.49530260264873505
2023-05-06,Religious,1,1,0.9382403492927551
2023-05-06,Shopping,1,1,0.4812462031841278
2023-05-06,Transit,1,1,0.6722138524055481
2023-05-06,area,1,1,0.9733806252479553
2023-05-07,Entertainment,3,9,0.8153203510920758
2023-05-07,Shopping,1,1,0.24115915596485138
2023-05-08,Cityscape,1,1,0.2073739618062973
2023-05-08,Cultural,1,2,0.6657649278640747
2023-05-08,Entertainment,1,2,0.7506588697433472
2023-05-09,Dining,1,2,0.8067864775657654
2023-05-09,Shopping,1,1,0.9272710084915161
2023-05-10,Hotel,1,1,0.1235489547252655
2023-05-10,Natural,1,2,0.8424239456653595
2023-05-10,Religious,2,2,0.5940357893705368
2023-05-10,Shopping,3,3,0.5310961802800497
2023-05-10,Transit,1,1,0.349323071539402
2023-05-10,area,2,2,0.8134374618530273
2023-05-11,Cityscape,2,2,0.7604053914546967
2023-05-11,Entertainment,2,3,0.9283055424690246
2023-05-11,Hotel,1,1,0.5799476951360703
2023-05-11,Transit,2,2,0.5706304460763931
2023-05-11,area,1,1,0.39603322744369507
2023-05-12,Cityscape,1,4,0.9143578410148621
2023-05-12,Dining,1,1,0.765204668045044
2023-05-12,Entertainment,1,1,0.9570549726486206
2023-05-12,Natural,1,1,0.9099029898643494
2023-05-12,area,1,1,0.9356908798217773
2023-05-14,Entertainment,1,1,0.9591853835365989
2023-05-14,Religious,1,2,0.9289391140143077
2023-05-14,Transit,1,2,0.27634656317532064
2023-05-14,area,1,2,0.2780399499461055
2023-05-15,Cityscape,1,2,0.9141910374164581
2023-05-15,Cultural,1,1,0.8768820762634277
2023-05-15,Entertainment,1,2,0.9417244344949722
2023-05-15,Hotel,1,1,0.9010092318058014
2023-05-15,Natural,1,2,0.9054838716983795
2023-05-15,Outdoor,1,1,0.9297528862953186
2023-05-15,Religious,1,2,0.8877677619457245
2023-05-15,Transit,1,1,0.1040150448679924
2023-05-15,area,2,2,0.39169710041184364
2023-05-16,Hotel,1,1,0.6645928621292114
2023-05-17,Natural,1,1,0.9307349324226379
2023-05-18,Cityscape,1,1,0.6169508099555969
2023-05-18,Hotel,1,3,0.578308874120315
2023-05-18,Transit,6,8,0.4580680592916906
2023-05-18,area,1,1,0.895440936088562
2023-05-19,Cityscape,1,1,0.894997239112854
2023-05-19,Cultural,1,1,0.44614753127098083
2023-05-19,Entertainment,1,3,0.5790318383110894
2023-05-19,Religious,1,1,0.2754896283149719
2023-05-19,Transit,1,1,0.43731752783060074
2023-05-20,Cultural,1,1,0.43501487374305725
2023-05-20,Entertainment,2,4,0.9166459069764685
2023-05-20,Shopping,1,1,0.4464525580406189
2023-05-20,Transit,1,1,0.3318563997745514
2023-05-20,area,1,1,0.12683668732643127
2023-05-21,Cityscape,1,3,0.7013631165027618
2023-05-21,Cultural,1,1,0.5804399698972702
2023-05-21,Hotel,1,1,0.8906849324703217
2023-05-21,Natural,1,2,0.8456649879614513
2023-05-21,Shopping,1,3,0.6340785423914591
2023-05-21,area,1,6,0.6739320825371476
2023-05-22,Cityscape,1,1,0.9770316481590271
2023-05-22,Dining,1,4,0.7961689357956251
2023-05-22,Hotel,1,1,0.1343614161014557
2023-05-22,Shopping,2,4,0.5719941143567363
2023-05-23,Cultural,1,1,0.8134398460388184
2023-05-23,Entertainment,1,2,0.9073936492204666
2023-05-23,Hotel,1,1,0.6702175140380859
2023-05-23,Shopping,2,4,0.9009902700781822
2023-05-23,Transit,2,2,0.5905350918571154
2023-05-23,area,2,3,0.4435450543339054
2023-05-24,Cityscape,4,8,0.5514087596675381
2023-05-24,Cultural,1,1,0.7727379202842712
2023-05-24,Dining,1,5,0.9077922721703848
2023-05-24,Entertainment,2,2,0.8423006236553192
2023-05-24,Hotel,1,2,0.9558300077915192
2023-05-24,Natural,1,1,0.6965317726135254
2023-05-24,Shopping,1,1,0.4643809199333191
2023-05-24,Transit,2,3,0.4575560490290324
2023-05-24,area,2,2,0.5138816386461258
2023-05-25,Entertainment,1,1,0.8828045725822449
2023-05-26,Dining,1,1,0.8916475027799606
2023-05-27,Cityscape,1,1,0.014756154268980026
2023-05-27,area,1,1,0.1243925392627716
2023-05-28,Dining,2,2,0.8338764607906342
2023-05-28,Entertainment,3,3,0.9609420498212179
2023-05-29,Cityscape,1,1,0.9564602971076965
2023-05-29,Entertainment,1,1,0.9202017079700123
2023-05-29,Religious,1,1,0.08687563985586166
2023-05-30,Cityscape,1,1,0.4347280263900757
2023-05-30,Cultural,1,2,0.9285197059313457
2023-05-30,Dining,1,1,0.9095659852027893
2023-05-30,Entertainment,2,2,0.8410956207662821
2023-05-30,Natural,1,1,0.6516175866127014
2023-05-30,Transit,1,1,0.0633159950375557
2023-05-31,Cityscape,1,2,0.9537902027368546
2023-05-31,Cultural,1,1,0.9011965394020081
2023-05-31,Dining,1,1,0.10855168849229813
2023-05-31,Entertainment,1,1,0.8299276232719421
2023-05-31,Transit,2,2,0.6268313008227518
2023-05-31,area,1,1,0.1986750066280365
2023-06-01,Cityscape,2,2,0.9026490151882172
2023-06-01,Cultural,1,1,0.9296806454658508
2023-06-01,Natural,1,1,0.8850715458393097
2023-06-01,Outdoor,1,2,0.8348850011825562
2023-06-01,Religious,1,1,0.9328942894935608
2023-06-01,area,2,2,0.728801041841507
2023-06-02,Shopping,1,1,0.9095309972763062
2023-06-02,area,1,1,0.9190682768821716
2023-06-03,Cityscape,2,8,0.7391726395913533
2023-06-03,Dining,1,1,0.11297044903039932
2023-06-03,Natural,1,1,0.7332618832588196
2023-06-03,area,1,1,0.6433137953281403
2023-06-04,Cityscape,1,1,0.29450151324272156
2023-06-04,Dining,1,3,0.7014823622173734
2023-06-04,Entertainment,4,4,0.9228628277778625
2023-06-04,Natural,1,1,0.8745959401130676
2023-06-04,Shopping,1,1,0.748898983001709
2023-06-04,area,1,1,0.8439608812332153
2023-06-05,Cityscape,2,3,0.8010338743527731
2023-06-05,Hotel,1,1,0.8846852779388428
2023-06-05,Natural,1,1,0.029946057125926018
2023-06-05,Transit,2,6,0.4410556409921911
2023-06-05,area,2,3,0.19863144680857658
2023-06-06,Cityscape,1,2,0.30758305359631777
2023-06-06,Entertainment,1,2,0.8436839431524277
2023-06-06,Shopping,1,2,0.8564829081296921
2023-06-06,Transit,1,1,0.47037050127983093
2023-06-07,Cityscape,3,3,0.9175554513931274
2023-06-07,Cultural,2,3,0.8890981574853262
2023-06-07,Entertainment,1,2,0.9665140211582184
2023-06-07,Natural,1,1,0.9127377271652222
2023-06-07,Transit,1,1,0.5541156530380249
2023-06-07,area,1,1,0.6341487169265747
2023-06-08,Shopping,1,1,0.026960868388414383
2023-06-08,area,1,1,0.08923576027154922
2023-06-09,Dining,1,2,0.6561305224895477
2023-06-09,Entertainment,1,1,0.9414875507354736
2023-06-09,Transit,1,1,0.22895798087120056
2023-06-10,Cityscape,1,1,0.912384569644928
2023-06-10,Entertainment,1,3,0.8941966245571772
2023-06-10,Shopping,1,1,0.8930892944335938
2023-06-10,Transit,1,1,0.9121915102005005
2023-06-10,area,1,1,0.7632138133049011
2023-06-11,Cityscape,2,5,0.7541812856992085
2023-06-11,Dining,2,3,0.7290954457388984
2023-06-11,Religious,1,1,0.6435022950172424
2023-06-11,Shopping,2,3,0.5399762094020844
2023-06-11,Transit,1,4,0.9419794976711273
2023-06-11,area,2,4,0.7057190065582594
2023-06-13,Entertainment,1,1,0.9473442733287811
2023-06-13,area,2,2,0.34262782260775565
2023-06-14,Cityscape,1,1,0.36305171251296997
2023-06-14,Dining,2,2,0.7940158843994141
2023-06-14,Entertainment,3,7,0.9274809630144211
2023-06-14,Natural,1,1,0.8670035004615784
2023-06-14,Shopping,1,1,0.1969865784049034
2023-06-14,Transit,2,3,0.45336519678433734
2023-06-15,Entertainment,1,1,0.893357535203298
2023-06-15,Shopping,1,5,0.7139085412025452
2023-06-15,Transit,1,1,0.2134564703862582
2023-06-15,area,1,1,0.6704858541488647
2023-06-16,Cityscape,1,1,0.05784817785024643
2023-06-16,Entertainment,1,1,0.9216511616340051
2023-06-16,Outdoor,1,1,0.911374568939209
2023-06-17,Cityscape,1,1,0.3239157199859619
2023-06-17,Entertainment,1,1,0.9559820890426636
2023-06-17,Shopping,1,1,0.7643876075744629
2023-06-17,Transit,1,1,0.4032321274280548
2023-06-18,Cityscape,1,1,0.20746822655200958
2023-06-18,Shopping,1,1,0.8836665749549866
2023-06-19,Cityscape,2,5,0.8274012565612793
2023-06-19,Shopping,1,1,0.9305242300033569
2023-06-20,Cityscape,1,1,0.01255121361464262
2023-06-20,Transit,1,2,0.506881833076477
2023-06-20,area,1,4,0.6432970277965069
2023-06-21,Cityscape,1,1,0.7636019587516785
2023-06-21,Entertainment,1,4,0.9295176714658737
2023-06-21,Religious,1,1,0.2697395086288452
2023-06-21,area,1,1,0.5573534965515137
2023-06-22,Entertainment,2,2,0.8941533249436002
2023-06-22,Hotel,1,1,0.49473611265420914
2023-06-22,Transit,1,1,0.30394914746284485
2023-06-22,area,1,1,0.4812462031841278
2023-06-23,Cityscape,1,1,0.9285374879837036
2023-06-23,Dining,1,1,0.8763589859008789
2023-06-23,Entertainment,1,4,0.9565576612949371
2023-06-23,Hotel,1,1,0.8871494755148888
2023-06-23,Transit,1,3,0.6618093152840933
2023-06-23,area,1,1,0.9440081119537354
2023-06-25,Cityscape,1,3,0.7405102252960205
2023-06-25,Cultural,1,1,0.9648889899253845
2023-06-25,Entertainment,3,4,0.8433832101523876
2023-06-25,Transit,1,1,0.43850526213645935
2023-06-25,area,1,1,0.5740343928337097
2023-06-26,Cityscape,1,1,0.863661378622055
2023-06-27,Cityscape,1,4,0.3125866521149874
2023-06-27,Entertainment,1,2,0.4009491056203842
2023-06-27,Hotel,1,1,0.025112587958574295
2023-06-27,Natural,1,1,0.09920381754636765
2023-06-27,Shopping,2,2,0.735935389995575
2023-06-27,area,1,2,0.1823684424161911
2023-06-28,Entertainment,1,1,0.9538843631744385
2023-06-29,Cityscape,1,2,0.2575080692768097
2023-06-29,Dining,1,1,0.47615027613937855
2023-06-30,Outdoor,1,1,0.9079188108444214
2023-07-02,Entertainment,1,1,0.921379029750824
2023-07-02,Natural,1,2,0.89760322868824
2023-07-02,Outdoor,1,1,0.9078488945960999
2023-07-02,Religious,1,4,0.8534319847822189
2023-07-02,Transit,2,2,0.6413906514644623
2023-07-02,area,2,5,0.8260276556015015
2023-07-03,Dining,1,1,0.8534452021121979
2023-07-03,Entertainment,1,3,0.8991645177205404
2023-07-03,Shopping,1,2,0.17348180307696262
2023-07-04,Cityscape,1,1,0.9170699119567871
2023-07-04,Entertainment,3,10,0.9163184840025174
2023-07-05,Natural,1,1,0.9067730903625488
2023-07-05,Shopping,1,1,0.27231375873088837
2023-07-05,Transit,1,1,0.3161886683665216
2023-07-05,area,1,3,0.48633278451032114
2023-07-06,Cityscape,2,5,0.41139903720468285
2023-07-06,Cultural,1,2,0.8973393787940342
2023-07-06,Entertainment,3,5,0.8691959261894227
2023-07-06,Hotel,1,1,0.4111999571323395
2023-07-06,Outdoor,1,1,0.04227902367711067
2023-07-06,Religious,1,1,0.8808639049530029
2023-07-06,Shopping,1,1,0.9105628132820129
2023-07-06,Transit,1,1,0.921849250793457
2023-07-07,Dining,1,1,0.36639388371258974
2023-07-07,Entertainment,1,1,0.9658272465070089
2023-07-07,Hotel,1,1,0.05294986441731453
2023-07-08,Cultural,1,1,0.6631320118904114
2023-07-08,Entertainment,1,2,0.5424988120794296
2023-07-08,Shopping,1,1,0.9221670627593994
2023-07-08,Transit,1,2,0.8470626473426819
2023-07-08,area,1,2,0.24262342602014542
2023-07-09,Entertainment,1,1,0.10744735226035118
2023-07-09,Hotel,1,1,0.52582848072052
2023-07-09,Transit,2,2,0.3670012901226679
2023-07-10,Cityscape,1,1,0.8070476055145264
2023-07-10,Dining,1,2,0.5844157636165619
2023-07-10,Entertainment,1,1,0.9478405714035034
2023-07-10,Transit,1,1,0.5068080425262451
2023-07-11,Cityscape,1,1,0.8351321816444397
2023-07-11,Entertainment,1,2,0.9031354784965515
2023-07-11,Natural,2,2,0.9102395176887512
2023-07-11,Religious,1,1,0.883103609085083
2023-07-11,Shopping,1,1,0.6353192925453186
2023-07-11,area,1,2,0.1394175961613655
2023-07-12,Cityscape,1,1,0.9381794929504395
2023-07-12,Entertainment,1,1,0.9761228462060293
2023-07-12,Hotel,1,1,0.7554741203784943
2023-07-12,Transit,1,2,0.17228022031486034
2023-07-12,area,1,1,0.6163672655820847
2023-07-13,Cultural,1,1,0.9471991658210754
2023-07-13,Entertainment,2,3,0.9218817949295044
2023-07-13,Natural,2,2,0.9186771214008331
2023-07-13,Transit,1,1,0.08423192799091339
2023-07-14,Entertainment,3,3,0.66905860354503
2023-07-14,Religious,1,1,0.8821374177932739
2023-07-14,Shopping,1,1,0.48979640007019043
2023-07-14,Transit,2,3,0.053523159275452294
2023-07-15,Cityscape,2,3,0.7597272992134094
2023-07-15,Cultural,1,1,0.6229104548692703
2023-07-15,Dining,2,6,0.8208295678098997
2023-07-15,Entertainment,2,2,0.685478925704956
2023-07-15,Hotel,1,1,0.8670466244220734
2023-07-15,Natural,1,1,0.7607269883155823
2023-07-15,Shopping,2,3,0.6887644529342651
2023-07-15,Transit,1,1,0.5722269415855408
2023-07-15,area,4,7,0.4936114528349468
2023-07-16,Cityscape,2,2,0.8353768587112427
2023-07-16,Cultural,1,1,0.3806613087654114
2023-07-16,Entertainment,1,1,0.9630878865718842
2023-07-17,Entertainment,1,1,0.7055619359016418
2023-07-17,Natural,1,1,0.8335356712341309
2023-07-17,Transit,1,4,0.421991222538054
2023-07-18,Cultural,1,1,0.6497135758399963
2023-07-18,Entertainment,1,1,0.9110540747642517
2023-07-18,Natural,1,1,0.9337178866068522
2023-07-18,Religious,1,1,0.8993734121322632
2023-07-18,area,1,1,0.9566802978515625
2023-07-19,Entertainment,1,1,0.9317818880081177
2023-07-19,area,1,1,0.8422011137008667
2023-07-20,Entertainment,1,2,0.9529384672641754
2023-07-20,Religious,1,1,0.9567106366157532
2023-07-20,Transit,1,1,0.02330559864640236
2023-07-20,area,2,3,0.633865291873614
2023-07-21,Cityscape,1,2,0.9607938081026077
2023-07-21,Dining,1,2,0.688743069767952
2023-07-21,Entertainment,1,1,0.9747430831193924
2023-07-21,Natural,1,1,0.9583027958869934
2023-07-21,Shopping,1,1,0.9145653545856476
2023-07-21,area,1,1,0.32254281640052795
2023-07-22,Cityscape,1,1,0.6187348514795303
2023-07-22,Entertainment,1,1,0.9180324673652649
2023-07-22,area,1,2,0.7163723213504058
2023-07-23,Cityscape,3,4,0.726786557585001
2023-07-23,Cultural,1,1,0.2749848961830139
2023-07-23,Dining,1,1,0.20998524129390717
2023-07-23,Entertainment,1,1,0.9724474549293518
2023-07-23,Hotel,2,2,0.5559055805206299
2023-07-23,Natural,1,1,0.8898628354072571
2023-07-23,Shopping,1,1,0.46793362498283386
2023-07-23,area,2,2,0.7040821452935537
2023-07-24,Cityscape,1,2,0.5716407597064972
2023-07-24,Cultural,1,1,0.9358454346656799
2023-07-24,Entertainment,1,1,0.9545610547065735
2023-07-24,Hotel,1,1,0.8776330351829529
2023-07-24,Natural,2,2,0.8770573973655701
2023-07-24,Outdoor,1,1,0.9120998859405518
2023-07-24,Religious,1,2,0.9179735481739044
2023-07-24,Shopping,2,2,0.77701535820961
2023-07-24,Transit,1,1,0.6962915062904358
2023-07-24,area,1,1,0.26904863119125366
2023-07-25,Cityscape,1,1,0.9425952434539795
2023-07-25,Entertainment,2,2,0.9538312475932271
2023-07-25,Transit,3,3,0.5985446075598398
2023-07-25,area,2,2,0.22627738118171692
2023-07-26,Natural,1,1,0.7291500597660031
2023-07-27,Cityscape,1,1,0.8507882612092155
2023-07-27,Dining,1,1,0.8013781309127808
2023-07-27,Entertainment,1,6,0.8901722058653831
2023-07-27,Hotel,2,7,0.7201252551305862
2023-07-27,Transit,1,1,0.13479935936629772
2023-07-27,area,1,1,0.6277002692222595
2023-07-28,Cityscape,2,3,0.6344615742564201
2023-07-28,Dining,1,1,0.8794914881388346
2023-07-28,Entertainment,1,2,0.47728142887353897
2023-07-28,Natural,1,1,0.4271938409656286
2023-07-28,area,1,3,0.363114391764005
2023-07-29,Cityscape,1,1,0.735133945941925
2023-07-29,Dining,1,1,0.9304477125406265
2023-07-29,Entertainment,1,2,0.9236765950918198
2023-07-29,Transit,1,2,0.4525803098222241
2023-07-30,Cityscape,1,1,0.8625192046165466
2023-07-30,Entertainment,1,1,0.135319784283638
2023-07-30,area,1,1,0.07739026844501495
2023-07-31,Cityscape,2,4,0.824064239859581
2023-07-31,Cultural,1,1,0.937012255191803
2023-07-31,Entertainment,4,9,0.8703256658692327
2023-07-31,Natural,1,1,0.8389946818351746
2023-07-31,Outdoor,1,1,0.9297528862953186
2023-08-01,Cityscape,2,2,0.9337341785430908
2023-08-01,Dining,1,1,0.05878525227308273
2023-08-01,Entertainment,3,4,0.9282955974340439
2023-08-02,Entertainment,1,1,0.9537531733512878
2023-08-03,Cityscape,1,1,0.05097583681344986
2023-08-03,Cultural,1,1,0.9523468017578125
2023-08-03,Dining,1,1,0.822580873966217
2023-08-03,Entertainment,1,2,0.9599139392375946
2023-08-03,Natural,1,1,0.9418318271636963
2023-08-03,Religious,1,1,0.7214540839195251
2023-08-03,Transit,1,1,0.761351466178894
2023-08-03,area,1,1,0.04227902367711067
2023-08-04,Cityscape,2,5,0.6201944291591645
2023-08-04,Cultural,1,1,0.6842363476753235
2023-08-04,Religious,1,1,0.8581159114837646
2023-08-04,Transit,1,1,0.4964969977736473
2023-08-05,Cultural,1,1,0.09224947541952133
2023-08-05,Entertainment,1,1,0.3327484130859375
2023-08-05,Transit,3,3,0.3315477199438545
2023-08-05,area,3,4,0.5423476994037628
2023-08-06,Entertainment,1,1,0.6801528831322988
2023-08-06,Hotel,1,3,0.6891439225938586
2023-08-06,Natural,1,1,0.9063500761985779
2023-08-06,Transit,1,1,0.07771207019686699
2023-08-06,area,1,2,0.8982007801532745
2023-08-07,Cultural,1,1,0.05567747727036476
2023-08-07,Entertainment,1,1,0.7465346480409304
2023-08-07,Natural,1,2,0.5297892466187477
2023-08-07,Shopping,1,1,0.0575288375839591
2023-08-07,Transit,1,1,0.04367592930793762
2023-08-07,area,1,1,0.6431224942207336
2023-08-08,Cityscape,2,3,0.8523977398872375
2023-08-08,Cultural,2,2,0.8037896826863289
2023-08-08,Dining,2,2,0.8673651814460754
2023-08-08,Hotel,1,1,0.608332097530365
2023-08-08,Natural,1,1,0.9310029149055481
2023-08-08,Religious,2,3,0.9075992604096731
2023-08-08,Shopping,1,1,0.5694600343704224
2023-08-08,area,2,2,0.40050507336854935
2023-08-09,Cityscape,2,4,0.5176280488570532
2023-08-09,Cultural,2,4,0.7097764238715172
2023-08-09,Entertainment,2,6,0.8283089200655619
2023-08-09,Natural,1,2,0.8972947895526886
2023-08-09,Religious,2,3,0.8703669210275015
2023-08-09,Shopping,2,2,0.9546600580215454
2023-08-10,Dining,1,1,0.017673172056674957
2023-08-10,Entertainment,3,3,0.9588975558678309
2023-08-10,area,1,2,0.6707357168197632
2023-08-12,Entertainment,2,2,0.8848446916478376
2023-08-12,Transit,1,2,0.3156593825135912
2023-08-13,Cityscape,2,3,0.6462837203095356
2023-08-13,Entertainment,1,1,0.31015071272850037
2023-08-13,Natural,1,1,0.9418309032917023
2023-08-13,Outdoor,1,1,0.9188553094863892
2023-08-13,Transit,1,1,0.784617006778717
2023-08-13,area,1,2,0.585020050406456
2023-08-14,Cityscape,2,2,0.6538507044315338
2023-08-14,Entertainment,2,2,0.9579457700252533
2023-08-14,Natural,1,1,0.8575798869132996
2023-08-14,area,1,2,0.39762847125530243
2023-08-15,Cityscape,1,1,0.9363001585006714
2023-08-15,Entertainment,1,1,0.7701035141944885
2023-08-15,Shopping,1,1,0.6347589691480001
2023-08-15,Transit,1,1,0.11928019672632217
2023-08-15,area,2,2,0.7581783130764961
2023-08-16,Religious,1,1,0.4411599636077881
2023-08-16,area,1,2,0.6309505701065063
2023-08-17,Cityscape,1,2,0.957298755645752
2023-08-17,Cultural,1,1,0.8986893594264984
2023-08-17,Entertainment,1,3,0.9420802791913351
2023-08-17,Natural,1,1,0.9220400452613831
2023-08-17,Religious,2,2,0.88156658411026
2023-08-17,Transit,1,1,0.9376617074012756
2023-08-17,area,1,2,0.930334210395813
2023-08-18,Cityscape,1,1,0.10925336927175522
2023-08-18,Cultural,2,3,0.6903302669525146
2023-08-18,Dining,1,2,0.9089901447296143
2023-08-18,Entertainment,1,1,0.9730656743049622
2023-08-18,Natural,2,2,0.942908376455307
2023-08-18,Religious,1,1,0.9402479529380798
2023-08-18,Shopping,1,1,0.9352142214775085
2023-08-18,Transit,1,1,0.21960285305976868
2023-08-18,area,2,5,0.5578459888696671
2023-08-19,Dining,2,2,0.41865149792283773
2023-08-19,Entertainment,2,2,0.9697666466236115
2023-08-19,Hotel,1,1,0.5700030326843262
2023-08-19,Shopping,1,1,0.5887970924377441
2023-08-19,area,1,1,0.8031705617904663
2023-08-20,Shopping,1,1,0.7400767505168915
2023-08-20,area,1,1,0.8142644166946411
2023-08-21,Cityscape,1,1,0.9225385387738546
2023-08-21,Cultural,1,1,0.43508270382881165
2023-08-21,Entertainment,1,1,0.9394774436950684
2023-08-21,Religious,1,1,0.8120536804199219
2023-08-21,area,1,2,0.46690305322408676
2023-08-22,Cultural,1,1,0.6092622876167297
2023-08-22,Entertainment,2,2,0.945583740870158
2023-08-22,Shopping,1,1,0.6127758026123047
2023-08-22,Transit,1,1,0.6450995206832886
2023-08-22,area,3,3,0.4772620608409246
2023-08-23,Cityscape,2,4,0.506183922290802
2023-08-23,Dining,1,1,0.8304211497306824
2023-08-23,Entertainment,2,4,0.8356104339114748
2023-08-23,Transit,3,3,0.4723241987327735
2023-08-23,area,2,2,0.35674913972616196
2023-08-24,Cityscape,2,3,0.4915623494113485
2023-08-24,Dining,1,1,0.5863999724388123
2023-08-24,Entertainment,2,2,0.8738127342011366
2023-08-24,Shopping,1,1,0.18769602477550507
2023-08-24,Transit,1,1,0.20022862777113914
2023-08-24,area,2,2,0.527328372001648
2023-08-25,Cityscape,3,12,0.6403638501651585
2023-08-25,School,1,1,0.16826756484806538
2023-08-25,Transit,1,1,0.043191613629460335
2023-08-25,area,3,5,0.7321649104356766
2023-08-26,Cityscape,2,2,0.8713156133890152
2023-08-26,Entertainment,2,2,0.5618926088015239
2023-08-26,Hotel,1,1,0.4996752440929413
2023-08-26,Transit,1,2,0.5231246848901112
2023-08-26,area,4,4,0.5650292278733104
2023-08-27,Cityscape,5,10,0.6165798656642437
2023-08-27,Cultural,1,3,0.6279320170482
2023-08-27,Dining,1,1,0.9290865063667297
2023-08-27,Entertainment,4,8,0.8724079420430247
2023-08-27,Natural,1,1,0.9105649590492249
2023-08-27,Religious,1,1,0.8245787024497986
2023-08-27,Shopping,2,5,0.573712644726038
2023-08-27,Transit,2,4,0.32012791791930795
2023-08-27,area,5,7,0.36679248777883394
2023-08-29,Cityscape,2,9,0.5674560366508862
2023-08-29,Cultural,1,3,0.7089544336001078
2023-08-29,Entertainment,1,1,0.9423559904098511
2023-08-29,Outdoor,1,1,0.959656298160553
2023-08-29,Religious,1,1,0.9347992539405823
2023-08-29,Shopping,1,2,0.4219008591026068
2023-08-29,Transit,2,5,0.38836555518209936
2023-08-29,area,1,1,0.38267873227596283
2023-08-30,Cityscape,2,2,0.42402199655771255
2023-08-30,Natural,1,1,0.6805488616228104
2023-08-30,Transit,1,1,0.33445054292678833
2023-08-31,Cityscape,2,4,0.9191151559352875
2023-08-31,Cultural,1,1,0.8619797229766846
2023-08-31,Dining,1,1,0.7901121377944946
2023-08-31,Entertainment,3,3,0.878678689400355
2023-08-31,Natural,1,1,0.8745959401130676
2023-08-31,Outdoor,2,2,0.7609814703464508
2023-08-31,Religious,1,1,0.926251232624054
2023-08-31,Shopping,2,2,0.44597359001636505
2023-08-31,Transit,1,1,0.4834466250613332
2023-08-31,area,2,2,0.8335429430007935
2023-09-01,Dining,1,1,0.8346700668334961
2023-09-01,Entertainment,1,1,0.9512776732444763
2023-09-01,Natural,1,1,0.907582700252533
2023-09-01,Shopping,2,6,0.7297065953413645
2023-09-01,Transit,1,1,0.8382159471511841
2023-09-01,area,1,3,0.5693399831652641
2023-09-02,Cityscape,1,5,0.724585623294115
2023-09-02,Cultural,1,1,0.9248870611190796
2023-09-02,Dining,1,1,0.5403641015291214
2023-09-02,Entertainment,2,4,0.8374423682689667
2023-09-02,Hotel,1,1,0.02407052367925644
2023-09-02,Transit,4,4,0.4458896547023739
2023-09-02,area,2,2,0.5036462247371674
2023-09-03,Dining,1,1,0.9590871930122375
2023-09-03,Entertainment,1,1,0.9066941738128662
2023-09-03,Natural,1,2,0.9310557991266251
2023-09-03,Religious,1,1,0.4929520785808563
2023-09-03,Transit,1,1,0.6981509134056978
2023-09-03,area,2,5,0.87854043841362
2023-09-04,Transit,1,1,0.3993971471985181
2023-09-05,Cityscape,1,1,0.6671148538589478
2023-09-05,Entertainment,1,1,0.9359298944473267
2023-09-05,Natural,2,2,0.9038214683532715
2023-09-05,Religious,1,1,0.9265878200531006
2023-09-05,Shopping,1,5,0.7375896215438843
2023-09-05,area,1,1,0.6704858541488647
2023-09-06,Cityscape,2,2,0.9364186823368073
2023-09-06,Entertainment,1,1,0.9753488004207611
2023-09-06,Hotel,1,1,0.9555662274360657
2023-09-06,Outdoor,1,1,0.9463796615600586
2023-09-06,Transit,1,1,0.17811810225248337
2023-09-07,Shopping,1,1,0.4774433597922325
2023-09-07,area,2,2,0.42019388265907764
2023-09-08,Cityscape,1,1,0.21405243873596191
2023-09-08,Dining,1,1,0.4494524374604225
2023-09-08,Entertainment,1,1,0.8841284513473511
2023-09-08,Hotel,1,2,0.8368923366069794
2023-09-09,Cityscape,1,4,0.9035858511924744
2023-09-09,Dining,1,3,0.8798559639188978
2023-09-09,Entertainment,2,4,0.9316996037960052
2023-09-09,Natural,1,1,0.9026222825050354
2023-09-09,Religious,1,1,0.93790203332901
2023-09-09,Shopping,1,1,0.2425300031900406
2023-09-09,Transit,1,1,0.22649626433849335
2023-09-10,Cityscape,1,1,0.2692035436630249
2023-09-10,Cultural,2,2,0.8524439185857773
2023-09-10,Dining,1,1,0.7448980808258057
2023-09-10,Entertainment,2,2,0.9364326596260071
2023-09-10,Shopping,1,1,0.19857312738895416
2023-09-12,Cityscape,2,2,0.8628358244895935
2023-09-12,Entertainment,2,2,0.9754000641405582
2023-09-12,Hotel,1,1,0.9051860570907593
2023-09-12,Outdoor,1,2,0.7910261452198029
2023-09-12,Transit,2,2,0.038066551089286804
2023-09-12,area,1,1,0.09795212745666504
2023-09-13,Cityscape,2,6,0.5570558226770824
2023-09-13,Dining,1,1,0.9404256939888
2023-09-13,Entertainment,2,3,0.9235046058893204
2023-09-13,Hotel,1,2,0.6079864203929901
2023-09-13,area,3,7,0.3809073542111686
2023-09-14,Entertainment,2,3,0.735732353809807
2023-09-15,Cityscape,1,1,0.9739193320274353
2023-09-15,Entertainment,1,4,0.7566959289057801
2023-09-15,Outdoor,1,2,0.8976554920276005
2023-09-15,Transit,1,2,0.13455426134169102
2023-09-15,area,2,3,0.6772043416897455
2023-09-16,Cityscape,1,1,0.9326277375221252
2023-09-16,Dining,1,1,0.5943902730941772
2023-09-16,Entertainment,1,2,0.8718877732753754
2023-09-16,area,1,1,0.03207303583621979
2023-09-17,Cultural,1,1,0.7544311881065369
2023-09-17,Entertainment,2,4,0.7027459641297659
2023-09-17,Natural,1,1,0.6443107724189758
2023-09-17,Outdoor,1,1,0.5661236047744751
2023-09-17,Religious,1,1,0.6415343284606934
2023-09-17,Shopping,2,2,0.8511580228805542
2023-09-17,Transit,2,2,0.4470818735659122
2023-09-17,area,2,3,0.5507795910040537
2023-09-18,Entertainment,2,3,0.8145542433767607
2023-09-18,Natural,1,1,0.5058670043945312
2023-09-18,Transit,1,1,0.48249709606170654
2023-09-19,Cityscape,2,3,0.9083703656991323
2023-09-19,Entertainment,2,3,0.9365891416867574
2023-09-19,Religious,1,1,0.7886117100715637
2023-09-19,Shopping,1,1,0.7428759336471558
2023-09-20,Cityscape,1,1,0.4768288731575012
2023-09-20,Entertainment,1,1,0.7608965039253235
2023-09-20,area,1,1,0.8498933553695679
2023-09-21,Cityscape,1,1,0.6342066526412964
2023-09-21,Dining,1,1,0.9107146263122559
2023-09-21,Natural,1,1,0.8586910963058472
2023-09-21,Shopping,1,1,0.5556030869483948
2023-09-21,area,1,1,0.7241077423095703
2023-09-22,Cityscape,5,8,0.7001396854175255
2023-09-22,Cultural,1,1,0.07601036876440048
2023-09-22,Dining,1,1,0.6849296391010284
2023-09-22,Entertainment,1,1,0.9421824216842651
2023-09-22,Hotel,1,1,0.9356572926044464
2023-09-22,Natural,2,2,0.9061481356620789
2023-09-22,Outdoor,1,2,0.7767362399743154
2023-09-22,Shopping,3,5,0.7016751587390899
2023-09-22,Transit,2,2,0.3820771872997284
2023-09-22,area,2,2,0.6131466776132584
2023-09-23,Cityscape,1,1,0.9768760800361633
2023-09-23,Cultural,2,2,0.8703292608261108
2023-09-23,Entertainment,2,2,0.9343900254203213
2023-09-23,Hotel,1,1,0.6025004982948303
2023-09-23,Natural,1,1,0.9303398132324219
2023-09-23,Transit,1,1,0.7578568458557129
2023-09-23,area,1,1,0.6781740784645081
2023-09-24,Cityscape,5,6,0.5481097276012102
2023-09-24,Cultural,2,4,0.8373720273375511
2023-09-24,Dining,2,4,0.7948802411556244
2023-09-24,Entertainment,4,6,0.7152632605284452
2023-09-24,Hotel,1,1,0.9562225341796875
2023-09-24,Natural,3,4,0.46793209078411263
2023-09-24,Religious,1,1,0.6539787650108337
2023-09-24,Shopping,2,2,0.8598452508449554
2023-09-24,Transit,2,4,0.277563094937553
2023-09-24,area,1,3,0.4443441919154591
2023-09-25,Cityscape,2,3,0.7607351839542389
2023-09-25,Cultural,4,7,0.6912281489094757
2023-09-25,Entertainment,2,2,0.6843660116195679
2023-09-25,Natural,1,1,0.8666760623455048
2023-09-25,Transit,3,4,0.2424631705507636
2023-09-25,area,2,5,0.29048734828829764
2023-09-26,Cityscape,2,5,0.5827767223119735
2023-09-26,Cultural,2,2,0.23450376652181149
2023-09-26,Dining,1,3,0.7808654109636942
2023-09-26,Entertainment,2,5,0.9020554215252174
2023-09-26,Natural,1,1,0.9377722144126892
2023-09-26,Shopping,1,2,0.916496068239212
2023-09-26,Transit,2,5,0.44984725912412005
2023-09-26,area,2,5,0.4118911474943161
2023-09-27,Dining,1,1,0.3876471221446991
2023-09-28,Cultural,1,1,0.9405025243759155
2023-09-28,area,1,1,0.9192172288894653
2023-09-29,Cityscape,1,2,0.9356646984815598
2023-09-29,Entertainment,3,3,0.9063812560505337
2023-09-29,Hotel,1,1,0.8928959965705872
2023-09-30,Dining,1,1,0.904256143990685
2023-10-01,School,1,1,0.4836670458316803
2023-10-01,Transit,1,1,0.17419756762683392
2023-10-02,Cityscape,1,2,0.8065553903579712
2023-10-02,Cultural,1,1,0.9631215929985046
2023-10-02,Dining,1,2,0.9478269159793854
2023-10-02,Entertainment,1,1,0.9590818107128143
2023-10-02,Outdoor,1,1,0.9397406578063965
2023-10-02,Religious,1,2,0.8649245798587799
2023-10-02,Shopping,1,2,0.8020337671041489
2023-10-02,area,1,3,0.8342053492863973
2023-10-03,Cityscape,1,1,0.7018718123435974
2023-10-03,Religious,1,1,0.9056971073150635
2023-10-04,Dining,1,1,0.5099795311689377
2023-10-05,Cityscape,2,3,0.4682568095624447
2023-10-05,Entertainment,1,1,0.9376022517681122
2023-10-05,Hotel,1,1,0.6558439135551453
2023-10-05,Shopping,1,1,0.32701376080513
2023-10-05,Transit,2,3,0.35738725016514455
2023-10-05,area,3,4,0.25638297060504556
2023-10-06,Cityscape,2,2,0.48056068271398544
2023-10-06,Shopping,1,1,0.5022742748260498
2023-10-07,Entertainment,1,1,0.5746010690927505
2023-10-08,Cityscape,1,2,0.48117207487424213
2023-10-08,Cultural,1,1,0.7809458374977112
2023-10-08,Dining,2,2,0.8937346835931141
2023-10-08,area,1,1,0.0336461067199707
2023-10-09,Cityscape,1,2,0.8924541771411896
2023-10-09,Religious,1,2,0.8522372394800186
2023-10-10,Cityscape,1,2,0.8297235071659088
2023-10-10,Entertainment,1,1,0.7786775827407837
2023-10-10,Hotel,1,1,0.9582770466804504
2023-10-10,Transit,1,1,0.7207247316837311
2023-10-10,area,1,1,0.906129777431488
2023-10-11,Entertainment,1,1,0.7173244953155518
2023-10-11,Transit,1,1,0.15261733531951904
2023-10-11,area,1,1,0.04722920432686806
2023-10-12,Cityscape,1,2,0.16329842153936625
2023-10-12,Cultural,1,1,0.8278920650482178
2023-10-12,Entertainment,1,1,0.6763572096824646
2023-10-12,Religious,1,1,0.8752208948135376
2023-10-12,Shopping,1,1,0.16301974654197693
2023-10-13,Entertainment,1,1,0.9527720709641775
2023-10-14,Entertainment,1,2,0.8767054975032806
2023-10-15,Cityscape,3,3,0.6639959571572641
2023-10-15,Dining,1,5,0.7947298443317413
2023-10-15,Entertainment,2,3,0.72256272037824
2023-10-15,Natural,1,2,0.8849935978651047
2023-10-15,Transit,2,2,0.8562204440434773
2023-10-15,area,1,1,0.9144251346588135
2023-10-16,Entertainment,1,1,0.9134693145751953
2023-10-16,area,1,1,0.8567625284194946
2023-10-17,Cityscape,1,3,0.4137707402308782
2023-10-17,Entertainment,2,2,0.3826299235224724
2023-10-17,Natural,1,1,0.5471090922753016
2023-10-17,Transit,1,1,0.42196095921099186
2023-10-17,area,2,4,0.29298015544191003
2023-10-18,Cultural,1,1,0.5628054141998291
2023-10-18,Entertainment,2,4,0.949226955572764
2023-10-18,Shopping,1,1,0.6633933484554291
2023-10-18,Transit,2,2,0.3676172224804759
2023-10-18,area,2,2,0.48803871870040894
2023-10-19,Entertainment,1,1,0.9321837405140481
2023-10-20,Cultural,2,2,0.8552486896514893
2023-10-20,Entertainment,4,7,0.9205339291266033
2023-10-20,Transit,1,2,0.6014084666967392
2023-10-21,Cityscape,3,5,0.8520442356665929
2023-10-21,Cultural,1,1,0.9180497527122498
2023-10-21,Dining,1,1,0.8782804409662882
2023-10-21,Entertainment,2,2,0.9352748103085018
2023-10-21,Shopping,1,1,0.9324976801872253
2023-10-21,Transit,1,1,0.9593666791915894
2023-10-21,area,3,4,0.9027411639690399
2023-10-22,Cityscape,1,2,0.5544170513749123
2023-10-22,Dining,2,8,0.7011165134608746
2023-10-22,Entertainment,2,4,0.7904501141204188
2023-10-22,Natural,1,2,0.42616457119584084
2023-10-22,Shopping,1,1,0.6599905341863632
2023-10-22,Transit,1,2,0.03012102423235774
2023-10-23,Cultural,1,1,0.879960834980011
2023-10-23,Entertainment,1,1,0.9456681728363037
2023-10-23,Transit,1,1,0.463416467110316
2023-10-23,area,1,1,0.14199107885360718
2023-10-24,Cityscape,1,2,0.9393954873085022
2023-10-24,Cultural,1,3,0.8445978330241309
2023-10-24,Dining,1,2,0.7798148095607758
2023-10-24,Entertainment,2,2,0.8744225210684817
2023-10-24,Transit,2,2,0.210586293367669
2023-10-25,Dining,1,2,0.721598781645298
2023-10-25,Entertainment,2,2,0.9255302771925926
2023-10-25,Natural,1,3,0.601577514782548
2023-10-25,Outdoor,1,1,0.9086410999298096
2023-10-25,Shopping,1,1,0.4328775405883789
2023-10-25,Transit,1,1,0.5191057771444321
2023-10-25,area,1,1,0.6766517758369446
2023-10-26,Cityscape,1,1,0.5467369556427002
2023-10-26,Cultural,1,1,0.9058680136998495
2023-10-26,Dining,2,5,0.6898553103208542
2023-10-26,Entertainment,3,7,0.842696433975583
2023-10-26,Hotel,1,1,0.950478196144104
2023-10-26,Natural,1,2,0.748107373714447
2023-10-26,Shopping,1,1,0.9042533934116364
2023-10-26,Transit,1,1,0.1954597309231758
2023-10-27,Cityscape,3,6,0.7780156830946604
2023-10-27,Cultural,1,1,0.8833941221237183
2023-10-27,Entertainment,3,10,0.7214067674973713
2023-10-27,Hotel,2,2,0.8306131362915039
2023-10-27,Religious,1,2,0.8752334415912628
2023-10-27,Shopping,1,1,0.9448317885398865
2023-10-27,Transit,2,4,0.09511142581080397
2023-10-27,area,1,1,0.7302630543708801
2023-10-28,Cityscape,2,3,0.6232459073265394
2023-10-28,Cultural,1,1,0.3539273142814636
2023-10-28,Dining,1,1,0.5303662419319153
2023-10-28,Entertainment,1,1,0.6247333460845627
2023-10-28,Hotel,2,2,0.2898808643221855
2023-10-28,Shopping,1,2,0.836497038602829
2023-10-28,Transit,2,2,0.18553627282381058
2023-10-28,area,1,1,0.9010037779808044
2023-10-29,Cityscape,2,4,0.9085859209299088
2023-10-29,Hotel,1,1,0.8661046922206879
2023-10-29,Natural,1,1,0.6226189136505127
2023-10-29,Religious,1,1,0.5270171761512756
2023-10-29,Transit,2,3,0.36243991899703226
2023-10-29,area,1,1,0.05273061618208885
2023-11-01,Dining,1,1,0.9052148461341858
2023-11-01,Entertainment,1,1,0.9478038847446442
2023-11-01,Shopping,1,1,0.019227471202611923
2023-11-02,Cityscape,1,1,0.9308768510818481
2023-11-02,Entertainment,1,5,0.8550189693768819
2023-11-02,Natural,2,2,0.9393180012702942
2023-11-02,Shopping,1,1,0.9351691007614136
2023-11-02,Transit,1,1,0.1377132534980774
2023-11-02,area,1,2,0.7201472520828247
2023-11-04,Cityscape,3,3,0.9253373742103577
2023-11-04,Cultural,1,1,0.9109659790992737
2023-11-04,Religious,1,2,0.8986533284187317
2023-11-04,area,1,1,0.9383115172386169
2023-11-05,Natural,1,1,0.611909031867981
2023-11-06,Entertainment,1,1,0.9506710171699524
2023-11-06,Natural,1,1,0.2746729552745819
2023-11-06,Religious,1,2,0.48856502771377563
2023-11-06,Transit,1,1,0.865147590637207
2023-11-06,area,1,1,0.7636405825614929
2023-11-07,Cityscape,1,1,0.937125027179718
2023-11-07,Cultural,1,1,0.8560957312583923
2023-11-07,Dining,1,1,0.9249207973480225
2023-11-07,Hotel,1,3,0.8413565225071378
2023-11-07,Transit,1,1,0.6477140919305384
2023-11-08,Cityscape,2,3,0.8803227265675863
2023-11-08,Dining,1,1,0.6120251566171646
2023-11-08,Entertainment,2,2,0.9495206725597382
2023-11-08,Shopping,1,1,0.5217077732086182
2023-11-09,Cityscape,1,2,0.7304707467556
2023-11-09,Entertainment,1,1,0.9608446359634399
2023-11-09,Hotel,1,1,0.8218151926994324
2023-11-09,Natural,1,1,0.9418756365776062
2023-11-09,area,1,1,0.25020861625671387
2023-11-10,Cityscape,4,4,0.9404013156890869
2023-11-10,Cultural,1,1,0.958450198173523
2023-11-10,Entertainment,5,8,0.8566579942450379
2023-11-10,Transit,1,1,0.9563082456588745
2023-11-10,area,3,5,0.6622003585100174
2023-11-11,Dining,1,1,0.6780477166175842
2023-11-11,Entertainment,1,1,0.9192787408828735
2023-11-11,Natural,1,1,0.8745959401130676
2023-11-11,Transit,1,1,0.5970115661621094
2023-11-11,area,1,1,0.09623149037361145
2023-11-12,Cityscape,1,4,0.9184141159057617
2023-11-12,Dining,1,6,0.7365438387108346
2023-11-12,Entertainment,1,1,0.8090800046920776
2023-11-12,Natural,1,1,0.8978365063667297
2023-11-12,Shopping,1,2,0.8851344883441925
2023-11-12,Transit,1,4,0.7418167442083359
2023-11-13,Cityscape,5,7,0.6007975985606511
2023-11-13,Dining,1,1,0.8453466296195984
2023-11-13,Entertainment,4,6,0.9195063322782516
2023-11-13,Shopping,1,1,0.25997716188430786
2023-11-13,Transit,1,1,0.47423873096704483
2023-11-13,area,3,5,0.779112574706475
2023-11-14,Cityscape,2,3,0.7341942389806112
2023-11-14,Cultural,2,2,0.559563934803009
2023-11-14,Entertainment,4,7,0.9443991253051741
2023-11-14,Hotel,2,2,0.7331795394420624
2023-11-14,Religious,1,1,0.6745858788490295
2023-11-14,Transit,3,5,0.5311216196666162
2023-11-14,area,2,5,0.5276601490875085
2023-11-15,Cityscape,2,3,0.6948898335297903
2023-11-15,Cultural,2,3,0.7467442750930786
2023-11-15,Dining,3,3,0.8281143506368002
2023-11-15,Entertainment,2,2,0.8355385859807333
2023-11-15,Natural,1,1,0.9212668538093567
2023-11-15,Transit,2,2,0.12333370186388493
2023-11-15,area,1,1,0.14773204922676086
2023-11-16,Cityscape,1,1,0.9213288426399231
2023-11-16,Cultural,1,1,0.8766502141952515
2023-11-16,Dining,1,1,0.5979514122009277
2023-11-16,Entertainment,3,3,0.9065552337302102
2023-11-16,Natural,1,2,0.8685010969638824
2023-11-16,Outdoor,1,1,0.7616857290267944
2023-11-16,Religious,1,4,0.8704971969127655
2023-11-16,area,1,1,0.9094099402427673
2023-11-17,Entertainment,1,4,0.923832024137179
2023-11-17,Religious,1,1,0.9674292206764221
2023-11-17,Transit,2,2,0.11873770132660866
2023-11-17,area,1,1,0.8255656361579895
2023-11-18,Cityscape,1,2,0.7959234714508057
2023-11-18,Cultural,1,1,0.9314430952072144
2023-11-18,Dining,1,1,0.546411395072937
2023-11-18,Entertainment,3,4,0.948883088474924
2023-11-18,Transit,1,1,0.4973021298646927
2023-11-19,Cityscape,3,3,0.685128778219223
2023-11-19,Cultural,1,2,0.5944796055555344
2023-11-19,Entertainment,2,4,0.9467387398084005
2023-11-19,Natural,2,2,0.8924576810428074
2023-11-19,Transit,2,2,0.5884574204683304
2023-11-19,area,2,2,0.47011955082416534
2023-11-20,Cityscape,1,2,0.6586404293775558
2023-11-20,Dining,1,4,0.7782128651936849
2023-11-20,Entertainment,3,9,0.899769846842718
2023-11-20,Natural,1,1,0.9384042024612427
2023-11-20,Religious,1,1,0.8912360668182373
2023-11-20,Shopping,1,1,0.5264085382223129
2023-11-20,Transit,1,1,0.8890993595123291
2023-11-20,area,1,3,0.6105146544675032
2023-11-21,Cityscape,1,2,0.7562471926212311
2023-11-21,Dining,1,1,0.905591756105423
2023-11-21,Entertainment,2,2,0.9413323104381561
2023-11-21,Shopping,1,1,0.062099240720272064
2023-11-21,Transit,2,2,0.23208492628431746
2023-11-21,area,1,2,0.9378593961397808
2023-11-22,Cityscape,1,1,0.46688517928123474
2023-11-22,Cultural,2,7,0.5168754437140056
2023-11-22,Entertainment,2,2,0.35798760820180175
2023-11-22,Natural,1,2,0.7574402093887329
2023-11-22,Outdoor,1,2,0.9396310746669769
2023-11-22,Religious,1,1,0.13360527157783508
2023-11-22,Transit,2,2,0.7254702746868134
2023-11-22,area,1,1,0.9677098393440247
2023-11-23,Cityscape,2,4,0.860346756875515
2023-11-23,Cultural,1,1,0.8792136311531067
2023-11-23,Entertainment,4,7,0.8898249072687967
2023-11-23,Hotel,1,1,0.19005875289440155
2023-11-23,Natural,1,1,0.9187469482421875
2023-11-23,Transit,2,2,0.947335422039032
2023-11-23,area,2,2,0.8490777313709259
2023-11-24,Cityscape,2,4,0.31414803117513657
2023-11-24,Dining,3,3,0.7973418600029416
2023-11-25,Cityscape,1,2,0.7674517929553986
2023-11-25,Cultural,1,2,0.6331976006428401
2023-11-25,Dining,2,3,0.9006975889205933
2023-11-25,Entertainment,2,3,0.927513931428685
2023-11-25,Outdoor,1,1,0.17958632856607437
2023-11-25,Religious,1,2,0.47803577594459057
2023-11-25,Transit,1,1,0.6869573444128036
2023-11-25,area,2,2,0.5987975001335144
2023-11-26,Cityscape,1,2,0.9445160925388336
2023-11-26,Entertainment,1,1,0.9239535629749298
2023-11-26,Transit,1,1,0.8757923245429993
2023-11-27,Cityscape,1,1,0.7393818497657776
2023-11-27,Cultural,1,1,0.8133062124252319
2023-11-27,Dining,2,5,0.817739588022232
2023-11-27,Entertainment,5,6,0.936170004792193
2023-11-27,Hotel,1,1,0.9662104249000549
2023-11-27,Natural,1,1,0.6404620409011841
2023-11-27,Shopping,2,3,0.6675538172324499
2023-11-27,Transit,1,1,0.011744502000510693
2023-11-27,area,1,1,0.938633382320404
2023-11-28,Cityscape,2,2,0.6388165752092997
2023-11-28,Cultural,1,1,0.8615421056747437
2023-11-28,Dining,1,1,0.6645597964525223
2023-11-28,Entertainment,2,2,0.7371746338658819
2023-11-28,Hotel,1,1,0.9381515979766846
2023-11-28,Religious,1,1,0.8205636739730835
2023-11-28,Shopping,1,1,0.6916990280151367
2023-11-28,Transit,2,3,0.7654650608698527
2023-11-28,area,2,3,0.4562496518095334
2023-11-29,Cityscape,2,3,0.8144379158814748
2023-11-29,Dining,1,2,0.9067436456680298
2023-11-29,Entertainment,3,3,0.8955795794725417
2023-11-29,Hotel,1,1,0.9384166598320007
2023-11-29,Natural,1,1,0.9263988137245178
2023-11-29,Religious,1,1,0.8731522560119629
2023-11-29,Transit,1,3,0.24258924606773588
2023-11-30,Cityscape,2,2,0.8283626437187195
2023-11-30,Cultural,1,1,0.8002338409423828
2023-11-30,Entertainment,3,5,0.9481601348290077
2023-11-30,Natural,1,1,0.6540156876934426
2023-11-30,Religious,1,2,0.7968305945396423
2023-11-30,area,1,1,0.6136047840118408
2023-12-01,Cityscape,4,5,0.77402623295784
2023-12-01,Dining,3,4,0.9182992056012154
2023-12-01,Entertainment,3,6,0.8804981547688682
2023-12-01,Hotel,1,1,0.5899087190628052
2023-12-01,Natural,1,1,0.927829921245575
2023-12-01,Outdoor,1,3,0.9299732314215766
2023-12-01,Religious,1,1,0.9264539480209351
2023-12-01,Transit,2,2,0.2806531945243478
2023-12-01,area,3,10,0.8195136124889055
2023-12-02,Cityscape,1,1,0.5408722162246704
2023-12-02,Cultural,1,2,0.5827478766441345
2023-12-02,Dining,1,1,0.9525229930877686
2023-12-02,Entertainment,2,2,0.9441335300604503
2023-12-02,Hotel,1,1,0.8630818128585815
2023-12-02,Transit,2,2,0.31152635742910206
2023-12-02,area,1,1,0.9245875477790833
2023-12-03,Cityscape,1,1,0.884416401386261
2023-12-03,Dining,1,1,0.7151689156889915
2023-12-03,Entertainment,2,2,0.944386715690295
2023-12-03,Hotel,1,2,0.40481553475062054
2023-12-03,Transit,1,2,0.6615370512008667
2023-12-04,Cityscape,4,4,0.8573771119117737
2023-12-04,Cultural,2,4,0.6574013531208038
2023-12-04,Entertainment,5,11,0.7852914263024803
2023-12-04,Hotel,2,2,0.9007187336683273
2023-12-04,Shopping,1,1,0.672039806842804
2023-12-04,Transit,2,2,0.5322674339016278
2023-12-04,area,2,3,0.6950810452302297
2023-12-05,Cityscape,3,3,0.5886099077761173
2023-12-05,Dining,2,2,0.8892864286899567
2023-12-05,Entertainment,4,4,0.778243362903595
2023-12-05,Shopping,1,1,0.6515550017356873
2023-12-05,area,2,2,0.5602873861789703
2023-12-06,Cityscape,1,1,0.8431293368339539
2023-12-06,Cultural,1,3,0.8959878534078598
2023-12-06,Dining,1,1,0.6853156685829163
2023-12-06,Entertainment,1,1,0.9797311723232269
2023-12-06,area,1,1,0.8252727389335632
2023-12-07,Cityscape,2,2,0.9023270606994629
2023-12-07,Cultural,2,2,0.8820996433496475
2023-12-07,Dining,1,1,0.5005024882654349
2023-12-07,Entertainment,5,10,0.9225246376047531
2023-12-07,Hotel,1,1,0.9554402828216553
2023-12-07,Natural,1,1,0.8094559013843536
2023-12-07,Shopping,1,1,0.9105277061462402
2023-12-07,Transit,1,1,0.7627442181110382
2023-12-08,Cultural,1,1,0.3931484818458557
2023-12-08,Entertainment,1,1,0.9661201976594471
2023-12-08,Hotel,1,1,0.6999942064285278
2023-12-08,Religious,1,1,0.241439338773489
2023-12-08,Transit,2,3,0.4104126041962041
2023-12-08,area,1,1,0.3226005434989929
2023-12-09,Transit,1,2,0.44076705165207386
2023-12-09,area,1,1,0.2539815902709961
2023-12-10,Cityscape,2,4,0.8759690150618553
2023-12-10,Cultural,2,5,0.7890454081374975
2023-12-10,Dining,2,3,0.9000182946523031
2023-12-10,Entertainment,2,2,0.7287735342979431
2023-12-10,Natural,1,1,0.5117882490158081
2023-12-10,Religious,1,1,0.8118339776992798
2023-12-10,Shopping,1,1,0.9375659823417664
2023-12-10,Transit,2,3,0.25906068397065
2023-12-10,area,2,3,0.7780244449774424
2023-12-11,Cityscape,3,3,0.4766949291030566
2023-12-11,Cultural,3,4,0.6314646936953068
2023-12-11,Entertainment,1,1,0.8270143747329712
2023-12-11,Hotel,1,1,0.9244137406349182
2023-12-11,Sport,1,1,0.5696282684803009
2023-12-11,Transit,3,3,0.5389065030548307
2023-12-11,area,3,4,0.8568700179457664
2023-12-12,Cityscape,1,2,0.7187152057886124
2023-12-12,Cultural,1,1,0.8961578011512756
2023-12-12,Dining,2,8,0.5843191217281856
2023-12-12,Entertainment,4,4,0.8685450769876215
2023-12-12,Hotel,2,6,0.5307552839318911
2023-12-12,Natural,1,2,0.847876787185669
2023-12-12,Transit,1,1,0.6328636556863785
2023-12-12,area,2,5,0.5839514608805378
2023-12-13,Cityscape,1,1,0.9573665261268616
2023-12-13,Dining,1,2,0.9309195876121521
2023-12-13,Religious,1,1,0.39298927783966064
2023-12-13,Shopping,1,1,0.9330189228057861
2023-12-13,Transit,1,1,0.8161213994026184
2023-12-14,Cityscape,1,1,0.8638500571250916
2023-12-14,Dining,1,3,0.8242630263169607
2023-12-14,Entertainment,5,9,0.9483372715626776
2023-12-14,Hotel,2,2,0.8706680337587993
2023-12-14,Natural,1,1,0.9023268818855286
2023-12-14,Outdoor,1,1,0.8775576949119568
2023-12-14,Religious,1,1,0.9196612238883972
2023-12-14,Transit,4,4,0.8114442512392998
2023-12-14,area,3,3,0.8296651773982577
2023-12-15,Cityscape,3,6,0.8341447975900439
2023-12-15,Dining,1,1,0.618281364440918
2023-12-15,Entertainment,3,6,0.9396651543752111
2023-12-15,Hotel,1,1,0.9546607732772827
2023-12-15,Shopping,1,1,0.9697360992431641
2023-12-15,Transit,1,1,0.3698083460330963
2023-12-15,area,1,3,0.5569775866137611
2023-12-16,Cityscape,1,1,0.6160283088684082
2023-12-16,Cultural,1,2,0.6201172173023224
2023-12-16,Dining,1,1,0.9680206775665283
2023-12-16,Entertainment,2,5,0.9492817774578765
2023-12-16,Shopping,1,1,0.942528486251831
2023-12-16,Transit,2,2,0.1333062599102656
2023-12-16,area,2,2,0.5471061716477077
2023-12-17,Dining,2,5,0.9062443137168884
2023-12-17,Entertainment,4,4,0.7188800433650613
2023-12-17,Hotel,1,1,0.8008789122104645
2023-12-17,Natural,1,2,0.8115770816802979
2023-12-17,Religious,1,3,0.5950755413311223
2023-12-17,Shopping,1,2,0.8533395230770111
2023-12-17,Transit,1,1,0.5076400637626648
2023-12-17,area,2,8,0.7170025864616036
2023-12-18,Cityscape,1,1,0.2882382869720459
2023-12-18,Cultural,1,1,0.7464589948455492
2023-12-18,Hotel,1,1,0.6167597472667694
2023-12-18,area,1,1,0.599989652633667
2023-12-19,Cityscape,3,6,0.6213220230614146
2023-12-19,Dining,1,5,0.8357201814651489
2023-12-19,Entertainment,3,6,0.8639825734827253
2023-12-19,Shopping,2,3,0.8401484688123068
2023-12-19,Transit,2,3,0.49847801737487313
2023-12-19,area,2,4,0.44497000239789486
2023-12-20,Cityscape,1,2,0.7864819467067719
2023-12-20,Dining,1,4,0.7895160354673862
2023-12-20,Religious,1,1,0.8891521096229553
2023-12-20,Shopping,1,1,0.6779550295323133
2023-12-20,Transit,1,1,0.25679401122033596
2023-12-20,area,1,1,0.9328846335411072
2023-12-21,Dining,1,1,0.8138380646705627
2023-12-21,Hotel,1,2,0.7438870668411255
2023-12-21,Natural,1,1,0.7025434374809265
2023-12-21,Shopping,2,2,0.8442506864666939
2023-12-22,Cityscape,5,8,0.866130605340004
2023-12-22,Cultural,2,3,0.7194677591323853
2023-12-22,Dining,1,1,0.6089759171009064
2023-12-22,Entertainment,3,3,0.9238612420029111
2023-12-22,Hotel,2,2,0.8731675148010254
2023-12-22,Natural,1,1,0.9295775294303894
2023-12-22,Transit,1,2,0.16300249099731445
2023-12-22,area,1,1,0.9134166240692139
2023-12-23,Cityscape,3,4,0.921368807554245
2023-12-23,Cultural,1,2,0.8962480425834656
2023-12-23,Entertainment,1,1,0.9197822213172913
2023-12-23,Shopping,1,2,0.9355010986328125
2023-12-23,area,1,1,0.8830857276916504
2023-12-24,Cityscape,2,2,0.946539431810379
2023-12-24,Cultural,1,1,0.89556485414505
2023-12-24,Hotel,1,2,0.9578108787536621
2023-12-24,Natural,1,1,0.836367666721344
2023-12-24,Shopping,2,2,0.6116257703397423
2023-12-24,Sport,1,1,0.9521489143371582
2023-12-24,Transit,1,1,0.9748734831809998
2023-12-24,area,1,1,0.3130852282047272
2023-12-25,Cityscape,1,2,0.1800439953804016
2023-12-25,Entertainment,3,4,0.9555160564399953
2023-12-26,Cityscape,1,1,0.7393243908882141
2023-12-26,Entertainment,2,2,0.9506100413173135
2023-12-26,Religious,1,1,0.8961287140846252
2023-12-26,area,1,1,0.5736877421538035
2023-12-27,Cityscape,2,2,0.4855501924951871
2023-12-27,Cultural,1,2,0.7737989525000255
2023-12-27,Dining,1,1,0.548149585723877
2023-12-27,Entertainment,1,1,0.8896000005982139
2023-12-27,Shopping,2,2,0.5342189110815525
2023-12-27,Transit,2,3,0.7810445688664913
2023-12-27,area,1,2,0.21891016094014049
2023-12-28,Cityscape,4,4,0.7018259515364965
2023-12-28,Dining,1,1,0.4463617764413357
2023-12-28,Entertainment,2,2,0.5042080506682396
2023-12-28,Hotel,1,1,0.865473747253418
2023-12-28,Shopping,1,1,0.936126708984375
2023-12-28,Transit,1,1,0.23629021644592285
2023-12-29,Cultural,1,1,0.5074131488800049
2023-12-29,Entertainment,2,2,0.8810127824544907
2023-12-29,Hotel,1,1,0.9102469086647034
2023-12-29,Natural,1,2,0.5464541465044022
2023-12-29,Religious,1,3,0.8723520040512085
2023-12-29,Shopping,1,1,0.8832845886548361
2023-12-29,Transit,1,1,0.11114536225795746
2023-12-29,area,2,2,0.7571585297584533
2023-12-30,Dining,1,1,0.30780190229415894
2023-12-30,Entertainment,3,3,0.8759331206916369
2023-12-30,Transit,1,1,0.2507123351097107
2023-12-31,Cityscape,2,9,0.5716134109016922
2023-12-31,Dining,2,2,0.5767937932784359
2023-12-31,Entertainment,3,5,0.934439679980278
2023-12-31,Shopping,1,1,0.8949533104896545
2023-12-31,Transit,2,2,0.48052859944956644
2023-12-31,area,2,3,0.22944322725137076
2024-01-01,Cityscape,27,31,0.8350799429350563
2024-01-01,Cultural,2,2,0.3590627610683441
2024-01-01,Dining,2,2,0.906191036105156
2024-01-01,Entertainment,76,103,0.9196939296592954
2024-01-01,Hotel,5,5,0.8540453374385834
2024-01-01,Natural,7,8,0.8816357161849737
2024-01-01,Outdoor,1,1,0.91152423620224
2024-01-01,Religious,3,5,0.710089361667633
2024-01-01,Shopping,8,9,0.7888727657534559
2024-01-01,Transit,8,8,0.663848458789289
2024-01-01,area,10,11,0.6523393392562866
2024-01-02,Cityscape,21,26,0.8408871454688219
2024-01-02,Cultural,8,13,0.7416745228454088
2024-01-02,Dining,9,10,0.854512353738149
2024-01-02,Entertainment,84,120,0.9225268227574032
2024-01-02,Hotel,7,10,0.8885053440928459
2024-01-02,Natural,10,13,0.855146335867735
2024-01-02,Outdoor,2,2,0.9300455451011658
2024-01-02,Religious,4,4,0.7205584173401197
2024-01-02,Shopping,6,8,0.6069165284279734
2024-01-02,Transit,15,19,0.4841125162167527
2024-01-02,area,16,19,0.7653213057491178
2024-01-03,Cityscape,26,37,0.7431628215755965
2024-01-03,Cultural,7,9,0.8542736437585619
2024-01-03,Dining,9,10,0.8474741667509079
2024-01-03,Entertainment,80,105,0.8878115520259663
2024-01-03,Hotel,11,11,0.8414417465753629
2024-01-03,Natural,13,18,0.7908020586603217
2024-01-03,Outdoor,5,7,0.7809407136269978
2024-01-03,Religious,10,14,0.7997698358127049
2024-01-03,Shopping,10,11,0.6346177961959532
2024-01-03,Transit,16,20,0.5204819093757708
2024-01-03,area,23,30,0.7099816139808132
2024-01-04,Cityscape,23,32,0.7892494285878326
2024-01-04,Cultural,6,9,0.7905426522095998
2024-01-04,Dining,12,21,0.7586825891501374
2024-01-04,Entertainment,68,97,0.8986842930224668
2024-01-04,Hotel,5,9,0.757953848482834
2024-01-04,Natural,10,12,0.7838856689631939
2024-01-04,Outdoor,1,3,0.821284274260203
2024-01-04,Religious,7,8,0.6789126619696617
2024-01-04,Shopping,8,12,0.7867552433162928
2024-01-04,Sport,1,1,0.9681262671947479
2024-01-04,Transit,10,12,0.5081931302723076
2024-01-04,area,15,22,0.7289035093377937
2024-01-05,Cityscape,12,16,0.7572659136882672
2024-01-05,Cultural,4,4,0.8401430249214172
2024-01-05,Dining,7,10,0.8861409594615302
2024-01-05,Entertainment,61,87,0.9110944099492647
2024-01-05,Hotel,4,5,0.9042284031709036
2024-01-05,Natural,4,7,0.8976799533480689
2024-01-05,Outdoor,2,2,0.25856841541826725
2024-01-05,Religious,6,7,0.6665360865050128
2024-01-05,Shopping,5,5,0.6894326746463776
2024-01-05,Transit,7,10,0.5697170535102487
2024-01-05,area,9,11,0.6885033064719402
2024-01-06,Cityscape,16,19,0.7152469863036746
2024-01-06,Cultural,16,21,0.6151982128280141
2024-01-06,Dining,8,9,0.6803732075624995
2024-01-06,Entertainment,74,94,0.8895563893960242
2024-01-06,Hotel,5,6,0.6935830662647883
2024-01-06,Natural,8,11,0.7728530141440305
2024-01-06,Outdoor,2,2,0.9467156827449799
2024-01-06,Religious,7,13,0.5726632841217977
2024-01-06,Shopping,8,8,0.7285571247339249
2024-01-06,Transit,13,19,0.37566205476198283
2024-01-06,area,20,23,0.7049308794456116
2024-01-07,Cityscape,25,34,0.7607571582912522
2024-01-07,Cultural,4,4,0.7501964792609215
2024-01-07,Dining,6,6,0.7194001972675323
2024-01-07,Entertainment,63,79,0.9042214658285713
2024-01-07,Hotel,3,4,0.8605560809373856
2024-01-07,Natural,11,13,0.8694650489550371
2024-01-07,Religious,9,13,0.7022914378306804
2024-01-07,Shopping,7,7,0.7259398347565106
2024-01-07,Transit,9,10,0.4136470863070244
2024-01-07,area,7,12,0.7825539490828911
2024-01-08,Cityscape,26,32,0.7864612613338977
2024-01-08,Cultural,9,11,0.6802964781721433
2024-01-08,Dining,8,9,0.8322149550630933
2024-01-08,Entertainment,62,93,0.9191097776040825
2024-01-08,Hotel,2,4,0.8680941959222158
2024-01-08,Natural,11,11,0.8698851921341636
2024-01-08,Outdoor,9,13,0.892256471591118
2024-01-08,Religious,6,7,0.718180924654007
2024-01-08,Shopping,14,17,0.8081108016126296
2024-01-08,Transit,12,19,0.6190589513433608
2024-01-08,area,20,35,0.6226953049500784
2024-01-09,Cityscape,33,38,0.8126889918979846
2024-01-09,Cultural,8,9,0.7060059566154249
2024-01-09,Dining,8,11,0.6985554636427851
2024-01-09,Entertainment,71,125,0.8742792138135334
2024-01-09,Hotel,8,10,0.9180693209171296
2024-01-09,Natural,6,8,0.8018998740008101
2024-01-09,Outdoor,3,3,0.8753507339473193
2024-01-09,Religious,12,19,0.7826332072482297
2024-01-09,Shopping,14,14,0.7232476174641324
2024-01-09,Transit,13,18,0.4825269619554833
2024-01-09,area,22,28,0.585789498720052
2024-01-10,Cityscape,19,22,0.7716571232380947
2024-01-10,Cultural,1,1,0.5252175033092499
2024-01-10,Dining,4,7,0.7988909669220448
2024-01-10,Entertainment,60,78,0.9156537902658807
2024-01-10,Hotel,7,8,0.8346003272511937
2024-01-10,Natural,5,7,0.8634426962761651
2024-01-10,Outdoor,4,4,0.6472583014983684
2024-01-10,Religious,11,17,0.6633238278266762
2024-01-10,Shopping,9,10,0.6852030775509774
2024-01-10,Transit,15,15,0.6121613994654681
2024-01-10,area,18,25,0.6797533576885858
2024-01-11,Cityscape,25,30,0.8843957225150533
2024-01-11,Cultural,4,5,0.8589265823364258
2024-01-11,Dining,11,15,0.7727288023589386
2024-01-11,Entertainment,56,78,0.8813423057470249
2024-01-11,Hotel,6,9,0.9092483388053046
2024-01-11,Natural,7,8,0.901940431445837
2024-01-11,Outdoor,4,5,0.9133872747421264
2024-01-11,Religious,4,4,0.5719852564235528
2024-01-11,Shopping,5,5,0.7127592666074634
2024-01-11,Transit,16,18,0.38119151568454174
2024-01-11,area,15,28,0.7227614087983966
2024-01-12,Cityscape,14,16,0.6506774625944781
2024-01-12,Cultural,4,4,0.6936706379055977
2024-01-12,Dining,4,7,0.7420780892883029
2024-01-12,Entertainment,66,93,0.8976988043667751
2024-01-12,Hotel,5,6,0.7678745760271947
2024-01-12,Natural,8,8,0.8418052066117525
2024-01-12,Outdoor,2,2,0.9151803106069565
2024-01-12,Religious,6,10,0.6458354353904724
2024-01-12,Shopping,3,3,0.8897879123687744
2024-01-12,Transit,18,25,0.4808804291393608
2024-01-12,area,12,18,0.6056281791792976
2024-01-13,Cityscape,19,27,0.7819987638577133
2024-01-13,Cultural,3,3,0.9284244312180413
2024-01-13,Dining,3,4,0.7867951914668083
2024-01-13,Entertainment,64,93,0.8953154980031554
2024-01-13,Hotel,9,9,0.8403063853581746
2024-01-13,Natural,9,12,0.8027095827791425
2024-01-13,Outdoor,5,10,0.8729172110557556
2024-01-13,Religious,4,8,0.7066011698916554
2024-01-13,Shopping,8,9,0.7461497038602829
2024-01-13,Transit,8,9,0.399762971640599
2024-01-13,area,12,17,0.6291969650808502
2024-01-14,Cityscape,21,31,0.8258027272290349
2024-01-14,Cultural,8,8,0.6697880756109953
2024-01-14,Dining,3,4,0.9433544940418668
2024-01-14,Entertainment,73,93,0.9215345892103796
2024-01-14,Hotel,4,4,0.934591755270958
2024-01-14,Natural,13,16,0.890451617538929
2024-01-14,Outdoor,3,3,0.8196268081665039
2024-01-14,Religious,7,7,0.7756845269884381
2024-01-14,Shopping,8,9,0.6811733808782365
2024-01-14,Transit,16,25,0.37865991955002154
2024-01-14,area,19,25,0.6763832274824381
2024-01-15,Cityscape,27,36,0.7530396371838396
2024-01-15,Cultural,5,5,0.6530542810757954
2024-01-15,Dining,5,8,0.8673382177948952
2024-01-15,Entertainment,67,92,0.8592682775610515
2024-01-15,Hotel,2,2,0.9550143480300903
2024-01-15,Natural,15,16,0.7364890300668776
2024-01-15,Outdoor,1,1,0.8214523494243622
2024-01-15,Religious,16,19,0.7880889373390298
2024-01-15,School,1,1,0.8971207141876221
2024-01-15,Shopping,7,7,0.6356885387961354
2024-01-15,Transit,15,16,0.4748120257863775
2024-01-15,area,22,36,0.6063802894722257
2024-01-16,Cityscape,15,16,0.7596748099313118
2024-01-16,Cultural,3,4,0.7171221549312273
2024-01-16,Dining,10,11,0.9072524977452828
2024-01-16,Entertainment,72,90,0.9145900903086681
2024-01-16,Hotel,2,2,0.9107521176338196
2024-01-16,Natural,10,12,0.8795300419959756
2024-01-16,Outdoor,3,3,0.7874736984570821
2024-01-16,Religious,4,8,0.8612686852614085
2024-01-16,School,1,1,0.5225314497947693
2024-01-16,Shopping,7,8,0.7364431880414486
2024-01-16,Transit,10,10,0.5283215663706262
2024-01-16,area,11,17,0.7049927812288789
2024-01-17,Cityscape,12,13,0.7530696065380023
2024-01-17,Cultural,2,3,0.6929951806863149
2024-01-17,Dining,6,8,0.6816761414520442
2024-01-17,Entertainment,55,65,0.9105829915289348
2024-01-17,Hotel,5,8,0.8219788353890181
2024-01-17,Natural,6,8,0.9027182869613171
2024-01-17,Outdoor,7,7,0.923754381281989
2024-01-17,Religious,9,11,0.6798231883934049
2024-01-17,Shopping,7,8,0.5767865125089884
2024-01-17,Transit,13,13,0.521498573729052
2024-01-17,area,10,10,0.5377340334157149
2024-01-18,Cityscape,31,38,0.8309586752663579
2024-01-18,Cultural,9,12,0.7775726587860845
2024-01-18,Dining,5,5,0.6177421987056733
2024-01-18,Entertainment,72,85,0.9068230799366603
2024-01-18,Hotel,6,7,0.8030017750603812
2024-01-18,Natural,10,12,0.851738278609183
2024-01-18,Religious,12,16,0.8032834030066928
2024-01-18,Shopping,4,4,0.7355753257870674
2024-01-18,Transit,18,22,0.5155598566034866
2024-01-18,area,19,20,0.6328263620845973
2024-01-19,Cityscape,21,31,0.8057839812170113
2024-01-19,Cultural,4,4,0.7702715100781263
2024-01-19,Dining,7,8,0.739836947992444
2024-01-19,Entertainment,64,82,0.9098967837601374
2024-01-19,Hotel,5,7,0.8783070260570163
2024-01-19,Natural,12,13,0.7860409777898055
2024-01-19,Outdoor,6,6,0.8852865298589071
2024-01-19,Religious,6,12,0.7427326794713736
2024-01-19,Shopping,7,8,0.7779074423015118
2024-01-19,Transit,11,13,0.4023528456305846
2024-01-19,area,17,20,0.6511992880725301
2024-01-20,Cityscape,17,21,0.6424384178032005
2024-01-20,Cultural,8,9,0.6582788576682409
2024-01-20,Dining,8,8,0.7743492111330852
2024-01-20,Entertainment,51,60,0.8856060098831297
2024-01-20,Hotel,8,9,0.8495964410680312
2024-01-20,Natural,9,17,0.8153647610223761
2024-01-20,Outdoor,2,3,0.6428862909475962
2024-01-20,Religious,12,23,0.6976056641534619
2024-01-20,Shopping,7,9,0.7806704579680054
2024-01-20,Transit,10,14,0.27058386410187396
2024-01-20,area,13,16,0.7943013203330338
2024-01-21,Cityscape,27,32,0.6994294147395218
2024-01-21,Cultural,4,4,0.870044007897377
2024-01-21,Dining,5,7,0.8697856470030182
2024-01-21,Entertainment,56,63,0.8868948206315018
2024-01-21,Hotel,5,7,0.7392736843654087
2024-01-21,Natural,9,10,0.8684205719402858
2024-01-21,Outdoor,3,3,0.7852707306543986
2024-01-21,Religious,6,11,0.8762055770917372
2024-01-21,Shopping,8,12,0.8695471998718051
2024-01-21,Transit,15,17,0.2812407062407218
2024-01-21,area,14,15,0.8186358412106832
2024-01-22,Cityscape,14,17,0.7442907244697505
2024-01-22,Cultural,6,9,0.7481751607524024
2024-01-22,Dining,8,10,0.7334394380450249
2024-01-22,Entertainment,46,61,0.8979735354864995
2024-01-22,Hotel,3,3,0.8845527569452921
2024-01-22,Natural,6,9,0.8937453086729403
2024-01-22,Outdoor,6,7,0.8331105538776943
2024-01-22,Religious,8,12,0.7835235148668289
2024-01-22,Shopping,6,6,0.6088756869236628
2024-01-22,Transit,9,9,0.4900747174397111
2024-01-22,area,13,17,0.7957617596668356
2024-01-23,Cityscape,12,15,0.8851321749270908
2024-01-23,Cultural,4,6,0.7085629366338253
2024-01-23,Dining,2,2,0.43110501021146774
2024-01-23,Entertainment,41,56,0.9164490158190477
2024-01-23,Hotel,5,6,0.7510324376635253
2024-01-23,Natural,9,9,0.8884865045547485
2024-01-23,Outdoor,7,7,0.898990382750829
2024-01-23,Religious,7,8,0.6858047973364592
2024-01-23,Shopping,4,4,0.765447348356247
2024-01-23,Transit,9,10,0.724242877960205
2024-01-23,area,15,18,0.7068225219845772
2024-01-24,Cityscape,22,29,0.7581732050121862
2024-01-24,Cultural,4,5,0.6826348602771759
2024-01-24,Dining,7,8,0.9071277305483818
2024-01-24,Entertainment,42,61,0.8930945207884876
2024-01-24,Hotel,4,7,0.8450854101351329
2024-01-24,Natural,5,8,0.8967693969607353
2024-01-24,Outdoor,7,9,0.775637663240695
2024-01-24,Religious,3,4,0.7135438621044159
2024-01-24,Shopping,7,9,0.7567214336660173
2024-01-24,Transit,14,15,0.56380560697012
2024-01-24,area,15,20,0.5695281496193881
2024-01-25,Cityscape,20,23,0.7691707913588354
2024-01-25,Cultural,5,5,0.8416472554206849
2024-01-25,Dining,1,1,0.9450579285621643
2024-01-25,Entertainment,50,64,0.9057165363553774
2024-01-25,Natural,11,13,0.8341795534659654
2024-01-25,Outdoor,5,5,0.7930646359920501
2024-01-25,Religious,6,6,0.807155094212956
2024-01-25,Shopping,9,10,0.7430473297834397
2024-01-25,Transit,11,12,0.5616230286864771
2024-01-25,area,18,19,0.7220039714637556
2024-01-26,Cityscape,28,44,0.7977830704414484
2024-01-26,Cultural,7,9,0.7386443151368035
2024-01-26,Dining,7,9,0.7633049576370804
2024-01-26,Entertainment,60,90,0.888119715500475
2024-01-26,Hotel,9,12,0.7478078153150688
2024-01-26,Natural,12,13,0.7993350498951398
2024-01-26,Outdoor,7,7,0.7882183933453192
2024-01-26,Religious,5,6,0.6946661149462064
2024-01-26,Shopping,7,9,0.8456888426336701
2024-01-26,Transit,11,14,0.4181835717477259
2024-01-26,area,23,29,0.6548984781068203
2024-01-27,Cityscape,35,50,0.7527073158106456
2024-01-27,Cultural,12,16,0.7784769926220179
2024-01-27,Dining,10,12,0.7457753229579884
2024-01-27,Entertainment,68,99,0.9046454986423942
2024-01-27,Hotel,3,3,0.7926593739539385
2024-01-27,Natural,13,28,0.8961574142532689
2024-01-27,Outdoor,7,7,0.7926738813652524
2024-01-27,Religious,14,28,0.7790371142327785
2024-01-27,Shopping,13,15,0.6362389893736691
2024-01-27,Transit,13,15,0.6140705063732134
2024-01-27,area,20,25,0.7038104150692622
2024-01-28,Cityscape,23,28,0.8557827533000991
2024-01-28,Cultural,11,14,0.7765869331501779
2024-01-28,Dining,3,3,0.7496278484662374
2024-01-28,Entertainment,64,94,0.9096405317584794
2024-01-28,Hotel,7,8,0.7207919135689735
2024-01-28,Natural,13,20,0.8517731507122516
2024-01-28,Outdoor,2,2,0.7809025943279266
2024-01-28,Religious,13,23,0.7577636424398078
2024-01-28,School,1,1,0.6800494194030762
2024-01-28,Shopping,11,15,0.7483957844475905
2024-01-28,Transit,11,15,0.6107138100638986
2024-01-28,area,19,32,0.6833846760675355
2024-01-29,Cityscape,23,27,0.7630306416271645
2024-01-29,Cultural,8,12,0.7301554697979656
2024-01-29,Dining,11,12,0.808241146720118
2024-01-29,Entertainment,60,87,0.9187177906762686
2024-01-29,Hotel,4,4,0.6451401486992836
2024-01-29,Natural,9,9,0.8843711664279302
2024-01-29,Outdoor,4,4,0.7707645073533058
2024-01-29,Religious,8,13,0.6008095573156308
2024-01-29,Shopping,8,10,0.7358464776538313
2024-01-29,Transit,15,16,0.5988869254416342
2024-01-29,area,12,14,0.7135098860377357
2024-01-30,Cityscape,31,39,0.7506426465180185
2024-01-30,Cultural,5,5,0.8811419010162354
2024-01-30,Dining,9,10,0.7050079255364835
2024-01-30,Entertainment,58,102,0.9028656561795583
2024-01-30,Hotel,4,8,0.8662376950184504
2024-01-30,Natural,16,17,0.8971560413346571
2024-01-30,Outdoor,2,2,0.8460961580276489
2024-01-30,Religious,8,10,0.6527105465531349
2024-01-30,Shopping,6,6,0.6060003116726875
2024-01-30,Transit,12,12,0.500394350566873
2024-01-30,area,14,14,0.6254701866147728
2024-01-31,Cityscape,21,32,0.8428258712713917
2024-01-31,Cultural,5,11,0.8342309302904389
2024-01-31,Dining,8,11,0.7796670038140181
2024-01-31,Entertainment,64,87,0.9245968777667918
2024-01-31,Hotel,3,3,0.8715603252251943
2024-01-31,Natural,4,4,0.923399556428194
2024-01-31,Outdoor,2,2,0.9093465209007263
2024-01-31,Religious,7,7,0.6213365249487818
2024-01-31,Shopping,10,16,0.6448469622991979
2024-01-31,Sport,1,1,0.9111031889915466
2024-01-31,Transit,8,8,0.6398229296742515
2024-01-31,area,11,15,0.7703414120959738
2024-02-01,Cityscape,16,18,0.6931790752267396
2024-02-01,Cultural,7,10,0.7395545128422479
2024-02-01,Dining,4,4,0.5275317174382508
2024-02-01,Entertainment,61,82,0.893907609680765
2024-02-01,Hotel,3,3,0.6009706854820251
2024-02-01,Natural,7,7,0.8333648102624076
2024-02-01,Outdoor,3,3,0.9356372157732645
2024-02-01,Religious,8,9,0.7071831237386774
2024-02-01,Shopping,3,5,0.7312095999717713
2024-02-01,Transit,12,13,0.5539850763594493
2024-02-01,area,16,19,0.6268996805899616
2024-02-02,Cityscape,17,23,0.800217565153568
2024-02-02,Cultural,6,7,0.7654131821223668
2024-02-02,Dining,5,8,0.7599271074403078
2024-02-02,Entertainment,53,66,0.9194957207917567
2024-02-02,Hotel,5,7,0.8294512714658465
2024-02-02,Natural,5,5,0.7853268027305603
2024-02-02,Outdoor,1,1,0.6077646017074585
2024-02-02,Religious,7,8,0.6776482183486223
2024-02-02,Shopping,7,8,0.8056862130761147
2024-02-02,Transit,10,16,0.4240630979048243
2024-02-02,area,11,16,0.40922425721073524
2024-02-03,Cityscape,18,30,0.7773216327031454
2024-02-03,Cultural,8,10,0.8102170322090387
2024-02-03,Dining,5,6,0.7783745758545896
2024-02-03,Entertainment,88,137,0.8955858041760381
2024-02-03,Hotel,5,7,0.8442709673018683
2024-02-03,Natural,6,6,0.7035387605428696
2024-02-03,Outdoor,2,2,0.9280852973461151
2024-02-03,Religious,6,8,0.7425282336771488
2024-02-03,Shopping,7,10,0.8367695748806
2024-02-03,Transit,13,14,0.5308552864672882
2024-02-03,area,10,11,0.5899688441306352
2024-02-04,Cityscape,24,36,0.7101099682376824
2024-02-04,Cultural,7,8,0.6317742620012723
2024-02-04,Dining,6,8,0.5943297250196338
2024-02-04,Entertainment,54,67,0.9008623470705468
2024-02-04,Hotel,7,9,0.9213441974586911
2024-02-04,Natural,6,6,0.9123247216145197
2024-02-04,Religious,5,11,0.6365576210347089
2024-02-04,Shopping,16,21,0.7947074028234633
2024-02-04,Sport,1,1,0.96262260278066
2024-02-04,Transit,18,22,0.45784397330840654
2024-02-04,area,15,18,0.61137984553352
2024-02-05,Cityscape,27,37,0.7125396649814671
2024-02-05,Cultural,5,6,0.6066084702809652
2024-02-05,Dining,9,13,0.6718346226873584
2024-02-05,Entertainment,77,106,0.922623413890382
2024-02-05,Hotel,3,4,0.7980543449521065
2024-02-05,Natural,10,14,0.8985612498862403
2024-02-05,Religious,9,16,0.7268014656379819
2024-02-05,Shopping,9,10,0.7737600151449442
2024-02-05,Sport,1,1,0.8234007954597473
2024-02-05,Transit,13,16,0.5729236648961281
2024-02-05,area,22,30,0.4950820836792561
2024-02-06,Cityscape,24,31,0.8115664423713761
2024-02-06,Cultural,8,14,0.5988592089907755
2024-02-06,Dining,9,10,0.7279258499542872
2024-02-06,Entertainment,45,76,0.8910964496857964
2024-02-06,Hotel,2,2,0.9492965042591095
2024-02-06,Natural,10,11,0.8699254592259724
2024-02-06,Outdoor,1,1,0.8450937867164612
2024-02-06,Religious,9,15,0.7013747984287786
2024-02-06,Shopping,10,10,0.56219779333243
2024-02-06,Transit,14,14,0.6422830598628415
2024-02-06,area,22,30,0.6557146455513106
2024-02-07,Cityscape,14,19,0.7939846358801189
2024-02-07,Cultural,6,6,0.6250159045060476
2024-02-07,Dining,7,10,0.8495405881355206
2024-02-07,Entertainment,37,39,0.9143184082287351
2024-02-07,Hotel,2,2,0.899684407881328
2024-02-07,Natural,7,11,0.8903259580785577
2024-02-07,Outdoor,2,2,0.6426435858011246
2024-02-07,Religious,6,9,0.6939505614616253
2024-02-07,Shopping,4,5,0.9124015092849731
2024-02-07,Transit,8,8,0.4627661749448938
2024-02-07,area,5,7,0.7626961757029805
2024-02-08,Cityscape,6,10,0.6670033289119601
2024-02-08,Cultural,5,5,0.717809122800827
2024-02-08,Dining,4,4,0.7728560355802377
2024-02-08,Entertainment,30,37,0.8705604296910997
2024-02-08,Hotel,4,4,0.8058058153837919
2024-02-08,Natural,4,7,0.7761069431191399
2024-02-08,Outdoor,1,1,0.9338191151618958
2024-02-08,Religious,7,11,0.7764910838820718
2024-02-08,Shopping,8,9,0.6444215529287854
2024-02-08,Transit,10,13,0.4121130902606707
2024-02-08,area,10,17,0.5323168093667311
2024-02-09,Cityscape,24,30,0.7133802222886256
2024-02-09,Cultural,11,15,0.7797031730413437
2024-02-09,Dining,9,13,0.8483202694318233
2024-02-09,Entertainment,41,54,0.8584231657973258
2024-02-09,Hotel,2,2,0.7963720560073853
2024-02-09,Natural,10,14,0.8282837424249877
2024-02-09,Religious,6,13,0.7361040914540381
2024-02-09,Shopping,8,9,0.5695416962520944
2024-02-09,Transit,11,11,0.5209382377339131
2024-02-09,area,10,14,0.6963752354716971
2024-02-10,Cityscape,16,23,0.6431689562842898
2024-02-10,Cultural,10,10,0.7031922529730946
2024-02-10,Dining,2,3,0.7174200812975565
2024-02-10,Entertainment,36,48,0.9109440755871101
2024-02-10,Hotel,1,1,0.9103698134422302
2024-02-10,Natural,12,15,0.8088792741298676
2024-02-10,Outdoor,2,3,0.9143253962198893
2024-02-10,Religious,6,6,0.800131767988205
2024-02-10,Shopping,7,10,0.6985304858535528
2024-02-10,Transit,9,11,0.6500967858076998
2024-02-10,area,12,15,0.7203902350324723
2024-02-11,Cityscape,16,17,0.8163822338861578
2024-02-11,Cultural,7,9,0.8074105139131899
2024-02-11,Dining,5,5,0.8350418807731735
2024-02-11,Entertainment,56,66,0.9023051390780749
2024-02-11,Hotel,6,6,0.8187240685025851
2024-02-11,Natural,12,15,0.8333802334286949
2024-02-11,Outdoor,5,5,0.7278052628040313
2024-02-11,Religious,6,13,0.6635837862506891
2024-02-11,Shopping,8,8,0.6685062348842621
2024-02-11,Sport,1,1,0.9583027958869934
2024-02-11,Transit,10,11,0.4826588833873922
2024-02-11,area,17,19,0.8377297489920207
2024-02-12,Cityscape,23,26,0.8417903714803058
2024-02-12,Cultural,8,8,0.7620397917926311
2024-02-12,Dining,3,4,0.9153881669044495
2024-02-12,Entertainment,48,85,0.8814430656717234
2024-02-12,Hotel,4,5,0.9137308120727539
2024-02-12,Natural,7,7,0.7986142997230802
2024-02-12,Outdoor,3,4,0.8818654804067179
2024-02-12,Religious,6,7,0.7116450506907243
2024-02-12,Shopping,8,8,0.7720974975576004
2024-02-12,Transit,10,10,0.33244630477287707
2024-02-12,area,15,16,0.5987993999267929
2024-02-13,Cityscape,17,19,0.8007726321454373
2024-02-13,Cultural,4,4,0.6149863749742508
2024-02-13,Dining,5,5,0.622235172720892
2024-02-13,Entertainment,39,51,0.9054893462278751
2024-02-13,Hotel,1,1,0.9314686059951782
2024-02-13,Natural,11,12,0.8693046122789383
2024-02-13,Outdoor,4,7,0.9227660355113801
2024-02-13,Religious,8,8,0.8513186573982239
2024-02-13,Shopping,7,9,0.696834815390132
2024-02-13,Sport,1,1,0.7351295550664266
2024-02-13,Transit,10,11,0.637897962647857
2024-02-13,area,16,21,0.6121600462843185
2024-02-14,Cityscape,22,32,0.7520904136721843
2024-02-14,Cultural,6,10,0.7623706567287445
2024-02-14,Dining,5,5,0.6424202254414558
2024-02-14,Entertainment,34,57,0.8598403819186152
2024-02-14,Hotel,5,5,0.7248403139412403
2024-02-14,Natural,9,11,0.8679522790692069
2024-02-14,Outdoor,4,5,0.8572540998458862
2024-02-14,Religious,6,12,0.8017745465040207
2024-02-14,Shopping,6,8,0.6908734258264303
2024-02-14,Transit,16,21,0.4936534279425229
2024-02-14,area,12,15,0.6852894961006111
2024-02-15,Cityscape,16,23,0.7612820672600166
2024-02-15,Cultural,7,7,0.7067230152232307
2024-02-15,Dining,2,4,0.9549405202269554
2024-02-15,Entertainment,44,56,0.9125528636965015
2024-02-15,Hotel,3,3,0.8866230249404907
2024-02-15,Natural,7,11,0.8935067897493189
2024-02-15,Outdoor,1,1,0.8417160511016846
2024-02-15,Religious,3,8,0.7121505724887053
2024-02-15,Shopping,7,9,0.7847144305706024
2024-02-15,Transit,9,13,0.3499392933775108
2024-02-15,area,13,24,0.5843007323842141
2024-02-16,Cityscape,16,22,0.7801613928467938
2024-02-16,Cultural,6,7,0.7451967607651439
2024-02-16,Dining,8,9,0.8038555471985428
2024-02-16,Entertainment,35,52,0.8999855742572507
2024-02-16,Hotel,4,4,0.6775573343038559
2024-02-16,Natural,7,9,0.7262829856740104
2024-02-16,Religious,6,8,0.7953443266451359
2024-02-16,Shopping,3,3,0.5899733453989029
2024-02-16,Transit,8,8,0.42451022875805694
2024-02-16,area,11,11,0.6582608968922586
2024-02-17,Cityscape,25,37,0.7654574681073427
2024-02-17,Cultural,10,15,0.7899952268222022
2024-02-17,Dining,7,12,0.8605028428137302
2024-02-17,Entertainment,43,46,0.8980855078780138
2024-02-17,Hotel,6,7,0.6770765432821853
2024-02-17,Natural,10,11,0.8987420770255002
2024-02-17,Outdoor,2,2,0.8884461361628313
2024-02-17,Religious,12,16,0.8803977077560765
2024-02-17,Shopping,9,11,0.7218500024667291
2024-02-17,Transit,9,11,0.4592316204569105
2024-02-17,area,11,14,0.6065368144101194
2024-02-18,Cityscape,18,24,0.6945421534279982
2024-02-18,Cultural,6,9,0.5872409713489037
2024-02-18,Dining,8,9,0.8392195502916971
2024-02-18,Entertainment,45,72,0.8935381604936775
2024-02-18,Hotel,5,5,0.72543869856745
2024-02-18,Natural,5,8,0.8770918684701124
2024-02-18,Outdoor,1,1,0.15779441595077515
2024-02-18,Religious,6,8,0.7466997914016247
2024-02-18,Shopping,6,6,0.7732190191745758
2024-02-18,Transit,11,15,0.5207190820060316
2024-02-18,area,15,19,0.6552164857338806
2024-02-19,Cityscape,14,18,0.7727240388868032
2024-02-19,Cultural,2,2,0.7913227081298828
2024-02-19,Dining,6,10,0.7674939775839448
2024-02-19,Entertainment,43,56,0.90812503205568
2024-02-19,Hotel,1,2,0.8388801068067551
2024-02-19,Natural,9,11,0.8679520668405476
2024-02-19,Outdoor,3,3,0.9309399582445622
2024-02-19,Religious,6,7,0.48557410422446473
2024-02-19,Shopping,2,2,0.9635364711284637
2024-02-19,Transit,6,7,0.36632233432361055
2024-02-19,area,8,9,0.8349732922183143
2024-02-20,Cityscape,17,29,0.7669127082173852
2024-02-20,Cultural,10,13,0.7567526312210622
2024-02-20,Dining,4,4,0.8190010040998459
2024-02-20,Entertainment,47,60,0.8472472054985347
2024-02-20,Hotel,3,4,0.909863755106926
2024-02-20,Natural,6,6,0.8541269385152392
2024-02-20,Outdoor,2,2,0.9353011250495911
2024-02-20,Religious,8,8,0.6947978660464287
2024-02-20,Shopping,7,7,0.6022138714790345
2024-02-20,Sport,1,1,0.9661964178085327
2024-02-20,Transit,13,13,0.47155836573204934
2024-02-20,area,12,16,0.6517579213483259
2024-02-21,Cityscape,15,18,0.7282268094519774
2024-02-21,Cultural,1,1,0.060109157115221024
2024-02-21,Dining,2,2,0.7352833772699039
2024-02-21,Entertainment,29,37,0.8953093212777492
2024-02-21,Hotel,3,3,0.6106583740976123
2024-02-21,Natural,7,7,0.896453098349628
2024-02-21,Religious,3,5,0.8259955883026123
2024-02-21,Shopping,3,4,0.6649586446583271
2024-02-21,Transit,4,4,0.6827014391310513
2024-02-21,area,7,8,0.7966347746551037
2024-02-22,Cityscape,25,42,0.830109388101846
2024-02-22,Cultural,3,6,0.5785585641860962
2024-02-22,Dining,3,4,0.748907096683979
2024-02-22,Entertainment,45,53,0.8796244214936929
2024-02-22,Hotel,5,6,0.905502716700236
2024-02-22,Natural,10,13,0.8775232319648449
2024-02-22,Outdoor,1,1,0.9278222322463989
2024-02-22,Religious,6,6,0.6603486152986685
2024-02-22,Shopping,10,18,0.7604068502297868
2024-02-22,Transit,12,17,0.5194213278591633
2024-02-22,area,17,21,0.6568834720100596
2024-02-23,Cityscape,23,32,0.7277859410041452
2024-02-23,Cultural,9,13,0.44583736932326307
2024-02-23,Dining,2,2,0.4061837214976549
2024-02-23,Entertainment,37,53,0.866811036547551
2024-02-23,Hotel,2,2,0.5086520835757256
2024-02-23,Natural,6,6,0.7732639154419303
2024-02-23,Outdoor,1,1,0.8553394079208374
2024-02-23,Religious,6,6,0.8217232991009951
2024-02-23,Shopping,3,4,0.8257517218589783
2024-02-23,Transit,10,13,0.4365720721678092
2024-02-23,area,14,19,0.5455834734967054
2024-02-24,Cityscape,16,22,0.7729455850040069
2024-02-24,Cultural,9,9,0.6968370752447343
2024-02-24,Dining,4,6,0.8561027646064758
2024-02-24,Entertainment,51,60,0.8817627480296711
2024-02-24,Hotel,6,7,0.7114713902984346
2024-02-24,Natural,8,10,0.8773473531007767
2024-02-24,Outdoor,1,1,0.49288055300712585
2024-02-24,Religious,9,13,0.5480060150990119
2024-02-24,Shopping,3,3,0.6572784185409546
2024-02-24,Transit,12,15,0.6071006995211873
2024-02-24,area,16,23,0.749852235954215
2024-02-25,Cityscape,23,27,0.7123704046188366
2024-02-25,Cultural,7,9,0.7667269947777652
2024-02-25,Dining,3,3,0.8814621567726135
2024-02-25,Entertainment,52,88,0.9101287256533896
2024-02-25,Hotel,7,7,0.7249676393611091
2024-02-25,Natural,7,8,0.906539379308621
2024-02-25,Outdoor,2,2,0.9356906116008759
2024-02-25,Religious,10,15,0.7972226878007252
2024-02-25,Shopping,6,8,0.4151006983593106
2024-02-25,Transit,11,11,0.6047996201298453
2024-02-25,area,16,16,0.6752157004317269
2024-02-26,Cityscape,18,27,0.7524622316345756
2024-02-26,Cultural,1,1,0.09605623781681061
2024-02-26,Dining,2,3,0.7502984603246053
2024-02-26,Entertainment,39,49,0.8829942173041151
2024-02-26,Hotel,1,1,0.88849937915802
2024-02-26,Natural,10,11,0.8247424228624864
2024-02-26,Outdoor,6,6,0.7962299287319183
2024-02-26,Religious,2,2,0.7698781788349152
2024-02-26,Shopping,6,7,0.7149438850049462
2024-02-26,Transit,7,8,0.3836277841667955
2024-02-26,area,7,8,0.47882844507694244
2024-02-27,Cityscape,22,34,0.6192738512212597
2024-02-27,Cultural,9,16,0.746685747988522
2024-02-27,Dining,11,16,0.7394818169996142
2024-02-27,Entertainment,62,78,0.8508933412879524
2024-02-27,Hotel,5,8,0.8066347487536925
2024-02-27,Natural,12,14,0.8427204367305551
2024-02-27,Outdoor,3,3,0.8339430491129557
2024-02-27,Religious,12,13,0.7653420109015244
2024-02-27,Shopping,9,12,0.7291024950417605
2024-02-27,Transit,20,23,0.5788385485241728
2024-02-27,area,31,58,0.6900889995968205
2024-02-28,Cityscape,20,24,0.683672089698828
2024-02-28,Cultural,8,9,0.8632917222049501
2024-02-28,Dining,4,4,0.6188952904194593
2024-02-28,Entertainment,57,74,0.8905168135070135
2024-02-28,Natural,9,10,0.8789080083370209
2024-02-28,Outdoor,1,1,0.9297528862953186
2024-02-28,Religious,6,10,0.7053967662155628
2024-02-28,Shopping,5,8,0.6854697316884995
2024-02-28,Transit,15,17,0.34040586180797144
2024-02-28,area,13,23,0.6387947052863221
2024-02-29,Cityscape,15,19,0.7318772900261377
2024-02-29,Cultural,8,11,0.7962593302130699
2024-02-29,Dining,7,9,0.7748643855253855
2024-02-29,Entertainment,45,68,0.8943129674494702
2024-02-29,Hotel,3,4,0.8292573988437653
2024-02-29,Natural,9,9,0.88341024518013
2024-02-29,Outdoor,4,6,0.8872670630613962
2024-02-29,Religious,6,9,0.7957750691307915
2024-02-29,Shopping,10,14,0.7372928710945812
2024-02-29,Transit,14,21,0.4604067636016005
2024-02-29,area,17,22,0.7460031568383176
2024-03-01,Cityscape,24,28,0.6861884697992988
2024-03-01,Cultural,5,5,0.7068900793790818
2024-03-01,Dining,6,9,0.7833760469048111
2024-03-01,Entertainment,43,58,0.8818901011376579
2024-03-01,Hotel,3,3,0.7225740452607473
2024-03-01,Natural,12,13,0.7827904805158957
2024-03-01,Outdoor,2,2,0.9322888553142548
2024-03-01,Religious,5,5,0.6201363503932953
2024-03-01,Shopping,6,7,0.6325400741327377
2024-03-01,Sport,1,1,0.8735185265541077
2024-03-01,Transit,16,17,0.43460371797190256
2024-03-01,area,14,17,0.7591398305752698
2024-03-02,Cityscape,23,32,0.7856578613864258
2024-03-02,Cultural,2,2,0.822361558675766
2024-03-02,Dining,6,7,0.7461909891239235
2024-03-02,Entertainment,43,63,0.8599666514131458
2024-03-02,Hotel,8,10,0.5369535399600863
2024-03-02,Natural,15,16,0.8655571757505337
2024-03-02,Outdoor,3,3,0.7530780533949534
2024-03-02,Religious,6,7,0.6077810646522613
2024-03-02,Shopping,7,7,0.5342846133879252
2024-03-02,Transit,9,10,0.46678192007044955
2024-03-02,area,15,21,0.5524764777170332
2024-03-03,Cityscape,26,40,0.7831035580752151
2024-03-03,Cultural,10,15,0.7898887554804485
2024-03-03,Dining,2,2,0.6164104044437408
2024-03-03,Entertainment,58,84,0.8917474486725914
2024-03-03,Hotel,8,12,0.8742162568701638
2024-03-03,Natural,21,30,0.8377795008425083
2024-03-03,Outdoor,6,8,0.7860385254025459
2024-03-03,Religious,13,22,0.7265012545341795
2024-03-03,School,1,2,0.6267103354136149
2024-03-03,Shopping,7,7,0.6832826776163918
2024-03-03,Transit,21,25,0.6224202959949062
2024-03-03,area,20,27,0.6680644396922472
2024-03-04,Cityscape,22,29,0.788456080631278
2024-03-04,Cultural,6,7,0.7801697983273438
2024-03-04,Dining,5,6,0.7060585955623537
2024-03-04,Entertainment,48,68,0.8683624799528141
2024-03-04,Hotel,6,6,0.9045178393522898
2024-03-04,Natural,11,13,0.880866270340406
2024-03-04,Outdoor,3,3,0.7583614587783813
2024-03-04,Religious,7,9,0.7440633542007871
2024-03-04,Shopping,3,4,0.8616328239440918
2024-03-04,Transit,13,16,0.3799318662768978
2024-03-04,area,23,29,0.6370006735336982
2024-03-05,Cityscape,22,29,0.7167234368365386
2024-03-05,Cultural,11,15,0.6846935113271078
2024-03-05,Dining,7,11,0.8058861060576006
2024-03-05,Entertainment,62,81,0.8985852625194165
2024-03-05,Hotel,5,6,0.8165879845619202
2024-03-05,Natural,13,18,0.8101987284642678
2024-03-05,Outdoor,3,3,0.4610551316291094
2024-03-05,Religious,8,14,0.7466575794276737
2024-03-05,Shopping,5,9,0.3637126698676083
2024-03-05,Transit,9,9,0.47812075885357674
2024-03-05,area,19,21,0.5830252424237274
2024-03-06,Cityscape,21,28,0.7120694059397088
2024-03-06,Cultural,4,6,0.5277895964682102
2024-03-06,Dining,4,4,0.6660042442381382
2024-03-06,Entertainment,64,91,0.9209065506842081
2024-03-06,Hotel,5,6,0.7887889718015989
2024-03-06,Natural,14,16,0.8610608233985576
2024-03-06,Religious,10,19,0.7693339550965711
2024-03-06,Shopping,6,9,0.6568522871368461
2024-03-06,Sport,1,1,0.7595309118429819
2024-03-06,Transit,12,16,0.5555642766412348
2024-03-06,area,11,19,0.6324049772269893
2024-03-07,Cityscape,20,21,0.7686297872397296
2024-03-07,Cultural,3,3,0.32077085226774216
2024-03-07,Dining,2,3,0.715751717487971
2024-03-07,Entertainment,59,72,0.88209111082748
2024-03-07,Hotel,3,3,0.7623140091697375
2024-03-07,Natural,6,8,0.805375237762928
2024-03-07,Outdoor,1,1,0.721352219581604
2024-03-07,Religious,5,6,0.6807617271939913
2024-03-07,Shopping,2,2,0.5423171669244766
2024-03-07,Sport,1,1,0.7061578035354614
2024-03-07,Transit,8,8,0.7308322232549211
2024-03-07,area,13,17,0.6546129738437195
2024-03-08,Cityscape,28,34,0.7252048912512905
2024-03-08,Cultural,4,5,0.5552691638469696
2024-03-08,Dining,3,6,0.6955570518039167
2024-03-08,Entertainment,57,79,0.8820298960903886
2024-03-08,Hotel,5,6,0.6250757017276353
2024-03-08,Natural,12,15,0.8524317224820455
2024-03-08,Outdoor,1,1,0.8933310508728027
2024-03-08,Religious,8,10,0.8768618494272232
2024-03-08,Shopping,5,7,0.7014953376991409
2024-03-08,Transit,12,12,0.5337134342019757
2024-03-08,area,11,21,0.5563243720994612
2024-03-09,Cityscape,25,30,0.7635924121985833
2024-03-09,Cultural,6,6,0.6185443612436453
2024-03-09,Dining,3,3,0.9421235223611196
2024-03-09,Entertainment,59,71,0.8760699354604542
2024-03-09,Hotel,5,6,0.8715362358424398
2024-03-09,Natural,10,11,0.8811194679953835
2024-03-09,Outdoor,5,6,0.891974099808269
2024-03-09,Religious,4,4,0.7947081155143678
2024-03-09,Shopping,5,5,0.5146168537437916
2024-03-09,Transit,11,11,0.399211105254494
2024-03-09,area,14,22,0.6993479776563066
2024-03-10,Cityscape,24,32,0.664736135591132
2024-03-10,Cultural,8,10,0.8182444632053375
2024-03-10,Dining,9,11,0.827411056467981
2024-03-10,Entertainment,59,80,0.9031272837732327
2024-03-10,Hotel,3,3,0.4651568979024887
2024-03-10,Natural,11,11,0.8153565160252831
2024-03-10,Outdoor,1,1,0.85724937915802
2024-03-10,Religious,7,9,0.7767280969354842
2024-03-10,Shopping,5,13,0.5898779305996317
2024-03-10,Transit,21,24,0.38276299763990645
2024-03-10,area,22,33,0.627157038359931
2024-03-11,Cityscape,20,28,0.76084391706224
2024-03-11,Cultural,7,7,0.6740205777542931
2024-03-11,Dining,9,12,0.7488902136683464
2024-03-11,Entertainment,53,77,0.878791125368993
2024-03-11,Hotel,4,4,0.8485620766878128
2024-03-11,Natural,13,20,0.8140786236027877
2024-03-11,Outdoor,8,10,0.8076402544975281
2024-03-11,Religious,10,17,0.56390299343084
2024-03-11,Shopping,9,22,0.46686060842167404
2024-03-11,Transit,17,21,0.49704712128177997
2024-03-11,area,19,31,0.5266887825239913
2024-03-12,Cityscape,21,33,0.763764926279434
2024-03-12,Cultural,11,14,0.7112803187398684
2024-03-12,Dining,9,9,0.7451723540822665
2024-03-12,Entertainment,83,114,0.8705860899359034
2024-03-12,Hotel,5,6,0.7024549304818114
2024-03-12,Natural,6,7,0.8853215064321246
2024-03-12,Outdoor,3,3,0.5666288981835047
2024-03-12,Religious,6,7,0.5980126733581226
2024-03-12,Shopping,8,8,0.4868514889385551
2024-03-12,Transit,15,16,0.5856411672818164
2024-03-12,area,15,18,0.6568318899522569
2024-03-13,Cityscape,29,40,0.7213558575759331
2024-03-13,Cultural,11,15,0.6110245214154323
2024-03-13,Dining,11,12,0.6927718843375756
2024-03-13,Entertainment,58,90,0.8649449067504803
2024-03-13,Hotel,3,4,0.7259614033003647
2024-03-13,Natural,19,30,0.8216808508667681
2024-03-13,Outdoor,7,8,0.8724841736257076
2024-03-13,Religious,16,23,0.8107459609283115
2024-03-13,Shopping,7,9,0.8248744044038985
2024-03-13,Transit,21,25,0.4529567450912936
2024-03-13,area,20,25,0.8000242808532146
2024-03-14,Cityscape,23,29,0.7966037519704336
2024-03-14,Cultural,6,7,0.7713027085576739
2024-03-14,Dining,6,14,0.7578053769788572
2024-03-14,Entertainment,68,116,0.8604026810411508
2024-03-14,Hotel,5,5,0.8600952327251434
2024-03-14,Natural,14,18,0.7325483421208682
2024-03-14,Outdoor,2,2,0.9337251782417297
2024-03-14,Religious,9,13,0.7382080430308213
2024-03-14,Shopping,11,11,0.713880189305002
2024-03-14,Transit,11,13,0.2970770914107561
2024-03-14,area,23,29,0.7180485275938967
2024-03-15,Cityscape,32,47,0.7821396749162822
2024-03-15,Cultural,9,12,0.6016549896448851
2024-03-15,Dining,8,8,0.8667538647229472
2024-03-15,Entertainment,76,98,0.8696798824133731
2024-03-15,Hotel,6,6,0.7540290306011835
2024-03-15,Natural,7,9,0.8857488687391634
2024-03-15,Religious,12,14,0.7335348083149819
2024-03-15,Shopping,5,5,0.5597499407827854
2024-03-15,Transit,13,16,0.3981988404217797
2024-03-15,area,16,21,0.6172775578877283
2024-03-16,Cityscape,24,28,0.6740637575358145
2024-03-16,Cultural,5,5,0.7488293749364939
2024-03-16,Dining,9,13,0.7999097747871509
2024-03-16,Entertainment,66,86,0.9072739683765136
2024-03-16,Hotel,3,3,0.9262730289589275
2024-03-16,Natural,12,14,0.7864191342677389
2024-03-16,Outdoor,2,2,0.8696655929088593
2024-03-16,Religious,9,15,0.7739268362522125
2024-03-16,Shopping,11,14,0.6271246646486578
2024-03-16,Transit,19,23,0.5468829956970044
2024-03-16,area,20,28,0.5889104466533311
2024-03-17,Cityscape,28,41,0.721144311451088
2024-03-17,Cultural,4,5,0.8097569723924002
2024-03-17,Dining,7,13,0.7395936754078437
2024-03-17,Entertainment,81,102,0.8724631781518426
2024-03-17,Hotel,6,6,0.6529988596836726
2024-03-17,Natural,13,19,0.8243777551149067
2024-03-17,Outdoor,3,4,0.8140342235565186
2024-03-17,Religious,7,10,0.7681600213050842
2024-03-17,Shopping,10,11,0.6543558706444773
2024-03-17,Transit,10,12,0.3686993173641404
2024-03-17,area,22,31,0.6295074038560532
2024-03-18,Cityscape,20,23,0.6577670784545657
2024-03-18,Cultural,6,10,0.7115287363529206
2024-03-18,Dining,8,10,0.7691243123263121
2024-03-18,Entertainment,56,71,0.8677822591766672
2024-03-18,Hotel,4,5,0.6544136385122935
2024-03-18,Natural,11,15,0.7809378582570289
2024-03-18,Outdoor,2,3,0.9288346469402313
2024-03-18,Religious,10,18,0.7395826329787573
2024-03-18,Shopping,7,7,0.7909823868955884
2024-03-18,Transit,20,23,0.5261046892787883
2024-03-18,area,19,31,0.6758354739015621
2024-03-19,Cityscape,20,27,0.8284132616755403
2024-03-19,Cultural,10,11,0.8136732280254364
2024-03-19,Dining,8,13,0.9091795705831968
2024-03-19,Entertainment,83,117,0.895151028784659
2024-03-19,Hotel,7,7,0.7608694689614433
2024-03-19,Natural,16,16,0.7874305498941491
2024-03-19,Outdoor,3,3,0.5597917238871256
2024-03-19,Religious,9,14,0.7236373041357312
2024-03-19,Shopping,6,7,0.651530251971313
2024-03-19,Transit,12,17,0.5192341275294038
2024-03-19,area,15,18,0.5589977353811264
2024-03-20,Cityscape,30,47,0.7215207497595896
2024-03-20,Cultural,6,7,0.6265424638986588
2024-03-20,Dining,4,6,0.7459200598920385
2024-03-20,Entertainment,63,109,0.899363640704544
2024-03-20,Hotel,5,6,0.8089919046119407
2024-03-20,Natural,8,8,0.8358770702034235
2024-03-20,Outdoor,3,4,0.9169560298323631
2024-03-20,Religious,14,17,0.7910847994042377
2024-03-20,Shopping,8,8,0.7288929093629122
2024-03-20,Transit,15,17,0.5060545764194703
2024-03-20,area,22,30,0.5786505341416959
2024-03-21,Cityscape,23,26,0.7268716325887884
2024-03-21,Cultural,9,9,0.6349519917534457
2024-03-21,Dining,7,11,0.8059944808483124
2024-03-21,Entertainment,66,74,0.8964457961120171
2024-03-21,Hotel,5,5,0.5058900788426399
2024-03-21,Natural,13,18,0.8287619115025909
2024-03-21,Outdoor,3,3,0.9184674322605133
2024-03-21,Religious,12,20,0.7348767926543951
2024-03-21,Shopping,6,6,0.7898646791776022
2024-03-21,Transit,22,27,0.4700249164606686
2024-03-21,area,14,15,0.6045445874022941
2024-03-22,Cityscape,19,24,0.7413623742759228
2024-03-22,Cultural,7,7,0.722543760779358
2024-03-22,Dining,6,11,0.8441748224940651
2024-03-22,Entertainment,63,101,0.8885379533936235
2024-03-22,Hotel,5,5,0.6353438546260197
2024-03-22,Natural,8,13,0.8728289787585919
2024-03-22,Outdoor,3,3,0.6663445557157198
2024-03-22,Religious,8,13,0.7345800331005683
2024-03-22,Shopping,5,6,0.7711876978476843
2024-03-22,Transit,14,16,0.5051867526933728
2024-03-22,area,18,25,0.7575908571481704
2024-03-23,Cityscape,25,43,0.7974904058017415
2024-03-23,Cultural,10,12,0.6430931729264557
2024-03-23,Dining,12,17,0.8096206760873982
2024-03-23,Entertainment,65,107,0.8827282435802661
2024-03-23,Hotel,8,9,0.8861557609505124
2024-03-23,Natural,4,5,0.6726801171898842
2024-03-23,Outdoor,3,4,0.796647846698761
2024-03-23,Religious,7,11,0.7081810926849191
2024-03-23,Shopping,11,11,0.7681910526571851
2024-03-23,Transit,17,21,0.5706666741165376
2024-03-23,area,18,20,0.6264142571120626
2024-03-24,Cityscape,26,32,0.7358377449369679
2024-03-24,Cultural,12,13,0.5233438359239162
2024-03-24,Dining,10,17,0.8362426340908689
2024-03-24,Entertainment,70,106,0.8977288423004671
2024-03-24,Hotel,3,3,0.8523714939753214
2024-03-24,Natural,10,12,0.805511355607046
2024-03-24,Outdoor,4,4,0.8267708867788315
2024-03-24,Religious,10,16,0.7369540482759476
2024-03-24,Shopping,7,9,0.7388960321744283
2024-03-24,Sport,1,1,0.3355359733104706
2024-03-24,Transit,16,19,0.4969457238422413
2024-03-24,area,19,23,0.6755204979816208
2024-03-25,Cityscape,18,22,0.818387034678399
2024-03-25,Cultural,7,8,0.7394919765906202
2024-03-25,Dining,4,8,0.7976890740295252
2024-03-25,Entertainment,66,89,0.8990253158774671
2024-03-25,Hotel,4,6,0.8992750197649002
2024-03-25,Natural,12,13,0.7961574632387894
2024-03-25,Outdoor,2,2,0.8830950558185577
2024-03-25,Religious,7,8,0.6514817125474414
2024-03-25,Shopping,4,4,0.6684295944869518
2024-03-25,Transit,12,13,0.6494940547988965
2024-03-25,area,13,16,0.6106006025802344
2024-03-26,Cityscape,34,46,0.7648743993727729
2024-03-26,Cultural,5,6,0.748227435350418
2024-03-26,Dining,8,8,0.7375819627195597
2024-03-26,Entertainment,76,105,0.8998789986578143
2024-03-26,Hotel,5,7,0.774292294556896
2024-03-26,Natural,13,17,0.835403149618822
2024-03-26,Outdoor,1,1,0.9004436731338501
2024-03-26,Religious,6,6,0.6305553863445917
2024-03-26,Shopping,9,9,0.7036466845271424
2024-03-26,Transit,22,25,0.5089384656772018
2024-03-26,area,16,23,0.6645076898048106
2024-03-27,Cityscape,22,31,0.742033059414356
2024-03-27,Cultural,4,4,0.7369791865348816
2024-03-27,Dining,6,9,0.9193278517987993
2024-03-27,Entertainment,75,112,0.9052724989500479
2024-03-27,Hotel,1,1,0.5455703139305115
2024-03-27,Natural,8,9,0.9146189391613007
2024-03-27,Outdoor,1,1,0.9252499938011169
2024-03-27,Religious,7,17,0.7663253060742921
2024-03-27,Shopping,5,7,0.7091290916183165
2024-03-27,Transit,14,19,0.41516777284835515
2024-03-27,area,13,21,0.6712758470149267
2024-03-28,Cityscape,14,22,0.78756463595412
2024-03-28,Cultural,4,6,0.8562270281215509
2024-03-28,Dining,9,16,0.7824667194276117
2024-03-28,Entertainment,62,105,0.8962369950324498
2024-03-28,Hotel,3,5,0.5557506807148457
2024-03-28,Natural,14,17,0.8838696239479616
2024-03-28,Outdoor,4,7,0.683069816657475
2024-03-28,Religious,9,16,0.6908858303601543
2024-03-28,Shopping,5,9,0.7653364803021153
2024-03-28,Transit,11,16,0.4574899460598262
2024-03-28,area,13,18,0.6659382558945153
2024-03-29,Cityscape,26,46,0.7950951471321254
2024-03-29,Cultural,5,7,0.7382974033909184
2024-03-29,Dining,3,7,0.8800654794488635
2024-03-29,Entertainment,76,126,0.8866804055709628
2024-03-29,Hotel,4,8,0.9289825229595104
2024-03-29,Natural,8,11,0.8850163582599524
2024-03-29,Religious,6,9,0.8707436521848043
2024-03-29,Shopping,4,5,0.710398031771183
2024-03-29,Transit,14,17,0.5050729733216119
2024-03-29,area,15,24,0.6043331359671208
2024-03-30,Cityscape,22,27,0.6791379785648098
2024-03-30,Cultural,4,6,0.7649067242940267
2024-03-30,Dining,7,8,0.6891799086394409
2024-03-30,Entertainment,63,82,0.9162983201053753
2024-03-30,Hotel,3,3,0.7490564286708832
2024-03-30,Natural,5,5,0.8949874877929688
2024-03-30,Outdoor,4,5,0.7658103615045547
2024-03-30,Religious,4,5,0.8001559734344482
2024-03-30,Shopping,9,12,0.48531452581907314
2024-03-30,Transit,11,14,0.5441216455683822
2024-03-30,area,12,17,0.6966658409904031
2024-03-31,Cityscape,17,29,0.6785936804017287
2024-03-31,Cultural,1,1,0.8429900407791138
2024-03-31,Dining,7,11,0.7717307379299944
2024-03-31,Entertainment,53,79,0.8891483924762548
2024-03-31,Hotel,6,10,0.7895044431090354
2024-03-31,Natural,7,9,0.9058091011312273
2024-03-31,Outdoor,4,4,0.9040897637605667
2024-03-31,Religious,7,11,0.7140834539225607
2024-03-31,Shopping,7,7,0.586569277658349
2024-03-31,Transit,20,30,0.5024194658878777
2024-03-31,area,18,31,0.7147434880776752
2024-04-01,Cityscape,17,24,0.773358841623283
2024-04-01,Cultural,11,15,0.6826666159141396
2024-04-01,Dining,10,15,0.8349257459243139
2024-04-01,Entertainment,57,87,0.8682444265844038
2024-04-01,Hotel,5,6,0.8289038952853945
2024-04-01,Natural,12,17,0.888516675229716
2024-04-01,Outdoor,1,1,0.9178069829940796
2024-04-01,Religious,6,9,0.8631930583053165
2024-04-01,Shopping,7,7,0.5632242092064449
2024-04-01,Transit,11,15,0.555296193384048
2024-04-01,area,6,10,0.7210845641791821
2024-04-02,Cityscape,16,27,0.7222279858573404
2024-04-02,Cultural,10,10,0.7827068897230285
2024-04-02,Dining,10,12,0.7469227182575398
2024-04-02,Entertainment,41,66,0.8981497182967793
2024-04-02,Natural,10,12,0.8280869213243326
2024-04-02,Outdoor,1,1,0.9381119012832642
2024-04-02,Religious,6,7,0.8274272552558354
2024-04-02,Shopping,3,3,0.4736240307490031
2024-04-02,Transit,10,11,0.5721786280401235
2024-04-02,area,16,23,0.7766084248348532
2024-04-03,Cityscape,10,13,0.6182738896936942
2024-04-03,Cultural,12,16,0.6923073019832373
2024-04-03,Dining,6,14,0.7574654853060132
2024-04-03,Entertainment,46,61,0.8832127116230735
2024-04-03,Hotel,2,2,0.9284900724887848
2024-04-03,Natural,6,9,0.8382112996445762
2024-04-03,Outdoor,3,3,0.9437821507453918
2024-04-03,Religious,5,15,0.7018372322202909
2024-04-03,Shopping,8,12,0.5480054116083516
2024-04-03,Transit,11,11,0.4594242325560613
2024-04-03,area,13,22,0.5625247465107929
2024-04-04,Cityscape,4,6,0.6087545404296325
2024-04-04,Cultural,1,1,0.7779407501220703
2024-04-04,Entertainment,2,3,0.9155976864553633
2024-04-04,Natural,1,1,0.8814594149589539
2024-04-04,Transit,2,2,0.6738008026565825
2024-04-04,area,4,4,0.4630979893729091
2024-04-05,Cityscape,1,2,0.9565005302429199
2024-04-05,Dining,1,1,0.4227766990661621
2024-04-05,Entertainment,1,1,0.9392677545547485
2024-04-05,Hotel,1,1,0.8346433043479919
2024-04-05,Outdoor,1,1,0.773731529712677
2024-04-05,Shopping,1,1,0.6948883533477783
2024-04-05,Transit,1,1,0.6649852991104126
2024-04-05,area,2,2,0.6826580315828323
2024-04-06,Cityscape,1,6,0.8464983478188515
2024-04-06,Cultural,1,1,0.2338234931230545
2024-04-06,Dining,1,1,0.9384206533432007
2024-04-06,Natural,1,1,0.8228955268859863
2024-04-06,Religious,2,3,0.8460348943869272
2024-04-06,Shopping,2,4,0.7039130013436079
2024-04-06,area,1,2,0.9340420365333557
2024-04-07,Cityscape,3,6,0.751315196355184
2024-04-07,Dining,1,1,0.6224232316017151
2024-04-07,Entertainment,6,14,0.8901563546198583
2024-04-07,Hotel,1,1,0.8423716425895691
2024-04-07,Natural,1,1,0.9303253889083862
2024-04-07,Transit,2,3,0.3167344592511654
2024-04-07,area,3,3,0.26123642466134495
2024-04-08,Cityscape,1,1,0.9167520999908447
2024-04-08,Entertainment,5,5,0.871798536827167
2024-04-08,Hotel,1,1,0.5705074667930603
2024-04-08,Transit,1,2,0.9064109921455383
2024-04-09,Cityscape,2,5,0.756232637166977
2024-04-09,Cultural,1,1,0.9106718301773071
2024-04-09,Entertainment,2,3,0.9523646583159765
2024-04-09,Religious,1,1,0.9316951632499695
2024-04-09,Shopping,1,1,0.9448800981044769
2024-04-09,Transit,1,2,0.6295392103493214
2024-04-09,area,1,2,0.6926445675392946
2024-04-10,Entertainment,1,1,0.9719687700271606
2024-04-10,Hotel,1,1,0.51866614818573
2024-04-10,Natural,1,1,0.8805343508720398
2024-04-10,Religious,1,1,0.5016875267028809
2024-04-10,Transit,2,2,0.799436166882515
2024-04-11,Cityscape,1,1,0.6704125702381134
2024-04-11,Entertainment,1,2,0.9594852924346924
2024-04-11,Hotel,1,1,0.9627702633539835
2024-04-11,Transit,2,2,0.6194588840007782
2024-04-12,Entertainment,3,3,0.7281400492740057
2024-04-13,Dining,2,2,0.4985366053879261
2024-04-13,Entertainment,4,4,0.7241308212167386
2024-04-13,Natural,1,1,0.8808584809303284
2024-04-13,Shopping,1,1,0.7628268599510193
2024-04-13,Transit,1,1,0.9758375287055969
2024-04-13,area,2,3,0.5058863355467716
2024-04-14,Cityscape,1,3,0.9027058283487955
2024-04-14,Entertainment,3,4,0.8911765590310097
2024-04-14,Natural,1,1,0.9292815923690796
2024-04-14,Religious,1,1,0.8681973814964294
2024-04-14,Transit,1,1,0.06734029948711395
2024-04-15,Cityscape,1,1,0.894988218943278
2024-04-15,Natural,1,1,0.8913028240203857
2024-04-15,Transit,1,1,0.14261706421772638
2024-04-15,area,1,1,0.9205131332079569
2024-04-16,Cityscape,1,3,0.8435526092847189
2024-04-16,Dining,2,2,0.9295730690161388
2024-04-16,Entertainment,3,7,0.8487413781029838
2024-04-16,Natural,1,1,0.8365668654441833
2024-04-17,Cityscape,2,5,0.5973332408815623
2024-04-17,Dining,2,10,0.7974059621493021
2024-04-17,Entertainment,1,2,0.6767317927442491
2024-04-17,Shopping,1,1,0.7470391988754272
2024-04-17,Transit,2,2,0.563961080275476
2024-04-17,area,1,1,0.7132319808006287
2024-04-18,Cityscape,3,5,0.7495636239647865
2024-04-18,Cultural,1,1,0.6298264861106873
2024-04-18,Entertainment,2,2,0.7897850424051285
2024-04-18,Natural,2,2,0.9357260465621948
2024-04-18,Shopping,1,1,0.8557531833648682
2024-04-18,area,2,2,0.8377711772918701
2024-04-19,Cityscape,1,4,0.724957013502717
2024-04-19,Dining,1,1,0.8217183351516724
2024-04-19,Entertainment,1,1,0.821333130200704
2024-04-19,Outdoor,1,1,0.008441389538347721
2024-04-20,Cityscape,1,1,0.880423367023468
2024-04-20,Dining,2,2,0.7985678315162659
2024-04-20,Entertainment,1,9,0.8358779762078214
2024-04-20,Transit,1,1,0.9608515501022339
2024-04-20,area,1,1,0.9530608654022217
2024-04-21,Cityscape,3,4,0.306004436686635
2024-04-21,Cultural,1,1,0.8256156742572784
2024-04-21,Dining,1,2,0.6394575238227844
2024-04-21,Entertainment,2,5,0.8352904772758484
2024-04-21,Religious,1,4,0.667763888835907
2024-04-21,Shopping,1,1,0.5826032161712646
2024-04-21,Transit,2,3,0.45798822953587487
2024-04-21,area,1,2,0.6381736844778061
2024-04-22,Cityscape,1,1,0.9598195552825928
2024-04-22,Cultural,1,1,0.8002338409423828
2024-04-22,Entertainment,1,5,0.6962493032217025
2024-04-22,Hotel,1,1,0.7367048263549805
2024-04-22,Natural,1,1,0.5922163128852844
2024-04-22,Outdoor,1,1,0.9203299880027771
2024-04-22,Religious,1,3,0.7843348532915115
2024-04-22,Transit,1,1,0.8010737150907516
2024-04-23,Dining,1,1,0.9154136180877686
2024-04-23,area,1,1,0.8305208086967468
2024-04-24,Cityscape,4,5,0.8227392852306366
2024-04-24,Cultural,2,3,0.8663808107376099
2024-04-24,Dining,1,1,0.9174461960792542
2024-04-24,Entertainment,3,8,0.9241893083921501
2024-04-24,Hotel,2,4,0.539879810065031
2024-04-24,Transit,4,4,0.6734451192120712
2024-04-24,area,2,2,0.42005666345357895
2024-04-25,Cityscape,2,7,0.7353541600917067
2024-04-25,Cultural,2,4,0.6909510642290115
2024-04-25,Dining,1,2,0.6566500067710876
2024-04-25,Entertainment,2,4,0.7885628355046113
2024-04-25,Hotel,1,1,0.953785240650177
2024-04-25,Natural,1,1,0.9447270929813385
2024-04-25,Religious,1,1,0.8661344051361084
2024-04-25,area,1,1,0.8885276317596436
2024-04-26,Cityscape,4,9,0.7807401347284516
2024-04-26,Cultural,2,2,0.5940655916929245
2024-04-26,Dining,1,1,0.70147305727005
2024-04-26,Entertainment,2,3,0.9177282633086762
2024-04-26,Natural,1,1,0.91830775141716
2024-04-26,Religious,2,2,0.28999982634559274
2024-04-26,Shopping,2,2,0.5459734797477722
2024-04-26,Transit,1,1,0.7728573679924011
2024-04-26,area,2,2,0.5529955625534058
2024-04-27,Cityscape,4,4,0.7579700062290216
2024-04-27,Dining,1,1,0.967369794845581
2024-04-27,Shopping,1,1,0.20735600590705872
2024-04-27,Transit,1,1,0.29041075706481934
2024-04-27,area,2,4,0.43574277497828007
2024-04-28,Cityscape,2,7,0.6585487675453935
2024-04-28,Entertainment,1,1,0.8094836175441742
2024-04-28,Outdoor,1,1,0.9236211478710175
2024-04-28,Religious,1,1,0.4108487218618393
2024-04-28,Shopping,2,2,0.39865790121257305
2024-04-28,Transit,2,2,0.29566051810979843
2024-04-29,Cityscape,2,2,0.8722559809684753
2024-04-29,Entertainment,2,4,0.9067178552271798
2024-04-30,Dining,1,1,0.9345147609710693
2024-04-30,Entertainment,1,1,0.9469528022934409
2024-04-30,Hotel,1,1,0.023111525923013687
2024-05-01,Cityscape,1,2,0.8806106001138687
2024-05-01,Entertainment,2,2,0.9150711740056674
2024-05-01,Religious,1,1,0.9292814433574677
2024-05-01,area,1,1,0.6786093711853027
2024-05-02,Cityscape,3,3,0.551424744228522
2024-05-02,Dining,1,1,0.3640054762363434
2024-05-02,Entertainment,2,2,0.9109491428191012
2024-05-02,Hotel,2,2,0.8270706534385681
2024-05-02,Shopping,2,3,0.543500209848086
2024-05-02,Transit,1,1,0.38006608188152313
2024-05-02,area,2,2,0.32943616807460785
2024-05-03,Cityscape,1,1,0.9391903877258301
2024-05-03,Cultural,1,1,0.20735600590705872
2024-05-03,Dining,3,5,0.8537732422351837
2024-05-03,Entertainment,2,2,0.7059417590498924
2024-05-03,Hotel,1,1,0.5765864551067352
2024-05-03,Transit,3,3,0.5822011400014162
2024-05-03,area,4,4,0.510741762816906
2024-05-04,Cityscape,2,4,0.40721113979816437
2024-05-04,Cultural,1,1,0.7444611191749573
2024-05-04,Dining,2,2,0.8753295540809631
2024-05-04,Entertainment,3,3,0.9321782390276591
2024-05-04,Natural,1,2,0.7838840484619141
2024-05-04,Shopping,1,2,0.3100985176861286
2024-05-04,Transit,3,4,0.18769160308875144
2024-05-04,area,1,9,0.4298481558346086
2024-05-05,Cityscape,1,1,0.7408450841903687
2024-05-05,Dining,2,2,0.9027953445911407
2024-05-05,Religious,1,1,0.8961287140846252
2024-05-05,Shopping,1,1,0.7806415557861328
2024-05-05,Transit,1,1,0.617973268032074
2024-05-06,Cityscape,2,2,0.6005957424640656
2024-05-06,Dining,1,1,0.9521154165267944
2024-05-06,Entertainment,3,3,0.958790275785658
2024-05-06,Natural,1,2,0.8495993614196777
2024-05-06,Religious,1,1,0.42279502749443054
2024-05-06,Transit,1,1,0.877813994884491
2024-05-07,Entertainment,3,5,0.8760348358501991
2024-05-07,Natural,1,2,0.9068201333284378
2024-05-07,Religious,1,1,0.7123962044715881
2024-05-07,Shopping,1,1,0.7886258363723755
2024-05-07,Transit,4,4,0.2836725549617162
2024-05-07,area,2,2,0.591409295797348
2024-05-08,Entertainment,1,1,0.9528913378715516
2024-05-09,Entertainment,1,1,0.8840145766735077
2024-05-09,Natural,1,1,0.7143498361110687
2024-05-09,Sport,1,1,0.024699028581380844
2024-05-10,Cityscape,1,3,0.6278065145015717
2024-05-10,Entertainment,1,1,0.9236549139022827
2024-05-10,Sport,1,1,0.39660051465034485
2024-05-11,Cityscape,3,5,0.8008824348449707
2024-05-11,Dining,2,3,0.5792954166730245
2024-05-11,Entertainment,1,1,0.9453450441360474
2024-05-11,Sport,1,1,0.7543017864227295
2024-05-11,Transit,1,2,0.2639376223087311
2024-05-11,area,1,2,0.9395864903926849
2024-05-12,Cityscape,1,1,0.6120034456253052
2024-05-12,Dining,1,1,0.29038500785827637
2024-05-12,Entertainment,1,1,0.8597742915153503
2024-05-12,Natural,1,1,0.9558953642845154
2024-05-13,Cityscape,4,7,0.7352421368871417
2024-05-13,Cultural,2,2,0.8135671594313213
2024-05-13,Dining,2,2,0.6941937170922756
2024-05-13,Entertainment,2,2,0.847792774438858
2024-05-13,Outdoor,1,1,0.8933310508728027
2024-05-13,Religious,1,1,0.8449798226356506
2024-05-13,Shopping,1,1,0.052379608154296875
2024-05-13,Transit,1,1,0.6104568690061569
2024-05-13,area,1,1,0.8632460236549377
2024-05-14,Cityscape,2,3,0.7393643839491738
2024-05-14,Cultural,1,1,0.8219312280416489
2024-05-14,Dining,1,1,0.22819054126739502
2024-05-14,Entertainment,1,4,0.8153995834290981
2024-05-14,Transit,2,2,0.6725386679172516
2024-05-14,area,1,2,0.3466159328818321
2024-05-15,Dining,1,1,0.6048417538404465
2024-05-15,Entertainment,2,2,0.849019529537834
2024-05-15,Transit,1,1,0.355631560087204
2024-05-16,Cityscape,2,4,0.8042579591274261
2024-05-16,Cultural,1,1,0.9297096133232117
2024-05-16,Dining,2,2,0.6778833866119385
2024-05-16,Entertainment,4,14,0.8840778501872425
2024-05-16,Hotel,2,3,0.8569548527399699
2024-05-16,Religious,1,1,0.8957453966140747
2024-05-16,Shopping,2,2,0.3663548603653908
2024-05-16,area,3,4,0.6805809177458286
2024-05-17,Entertainment,1,1,0.9667105078697205
2024-05-17,area,1,1,0.5168213620781898
2024-05-18,Cityscape,1,1,0.7889567613601685
2024-05-18,Entertainment,2,5,0.9348608089344841
2024-05-18,Natural,1,1,0.9356831709543864
2024-05-18,Transit,1,1,0.8952242732048035
2024-05-18,area,1,1,0.9747015237808228
2024-05-19,Cityscape,1,2,0.9396866808334987
2024-05-19,Entertainment,2,2,0.8958585900919778
2024-05-20,Cityscape,1,2,0.7938319345315297
2024-05-20,Dining,1,1,0.8988770246505737
2024-05-20,Entertainment,2,2,0.4942244365811348
2024-05-20,Hotel,1,1,0.8372578620910645
2024-05-20,Religious,1,1,0.947441816329956
2024-05-20,Transit,1,1,0.05911809951066971
2024-05-20,area,1,1,0.4540373682975769
2024-05-21,Cityscape,1,1,0.25713810324668884
2024-05-21,Entertainment,2,3,0.7177605816118774
2024-05-22,Cityscape,2,6,0.5829496399189035
2024-05-22,Cultural,1,5,0.7965302477280299
2024-05-22,Entertainment,4,10,0.8353491947273998
2024-05-22,Natural,2,5,0.8283781131108603
2024-05-22,Religious,2,4,0.910346232354641
2024-05-22,Transit,2,3,0.17282450323303541
2024-05-22,area,2,6,0.634344358695671
2024-05-23,Cityscape,2,2,0.8835131724675496
2024-05-23,Dining,2,3,0.8758762389421463
2024-05-23,Entertainment,1,1,0.9717459082603455
2024-05-23,Transit,1,1,0.8852773904800415
2024-05-23,area,2,7,0.4042272764657225
2024-05-24,Cityscape,1,2,0.3094559721648693
2024-05-24,Dining,2,2,0.8516152650117874
2024-05-24,Entertainment,2,2,0.8458299934864044
2024-05-24,Hotel,1,1,0.4883504584431648
2024-05-24,Shopping,1,1,0.01569771021604538
2024-05-24,Transit,1,2,0.0823091403581202
2024-05-24,area,2,3,0.5973619769016901
2024-05-25,Cityscape,1,1,0.009555989876389503
2024-05-25,Cultural,1,3,0.8340626607338587
2024-05-25,Dining,2,4,0.7765636648982763
2024-05-25,Entertainment,2,2,0.9494473763874599
2024-05-25,Transit,1,1,0.06305959075689316
2024-05-25,area,1,1,0.42591051508982974
2024-05-26,Cityscape,3,4,0.8292861841619015
2024-05-26,Cultural,1,1,0.8798666596412659
2024-05-26,Dining,1,1,0.6722797304391861
2024-05-26,Entertainment,1,1,0.4731919765472412
2024-05-26,Natural,2,4,0.752083495259285
2024-05-26,Outdoor,1,1,0.8795738220214844
2024-05-26,area,2,3,0.8276104927062988
2024-05-27,Cityscape,3,3,0.9432831009229025
2024-05-27,Cultural,1,1,0.9157084822654724
2024-05-27,Dining,1,1,0.8862485587596893
2024-05-27,Entertainment,2,2,0.9444009587168694
2024-05-27,Natural,2,2,0.9267534613609314
2024-05-27,Religious,2,4,0.8620787262916565
2024-05-27,Transit,1,2,0.1411954127252102
2024-05-27,area,2,5,0.5731162957847118
2024-05-28,Cityscape,1,1,0.6733550429344177
2024-05-28,Cultural,1,1,0.5872018337249756
2024-05-28,Entertainment,2,3,0.9395771647493044
2024-05-28,Natural,1,1,0.93515545129776
2024-05-28,Religious,3,3,0.7701720197995504
2024-05-28,Shopping,1,1,0.626169741153717
2024-05-28,Transit,1,1,0.4720076024532318
2024-05-28,area,3,3,0.8152302172448901
2024-05-29,Cityscape,1,1,0.3688849154859781
2024-05-29,Entertainment,1,1,0.9067053283963885
2024-05-29,Natural,1,2,0.4136594804003835
2024-05-29,Transit,2,5,0.30776478722691536
2024-05-29,area,4,4,0.14435584365855902
2024-05-30,Cityscape,3,3,0.7606858213742574
2024-05-30,Dining,1,1,0.9266751805941263
2024-05-30,Entertainment,2,3,0.7938074852739062
2024-05-30,Natural,1,1,0.8922504782676697
2024-05-30,Shopping,1,1,0.5236005187034607
2024-05-30,area,1,1,0.9517562389373779
2024-05-31,Entertainment,1,1,0.9375165343284607
2024-05-31,Natural,1,1,0.9187469482421875
2024-05-31,Religious,1,2,0.8522090315818787
2024-05-31,area,1,1,0.9348987340927124
2024-06-01,Cityscape,1,1,0.3380945026874542
2024-06-01,Dining,1,1,0.2720817029476166
2024-06-01,Natural,1,1,0.8802428841590881
2024-06-02,Cityscape,2,4,0.7411037907004356
2024-06-02,Dining,1,1,0.9458718697230021
2024-06-02,Entertainment,6,7,0.7546831590890074
2024-06-02,Natural,1,3,0.9197717706362406
2024-06-02,Religious,1,1,0.9420695900917053
2024-06-02,Transit,2,2,0.2212761603295803
2024-06-02,area,3,3,0.6961324401199818
2024-06-03,Cityscape,1,3,0.8501029809316
2024-06-03,Cultural,1,2,0.39592959731817245
2024-06-03,Dining,2,2,0.09138211235404015
2024-06-03,Entertainment,4,6,0.8330551105387071
2024-06-03,Hotel,2,2,0.9512204229831696
2024-06-03,Natural,2,2,0.912108947833379
2024-06-03,Religious,1,1,0.3469554968178272
2024-06-03,Shopping,1,1,0.9550569653511047
2024-06-03,Transit,1,1,0.23045992851257324
2024-06-03,area,1,2,0.49986889213323593
2024-06-04,Cityscape,3,6,0.6734895706176758
2024-06-04,Cultural,2,3,0.31670080885911983
2024-06-04,Dining,2,2,0.622696727514267
2024-06-04,Entertainment,2,10,0.844990613118482
2024-06-04,Natural,1,3,0.5444061184922854
2024-06-04,Shopping,2,2,0.6277719289064407
2024-06-04,Transit,3,5,0.4508391246199608
2024-06-04,area,4,4,0.5242132004350424
2024-06-05,Cityscape,2,3,0.4129395104116864
2024-06-05,Cultural,1,1,0.8018865585327148
2024-06-05,Dining,2,3,0.7908138235410055
2024-06-05,Entertainment,2,2,0.9462712894786488
2024-06-05,Religious,1,1,0.8808639049530029
2024-06-05,Shopping,2,3,0.43752532949050266
2024-06-05,Transit,1,1,0.5329442620277405
2024-06-05,area,1,2,0.6550879776477814
2024-06-06,Cityscape,2,3,0.7934413949648539
2024-06-06,Cultural,1,1,0.49188047647476196
2024-06-06,Dining,2,4,0.9320133601625761
2024-06-06,Entertainment,2,2,0.9413116127252579
2024-06-06,Outdoor,1,2,0.8949469029903412
2024-06-06,Shopping,1,1,0.9022872447967529
2024-06-06,Transit,1,5,0.8032018899917602
2024-06-06,area,2,6,0.709850277337763
2024-06-07,Cityscape,3,4,0.5605147108435631
2024-06-07,Cultural,2,2,0.793339341878891
2024-06-07,Entertainment,2,7,0.8326601041924385
2024-06-07,Natural,3,3,0.5988896687825521
2024-06-07,Outdoor,1,1,0.9055452346801758
2024-06-07,Religious,2,2,0.8837105333805084
2024-06-07,Shopping,1,1,0.9401594996452332
2024-06-07,Transit,1,3,0.621370842680335
2024-06-07,area,3,4,0.6677379332482815
2024-06-08,Cityscape,3,3,0.7864560683568319
2024-06-08,Shopping,1,1,0.24189434945583344
2024-06-09,Cityscape,2,2,0.6001842878758907
2024-06-09,Entertainment,1,1,0.8047911524772644
2024-06-09,Natural,1,2,0.694225549697876
2024-06-09,Religious,1,6,0.6217302444080511
2024-06-09,Transit,1,1,0.294229120016098
2024-06-09,area,1,2,0.7399786412715912
2024-06-10,Cityscape,1,1,0.026178771629929543
2024-06-10,Dining,1,1,0.9658936858177185
2024-06-10,Shopping,2,2,0.9110909104347229
2024-06-10,Transit,1,1,0.9651269912719727
2024-06-10,area,1,1,0.7464628219604492
2024-06-11,Cityscape,1,2,0.23332667164504528
2024-06-11,Cultural,2,3,0.6128358460134931
2024-06-11,Entertainment,3,3,0.5997922278940678
2024-06-11,Natural,1,2,0.8297424018383026
2024-06-11,Religious,1,1,0.7842382788658142
2024-06-11,Transit,1,1,0.6873194575309753
2024-06-12,Cityscape,2,3,0.5366531012372838
2024-06-12,Dining,1,2,0.8837064504623413
2024-06-12,Entertainment,4,6,0.8055806822246976
2024-06-12,Natural,1,1,0.9310029149055481
2024-06-12,Religious,1,2,0.8045901954174042
2024-06-12,area,3,4,0.7367412447929382
2024-06-13,Cityscape,3,4,0.4366750679910183
2024-06-13,Cultural,1,1,0.3960544168949127
2024-06-13,Dining,2,3,0.709707989046971
2024-06-13,Entertainment,2,2,0.5847426454226177
2024-06-13,Shopping,1,3,0.697931319475174
2024-06-13,Transit,1,1,0.9300427436828613
2024-06-14,Cityscape,1,1,0.786163330078125
2024-06-14,Entertainment,1,1,0.958877682685852
2024-06-14,Religious,1,1,0.8896110653877258
2024-06-14,Shopping,1,1,0.5174522399902344
2024-06-14,Transit,2,2,0.7688055410981178
2024-06-14,area,3,3,0.5187211527592606
2024-06-15,Cityscape,1,1,0.039759278297424316
2024-06-15,Dining,1,1,0.6812179088592529
2024-06-15,Entertainment,1,2,0.020057860296219587
2024-06-15,Hotel,1,1,0.8978631496429443
2024-06-15,Transit,1,1,0.027269406244158745
2024-06-15,area,2,5,0.3481013745069504
2024-06-16,Hotel,1,1,0.8473732769489288
2024-06-16,Natural,1,1,0.8204957246780396
2024-06-16,area,1,1,0.7244350612163544
2024-06-17,Cityscape,4,10,0.7273146937601268
2024-06-17,Cultural,1,2,0.851308673620224
2024-06-17,Dining,1,1,0.8666654825210571
2024-06-17,Entertainment,3,6,0.9350051873260075
2024-06-17,Shopping,1,1,0.1124522367802759
2024-06-17,Transit,3,3,0.6636179182678461
2024-06-17,area,1,1,0.4569920599460602
2024-06-18,Cityscape,4,7,0.6266931596079043
2024-06-18,Cultural,1,2,0.40183696895837784
2024-06-18,Dining,1,2,0.581420287489891
2024-06-18,Entertainment,5,15,0.9194887821550493
2024-06-18,Hotel,1,1,0.463993102312088
2024-06-18,Natural,1,1,0.9503179788589478
2024-06-18,Religious,1,2,0.8553638011217117
2024-06-18,Transit,3,3,0.36001478135585785
2024-06-18,area,3,3,0.6224478806058565
2024-06-19,Cityscape,4,8,0.6029292750172317
2024-06-19,Cultural,1,1,0.40760256350040436
2024-06-19,Dining,3,3,0.8388488094011942
2024-06-19,Entertainment,3,3,0.6306885652846158
2024-06-19,Natural,1,1,0.927829921245575
2024-06-19,Outdoor,1,1,0.6750498414039612
2024-06-19,Shopping,3,5,0.26878478229045866
2024-06-19,Transit,1,1,0.46156594157218933
2024-06-19,area,3,4,0.6333140097558498
2024-06-20,Cityscape,1,1,0.879481315612793
2024-06-20,Entertainment,2,2,0.8604617957025766
2024-06-20,Transit,1,1,0.7111838683485985
2024-06-20,area,1,1,0.5662256479263306
2024-06-21,Cityscape,1,1,0.1167885810136795
2024-06-21,Hotel,1,1,0.0794210946187377
2024-06-21,Outdoor,1,1,0.7858024835586548
2024-06-21,Transit,1,1,0.05717175453901291
2024-06-21,area,1,2,0.7165370434522629
2024-06-22,Cityscape,2,3,0.9214623173077902
2024-06-22,Cultural,1,1,0.8938137888908386
2024-06-22,Entertainment,1,1,0.7858836650848389
2024-06-22,Hotel,1,1,0.8697296977043152
2024-06-22,Natural,1,1,0.910936176776886
2024-06-22,Transit,1,1,0.055022045969963074
2024-06-22,area,1,1,0.6657118201255798
2024-06-23,Cityscape,2,3,0.862530360619227
2024-06-23,Cultural,1,1,0.8182306885719299
2024-06-23,Entertainment,1,1,0.9031214118003845
2024-06-23,Transit,1,1,0.0415659174323082
2024-06-24,Cultural,1,1,0.9421919584274292
2024-06-24,Entertainment,1,3,0.9708544744385613
2024-06-24,Natural,1,1,0.8991056680679321
2024-06-24,Transit,1,1,0.28081763722002506
2024-06-24,area,1,2,0.3073440492153168
2024-06-25,Entertainment,2,2,0.9171582460403442
2024-06-25,Natural,1,1,0.9386317133903503
2024-06-25,Transit,2,2,0.23275201395154
2024-06-26,Cityscape,1,3,0.7498974435859257
2024-06-26,Dining,1,3,0.7988370656967163
2024-06-26,Entertainment,2,2,0.8633685410022736
2024-06-26,area,1,1,0.8800284266471863
2024-06-27,Cityscape,3,7,0.809830789055143
2024-06-27,Cultural,1,4,0.6273523420095444
2024-06-27,Entertainment,1,1,0.49758751317858696
2024-06-27,Natural,3,6,0.8391682704289755
2024-06-27,Religious,2,2,0.8819792866706848
2024-06-27,Shopping,2,2,0.6420905292034149
2024-06-27,Transit,3,3,0.41277410586675006
2024-06-27,area,2,2,0.25588763505220413
2024-06-28,Cityscape,3,3,0.7694482538435193
2024-06-28,Cultural,1,1,0.8770906627178192
2024-06-28,Entertainment,2,4,0.9397463575005531
2024-06-28,Hotel,1,1,0.824513852596283
2024-06-28,Shopping,1,1,0.5708215236663818
2024-06-28,Transit,1,1,0.04207823425531387
2024-06-28,area,2,6,0.7117898816035854
2024-06-29,Cityscape,1,1,0.690789520740509
2024-06-29,Natural,1,1,0.7590408325195312
2024-06-30,Cityscape,2,3,0.8084855874379476
2024-06-30,Cultural,1,2,0.28087023049592974
2024-06-30,Dining,2,2,0.8302752673625946
2024-06-30,Hotel,1,2,0.9271619617938995
2024-06-30,Natural,1,4,0.8949192762374878
2024-06-30,Shopping,1,1,0.6290249824523926
2024-06-30,Transit,2,3,0.48982956012090045
2024-06-30,area,3,4,0.10440616775304079
2024-07-01,Cityscape,19,27,0.7462327673939275
2024-07-01,Cultural,5,5,0.747143787741661
2024-07-01,Dining,2,2,0.8165864745775859
2024-07-01,Entertainment,52,73,0.8803424893314616
2024-07-01,Hotel,3,3,0.9617807765801748
2024-07-01,Natural,8,10,0.8118166565895081
2024-07-01,Outdoor,4,4,0.854033499956131
2024-07-01,Religious,4,5,0.901026286798365
2024-07-01,Shopping,3,4,0.7190548628568649
2024-07-01,Transit,10,16,0.3779444716715564
2024-07-01,area,9,13,0.602819578159232
2024-07-02,Cityscape,23,30,0.7842811944584052
2024-07-02,Cultural,7,8,0.7855494190007448
2024-07-02,Dining,6,7,0.8001710623502731
2024-07-02,Entertainment,46,70,0.8725599812077884
2024-07-02,Hotel,5,9,0.828212157185017
2024-07-02,Natural,9,13,0.8737642810894892
2024-07-02,Outdoor,1,1,0.9464336037635803
2024-07-02,Religious,1,2,0.9440535306930542
2024-07-02,School,1,1,0.9648677110671997
2024-07-02,Shopping,8,10,0.6668638719245792
2024-07-02,Transit,19,27,0.4911551889469042
2024-07-02,area,11,24,0.42463006733709735
2024-07-03,Cityscape,22,31,0.8329216764428683
2024-07-03,Cultural,7,9,0.6207413959006468
2024-07-03,Dining,3,6,0.9088160693645477
2024-07-03,Entertainment,54,63,0.9179841456563235
2024-07-03,Hotel,1,2,0.8163952901959419
2024-07-03,Natural,7,9,0.8136601456337504
2024-07-03,Outdoor,1,1,0.9469045996665955
2024-07-03,Religious,4,7,0.5805741282446044
2024-07-03,Shopping,8,10,0.7565913204950365
2024-07-03,Transit,10,12,0.3424965496071511
2024-07-03,area,21,25,0.6351670222868752
2024-07-04,Cityscape,16,24,0.8065236948120097
2024-07-04,Cultural,6,6,0.8964698960383733
2024-07-04,Dining,5,6,0.7988965643776788
2024-07-04,Entertainment,43,68,0.8974154286889394
2024-07-04,Hotel,6,6,0.8151850799719492
2024-07-04,Natural,6,9,0.816634096260424
2024-07-04,Outdoor,3,6,0.8434217199683189
2024-07-04,Religious,6,13,0.6141164274169848
2024-07-04,Shopping,10,17,0.7246142305324182
2024-07-04,Transit,9,11,0.5248147306738026
2024-07-04,area,10,18,0.6357771328606066
2024-07-05,Cityscape,23,25,0.7645929199953874
2024-07-05,Cultural,8,11,0.6989806664712501
2024-07-05,Dining,5,8,0.6964058031194976
2024-07-05,Entertainment,54,80,0.9177067978784033
2024-07-05,Hotel,3,3,0.8528495828310648
2024-07-05,Natural,10,14,0.8541344638381686
2024-07-05,Outdoor,2,7,0.867078212045488
2024-07-05,Religious,4,5,0.8304276446501413
2024-07-05,Shopping,10,12,0.6829979260348611
2024-07-05,Transit,12,15,0.6798633174349864
2024-07-05,area,12,16,0.6039779948081229
2024-07-06,Cityscape,3,5,0.7649507462978363
2024-07-06,Cultural,2,2,0.5136642903089523
2024-07-06,Dining,2,2,0.8748988956212997
2024-07-06,Entertainment,18,25,0.9251284718653494
2024-07-06,Hotel,4,4,0.8488445710390806
2024-07-06,Natural,1,1,0.951311469078064
2024-07-06,Religious,1,1,0.7948949933052063
2024-07-06,School,1,1,0.9479998548825582
2024-07-06,Transit,6,6,0.7373257806524635
2024-07-06,area,1,1,0.9437007904052734
2024-07-07,Cityscape,1,1,0.9286765456199646
2024-07-07,Entertainment,2,2,0.8507335782051086
2024-07-07,Natural,2,2,0.9011841714382172
2024-07-07,Religious,1,1,0.8801259398460388
2024-07-07,Transit,1,1,0.2904990613460541
2024-07-07,area,1,1,0.6779948323965073
2024-07-08,Entertainment,4,4,0.8823874945441882
2024-07-09,Cityscape,2,4,0.8499631970189512
2024-07-09,Entertainment,2,4,0.704603616707027
2024-07-09,Hotel,1,1,0.3951105711360772
2024-07-09,Transit,1,1,0.5154513120651245
2024-07-10,Cityscape,2,2,0.8271098434925079
2024-07-10,Dining,1,1,0.32146864756941795
2024-07-10,Entertainment,2,2,0.8818855339697762
2024-07-11,Entertainment,1,1,0.8473029720286528
2024-07-11,Shopping,2,2,0.6984552063047886
2024-07-11,area,2,2,0.7960288226604462
2024-07-12,Cityscape,2,3,0.6505407293637594
2024-07-12,Cultural,1,1,0.3903366873661677
2024-07-12,Dining,1,2,0.637272085994482
2024-07-12,Hotel,1,1,0.12574927508831024
2024-07-12,area,1,1,0.8953083753585815
2024-07-13,Cityscape,1,1,0.9508031606674194
2024-07-13,Cultural,1,2,0.5360705405473709
2024-07-13,Dining,1,1,0.590909481048584
2024-07-13,Entertainment,4,11,0.8971306453374299
2024-07-13,Natural,1,1,0.9264691472053528
2024-07-13,Transit,2,4,0.15600902672546607
2024-07-14,Cityscape,1,2,0.8798957169055939
2024-07-14,Cultural,1,1,0.9614620208740234
2024-07-14,Entertainment,1,4,0.8929678540676832
2024-07-14,Hotel,1,1,0.8761780858039856
2024-07-14,Shopping,1,2,0.4193723201751709
2024-07-14,Transit,1,1,0.3802124885842204
2024-07-14,area,2,2,0.7023559845983982
2024-07-15,Cityscape,1,1,0.9705161452293396
2024-07-15,Cultural,1,1,0.5922806859016418
2024-07-15,Entertainment,1,4,0.9550986215472221
2024-07-15,Transit,1,1,0.2455257624387741
2024-07-15,area,1,1,0.9421491026878357
2024-07-16,Cityscape,1,1,0.963533341884613
2024-07-16,Dining,1,1,0.21268166601657867
2024-07-16,Entertainment,1,1,0.878480056921641
2024-07-16,Hotel,1,1,0.704292893409729
2024-07-16,area,1,2,0.4374327538534999
2024-07-17,Cityscape,1,1,0.9212911128997803
2024-07-17,Dining,1,3,0.4656895250082016
2024-07-17,Entertainment,3,3,0.7419240188487954
2024-07-17,Religious,1,1,0.6494116634130478
2024-07-17,Shopping,1,1,0.4502968192100525
2024-07-17,Transit,1,1,0.29600617351631325
2024-07-17,area,1,1,0.0791114866733551
2024-07-18,Dining,1,2,0.24483181815594435
2024-07-18,Entertainment,2,2,0.9655687023292888
2024-07-18,Religious,2,2,0.7262892350554466
2024-07-18,Shopping,1,1,0.14070269465446472
2024-07-18,area,2,2,0.3084341697394848
2024-07-19,Cityscape,2,3,0.8890456557273865
2024-07-19,Cultural,2,2,0.5667535290122032
2024-07-19,Dining,1,1,0.9332322478294373
2024-07-19,Entertainment,1,1,0.19769392535090446
2024-07-19,Hotel,2,2,0.754078097641468
2024-07-19,School,1,1,0.8462752103805542
2024-07-19,Shopping,1,1,0.7323209643363953
2024-07-19,Transit,1,1,0.12831291556358337
2024-07-19,area,3,5,0.5318209911510349
2024-07-20,Cityscape,1,1,0.9291552007198334
2024-07-20,Entertainment,1,1,0.9483404556910197
2024-07-21,Cityscape,1,1,0.9258726537227631
2024-07-21,Entertainment,3,3,0.9522751808166504
2024-07-21,Transit,1,1,0.7630150318145752
2024-07-21,area,1,3,0.6327759722868601
2024-07-22,Cityscape,2,2,0.9083944261074066
2024-07-22,Entertainment,1,1,0.885544627904892
2024-07-22,Natural,1,1,0.9578529596328735
2024-07-22,Shopping,1,1,0.8733820915222168
2024-07-23,Cityscape,1,1,0.12352389842271805
2024-07-23,Entertainment,2,2,0.9632700979709625
2024-07-23,Transit,2,2,0.5026447822650274
2024-07-23,area,1,4,0.7564932554960251
2024-07-24,Cityscape,1,1,0.8742980360984802
2024-07-24,Entertainment,1,1,0.9004647970199585
2024-07-24,Natural,1,1,0.9465106725692749
2024-07-24,Outdoor,1,1,0.8933310508728027
2024-07-26,Cityscape,1,1,0.44377103447914124
2024-07-26,Entertainment,2,2,0.6233176489671071
2024-07-27,Cityscape,1,4,0.7503148838877678
2024-07-27,Entertainment,6,6,0.9450764097533065
2024-07-27,Natural,1,1,0.8687207102775574
2024-07-27,Religious,1,2,0.8990057408809662
2024-07-27,Shopping,1,1,0.8026255965232849
2024-07-28,Cityscape,1,1,0.8997948884963989
2024-07-29,Cityscape,1,1,0.9211745858192444
2024-07-29,Entertainment,3,3,0.9624408880869547
2024-07-29,Natural,1,1,0.9189162254333496
2024-07-29,Shopping,1,1,0.6706292033195496
2024-07-29,Transit,3,4,0.49987485026940703
2024-07-29,area,1,13,0.6666188420584569
2024-07-30,Cityscape,2,7,0.6757398226431438
2024-07-30,Cultural,2,2,0.7320160493254662
2024-07-30,Dining,1,1,0.9485828280448914
2024-07-30,Entertainment,1,1,0.969791829586029
2024-07-30,Hotel,1,1,0.9149080514907837
2024-07-30,Transit,1,1,0.5281963149706522
2024-07-30,area,2,2,0.7923548924071449
2024-07-31,Cityscape,1,1,0.9217869639396667
2024-07-31,Cultural,1,1,0.9742087721824646
2024-07-31,Entertainment,1,1,0.40771809220314026
2024-07-31,Transit,1,1,0.9156025052070618
2024-08-01,Cityscape,18,29,0.6921963589908234
2024-08-01,Cultural,12,21,0.7193454144725285
2024-08-01,Dining,6,10,0.7050225283950567
2024-08-01,Entertainment,41,59,0.8361480588644066
2024-08-01,Hotel,3,4,0.8938429951667786
2024-08-01,Natural,8,10,0.8983217706282934
2024-08-01,Outdoor,3,3,0.939768115679423
2024-08-01,Religious,5,8,0.8762260973453522
2024-08-01,Shopping,3,3,0.4849778612454732
2024-08-01,Transit,10,13,0.639525449438355
2024-08-01,area,10,24,0.7328015334593753
2024-08-02,Cityscape,13,20,0.8699952753571173
2024-08-02,Cultural,5,6,0.8579607738388909
2024-08-02,Dining,2,5,0.947413476308187
2024-08-02,Entertainment,29,49,0.8519895966626055
2024-08-02,Hotel,2,5,0.7988894060254097
2024-08-02,Natural,1,1,0.9319736361503601
2024-08-02,Outdoor,2,2,0.9256274104118347
2024-08-02,Religious,1,2,0.5870824903249741
2024-08-02,Shopping,2,2,0.8767359554767609
2024-08-02,Transit,7,7,0.5293699888556841
2024-08-02,area,7,7,0.6032270246318409
2024-08-03,Cityscape,16,28,0.844403507986239
2024-08-03,Cultural,12,13,0.8727861126755183
2024-08-03,Dining,2,3,0.6350846644490957
2024-08-03,Entertainment,38,57,0.8597674816775825
2024-08-03,Hotel,3,4,0.693511076271534
2024-08-03,Natural,4,4,0.8917487859725952
2024-08-03,Outdoor,1,1,0.9374815225601196
2024-08-03,Religious,4,4,0.8364724325282233
2024-08-03,Shopping,2,2,0.1158161535859108
2024-08-03,Transit,12,16,0.4611593087945409
2024-08-03,area,9,16,0.6594693000661209
2024-08-04,Cityscape,23,29,0.7711046199813532
2024-08-04,Cultural,5,7,0.6461545276189489
2024-08-04,Dining,4,9,0.8263931539323595
2024-08-04,Entertainment,34,49,0.8265592027452716
2024-08-04,Hotel,3,5,0.8914361417293548
2024-08-04,Natural,6,7,0.9141931406089238
2024-08-04,Outdoor,2,2,0.894711846113205
2024-08-04,Religious,5,8,0.7459613345563412
2024-08-04,Shopping,3,4,0.6115828123874962
2024-08-04,Transit,6,7,0.5181730491597027
2024-08-04,area,11,14,0.6994457727386838
2024-08-05,Cityscape,25,30,0.726178724770508
2024-08-05,Cultural,6,6,0.8473377202947935
2024-08-05,Dining,2,2,0.6281310170888901
2024-08-05,Entertainment,25,36,0.8451194023678976
2024-08-05,Hotel,3,3,0.45289149052566957
2024-08-05,Natural,6,7,0.9145683816501072
2024-08-05,Outdoor,1,2,0.8921887278556824
2024-08-05,Religious,4,6,0.7364774247010549
2024-08-05,Shopping,3,5,0.6485928407737187
2024-08-05,Transit,16,19,0.5282699490785319
2024-08-05,area,8,9,0.5007494654920366
2024-08-06,Cityscape,23,34,0.7385928548538551
2024-08-06,Cultural,7,8,0.7222686037421227
2024-08-06,Dining,7,12,0.725897188981374
2024-08-06,Entertainment,36,42,0.869992326314081
2024-08-06,Hotel,2,3,0.5207344790299734
2024-08-06,Natural,7,7,0.7573883299316678
2024-08-06,Religious,4,5,0.7294484396775563
2024-08-06,Transit,11,11,0.5846702388257949
2024-08-06,area,15,19,0.4583287438328721
2024-08-07,Cityscape,13,19,0.6724898899744328
2024-08-07,Cultural,4,8,0.794837941105167
2024-08-07,Dining,1,1,0.02325037494301796
2024-08-07,Entertainment,40,52,0.861194607942263
2024-08-07,Hotel,5,6,0.8362490609288216
2024-08-07,Natural,7,10,0.8614680419365565
2024-08-07,Outdoor,1,1,0.792081892490387
2024-08-07,Religious,8,11,0.7819078152829951
2024-08-07,Shopping,3,5,0.6416027525129417
2024-08-07,Transit,6,11,0.6582905946468766
2024-08-07,area,7,10,0.8071257427334786
2024-08-08,Cityscape,8,11,0.555442446447683
2024-08-08,Cultural,6,8,0.830197274684906
2024-08-08,Dining,3,10,0.9078610420227051
2024-08-08,Entertainment,28,33,0.8468510516243458
2024-08-08,Hotel,2,4,0.4713199003599584
2024-08-08,Natural,6,7,0.828954394507621
2024-08-08,Outdoor,1,1,0.916979968547821
2024-08-08,Religious,8,12,0.7398000607887903
2024-08-08,Shopping,2,2,0.6515226364135742
2024-08-08,Transit,8,9,0.45833092300152334
2024-08-08,area,6,10,0.6065368907677569
2024-08-09,Cityscape,15,21,0.7893425946552602
2024-08-09,Cultural,4,5,0.8104408144950866
2024-08-09,Dining,3,4,0.8246902264654636
2024-08-09,Entertainment,33,48,0.8834212694220581
2024-08-09,Hotel,2,3,0.8867736260096232
2024-08-09,Natural,5,7,0.8618562072515488
2024-08-09,Outdoor,1,1,0.8025047779083252
2024-08-09,Religious,4,6,0.7982906897862753
2024-08-09,Shopping,4,4,0.8523693159222603
2024-08-09,Transit,6,7,0.47500127979687284
2024-08-09,area,5,9,0.745206594053242
2024-08-10,Cityscape,20,22,0.7721779156814922
2024-08-10,Cultural,4,5,0.7796836137771607
2024-08-10,Dining,5,6,0.6886136192414495
2024-08-10,Entertainment,52,84,0.8508610915982511
2024-08-10,Hotel,2,2,0.8787994086742401
2024-08-10,Natural,3,6,0.9167716751495997
2024-08-10,Outdoor,4,5,0.8755430459976197
2024-08-10,Religious,5,9,0.5264256392364149
2024-08-10,Shopping,7,8,0.58963602858906
2024-08-10,Transit,12,14,0.46150190516241957
2024-08-10,area,15,28,0.5318404771831065
2024-08-11,Cityscape,17,30,0.6462879605135984
2024-08-11,Cultural,7,8,0.7105570081621408
2024-08-11,Dining,7,9,0.8261282973819308
2024-08-11,Entertainment,37,64,0.8787159003675044
2024-08-11,Hotel,2,3,0.8055160244305929
2024-08-11,Natural,5,5,0.7100592877715826
2024-08-11,Outdoor,7,7,0.7573187686502934
2024-08-11,Religious,2,3,0.9101346135139465
2024-08-11,Shopping,5,7,0.6689603701233864
2024-08-11,Transit,14,15,0.47574267213025856
2024-08-11,area,9,12,0.49562667458214693
2024-08-12,Cityscape,11,13,0.878456867658175
2024-08-12,Cultural,4,5,0.8268842756748199
2024-08-12,Dining,5,9,0.8090111713649498
2024-08-12,Entertainment,34,49,0.8691576454107617
2024-08-12,Hotel,1,1,0.8405053615570068
2024-08-12,Natural,2,2,0.4808574840426445
2024-08-12,Outdoor,3,4,0.8346859663724899
2024-08-12,Religious,3,4,0.506489311158657
2024-08-12,Shopping,5,5,0.7181579172611237
2024-08-12,Transit,7,8,0.6211229157246029
2024-08-12,area,7,10,0.648893787463506
2024-08-13,Cityscape,11,14,0.770555905731661
2024-08-13,Cultural,2,2,0.4667329229414463
2024-08-13,Dining,4,7,0.7070029372615474
2024-08-13,Entertainment,50,58,0.8522413451391275
2024-08-13,Hotel,3,4,0.7911256179213524
2024-08-13,Natural,5,6,0.8822874443398582
2024-08-13,Outdoor,1,1,0.8906949758529663
2024-08-13,Religious,5,9,0.791364386677742
2024-08-13,Shopping,5,6,0.7224058757225672
2024-08-13,Transit,12,14,0.698677325089063
2024-08-13,area,9,9,0.6329544766081704
2024-08-14,Cityscape,19,29,0.7965163748443727
2024-08-14,Cultural,4,4,0.8747483715415001
2024-08-14,Dining,2,3,0.9132469826274447
2024-08-14,Entertainment,45,55,0.8908219421553585
2024-08-14,Hotel,2,2,0.8412871956825256
2024-08-14,Natural,7,10,0.8983784973621368
2024-08-14,Outdoor,1,1,0.8624847531318665
2024-08-14,Religious,5,9,0.7012094713688369
2024-08-14,Shopping,4,4,0.9083433598279953
2024-08-14,Transit,11,12,0.7364773585771521
2024-08-14,area,11,16,0.47765236836858094
2024-08-15,Cityscape,15,19,0.7854258449454057
2024-08-15,Cultural,2,2,0.6805344745516777
2024-08-15,Dining,5,5,0.7336897492408753
2024-08-15,Entertainment,36,46,0.8806527896558324
2024-08-15,Hotel,1,1,0.838350236415863
2024-08-15,Natural,7,10,0.8478103194634119
2024-08-15,Outdoor,1,1,0.8452475070953369
2024-08-15,Religious,6,10,0.7494884375482798
2024-08-15,Shopping,4,4,0.7144496627151966
2024-08-15,Transit,6,7,0.3595871687999793
2024-08-15,area,7,7,0.6482791445118242
2024-08-16,Cityscape,19,21,0.7781918267974571
2024-08-16,Cultural,3,4,0.5103367464616895
2024-08-16,Dining,3,4,0.6583109572529793
2024-08-16,Entertainment,47,55,0.8239670678162502
2024-08-16,Hotel,1,2,0.9440799057483673
2024-08-16,Natural,5,5,0.7868897199630738
2024-08-16,Outdoor,1,1,0.9252980550130209
2024-08-16,Religious,5,13,0.7252208357174559
2024-08-16,Shopping,2,2,0.5724425613880157
2024-08-16,Transit,11,13,0.5034473464131737
2024-08-16,area,11,14,0.5216043273519192
2024-08-17,Cityscape,12,14,0.775264398008585
2024-08-17,Cultural,7,7,0.757084322827203
2024-08-17,Dining,3,5,0.6946451351046562
2024-08-17,Entertainment,38,56,0.8784988206941122
2024-08-17,Hotel,1,1,0.9023782014846802
2024-08-17,Natural,8,8,0.7098051259526983
2024-08-17,Outdoor,5,5,0.8736894190311432
2024-08-17,Religious,1,1,0.6202220916748047
2024-08-17,Shopping,4,7,0.637947550575648
2024-08-17,Transit,15,18,0.38416124417239594
2024-08-17,area,9,15,0.3660445628066858
2024-08-18,Cityscape,21,27,0.7519226893332459
2024-08-18,Cultural,8,12,0.7180011874685684
2024-08-18,Dining,3,4,0.8176516983658075
2024-08-18,Entertainment,47,75,0.8545930785945491
2024-08-18,Hotel,3,3,0.8770673076311747
2024-08-18,Natural,11,16,0.8328411256273588
2024-08-18,Outdoor,2,2,0.5023957304656506
2024-08-18,Religious,6,11,0.6805049578913234
2024-08-18,Shopping,6,7,0.5632138906845024
2024-08-18,Transit,5,6,0.3184572868049145
2024-08-18,area,11,16,0.6014479299774393
2024-08-19,Cityscape,13,26,0.6426761151212966
2024-08-19,Cultural,4,8,0.6810645777732134
2024-08-19,Dining,2,2,0.8359947502613068
2024-08-19,Entertainment,38,58,0.8702874340555042
2024-08-19,Hotel,5,5,0.4939522311091423
2024-08-19,Natural,4,7,0.8238576615140552
2024-08-19,Outdoor,3,3,0.6688376665115356
2024-08-19,Religious,4,6,0.8753565456877407
2024-08-19,Shopping,4,5,0.4061397115389506
2024-08-19,Transit,13,17,0.5209482365251318
2024-08-19,area,10,14,0.3810127441106098
2024-08-20,Cityscape,13,16,0.7973254875812147
2024-08-20,Cultural,4,4,0.9221622347831726
2024-08-20,Dining,3,6,0.8625103582938513
2024-08-20,Entertainment,27,43,0.8447697847594987
2024-08-20,Hotel,2,2,0.2989417389035225
2024-08-20,Natural,5,9,0.7673292131059699
2024-08-20,Outdoor,1,1,0.20694312453269958
2024-08-20,Religious,5,6,0.6622591552635034
2024-08-20,Shopping,3,5,0.9068748593330384
2024-08-20,Transit,14,16,0.43149750935845077
2024-08-20,area,14,17,0.5844517475103631
2024-08-21,Cityscape,17,21,0.6657909641840628
2024-08-21,Cultural,1,1,0.9299957156181335
2024-08-21,Dining,2,3,0.6411818178991476
2024-08-21,Entertainment,38,48,0.8958481243251507
2024-08-21,Hotel,2,3,0.8938634792963663
2024-08-21,Natural,5,6,0.9107756366332372
2024-08-21,Outdoor,1,1,0.8771283030509949
2024-08-21,Religious,5,8,0.8111998031714133
2024-08-21,Shopping,7,8,0.7221476226113737
2024-08-21,Transit,12,14,0.4582315676712564
2024-08-21,area,12,16,0.6038841413683258
2024-08-22,Cityscape,18,26,0.8239646000620456
2024-08-22,Cultural,7,7,0.7155948121632848
2024-08-22,Dining,5,8,0.49257300289658207
2024-08-22,Entertainment,35,44,0.8706358547655403
2024-08-22,Hotel,1,2,0.21375779574736953
2024-08-22,Natural,7,8,0.7708537059370428
2024-08-22,Outdoor,1,1,0.7752736806869507
2024-08-22,Religious,7,7,0.6112637518385015
2024-08-22,Shopping,11,15,0.7248387937910027
2024-08-22,Transit,13,14,0.3596021062251003
2024-08-22,area,17,22,0.5650929639849699
2024-08-23,Cityscape,14,25,0.8266708026826382
2024-08-23,Cultural,8,10,0.649557015299797
2024-08-23,Dining,3,3,0.5763533173335923
2024-08-23,Entertainment,37,55,0.9068821120299873
2024-08-23,Hotel,3,3,0.9556243618329366
2024-08-23,Natural,8,12,0.9097720757126808
2024-08-23,Outdoor,4,4,0.905536487698555
2024-08-23,Religious,4,8,0.8087415974587202
2024-08-23,Shopping,9,14,0.6429933958819934
2024-08-23,Transit,20,26,0.5051849950240789
2024-08-23,area,12,33,0.6859005972968809
2024-08-24,Cityscape,21,29,0.7967676063389356
2024-08-24,Cultural,8,10,0.7954643547534943
2024-08-24,Dining,5,8,0.8705849722027779
2024-08-24,Entertainment,36,65,0.8285455266752992
2024-08-24,Hotel,1,1,0.8825998902320862
2024-08-24,Natural,6,6,0.9249419271945953
2024-08-24,Outdoor,1,1,0.8632057785987854
2024-08-24,Religious,9,13,0.6097871963030252
2024-08-24,Shopping,2,2,0.7992036938667297
2024-08-24,Transit,12,16,0.5774433857528493
2024-08-24,area,9,11,0.5163754517720505
2024-08-25,Cityscape,16,19,0.6693506180530503
2024-08-25,Cultural,8,8,0.5045069623738527
2024-08-25,Dining,7,10,0.8254407909512519
2024-08-25,Entertainment,49,61,0.8685437288380746
2024-08-25,Hotel,4,6,0.833928386370341
2024-08-25,Natural,7,10,0.847875058054924
2024-08-25,Outdoor,2,3,0.937449038028717
2024-08-25,Religious,3,7,0.7758328978504453
2024-08-25,Shopping,1,1,0.30174610018730164
2024-08-25,Transit,10,12,0.5102127092993921
2024-08-25,area,11,14,0.6900936202478728
2024-08-26,Cityscape,17,20,0.7569829651465019
2024-08-26,Cultural,5,6,0.7640067860484123
2024-08-26,Dining,3,4,0.6708833053708076
2024-08-26,Entertainment,38,60,0.8778405118823963
2024-08-26,Hotel,2,2,0.8860304206609726
2024-08-26,Natural,6,9,0.8235820482568766
2024-08-26,Outdoor,2,2,0.9114405810832977
2024-08-26,Religious,3,7,0.8159645412649427
2024-08-26,Shopping,3,4,0.6850149538367987
2024-08-26,Transit,11,13,0.4384588952510594
2024-08-26,area,13,16,0.5143512391368859
2024-08-27,Cityscape,17,21,0.7806178986996648
2024-08-27,Cultural,1,1,0.9505345225334167
2024-08-27,Dining,4,6,0.7251056051916547
2024-08-27,Entertainment,43,57,0.8593196817864788
2024-08-27,Hotel,5,5,0.7408044204115868
2024-08-27,Natural,5,5,0.7244411930441856
2024-08-27,Outdoor,4,4,0.7497071027755737
2024-08-27,Religious,3,3,0.6990258892377218
2024-08-27,Shopping,2,3,0.7263638377189636
2024-08-27,Transit,11,14,0.49777933298831895
2024-08-27,area,4,4,0.5015876088291407
2024-08-28,Cityscape,17,27,0.6999067183997896
2024-08-28,Cultural,11,22,0.7121217976691144
2024-08-28,Dining,1,2,0.8324683010578156
2024-08-28,Entertainment,40,64,0.8708822204009165
2024-08-28,Hotel,5,7,0.7226108355181557
2024-08-28,Natural,11,15,0.7897428912834988
2024-08-28,Outdoor,2,2,0.8682111501693726
2024-08-28,Religious,6,12,0.6623266531775395
2024-08-28,Shopping,8,12,0.5212654139225682
2024-08-28,Transit,13,17,0.3662487460525548
2024-08-28,area,14,24,0.5987168447864759
2024-08-29,Cityscape,17,29,0.673743277282893
2024-08-29,Cultural,7,8,0.7620189326504866
2024-08-29,Dining,4,5,0.8695799171924591
2024-08-29,Entertainment,28,42,0.8719493269609744
2024-08-29,Hotel,2,3,0.936897079149882
2024-08-29,Natural,5,6,0.7192674803858002
2024-08-29,Outdoor,3,4,0.9189766645431519
2024-08-29,Religious,6,15,0.6050932291895151
2024-08-29,Shopping,3,4,0.5783970877528191
2024-08-29,Transit,10,13,0.5622095113190321
2024-08-29,area,13,17,0.6162725518110628
2024-08-30,Cityscape,18,28,0.7089459259744363
2024-08-30,Cultural,7,9,0.6635239307803136
2024-08-30,Dining,5,12,0.6206550419770388
2024-08-30,Entertainment,33,44,0.8443814868207536
2024-08-30,Hotel,2,2,0.7220888584852219
2024-08-30,Natural,9,13,0.9140771086399371
2024-08-30,Outdoor,4,4,0.7132055424153805
2024-08-30,Religious,6,12,0.7788595377157131
2024-08-30,Shopping,3,3,0.6798635870218277
2024-08-30,Transit,8,11,0.5993712764088209
2024-08-30,area,10,12,0.64682153519243
2024-08-31,Cityscape,24,33,0.7096752261745637
2024-08-31,Cultural,9,11,0.7959334099608841
2024-08-31,Dining,9,15,0.5919139766030842
2024-08-31,Entertainment,46,73,0.837324297987457
2024-08-31,Hotel,7,12,0.8598232012656001
2024-08-31,Natural,6,6,0.7887153451641401
2024-08-31,Outdoor,2,2,0.9372706413269043
2024-08-31,Religious,4,4,0.8159674927592278
2024-08-31,Shopping,7,7,0.7239771442753928
2024-08-31,Transit,8,8,0.59528280608356
2024-08-31,area,13,15,0.7180415367086729
2024-09-01,Cityscape,24,30,0.7738026967272162
2024-09-01,Cultural,7,9,0.57253255115615
2024-09-01,Dining,5,5,0.7976396560668946
2024-09-01,Entertainment,51,65,0.8932051234222016
2024-09-01,Hotel,4,4,0.7731084103385607
2024-09-01,Natural,13,15,0.8588511526584626
2024-09-01,Outdoor,4,4,0.8641306087374687
2024-09-01,Religious,9,10,0.8688735574483871
2024-09-01,Shopping,6,10,0.5288136031478643
2024-09-01,Transit,12,13,0.40195077481464697
2024-09-01,area,13,18,0.6364982531026557
2024-09-02,Cityscape,20,31,0.7479675501198575
2024-09-02,Cultural,3,4,0.6784915663301945
2024-09-02,Dining,5,8,0.6419005909701809
2024-09-02,Entertainment,41,52,0.8238702142633476
2024-09-02,Hotel,6,7,0.7025814439569201
2024-09-02,Natural,11,16,0.807705501181772
2024-09-02,Outdoor,5,5,0.8804181456565857
2024-09-02,Religious,7,17,0.7861768726040336
2024-09-02,Shopping,4,4,0.553222315851599
2024-09-02,Transit,11,17,0.40980194501443956
2024-09-02,area,10,14,0.6344627585376099
2024-09-03,Cityscape,12,14,0.8422432928567841
2024-09-03,Cultural,10,11,0.6380258811468428
2024-09-03,Dining,5,7,0.8201385246855872
2024-09-03,Entertainment,34,39,0.8379846743602528
2024-09-03,Hotel,3,4,0.894001305103302
2024-09-03,Natural,6,9,0.8976801663637161
2024-09-03,Outdoor,2,2,0.8615638911724091
2024-09-03,Religious,3,4,0.8480543692906698
2024-09-03,Shopping,6,6,0.6600360804133946
2024-09-03,Transit,7,7,0.3325135239533016
2024-09-03,area,12,16,0.6794254658743739
2024-09-04,Cityscape,16,22,0.7325336113894657
2024-09-04,Cultural,5,5,0.874949598312378
2024-09-04,Dining,9,13,0.7442418217945558
2024-09-04,Entertainment,27,40,0.8731685004100458
2024-09-04,Natural,7,8,0.8881683796644211
2024-09-04,Outdoor,3,3,0.6461770832538605
2024-09-04,Religious,6,11,0.7190964289686896
2024-09-04,Shopping,4,4,0.6442149467766285
2024-09-04,Transit,9,10,0.5245350082641325
2024-09-04,area,9,9,0.6340955255760087
2024-09-05,Cityscape,14,16,0.6450936322410902
2024-09-05,Cultural,5,7,0.7530261647133599
2024-09-05,Entertainment,34,48,0.8828222812253012
2024-09-05,Hotel,2,3,0.8420405586560568
2024-09-05,Natural,13,19,0.8817778861836383
2024-09-05,Outdoor,1,1,0.602030336856842
2024-09-05,Religious,4,4,0.4659276567399502
2024-09-05,Shopping,6,6,0.5975292436778545
2024-09-05,Transit,11,12,0.5706153080488244
2024-09-05,area,15,25,0.3226084978878498
2024-09-06,Cityscape,15,20,0.8339270195355276
2024-09-06,Cultural,3,4,0.5428365642825762
2024-09-06,Dining,2,3,0.705201139052709
2024-09-06,Entertainment,29,37,0.9060743717861989
2024-09-06,Hotel,3,3,0.845111072063446
2024-09-06,Natural,4,5,0.9160162826379141
2024-09-06,Outdoor,2,2,0.9522131681442261
2024-09-06,Religious,4,4,0.8105788230895996
2024-09-06,Shopping,3,5,0.6784521579742432
2024-09-06,Transit,5,6,0.3231232819457849
2024-09-06,area,15,20,0.5515142142284839
2024-09-07,Cityscape,22,29,0.776514872081788
2024-09-07,Cultural,1,1,0.8550223708152771
2024-09-07,Dining,5,6,0.9129972917338213
2024-09-07,Entertainment,50,59,0.8851709896623075
2024-09-07,Hotel,2,4,0.8733792069057624
2024-09-07,Natural,7,9,0.8559108409616683
2024-09-07,Outdoor,2,6,0.7801492537061373
2024-09-07,Religious,3,4,0.7601832449436188
2024-09-07,Shopping,5,7,0.6870933175086975
2024-09-07,Transit,11,13,0.4692131630097253
2024-09-07,area,10,16,0.6101400494808331
2024-09-08,Cityscape,21,29,0.6993300204711228
2024-09-08,Cultural,4,6,0.853505422671636
2024-09-08,Dining,7,12,0.7497731682327059
2024-09-08,Entertainment,49,73,0.8779791409078549
2024-09-08,Hotel,3,3,0.6242197168370088
2024-09-08,Natural,7,8,0.6882368644389013
2024-09-08,Outdoor,3,3,0.7841866314411163
2024-09-08,Religious,9,13,0.6387842303762833
2024-09-08,Shopping,5,7,0.6912085328783307
2024-09-08,Transit,11,15,0.4885079590923558
2024-09-08,area,13,18,0.4397658626548946
2024-09-09,Cityscape,18,28,0.7552514500839979
2024-09-09,Cultural,7,20,0.5545570558557908
2024-09-09,Dining,8,9,0.6515078606015002
2024-09-09,Entertainment,28,35,0.8498712660424048
2024-09-09,Hotel,3,3,0.9235072433948517
2024-09-09,Natural,4,5,0.906334421634674
2024-09-09,Outdoor,2,2,0.8850933313369751
2024-09-09,Religious,4,5,0.8342545390129089
2024-09-09,Shopping,5,7,0.5856982512133462
2024-09-09,Transit,8,11,0.3897921118998166
2024-09-09,area,14,18,0.6106482594515438
2024-09-10,Cityscape,19,23,0.7453595105410161
2024-09-10,Cultural,6,8,0.7175674512982368
2024-09-10,Dining,5,6,0.6837057769298553
2024-09-10,Entertainment,39,47,0.8945327031678669
2024-09-10,Hotel,4,5,0.7985762218634288
2024-09-10,Natural,9,10,0.9069070756435395
2024-09-10,Outdoor,2,2,0.9270315170288086
2024-09-10,Religious,2,3,0.7877205775843726
2024-09-10,Shopping,2,2,0.5592067763209343
2024-09-10,Sport,1,1,0.9419215321540833
2024-09-10,Transit,13,14,0.4818481773226743
2024-09-10,area,9,12,0.5660056450869888
2024-09-11,Cityscape,15,20,0.7809380360947991
2024-09-11,Cultural,4,8,0.5650597736239433
2024-09-11,Dining,4,6,0.8187323361635208
2024-09-11,Entertainment,51,71,0.8588897200775091
2024-09-11,Hotel,3,3,0.6367781294716729
2024-09-11,Natural,4,4,0.9223071038722992
2024-09-11,Outdoor,2,2,0.6541323612133662
2024-09-11,Religious,5,6,0.8337980608145396
2024-09-11,Shopping,7,8,0.6993089774623513
2024-09-11,Transit,17,20,0.36145565662946966
2024-09-11,area,13,15,0.43039088196431596
2024-09-12,Cityscape,16,22,0.7141029168146127
2024-09-12,Cultural,7,10,0.5052210684865713
2024-09-12,Dining,3,6,0.8058344307872983
2024-09-12,Entertainment,52,71,0.8611108443071115
2024-09-12,Hotel,6,9,0.9367188908435681
2024-09-12,Natural,7,10,0.8514456758896509
2024-09-12,Outdoor,1,2,0.7800126671791077
2024-09-12,Religious,6,7,0.8210844894250233
2024-09-12,Shopping,4,4,0.8369223177433014
2024-09-12,Sport,1,1,0.03335226699709892
2024-09-12,Transit,8,10,0.4896558349765837
2024-09-12,area,8,12,0.517576671929823
2024-09-13,Cityscape,17,20,0.6715882743988186
2024-09-13,Cultural,4,4,0.7003371603786945
2024-09-13,Dining,8,9,0.7659799497988489
2024-09-13,Entertainment,50,70,0.8782828994493489
2024-09-13,Hotel,4,4,0.5285138259641826
2024-09-13,Natural,4,6,0.8642436762650808
2024-09-13,Outdoor,1,1,0.9114209413528442
2024-09-13,Religious,2,2,0.8004446923732758
2024-09-13,Shopping,1,1,0.6579824686050415
2024-09-13,Transit,8,13,0.2622122713211146
2024-09-13,area,10,14,0.6695646230663572
2024-09-14,Cityscape,16,19,0.7607973014707106
2024-09-14,Cultural,8,9,0.5823553005854288
2024-09-14,Dining,5,8,0.7480389513075352
2024-09-14,Entertainment,53,72,0.8839369970040839
2024-09-14,Hotel,5,8,0.9165713588396708
2024-09-14,Natural,5,7,0.8244875094720295
2024-09-14,Outdoor,2,2,0.855520635843277
2024-09-14,Religious,3,5,0.9299739301204681
2024-09-14,Shopping,2,3,0.7626646161079407
2024-09-14,Transit,15,17,0.4855328507867514
2024-09-14,area,6,8,0.7130497954785824
2024-09-15,Cityscape,14,15,0.7836026916901271
2024-09-15,Cultural,5,5,0.613128799572587
2024-09-15,Dining,2,2,0.8044191896915436
2024-09-15,Entertainment,43,52,0.8821512322482552
2024-09-15,Hotel,1,1,0.8708210587501526
2024-09-15,Natural,5,7,0.9203906272138868
2024-09-15,Outdoor,1,1,0.7258262038230896
2024-09-15,Religious,8,13,0.7977506655913132
2024-09-15,Shopping,2,3,0.8264979918797811
2024-09-15,Sport,1,1,0.6842517256736755
2024-09-15,Transit,13,18,0.6008590462928017
2024-09-15,area,10,23,0.7404238126321655
2024-09-16,Cityscape,19,22,0.7682871514522103
2024-09-16,Cultural,7,7,0.8133819724832262
2024-09-16,Dining,6,7,0.7001249408792881
2024-09-16,Entertainment,40,47,0.8508884630683993
2024-09-16,Hotel,5,6,0.7310903560784129
2024-09-16,Natural,4,4,0.8775837644934654
2024-09-16,Outdoor,1,4,0.9014589016636213
2024-09-16,Religious,1,1,0.780630025598738
2024-09-16,Shopping,2,2,0.6208505928516388
2024-09-16,Transit,5,6,0.4446353463456035
2024-09-16,area,13,14,0.49984523707202505
2024-09-17,Cityscape,18,28,0.6967253399835457
2024-09-17,Cultural,7,9,0.5182861846590799
2024-09-17,Dining,5,5,0.7971867815653483
2024-09-17,Entertainment,48,71,0.8478024803106052
2024-09-17,Hotel,10,17,0.8283939747249379
2024-09-17,Natural,11,14,0.7769059474979129
2024-09-17,Outdoor,1,1,0.9605849981307983
2024-09-17,Religious,5,5,0.5395064824819565
2024-09-17,Shopping,3,3,0.6849385698636373
2024-09-17,Transit,17,19,0.45824328732529757
2024-09-17,area,16,30,0.6659244543148412
2024-09-18,Cityscape,29,40,0.7539247922754536
2024-09-18,Cultural,10,13,0.6794112929716133
2024-09-18,Dining,7,8,0.7661792263388634
2024-09-18,Entertainment,67,105,0.848041931685207
2024-09-18,Hotel,11,14,0.748850614808145
2024-09-18,Natural,9,11,0.8965915956280448
2024-09-18,Outdoor,1,1,0.6073732413351536
2024-09-18,Religious,4,5,0.5573671296238899
2024-09-18,Shopping,6,6,0.6365999523550272
2024-09-18,Transit,22,34,0.5219722901854444
2024-09-18,area,18,23,0.7284815154861712
2024-09-19,Cityscape,33,59,0.7362272952984941
2024-09-19,Cultural,6,10,0.5813911734769742
2024-09-19,Dining,3,7,0.842499098607472
2024-09-19,Entertainment,62,75,0.8602329912789456
2024-09-19,Hotel,3,3,0.8929490645726522
2024-09-19,Natural,9,9,0.7904343788546544
2024-09-19,Outdoor,2,2,0.8033100366592407
2024-09-19,Religious,7,9,0.6663895551529195
2024-09-19,Shopping,10,13,0.6976048270097146
2024-09-19,Transit,14,16,0.5065864209609572
2024-09-19,area,11,13,0.5537929879286542
2024-09-20,Cityscape,19,28,0.7952616955430823
2024-09-20,Cultural,6,8,0.6361194759762535
2024-09-20,Dining,5,8,0.839697166159749
2024-09-20,Entertainment,48,62,0.8831396619400178
2024-09-20,Hotel,5,5,0.7212291955947876
2024-09-20,Natural,9,13,0.8322377275528843
2024-09-20,Outdoor,2,2,0.6512647811323404
2024-09-20,Religious,5,14,0.8005966831530843
2024-09-20,Shopping,5,5,0.6275517821311951
2024-09-20,Transit,8,9,0.6543340711497966
2024-09-20,area,10,20,0.6309135975767124
2024-09-21,Cityscape,19,25,0.7601316030621529
2024-09-21,Cultural,8,10,0.6067189647505681
2024-09-21,Dining,8,9,0.5267611416574154
2024-09-21,Entertainment,62,83,0.8755439050987973
2024-09-21,Hotel,3,3,0.40678225457668304
2024-09-21,Natural,6,6,0.8739424015084903
2024-09-21,Outdoor,3,3,0.9332339366277059
2024-09-21,Religious,5,8,0.7551083080470562
2024-09-21,Shopping,4,4,0.45386562367479893
2024-09-21,Transit,11,12,0.4355148156173527
2024-09-21,area,13,17,0.5136183189774354
2024-09-22,Cityscape,17,28,0.7946406636317419
2024-09-22,Cultural,7,8,0.853833113051951
2024-09-22,Dining,4,9,0.5786223402246833
2024-09-22,Entertainment,60,80,0.8788319000444684
2024-09-22,Hotel,6,12,0.654871649070022
2024-09-22,Natural,11,12,0.8901965987558166
2024-09-22,Outdoor,3,5,0.8206803619861602
2024-09-22,Religious,6,11,0.8100206911563873
2024-09-22,Shopping,4,6,0.7780735799007945
2024-09-22,Transit,14,15,0.5768417699800598
2024-09-22,area,11,13,0.6777488211026559
2024-09-23,Cityscape,20,43,0.7224642309511817
2024-09-23,Cultural,6,10,0.5788927987217903
2024-09-23,Dining,10,13,0.689892556804877
2024-09-23,Entertainment,66,92,0.8719328191380025
2024-09-23,Hotel,1,1,0.18227681517601013
2024-09-23,Natural,15,24,0.8949974324140283
2024-09-23,Outdoor,6,7,0.7948781635080066
2024-09-23,Religious,8,11,0.8368450417663111
2024-09-23,Shopping,7,11,0.5314441082829778
2024-09-23,Sport,2,2,0.6956125662869049
2024-09-23,Transit,11,12,0.4362430504212777
2024-09-23,area,20,25,0.5620628384299963
2024-09-24,Cityscape,16,24,0.6588743518417081
2024-09-24,Cultural,11,13,0.5887224252980489
2024-09-24,Dining,5,7,0.6580625939227286
2024-09-24,Entertainment,46,55,0.8875263134424621
2024-09-24,Hotel,3,3,0.7940153876940409
2024-09-24,Natural,8,20,0.819575323536992
2024-09-24,Outdoor,2,4,0.8465169444680214
2024-09-24,Religious,12,19,0.7586348704601589
2024-09-24,Shopping,4,6,0.49447622802108526
2024-09-24,Transit,11,16,0.5995786635942446
2024-09-24,area,17,24,0.7701580933324755
2024-09-25,Cityscape,20,27,0.7032104218999544
2024-09-25,Cultural,8,9,0.7203677352517843
2024-09-25,Dining,4,7,0.7981466665154412
2024-09-25,Entertainment,44,61,0.865197169424746
2024-09-25,Hotel,1,2,0.5808119773864746
2024-09-25,Natural,6,7,0.9303861047540393
2024-09-25,Outdoor,3,4,0.9023066014051437
2024-09-25,Religious,4,4,0.8814974129199982
2024-09-25,Shopping,3,4,0.6043041124939919
2024-09-25,Transit,11,13,0.5059271962978901
2024-09-25,area,20,22,0.6651298625767451
2024-09-26,Cityscape,22,31,0.8054794739851707
2024-09-26,Cultural,5,6,0.5997180913885435
2024-09-26,Dining,5,7,0.8910845904832795
2024-09-26,Entertainment,43,55,0.8499116454789198
2024-09-26,Natural,7,9,0.8486045400301615
2024-09-26,Outdoor,1,1,0.6035191416740417
2024-09-26,Religious,4,6,0.7481513793269793
2024-09-26,Shopping,6,6,0.6200250814824054
2024-09-26,Sport,1,1,0.8668614029884338
2024-09-26,Transit,18,20,0.4450102974350254
2024-09-26,area,13,17,0.557409733752994
2024-09-27,Cityscape,22,28,0.6973546722216443
2024-09-27,Cultural,5,9,0.7176632616255019
2024-09-27,Dining,7,10,0.5685243144631386
2024-09-27,Entertainment,56,62,0.909154389854139
2024-09-27,Hotel,3,3,0.8046838839848837
2024-09-27,Natural,8,15,0.8104417222821051
2024-09-27,Outdoor,3,4,0.9134717583656311
2024-09-27,Religious,6,10,0.7699877724051476
2024-09-27,Shopping,6,7,0.704565954616382
2024-09-27,Transit,12,13,0.5281903259456158
2024-09-27,area,16,23,0.6073105522849854
2024-09-28,Cityscape,29,47,0.6986043128297262
2024-09-28,Cultural,9,16,0.6021913970122114
2024-09-28,Dining,7,14,0.8410909296501251
2024-09-28,Entertainment,47,69,0.837279492095976
2024-09-28,Hotel,4,4,0.8726677447557449
2024-09-28,Natural,12,14,0.7310961575713009
2024-09-28,Outdoor,3,3,0.6421994479993979
2024-09-28,Religious,7,9,0.6798116068045298
2024-09-28,Shopping,7,8,0.7088019519578665
2024-09-28,Transit,14,16,0.40631292754154524
2024-09-28,area,7,9,0.5097405847024035
2024-09-29,Cityscape,17,22,0.6710999317636545
2024-09-29,Cultural,5,6,0.49556276698907215
2024-09-29,Dining,4,4,0.5979033994177977
2024-09-29,Entertainment,41,46,0.8824550740328759
2024-09-29,Hotel,2,2,0.8703494668006897
2024-09-29,Natural,8,8,0.7539188166459402
2024-09-29,Outdoor,1,2,0.9359700083732605
2024-09-29,Religious,6,8,0.805427422747016
2024-09-29,Shopping,4,4,0.4454261439386755
2024-09-29,Transit,12,12,0.595231879339923
2024-09-29,area,18,19,0.6774215786145967
2024-09-30,Cityscape,5,5,0.5416389457881451
2024-09-30,Dining,2,12,0.8343479114274185
2024-09-30,Entertainment,12,14,0.9220289128319342
2024-09-30,Natural,2,2,0.8724629580974579
2024-09-30,Religious,1,1,0.9367595911026001
2024-09-30,Shopping,1,1,0.8966660760343075
2024-09-30,Transit,2,2,0.13124623149633408
2024-09-30,area,5,6,0.656124831073814
2024-10-01,Cityscape,15,22,0.7361447778671528
2024-10-01,Cultural,7,8,0.8157969750463963
2024-10-01,Dining,6,8,0.776061044074595
2024-10-01,Entertainment,52,65,0.8586657899514176
2024-10-01,Hotel,3,5,0.8957555850346883
2024-10-01,Natural,8,9,0.7891566162859952
2024-10-01,Outdoor,2,2,0.908390611410141
2024-10-01,Religious,3,3,0.8064704835414886
2024-10-01,Shopping,7,9,0.5708978143003252
2024-10-01,Transit,8,12,0.694603361085885
2024-10-01,area,16,20,0.7138333868235349
2024-10-02,Cityscape,13,17,0.7143309622564736
2024-10-02,Cultural,7,15,0.6875266962581211
2024-10-02,Dining,2,2,0.7525679469108582
2024-10-02,Entertainment,33,48,0.8301761302156353
2024-10-02,Hotel,1,1,0.8758239150047302
2024-10-02,Natural,6,7,0.8503249440100287
2024-10-02,Outdoor,2,2,0.8584270079930623
2024-10-02,Religious,6,13,0.7764101074292109
2024-10-02,Shopping,2,2,0.899654746055603
2024-10-02,Transit,8,9,0.3308390165092769
2024-10-02,area,11,18,0.5491985382460471
2024-10-03,Cityscape,21,38,0.6919769669980987
2024-10-03,Cultural,3,7,0.9042636596021199
2024-10-03,Dining,6,9,0.7786661601728864
2024-10-03,Entertainment,43,78,0.8882157043512615
2024-10-03,Hotel,3,3,0.9101409117380778
2024-10-03,Natural,5,7,0.8646362432411738
2024-10-03,Outdoor,4,4,0.9221187978982925
2024-10-03,Religious,3,3,0.7612997690836588
2024-10-03,Shopping,2,2,0.9092230796813965
2024-10-03,Sport,1,1,0.31910598278045654
2024-10-03,Transit,11,14,0.4990125216898464
2024-10-03,area,19,23,0.7003653649159748
2024-10-04,Cityscape,13,14,0.8580477652805192
2024-10-04,Cultural,5,7,0.7543758415445989
2024-10-04,Dining,8,10,0.9082647244135538
2024-10-04,Entertainment,51,63,0.8806200657608383
2024-10-04,Hotel,2,4,0.7645271271467209
2024-10-04,Natural,7,10,0.7306158528663218
2024-10-04,Outdoor,1,1,0.8990980386734009
2024-10-04,Religious,6,6,0.7680134425560633
2024-10-04,Shopping,4,6,0.717755942294995
2024-10-04,Transit,14,14,0.5926410822375189
2024-10-04,area,13,18,0.5637604213009278
2024-10-05,Cityscape,12,18,0.841681306919566
2024-10-05,Cultural,5,5,0.7696976840496064
2024-10-05,Dining,7,9,0.7964137683588046
2024-10-05,Entertainment,43,60,0.864750094652391
2024-10-05,Hotel,5,7,0.7553675699801673
2024-10-05,Natural,6,7,0.9080601973193032
2024-10-05,Outdoor,2,2,0.8379984796047211
2024-10-05,Religious,2,2,0.7991147190332413
2024-10-05,Shopping,6,6,0.6765320350726446
2024-10-05,Transit,11,13,0.42706998261726564
2024-10-05,area,11,14,0.5677081181534699
2024-10-06,Cityscape,21,30,0.8423898985764633
2024-10-06,Cultural,8,13,0.5799654624783076
2024-10-06,Dining,4,6,0.7889434612459607
2024-10-06,Entertainment,60,96,0.866975436368925
2024-10-06,Hotel,2,2,0.8407562375068665
2024-10-06,Natural,10,10,0.7789782096942266
2024-10-06,Outdoor,1,1,0.1941196769475937
2024-10-06,Religious,7,13,0.7616527882906107
2024-10-06,Shopping,7,7,0.720878637262753
2024-10-06,Transit,11,12,0.6096650693480942
2024-10-06,area,9,14,0.6396498000692753
2024-10-07,Cityscape,22,28,0.7545156987117869
2024-10-07,Cultural,6,9,0.549597435551221
2024-10-07,Dining,13,15,0.785593800412284
2024-10-07,Entertainment,61,79,0.8529454846624595
2024-10-07,Hotel,6,6,0.7806548984455212
2024-10-07,Natural,10,15,0.8435514092445373
2024-10-07,Outdoor,2,2,0.8822294771671295
2024-10-07,Religious,7,10,0.8250474204619727
2024-10-07,Shopping,5,7,0.3045936104442392
2024-10-07,Transit,7,9,0.6989047659767998
2024-10-07,area,17,27,0.7088133173178376
2024-10-08,Cityscape,13,15,0.7441744667078768
2024-10-08,Cultural,5,6,0.767741878827413
2024-10-08,Dining,7,10,0.7674725353717804
2024-10-08,Entertainment,48,70,0.8858168873620926
2024-10-08,Hotel,1,1,0.8520275910695394
2024-10-08,Natural,6,6,0.7117375669380029
2024-10-08,Religious,3,7,0.7044817975589207
2024-10-08,Shopping,4,4,0.6803186976350843
2024-10-08,Transit,9,11,0.5689481408194159
2024-10-08,area,13,14,0.5807375225371548
2024-10-09,Cityscape,17,23,0.7137944411324418
2024-10-09,Cultural,3,3,0.49434199432531994
2024-10-09,Dining,6,7,0.8223300874233246
2024-10-09,Entertainment,30,51,0.8574568467839443
2024-10-09,Hotel,2,2,0.8636352717876434
2024-10-09,Natural,7,7,0.8825370924813407
2024-10-09,Outdoor,2,2,0.7009018585085869
2024-10-09,Religious,2,5,0.8742736220359802
2024-10-09,Shopping,6,6,0.6246848404407501
2024-10-09,Transit,11,14,0.5284828831517295
2024-10-09,area,13,15,0.653368492162338
2024-10-10,Cityscape,20,35,0.7084553295402573
2024-10-10,Cultural,9,11,0.5985013801943172
2024-10-10,Dining,3,12,0.6853112253463931
2024-10-10,Entertainment,47,68,0.872622252422994
2024-10-10,Hotel,1,1,0.5907515287399292
2024-10-10,Natural,6,6,0.8278335233529409
2024-10-10,Religious,5,8,0.6050870033601919
2024-10-10,Shopping,9,13,0.7132425663753962
2024-10-10,Transit,9,11,0.3070005870452433
2024-10-10,area,17,29,0.6701511205598656
2024-10-11,Cityscape,18,27,0.6978225041494426
2024-10-11,Cultural,6,8,0.5901161562651396
2024-10-11,Dining,6,6,0.8799934387207031
2024-10-11,Entertainment,42,56,0.8501327389551718
2024-10-11,Hotel,3,3,0.8722585837046305
2024-10-11,Natural,4,6,0.8122948904832205
2024-10-11,Outdoor,1,1,0.9005350470542908
2024-10-11,Religious,1,1,0.8179568648338318
2024-10-11,Shopping,6,6,0.7674995101988316
2024-10-11,Transit,15,19,0.5769478295764007
2024-10-11,area,13,21,0.7080004179761523
2024-10-12,Cityscape,14,14,0.8817661149161202
2024-10-12,Cultural,4,4,0.7018319815397263
2024-10-12,Dining,3,3,0.7523974743154315
2024-10-12,Entertainment,50,76,0.871044910107016
2024-10-12,Hotel,5,7,0.8307768745081765
2024-10-12,Natural,12,16,0.8402644212668141
2024-10-12,Outdoor,2,2,0.6346978242509067
2024-10-12,Religious,9,14,0.7903312004747844
2024-10-12,Shopping,1,1,0.4589218497276306
2024-10-12,Transit,13,13,0.5886774038561644
2024-10-12,area,9,12,0.736179307103157
2024-10-13,Cityscape,26,30,0.7223772489941782
2024-10-13,Cultural,10,16,0.6648695794865489
2024-10-13,Dining,4,4,0.7870025960728526
2024-10-13,Entertainment,51,66,0.8547362190024573
2024-10-13,Hotel,5,6,0.7461521178483963
2024-10-13,Natural,5,7,0.8563419360490073
2024-10-13,Outdoor,2,3,0.8447341918945312
2024-10-13,Religious,8,10,0.8040310060977935
2024-10-13,Shopping,4,5,0.6323659280315042
2024-10-13,Transit,12,18,0.4069831954505019
2024-10-13,area,11,21,0.3921947901447614
2024-10-14,Cityscape,23,37,0.7331070550843268
2024-10-14,Cultural,11,16,0.7808084861685832
2024-10-14,Dining,8,12,0.7161573022603989
2024-10-14,Entertainment,51,76,0.887675770852071
2024-10-14,Hotel,2,2,0.9213995337486267
2024-10-14,Natural,10,11,0.8109763643958352
2024-10-14,Outdoor,3,3,0.9163124163945516
2024-10-14,Religious,4,9,0.6980869206013502
2024-10-14,Shopping,8,8,0.561691272072494
2024-10-14,Transit,11,13,0.43070933337395007
2024-10-14,area,14,23,0.6160730463655099
2024-10-15,Cityscape,18,29,0.7940690150463032
2024-10-15,Cultural,4,4,0.7674576789140701
2024-10-15,Dining,8,13,0.8140797381981825
2024-10-15,Entertainment,44,80,0.8395625167705261
2024-10-15,Hotel,4,4,0.6774009130895138
2024-10-15,Natural,6,7,0.8825337163039616
2024-10-15,Outdoor,4,6,0.7019378820227252
2024-10-15,Religious,7,13,0.7852779344106332
2024-10-15,Shopping,7,7,0.7080432048865727
2024-10-15,Transit,14,18,0.708900484946315
2024-10-15,area,21,26,0.5840465675215595
2024-10-16,Cityscape,22,29,0.7521559876100771
2024-10-16,Cultural,9,14,0.7106457551320393
2024-10-16,Dining,6,9,0.7118744618362851
2024-10-16,Entertainment,58,90,0.8653278327561428
2024-10-16,Hotel,6,10,0.7659930890798569
2024-10-16,Natural,11,13,0.833282164297998
2024-10-16,Outdoor,1,1,0.9520074725151062
2024-10-16,Religious,3,6,0.7621481164048115
2024-10-16,Shopping,4,4,0.5160731389187276
2024-10-16,Sport,1,1,0.9375649094581604
2024-10-16,Transit,22,25,0.4934112972021103
2024-10-16,area,13,15,0.7067703415701787
2024-10-17,Cityscape,22,30,0.6730821157060564
2024-10-17,Cultural,4,5,0.621945258975029
2024-10-17,Dining,9,10,0.8466161579570987
2024-10-17,Entertainment,59,99,0.8769747318858319
2024-10-17,Hotel,6,18,0.8945244121882651
2024-10-17,Natural,8,10,0.8128763577590385
2024-10-17,Outdoor,1,1,0.8176943212747574
2024-10-17,Religious,4,8,0.8452694912751516
2024-10-17,Shopping,4,4,0.7380049005150795
2024-10-17,Transit,13,17,0.42728902220579923
2024-10-17,area,12,18,0.6976140252555961
2024-10-18,Cityscape,19,24,0.6765576181674583
2024-10-18,Cultural,13,14,0.641012253505843
2024-10-18,Dining,6,9,0.7053936168689419
2024-10-18,Entertainment,45,57,0.8549995311012929
2024-10-18,Hotel,2,2,0.9014504253864288
2024-10-18,Natural,9,9,0.831397742860847
2024-10-18,Outdoor,2,2,0.6781421601772308
2024-10-18,Religious,4,11,0.8453880914232947
2024-10-18,Shopping,5,5,0.5382628726462524
2024-10-18,Transit,11,12,0.43104780938786763
2024-10-18,area,13,13,0.6318502342089628
2024-10-19,Cityscape,16,23,0.7735943956219632
2024-10-19,Cultural,9,9,0.8628102309174008
2024-10-19,Dining,5,5,0.6750374052673578
2024-10-19,Entertainment,56,77,0.8849730399382655
2024-10-19,Hotel,7,9,0.8712572620974647
2024-10-19,Natural,7,9,0.888004461924235
2024-10-19,Outdoor,1,1,0.8396011590957642
2024-10-19,Religious,3,4,0.9238645955920219
2024-10-19,Shopping,5,6,0.636343851685524
2024-10-19,Transit,13,15,0.5313801484306653
2024-10-19,area,9,18,0.7659745999333474
2024-10-20,Cityscape,27,39,0.7975849355966803
2024-10-20,Cultural,6,6,0.7717894464731216
2024-10-20,Dining,7,8,0.6387272157395879
2024-10-20,Entertainment,60,78,0.8851592950251379
2024-10-20,Hotel,4,4,0.8333890234962815
2024-10-20,Natural,11,17,0.8568262522127115
2024-10-20,Religious,13,20,0.7943283393979073
2024-10-20,Shopping,4,4,0.7325571700930595
2024-10-20,Transit,21,26,0.4903749446420429
2024-10-20,area,14,22,0.5674397548321973
2024-10-21,Cityscape,29,39,0.7992189103721553
2024-10-21,Cultural,10,16,0.7517613009549677
2024-10-21,Dining,12,13,0.8010350053126996
2024-10-21,Entertainment,81,122,0.8679966856472683
2024-10-21,Hotel,5,5,0.835309773683548
2024-10-21,Natural,15,16,0.7651351644890383
2024-10-21,Outdoor,3,3,0.7831676801045736
2024-10-21,Religious,7,14,0.8245840779372624
2024-10-21,Shopping,3,3,0.5029192566871643
2024-10-21,Transit,21,24,0.6020063943540056
2024-10-21,area,20,22,0.575290191791613
2024-10-22,Cityscape,27,35,0.7926496170607268
2024-10-22,Cultural,5,6,0.7477861791849136
2024-10-22,Dining,3,3,0.7814271301031113
2024-10-22,Entertainment,50,76,0.8593619380514749
2024-10-22,Hotel,5,6,0.7593146169351207
2024-10-22,Natural,9,12,0.7500795322573848
2024-10-22,Outdoor,1,1,0.9573566913604736
2024-10-22,Religious,7,10,0.7418831123039127
2024-10-22,Shopping,5,7,0.7843279806630952
2024-10-22,Transit,13,19,0.48428556352880636
2024-10-22,area,14,24,0.7510480230169682
2024-10-23,Cityscape,29,35,0.7637160436205921
2024-10-23,Cultural,10,13,0.8242994011976781
2024-10-23,Dining,4,4,0.7707361802458763
2024-10-23,Entertainment,73,94,0.8724740969804752
2024-10-23,Hotel,1,1,0.9724101424217224
2024-10-23,Natural,9,12,0.8969264783793025
2024-10-23,Outdoor,5,5,0.7492267251014709
2024-10-23,Religious,9,14,0.8612214284283775
2024-10-23,Shopping,4,4,0.8314741551876068
2024-10-23,Transit,13,13,0.49465231958131956
2024-10-23,area,15,18,0.6034512830277284
2024-10-24,Cityscape,28,36,0.8327537672939124
2024-10-24,Cultural,4,4,0.9331802725791931
2024-10-24,Dining,10,23,0.7597707864997126
2024-10-24,Entertainment,50,67,0.8881505882005896
2024-10-24,Hotel,2,2,0.8109218180179596
2024-10-24,Natural,9,9,0.8934478097491794
2024-10-24,Outdoor,4,4,0.9279290214180946
2024-10-24,Religious,4,4,0.6924910396337509
2024-10-24,Shopping,8,9,0.6795471707979838
2024-10-24,Transit,21,24,0.4155716982980569
2024-10-24,area,17,26,0.5730184932024434
2024-10-25,Cityscape,14,22,0.7072070149817701
2024-10-25,Cultural,9,10,0.731760872900486
2024-10-25,Dining,10,11,0.8503872782669284
2024-10-25,Entertainment,55,100,0.8857022686117492
2024-10-25,Hotel,4,5,0.7272126480937005
2024-10-25,Natural,5,6,0.8551054697897699
2024-10-25,Outdoor,3,3,0.5518172085285187
2024-10-25,Religious,4,6,0.9224855502446493
2024-10-25,Shopping,6,8,0.8576340265572071
2024-10-25,Transit,26,30,0.45027495307020016
2024-10-25,area,17,26,0.624595495529245
2024-10-26,Cityscape,26,33,0.7350845031741292
2024-10-26,Cultural,6,7,0.7099172301590443
2024-10-26,Dining,3,4,0.8696895837783813
2024-10-26,Entertainment,52,80,0.867968276224928
2024-10-26,Hotel,1,2,0.8771280348300934
2024-10-26,Natural,14,18,0.8711572511801644
2024-10-26,Outdoor,6,6,0.8677085141340891
2024-10-26,Religious,9,12,0.7614996244096094
2024-10-26,Shopping,6,11,0.7309930762397004
2024-10-26,Transit,23,26,0.6452751707763243
2024-10-26,area,10,22,0.7525457853282039
2024-10-27,Cityscape,21,34,0.7398141882765819
2024-10-27,Cultural,9,12,0.7643045745790005
2024-10-27,Dining,9,13,0.8338332810463049
2024-10-27,Entertainment,62,90,0.8656646947597414
2024-10-27,Hotel,3,6,0.882007853852378
2024-10-27,Natural,15,19,0.8366234655704414
2024-10-27,Outdoor,3,5,0.7664783626794816
2024-10-27,Religious,9,14,0.8017539642751217
2024-10-27,Shopping,5,7,0.7459555183138166
2024-10-27,Transit,19,22,0.5114281248216602
2024-10-27,area,13,19,0.7003228323240029
2024-10-28,Cityscape,18,29,0.8272435307588386
2024-10-28,Cultural,8,10,0.6494312069407016
2024-10-28,Dining,7,7,0.89824378490448
2024-10-28,Entertainment,50,68,0.8612432106526753
2024-10-28,Hotel,5,5,0.9219278216361999
2024-10-28,Natural,13,14,0.8554982606853757
2024-10-28,Outdoor,4,4,0.8198601752519608
2024-10-28,Religious,12,17,0.7908928394317627
2024-10-28,Shopping,6,7,0.8097996371132987
2024-10-28,Transit,14,21,0.47750047901793136
2024-10-28,area,16,24,0.6977863889505406
2024-10-29,Cityscape,23,37,0.788895512848824
2024-10-29,Cultural,4,4,0.580484944395721
2024-10-29,Dining,11,16,0.8218084288450579
2024-10-29,Entertainment,54,76,0.8648540615193344
2024-10-29,Hotel,4,4,0.8195319175720215
2024-10-29,Natural,8,11,0.7590308832851324
2024-10-29,Outdoor,3,3,0.8871621886889139
2024-10-29,Religious,4,4,0.7869834154844284
2024-10-29,Shopping,5,6,0.7257720198896197
2024-10-29,Transit,15,18,0.6443407079204917
2024-10-29,area,20,32,0.7203358621669135
2024-10-30,Cityscape,18,26,0.7603085708732789
2024-10-30,Cultural,7,8,0.7927245412914393
2024-10-30,Dining,3,6,0.7425375183423361
2024-10-30,Entertainment,54,92,0.8366085096617917
2024-10-30,Hotel,6,10,0.7710668126742045
2024-10-30,Natural,7,9,0.8991828031010098
2024-10-30,Outdoor,1,1,0.938408613204956
2024-10-30,Religious,5,7,0.7505226454564503
2024-10-30,Shopping,6,9,0.727711906587636
2024-10-30,Transit,13,14,0.5620886956319391
2024-10-30,area,7,16,0.5448003660421818
2024-10-31,Cityscape,31,39,0.8261833516403269
2024-10-31,Cultural,7,9,0.7547146727641424
2024-10-31,Dining,9,11,0.7338043074264671
2024-10-31,Entertainment,66,82,0.8711948866463524
2024-10-31,Hotel,4,4,0.7053191636999449
2024-10-31,Natural,7,9,0.8996082012930875
2024-10-31,Outdoor,2,2,0.7854234129190445
2024-10-31,Religious,6,7,0.5957945833603542
2024-10-31,Shopping,9,11,0.6515682274354743
2024-10-31,Transit,18,21,0.4578159156122378
2024-10-31,area,15,20,0.43423573318868874
2024-11-01,Cityscape,19,23,0.8137205925378679
2024-11-01,Cultural,9,10,0.5613954129318397
2024-11-01,Dining,4,11,0.8147912286899306
2024-11-01,Entertainment,53,75,0.8803515019631246
2024-11-01,Hotel,2,2,0.8530488908290863
2024-11-01,Natural,7,8,0.9069132395088673
2024-11-01,Outdoor,1,1,0.8853962421417236
2024-11-01,Religious,9,9,0.8613607966237598
2024-11-01,Shopping,5,5,0.7115416884422302
2024-11-01,Transit,13,14,0.48959344280661926
2024-11-01,area,11,11,0.6262438032268123
2024-11-02,Cityscape,22,32,0.7126460152740557
2024-11-02,Cultural,5,5,0.591669499874115
2024-11-02,Dining,8,21,0.8231986635734164
2024-11-02,Entertainment,53,82,0.8022625226060035
2024-11-02,Hotel,3,6,0.739027830461661
2024-11-02,Natural,11,17,0.9127778223081797
2024-11-02,Outdoor,1,4,0.8226372450590134
2024-11-02,Religious,4,6,0.8041118333737055
2024-11-02,Shopping,10,12,0.659491243513508
2024-11-02,Transit,15,15,0.5721370591212892
2024-11-02,area,14,17,0.6404516978737186
2024-11-03,Cityscape,22,35,0.7984915191725809
2024-11-03,Cultural,7,9,0.7883794340822432
2024-11-03,Dining,7,12,0.8536650141080221
2024-11-03,Entertainment,60,90,0.8668256637729924
2024-11-03,Hotel,7,8,0.595416092624267
2024-11-03,Natural,10,13,0.8376520039179387
2024-11-03,Outdoor,4,4,0.722391813993454
2024-11-03,Religious,5,10,0.614125860730807
2024-11-03,Shopping,6,8,0.6464275289326906
2024-11-03,Transit,10,14,0.5181320211960979
2024-11-03,area,14,20,0.7167253237426103
2024-11-04,Cityscape,16,19,0.7411652437999452
2024-11-04,Cultural,7,10,0.7087535630911589
2024-11-04,Dining,9,13,0.7290670954264128
2024-11-04,Entertainment,61,76,0.8872965412906338
2024-11-04,Hotel,5,8,0.7666823541124662
2024-11-04,Natural,8,11,0.8766717386968209
2024-11-04,Outdoor,5,5,0.8722042303946284
2024-11-04,Religious,6,13,0.7566864288006074
2024-11-04,Shopping,4,5,0.5547593410526004
2024-11-04,Transit,14,16,0.5335616254790997
2024-11-04,area,15,20,0.6849153505389889
2024-11-05,Cityscape,21,26,0.7989188181093105
2024-11-05,Cultural,9,11,0.7080010068461751
2024-11-05,Dining,4,18,0.807195228328879
2024-11-05,Entertainment,64,96,0.8747393588075743
2024-11-05,Hotel,7,7,0.9235922949654716
2024-11-05,Natural,9,14,0.892525241235081
2024-11-05,Outdoor,3,3,0.6866822994003693
2024-11-05,Religious,5,5,0.8680417239665985
2024-11-05,Shopping,2,3,0.7159770230452219
2024-11-05,Transit,18,20,0.5363568355639775
2024-11-05,area,13,14,0.7068121797272138
2024-11-06,Cityscape,21,28,0.8613920573677335
2024-11-06,Cultural,8,8,0.7711373046040535
2024-11-06,Dining,3,4,0.9367174506187439
2024-11-06,Entertainment,65,99,0.8872008161640587
2024-11-06,Hotel,7,8,0.8511495497077703
2024-11-06,Natural,6,7,0.9027642352240426
2024-11-06,Religious,2,3,0.8730321129163107
2024-11-06,Shopping,12,12,0.6840722956177262
2024-11-06,Transit,12,15,0.6458603133757909
2024-11-06,area,18,31,0.6745280110347336
2024-11-07,Cityscape,21,30,0.8102800949509182
2024-11-07,Cultural,10,11,0.7471466964244035
2024-11-07,Dining,2,2,0.7094536900520325
2024-11-07,Entertainment,63,79,0.886133111582493
2024-11-07,Hotel,5,5,0.9103877987180438
2024-11-07,Natural,16,23,0.8466356124297
2024-11-07,Outdoor,6,6,0.8226750592390696
2024-11-07,Religious,8,21,0.7730920154246546
2024-11-07,Shopping,5,8,0.7779119996353984
2024-11-07,Sport,1,1,0.017308834940195084
2024-11-07,Transit,15,16,0.413858230637076
2024-11-07,area,15,18,0.6032641790987213
2024-11-08,Cityscape,24,27,0.8043389258745276
2024-11-08,Cultural,9,10,0.7918494512016575
2024-11-08,Dining,6,6,0.7478396147489548
2024-11-08,Entertainment,61,69,0.846144572935288
2024-11-08,Hotel,2,2,0.4412532071582973
2024-11-08,Natural,6,7,0.8089681707677387
2024-11-08,Outdoor,1,1,0.9284008145332336
2024-11-08,Religious,6,7,0.7573787314551217
2024-11-08,Shopping,10,10,0.7938970386981964
2024-11-08,Transit,18,21,0.4925575866230897
2024-11-08,area,13,19,0.6083143782197383
2024-11-09,Cityscape,23,25,0.7476906532446543
2024-11-09,Cultural,7,10,0.6851548984646797
2024-11-09,Dining,3,3,0.8548477093378702
2024-11-09,Entertainment,55,108,0.8128092427615878
2024-11-09,Hotel,3,4,0.8345837518572807
2024-11-09,Natural,10,11,0.9066036876403925
2024-11-09,Outdoor,5,6,0.8736988504727682
2024-11-09,Religious,9,13,0.7912887243124155
2024-11-09,Shopping,4,4,0.7843535467982292
2024-11-09,Transit,12,16,0.6516627795839062
2024-11-09,area,9,17,0.6985339561806005
2024-11-10,Cityscape,26,32,0.7229265214194095
2024-11-10,Cultural,9,9,0.829421005994506
2024-11-10,Dining,6,7,0.7241083979606628
2024-11-10,Entertainment,71,105,0.867865924282795
2024-11-10,Hotel,6,6,0.7721128563086191
2024-11-10,Natural,16,17,0.8169298163706473
2024-11-10,Outdoor,3,3,0.63181146868953
2024-11-10,Religious,5,6,0.7603210440526406
2024-11-10,Shopping,3,3,0.4830736368894577
2024-11-10,Transit,22,24,0.6542527192944868
2024-11-10,area,15,20,0.6707284760661423
2024-11-11,Cityscape,25,29,0.6934574476346888
2024-11-11,Cultural,6,6,0.5615073852241039
2024-11-11,Dining,10,13,0.810168908508972
2024-11-11,Entertainment,56,72,0.8765450504708392
2024-11-11,Hotel,4,5,0.7379430025815964
2024-11-11,Natural,13,14,0.8573085105135327
2024-11-11,Outdoor,5,8,0.8943522348999977
2024-11-11,Religious,8,11,0.7496952933795525
2024-11-11,Shopping,8,10,0.5609383234754205
2024-11-11,Transit,23,29,0.5317522994531639
2024-11-11,area,15,20,0.5310773638232301
2024-11-12,Cityscape,38,46,0.7476017394008628
2024-11-12,Cultural,8,11,0.6570148089420841
2024-11-12,Dining,3,3,0.7552072405815125
2024-11-12,Entertainment,49,66,0.8680903505252805
2024-11-12,Hotel,6,6,0.8053254187107086
2024-11-12,Natural,12,21,0.8820890578485671
2024-11-12,Outdoor,9,10,0.7313263356685639
2024-11-12,Religious,6,14,0.7771036412034716
2024-11-12,Shopping,10,12,0.7304764222353697
2024-11-12,Sport,1,1,0.5863320231437683
2024-11-12,Transit,19,22,0.5849929070438851
2024-11-12,area,18,36,0.6900352156841782
2024-11-13,Cityscape,19,21,0.7255881948485261
2024-11-13,Cultural,9,9,0.8491176863511404
2024-11-13,Dining,10,11,0.5384977862351771
2024-11-13,Entertainment,59,82,0.8395662139315041
2024-11-13,Hotel,4,6,0.6327294072757165
2024-11-13,Natural,9,12,0.8432138346963458
2024-11-13,Outdoor,3,3,0.9074698090553284
2024-11-13,Religious,7,10,0.7581122070550919
2024-11-13,Shopping,1,1,0.5386825799942017
2024-11-13,Sport,1,1,0.8659269213676453
2024-11-13,Transit,9,10,0.26995957482606175
2024-11-13,area,19,20,0.7020652525126934
2024-11-14,Cityscape,22,31,0.748292687599377
2024-11-14,Cultural,6,7,0.8406988222684179
2024-11-14,Dining,7,17,0.7127306719182753
2024-11-14,Entertainment,58,79,0.8744055671869401
2024-11-14,Hotel,6,6,0.8164073377847672
2024-11-14,Natural,7,8,0.8777856007218361
2024-11-14,Outdoor,2,2,0.9371152818202972
2024-11-14,Religious,9,16,0.7982064722955489
2024-11-14,Shopping,8,9,0.7387177159112912
2024-11-14,Transit,17,20,0.4579901538789272
2024-11-14,area,19,24,0.6271577471246322
2024-11-15,Cityscape,21,28,0.8264355402972017
2024-11-15,Cultural,4,5,0.8191439509391785
2024-11-15,Dining,3,6,0.6971942186355591
2024-11-15,Entertainment,52,70,0.8985376522327321
2024-11-15,Hotel,6,6,0.6959936395287514
2024-11-15,Natural,2,3,0.9280609885851542
2024-11-15,Outdoor,3,5,0.8205582629029567
2024-11-15,Religious,7,11,0.7348363270813768
2024-11-15,Shopping,9,9,0.7170402506987253
2024-11-15,Transit,11,11,0.628610575182194
2024-11-15,area,12,18,0.5799547396087051
2024-11-16,Cityscape,21,33,0.6367260138927535
2024-11-16,Cultural,7,8,0.63910049156818
2024-11-16,Dining,2,2,0.3637022227048874
2024-11-16,Entertainment,47,60,0.8650000081359088
2024-11-16,Hotel,4,6,0.8201513836781184
2024-11-16,Natural,8,9,0.8973952598041959
2024-11-16,Outdoor,1,1,0.7512823939323425
2024-11-16,Religious,5,7,0.7371393527303424
2024-11-16,Shopping,8,9,0.5691310833725665
2024-11-16,Transit,12,14,0.5719997225151886
2024-11-16,area,12,20,0.6842001828365027
2024-11-17,Cityscape,23,29,0.7024795810809766
2024-11-17,Cultural,12,15,0.7870564118027688
2024-11-17,Dining,5,9,0.9191649534084179
2024-11-17,Entertainment,62,85,0.8672795979021415
2024-11-17,Hotel,4,6,0.8084848721822103
2024-11-17,Natural,8,12,0.9162677899003029
2024-11-17,Outdoor,1,1,0.8209056854248047
2024-11-17,Religious,13,19,0.7977484503858968
2024-11-17,Shopping,4,4,0.6654402452210585
2024-11-17,Transit,9,12,0.40622591553255916
2024-11-17,area,19,27,0.674164439162436
2024-11-18,Cityscape,16,24,0.7805550787124842
2024-11-18,Cultural,7,8,0.8057771759107709
2024-11-18,Dining,4,5,0.7349726557731628
2024-11-18,Entertainment,53,72,0.904422081630151
2024-11-18,Hotel,10,12,0.6769869257178572
2024-11-18,Natural,8,8,0.7263389701644579
2024-11-18,Religious,10,16,0.6920489929616451
2024-11-18,Shopping,5,5,0.6209260582923889
2024-11-18,Transit,9,10,0.4477632007251183
2024-11-18,area,13,19,0.5858365658082461
2024-11-19,Cityscape,32,44,0.652032866682434
2024-11-19,Cultural,13,17,0.7285002510556403
2024-11-19,Dining,6,14,0.717037581883016
2024-11-19,Entertainment,83,107,0.866048538477538
2024-11-19,Hotel,7,8,0.887003943324089
2024-11-19,Natural,17,25,0.8134232161790131
2024-11-19,Outdoor,9,15,0.8352999860048294
2024-11-19,Religious,9,11,0.6563363518904556
2024-11-19,Shopping,9,11,0.6203642480752685
2024-11-19,Transit,19,24,0.5818264050521301
2024-11-19,area,14,23,0.6385043987977332
2024-11-20,Cityscape,20,35,0.7147158438215653
2024-11-20,Cultural,6,6,0.7222960193951925
2024-11-20,Dining,5,7,0.7656847458206595
2024-11-20,Entertainment,56,80,0.8752053387081382
2024-11-20,Hotel,3,4,0.9187074303627014
2024-11-20,Natural,7,7,0.8762401228859311
2024-11-20,Outdoor,1,1,0.9319136738777161
2024-11-20,Religious,7,9,0.7286379970610142
2024-11-20,Shopping,7,9,0.6849520747331374
2024-11-20,Transit,13,15,0.574955740471681
2024-11-20,area,11,20,0.6156175375851319
2024-11-21,Cityscape,22,27,0.6501863799621295
2024-11-21,Cultural,8,11,0.6315896308770304
2024-11-21,Dining,7,10,0.7971154203017552
2024-11-21,Entertainment,50,84,0.8784764673184112
2024-11-21,Hotel,5,6,0.7737313359975815
2024-11-21,Natural,14,17,0.8217964096396577
2024-11-21,Outdoor,6,6,0.9061820407708486
2024-11-21,Religious,6,7,0.6834186150559357
2024-11-21,Shopping,6,7,0.6026528212843704
2024-11-21,Transit,8,10,0.3531551066165169
2024-11-21,area,11,13,0.7146105755948358
2024-11-22,Cityscape,25,33,0.7322068120813882
2024-11-22,Cultural,11,13,0.6490817459730002
2024-11-22,Dining,4,5,0.5294282004237175
2024-11-22,Entertainment,54,97,0.8739599586173714
2024-11-22,Hotel,4,6,0.7517952546477318
2024-11-22,Natural,4,5,0.727420237660408
2024-11-22,Outdoor,2,2,0.6294200078894695
2024-11-22,Religious,11,14,0.75424432435206
2024-11-22,Shopping,11,12,0.6060007340792153
2024-11-22,Transit,12,15,0.44141078944007556
2024-11-22,area,16,26,0.6936122832270578
2024-11-23,Cityscape,21,33,0.6996422032590467
2024-11-23,Cultural,6,7,0.6761568142544655
2024-11-23,Dining,2,2,0.7762733399868011
2024-11-23,Entertainment,46,62,0.8635570076479387
2024-11-23,Hotel,4,10,0.8423507332801818
2024-11-23,Natural,9,9,0.8989035265190611
2024-11-23,Outdoor,1,1,0.8806321620941162
2024-11-23,Religious,12,19,0.7949276210968954
2024-11-23,Shopping,6,7,0.5862858210291181
2024-11-23,Transit,13,19,0.4990297924367743
2024-11-23,area,14,23,0.5859919102403565
2024-11-24,Cityscape,23,33,0.7460984227557977
2024-11-24,Cultural,9,11,0.8051887886090712
2024-11-24,Dining,4,6,0.8588158854593834
2024-11-24,Entertainment,51,73,0.8652682232017411
2024-11-24,Natural,7,10,0.8200332298874855
2024-11-24,Outdoor,2,3,0.7594720870256424
2024-11-24,Religious,7,8,0.7145015746355057
2024-11-24,Shopping,6,7,0.5461102298327855
2024-11-24,Transit,13,16,0.43576049772937864
2024-11-24,area,15,21,0.617311467933986
2024-11-25,Cityscape,21,34,0.703193894347322
2024-11-25,Cultural,6,9,0.7549726576716812
2024-11-25,Dining,7,16,0.8343712537432311
2024-11-25,Entertainment,59,86,0.8750502650808311
2024-11-25,Hotel,5,15,0.8022125783065955
2024-11-25,Natural,8,9,0.7804452925920486
2024-11-25,Outdoor,1,1,0.9643837213516235
2024-11-25,Religious,5,6,0.7434757575392723
2024-11-25,Shopping,5,8,0.5618617022410035
2024-11-25,Transit,18,27,0.4523129148167317
2024-11-25,area,12,16,0.6263447867628807
2024-11-26,Cityscape,24,28,0.8285120824751045
2024-11-26,Cultural,6,8,0.7650071904063225
2024-11-26,Dining,7,10,0.7626388747583736
2024-11-26,Entertainment,58,72,0.8816630424242557
2024-11-26,Hotel,3,5,0.5530957507037059
2024-11-26,Natural,6,6,0.7663910163773431
2024-11-26,Outdoor,2,2,0.8715084095795949
2024-11-26,Religious,4,4,0.5512535851448774
2024-11-26,Shopping,6,8,0.7415843121707439
2024-11-26,Sport,1,1,0.552158534526825
2024-11-26,Transit,21,25,0.42490335038801036
2024-11-26,area,8,12,0.7387249407668909
2024-11-27,Cityscape,26,32,0.6908773545874283
2024-11-27,Cultural,6,8,0.538815367501229
2024-11-27,Dining,5,8,0.8580965343862772
2024-11-27,Entertainment,52,68,0.8984609165809487
2024-11-27,Hotel,4,4,0.8902222530709373
2024-11-27,Natural,9,9,0.9003795815838708
2024-11-27,Outdoor,7,8,0.6726010933052748
2024-11-27,Religious,10,23,0.7563931304421546
2024-11-27,Shopping,6,9,0.7965646717283461
2024-11-27,Transit,10,11,0.688899630511349
2024-11-27,area,18,25,0.6374345203879334
2024-11-28,Cityscape,18,22,0.8255403654141861
2024-11-28,Cultural,9,11,0.6703441834208941
2024-11-28,Dining,7,10,0.7872443104783694
2024-11-28,Entertainment,54,62,0.9074678663513032
2024-11-28,Hotel,3,5,0.48576258197426797
2024-11-28,Natural,8,9,0.7547173010254348
2024-11-28,Outdoor,1,1,0.9420492649078369
2024-11-28,Religious,2,2,0.9461221098899841
2024-11-28,Shopping,9,9,0.8117264360189438
2024-11-28,Transit,13,15,0.4939792235677559
2024-11-28,area,16,21,0.6249578888158476
2024-11-29,Cityscape,23,33,0.7077658392601844
2024-11-29,Cultural,6,8,0.8154696673154831
2024-11-29,Dining,3,4,0.8499083191156387
2024-11-29,Entertainment,58,86,0.8977538450709596
2024-11-29,Hotel,4,6,0.8812274086096931
2024-11-29,Natural,5,6,0.8393629507886039
2024-11-29,Outdoor,2,2,0.9117748439311981
2024-11-29,Religious,5,6,0.9218049347400665
2024-11-29,Shopping,4,4,0.6743205562233925
2024-11-29,Transit,16,17,0.5093886181712151
2024-11-29,area,14,17,0.7759608153385836
2024-11-30,Cityscape,21,28,0.7493178256483254
2024-11-30,Cultural,7,7,0.8096427094368707
2024-11-30,Entertainment,57,71,0.9033676608330143
2024-11-30,Hotel,1,1,0.9820716977119446
2024-11-30,Natural,8,10,0.816385704278946
2024-11-30,Outdoor,3,3,0.9138054649035136
2024-11-30,Religious,5,7,0.7994457845176969
2024-11-30,Shopping,10,16,0.6630171964643523
2024-11-30,Sport,1,1,0.8590219616889954
2024-11-30,Transit,14,15,0.5437083884163035
2024-11-30,area,18,23,0.6665351388139138
2024-12-01,Cityscape,31,41,0.7639794011488903
2024-12-01,Cultural,12,13,0.8481051119474264
2024-12-01,Dining,2,3,0.6187106252958378
2024-12-01,Entertainment,67,82,0.901230768856883
2024-12-01,Hotel,10,11,0.8545610143831283
2024-12-01,Natural,9,10,0.8874639471371969
2024-12-01,Outdoor,2,2,0.9445859491825104
2024-12-01,Religious,4,8,0.6909740716218948
2024-12-01,Shopping,15,22,0.8523455579172481
2024-12-01,Transit,10,12,0.758591255483528
2024-12-01,area,12,21,0.6863801114202018
2024-12-02,Cityscape,23,35,0.8465919380589407
2024-12-02,Cultural,11,11,0.8428241247029015
2024-12-02,Dining,8,14,0.8381180196956155
2024-12-02,Entertainment,68,115,0.9096655317675442
2024-12-02,Hotel,14,14,0.803749982445013
2024-12-02,Natural,10,15,0.8746441046396891
2024-12-02,Outdoor,6,7,0.8988522376332965
2024-12-02,Religious,8,10,0.7540324911475181
2024-12-02,Shopping,8,8,0.7669105008244514
2024-12-02,Transit,13,13,0.5512598191316311
2024-12-02,area,21,23,0.5439402243203443
2024-12-03,Cityscape,29,36,0.8321489530736236
2024-12-03,Cultural,7,11,0.7323844500563361
2024-12-03,Dining,6,7,0.6856746571404593
2024-12-03,Entertainment,81,108,0.8981616241462906
2024-12-03,Hotel,10,12,0.706909177514414
2024-12-03,Natural,12,15,0.9129837294419606
2024-12-03,Outdoor,3,4,0.9211925193667412
2024-12-03,Religious,9,9,0.7843007898165121
2024-12-03,Shopping,3,3,0.8431447011729082
2024-12-03,Transit,24,26,0.4675431319628842
2024-12-03,area,19,20,0.6163823058884147
2024-12-04,Cityscape,27,37,0.7667448786797604
2024-12-04,Cultural,9,11,0.6308287932452831
2024-12-04,Dining,3,5,0.5982129037380218
2024-12-04,Entertainment,60,85,0.9104423973589137
2024-12-04,Hotel,6,9,0.7744510720173517
2024-12-04,Natural,9,11,0.8698646724224091
2024-12-04,Outdoor,3,3,0.8734927972157797
2024-12-04,Religious,4,5,0.7590054988861084
2024-12-04,Shopping,6,8,0.7955210534855723
2024-12-04,Transit,21,27,0.5193882480143257
2024-12-04,area,15,23,0.7991782877836573
2024-12-05,Cityscape,31,49,0.8062079055323488
2024-12-05,Cultural,3,4,0.9354870058596134
2024-12-05,Dining,5,5,0.8054866760969162
2024-12-05,Entertainment,65,83,0.8712877856366185
2024-12-05,Hotel,4,4,0.9379847471912702
2024-12-05,Natural,10,12,0.8478070365575453
2024-12-05,Outdoor,3,5,0.8109253764152526
2024-12-05,Religious,7,10,0.8040444892644881
2024-12-05,Shopping,5,5,0.8863667925198874
2024-12-05,Transit,16,19,0.5979444804552354
2024-12-05,area,21,34,0.7302150694543824
2024-12-06,Cityscape,16,17,0.7233121288752481
2024-12-06,Cultural,3,3,0.7354294061660767
2024-12-06,Dining,7,7,0.6311400975499835
2024-12-06,Entertainment,63,74,0.9212544556049348
2024-12-06,Hotel,4,4,0.8971804025627318
2024-12-06,Natural,4,5,0.8481572866439819
2024-12-06,Religious,5,8,0.6374569796025753
2024-12-06,Shopping,3,3,0.8770100722710291
2024-12-06,Transit,11,12,0.5467184382793863
2024-12-06,area,9,13,0.6570187752909494
2024-12-07,Cityscape,29,39,0.8460137667803047
2024-12-07,Cultural,8,10,0.724290737213627
2024-12-07,Dining,3,4,0.8855639845132828
2024-12-07,Entertainment,69,78,0.9292809784509228
2024-12-07,Hotel,2,2,0.9543878138065338
2024-12-07,Natural,8,9,0.913989703964304
2024-12-07,Outdoor,1,5,0.8316767632961273
2024-12-07,Religious,6,10,0.7841125148534774
2024-12-07,Shopping,12,13,0.7114097461677514
2024-12-07,Transit,15,19,0.5304939158898043
2024-12-07,area,18,22,0.6101397531335363
2024-12-08,Cityscape,24,28,0.7091650695717406
2024-12-08,Cultural,6,6,0.8045154611269633
2024-12-08,Dining,9,10,0.8002683346470197
2024-12-08,Entertainment,82,101,0.9123807195375463
2024-12-08,Hotel,8,8,0.9157203651964665
2024-12-08,Natural,12,14,0.758753159695438
2024-12-08,Religious,5,7,0.6556705300297055
2024-12-08,Shopping,8,11,0.5461498835886066
2024-12-08,Transit,16,16,0.5197881174972281
2024-12-08,area,20,25,0.7533899033690493
2024-12-09,Cityscape,19,32,0.7806837665357826
2024-12-09,Cultural,2,2,0.5334748327732086
2024-12-09,Dining,5,8,0.80370307341218
2024-12-09,Entertainment,64,95,0.859734511528741
2024-12-09,Hotel,7,9,0.8957422684740136
2024-12-09,Natural,7,7,0.8778746511254992
2024-12-09,Outdoor,1,1,0.9375113844871521
2024-12-09,Religious,6,7,0.703903683594295
2024-12-09,Shopping,6,8,0.7092993166297674
2024-12-09,Sport,1,1,0.9535865187644958
2024-12-09,Transit,11,12,0.669115264279147
2024-12-09,area,13,15,0.6621804025024176
2024-12-10,Cityscape,27,32,0.7455579830954472
2024-12-10,Cultural,10,11,0.7141647697426379
2024-12-10,Dining,6,7,0.6949860113007682
2024-12-10,Entertainment,69,103,0.8841658312262872
2024-12-10,Hotel,7,8,0.8478338941931725
2024-12-10,Natural,15,17,0.8344345524176663
2024-12-10,Religious,10,10,0.8185372337698936
2024-12-10,Shopping,6,9,0.763989052010907
2024-12-10,Transit,11,16,0.6728786102175945
2024-12-10,area,10,11,0.5576404089728991
2024-12-11,Cityscape,37,50,0.810486659904321
2024-12-11,Cultural,11,17,0.7548469388309647
2024-12-11,Dining,8,17,0.7179068338345078
2024-12-11,Entertainment,63,90,0.8731995903327608
2024-12-11,Hotel,9,12,0.7200995232495996
2024-12-11,Natural,8,9,0.8753673755359971
2024-12-11,Outdoor,6,6,0.9002531319856644
2024-12-11,Religious,11,14,0.7081585020891258
2024-12-11,Shopping,6,9,0.7610560589366488
2024-12-11,Transit,24,33,0.5410716707837026
2024-12-11,area,22,33,0.6801369369336974
2024-12-12,Cityscape,18,29,0.8540045443023073
2024-12-12,Cultural,7,10,0.6041136436164379
2024-12-12,Dining,3,5,0.7189289569854737
2024-12-12,Entertainment,65,81,0.899754960877241
2024-12-12,Hotel,5,7,0.8502134595598493
2024-12-12,Natural,10,11,0.90707086613684
2024-12-12,Outdoor,3,4,0.890887051820755
2024-12-12,Religious,5,6,0.6810626139243444
2024-12-12,Shopping,7,9,0.772022459242079
2024-12-12,Transit,8,9,0.570224032840795
2024-12-12,area,12,16,0.7499379320458198
2024-12-13,Cityscape,16,19,0.7786266967131381
2024-12-13,Cultural,4,4,0.6208322970619933
2024-12-13,Dining,6,8,0.8632357865571976
2024-12-13,Entertainment,56,76,0.9103482283735915
2024-12-13,Hotel,5,5,0.8508309203386307
2024-12-13,Natural,4,5,0.7794805645942688
2024-12-13,Outdoor,2,2,0.7960942983627319
2024-12-13,Religious,5,6,0.8405974979201952
2024-12-13,Shopping,8,8,0.6881055058911443
2024-12-13,Transit,9,9,0.7633333155126484
2024-12-13,area,15,18,0.5662713274032015
2024-12-14,Cityscape,24,36,0.7496382210110487
2024-12-14,Cultural,6,7,0.7335211421762194
2024-12-14,Dining,7,10,0.6984789509326219
2024-12-14,Entertainment,63,87,0.8960294260012435
2024-12-14,Hotel,7,8,0.9623154029250145
2024-12-14,Natural,8,9,0.8456834670570161
2024-12-14,Outdoor,4,6,0.8876557114223639
2024-12-14,Religious,5,7,0.7379323258434259
2024-12-14,Shopping,7,8,0.7088954783976078
2024-12-14,Transit,15,17,0.6078733440321616
2024-12-14,area,14,18,0.7220012871341573
2024-12-15,Cityscape,14,18,0.8708362562788857
2024-12-15,Cultural,7,10,0.8305084824562072
2024-12-15,Dining,3,5,0.8936481515566508
2024-12-15,Entertainment,60,74,0.8549477644475771
2024-12-15,Hotel,3,4,0.945735365152359
2024-12-15,Natural,11,18,0.731237422812868
2024-12-15,Outdoor,2,2,0.8649078458547592
2024-12-15,Religious,11,16,0.7604212642957767
2024-12-15,Shopping,3,3,0.37599126373728115
2024-12-15,Transit,8,9,0.5147427713705434
2024-12-15,area,8,10,0.46552988192997874
2024-12-16,Cityscape,34,52,0.7444554313491933
2024-12-16,Cultural,7,10,0.6587885227799416
2024-12-16,Dining,4,5,0.7047979323193431
2024-12-16,Entertainment,66,81,0.8668916896867448
2024-12-16,Hotel,6,7,0.9021037323134287
2024-12-16,Natural,11,13,0.8022133078521644
2024-12-16,Outdoor,8,11,0.8748523583917908
2024-12-16,Religious,6,8,0.7978135589510202
2024-12-16,Shopping,9,9,0.685566620418319
2024-12-16,Transit,17,17,0.40088453313573175
2024-12-16,area,17,24,0.6277133214753121
2024-12-17,Cityscape,27,32,0.8041649713801841
2024-12-17,Cultural,9,13,0.8541659613450369
2024-12-17,Dining,7,10,0.7257035495402913
2024-12-17,Entertainment,72,101,0.8868957160098349
2024-12-17,Hotel,7,7,0.7726512563725312
2024-12-17,Natural,11,14,0.8312348531825202
2024-12-17,Outdoor,4,4,0.9460777044296265
2024-12-17,Religious,7,12,0.754049688577652
2024-12-17,School,1,1,0.09949769824743271
2024-12-17,Shopping,6,6,0.7999167690674464
2024-12-17,Transit,15,21,0.6241311799261778
2024-12-17,area,11,16,0.6830393243581057
2024-12-18,Cityscape,29,41,0.6804973614682269
2024-12-18,Cultural,6,7,0.6605683990887233
2024-12-18,Dining,8,10,0.6293852771632373
2024-12-18,Entertainment,66,91,0.9010993609268758
2024-12-18,Hotel,12,12,0.9082593934403526
2024-12-18,Natural,6,6,0.7343395156785846
2024-12-18,Outdoor,1,2,0.8415917009115219
2024-12-18,Religious,5,6,0.7607691519790225
2024-12-18,Shopping,2,2,0.7405994534492493
2024-12-18,Transit,22,26,0.461068382142828
2024-12-18,area,18,24,0.5036653013675715
2024-12-19,Cityscape,17,21,0.8396711151514734
2024-12-19,Cultural,10,10,0.8194616536299387
2024-12-19,Dining,8,19,0.8040125296500168
2024-12-19,Entertainment,53,88,0.9123570250367444
2024-12-19,Hotel,5,9,0.9375062971203416
2024-12-19,Natural,6,9,0.9034398098786672
2024-12-19,Outdoor,2,2,0.8915440440177917
2024-12-19,Religious,3,3,0.8879406849543253
2024-12-19,Shopping,8,10,0.7337603962048889
2024-12-19,Transit,18,21,0.4223480507110556
2024-12-19,area,19,21,0.5812695310406741
2024-12-20,Cityscape,24,34,0.6767465853972324
2024-12-20,Cultural,10,12,0.7518561867967485
2024-12-20,Dining,6,7,0.8500296557543888
2024-12-20,Entertainment,75,90,0.9010173382088829
2024-12-20,Hotel,7,8,0.8834308994313081
2024-12-20,Natural,6,6,0.8328136965632439
2024-12-20,Outdoor,4,4,0.5444917408749461
2024-12-20,Religious,5,6,0.7020867069562277
2024-12-20,School,2,2,0.5358139276504517
2024-12-20,Shopping,10,12,0.6684212721884251
2024-12-20,Transit,17,18,0.6087238229811192
2024-12-20,area,21,27,0.6808245992104028
2024-12-21,Cityscape,20,30,0.7800973595326973
2024-12-21,Cultural,6,11,0.5851297271861271
2024-12-21,Dining,4,11,0.6535870506512848
2024-12-21,Entertainment,52,66,0.8737642340461597
2024-12-21,Hotel,6,7,0.8782296248844691
2024-12-21,Natural,6,11,0.7982043648178959
2024-12-21,Outdoor,1,1,0.7945915460586548
2024-12-21,Religious,10,15,0.8209090791642666
2024-12-21,Shopping,4,4,0.6211462447148126
2024-12-21,Sport,1,1,0.009179811924695969
2024-12-21,Transit,6,6,0.6205625881751379
2024-12-21,area,11,14,0.6111566746636988
2024-12-22,Cityscape,19,23,0.7319632788053194
2024-12-22,Cultural,6,6,0.8333618541558584
2024-12-22,Dining,3,8,0.8078938870380322
2024-12-22,Entertainment,77,116,0.8720223965766597
2024-12-22,Hotel,9,11,0.8292918286540292
2024-12-22,Natural,8,9,0.8671817059318224
2024-12-22,Outdoor,2,2,0.48630114924162626
2024-12-22,Religious,6,7,0.7759536533128647
2024-12-22,Shopping,5,6,0.8091338094737796
2024-12-22,Transit,18,21,0.5824138960904546
2024-12-22,area,10,15,0.557048143301573
2024-12-23,Cityscape,19,27,0.7181369828543177
2024-12-23,Cultural,5,5,0.7760900974273681
2024-12-23,Dining,4,8,0.7984516120826205
2024-12-23,Entertainment,57,77,0.9201793728347255
2024-12-23,Hotel,10,13,0.9356628191776765
2024-12-23,Natural,8,9,0.8352698281013146
2024-12-23,Outdoor,3,3,0.8427280386288961
2024-12-23,Religious,7,8,0.7290959687282642
2024-12-23,Shopping,7,8,0.8262648939581898
2024-12-23,Transit,15,18,0.6097541329864826
2024-12-23,area,17,19,0.662533162743376
2024-12-24,Cityscape,19,28,0.7477134502603716
2024-12-24,Cultural,5,6,0.8447843293348948
2024-12-24,Dining,4,7,0.7524757615157537
2024-12-24,Entertainment,69,105,0.894554919141457
2024-12-24,Hotel,14,14,0.7619934242256746
2024-12-24,Natural,10,14,0.8842677346297673
2024-12-24,Outdoor,3,3,0.8900701800982157
2024-12-24,Religious,8,9,0.7142163206029821
2024-12-24,Shopping,13,14,0.7994429592397951
2024-12-24,Transit,20,21,0.5596369391395932
2024-12-24,area,18,19,0.5820630016129172
2024-12-25,Cityscape,34,48,0.786723116513652
2024-12-25,Cultural,15,16,0.70210693590343
2024-12-25,Dining,6,13,0.8520046666646615
2024-12-25,Entertainment,101,129,0.8919770611538166
2024-12-25,Hotel,9,10,0.795094849076122
2024-12-25,Natural,8,10,0.8525515991449357
2024-12-25,Outdoor,2,2,0.9191267490386963
2024-12-25,Religious,10,17,0.7865972460484972
2024-12-25,Shopping,12,15,0.8336219128635194
2024-12-25,Transit,12,12,0.48961854488071466
2024-12-25,area,14,17,0.660614584956099
2024-12-26,Cityscape,16,22,0.7830702221924156
2024-12-26,Cultural,2,2,0.8558748960494995
2024-12-26,Dining,6,9,0.6271962349613508
2024-12-26,Entertainment,61,81,0.9016275693032958
2024-12-26,Hotel,7,8,0.8908057603985071
2024-12-26,Natural,9,12,0.8552651847121379
2024-12-26,Outdoor,1,1,0.9680910706520081
2024-12-26,Religious,4,6,0.8294257554743024
2024-12-26,Shopping,5,6,0.7531577708820502
2024-12-26,Transit,11,12,0.572105805847853
2024-12-26,area,9,19,0.6821932312542278
2024-12-27,Cityscape,19,26,0.8058485011068673
2024-12-27,Cultural,5,5,0.728709152340889
2024-12-27,Dining,7,10,0.7643656705816586
2024-12-27,Entertainment,74,87,0.8871195348497783
2024-12-27,Hotel,7,9,0.8486913628876209
2024-12-27,Natural,16,18,0.8217911372582117
2024-12-27,Outdoor,1,2,0.9558720886707306
2024-12-27,Religious,6,9,0.7133487225682648
2024-12-27,Shopping,4,8,0.8471849635243416
2024-12-27,Transit,16,16,0.5679368041150848
2024-12-27,area,21,23,0.5961008666866068
2024-12-28,Cityscape,30,43,0.7717876558872517
2024-12-28,Cultural,11,17,0.7177117415703833
2024-12-28,Dining,11,25,0.8796907200415929
2024-12-28,Entertainment,85,116,0.8916184181607828
2024-12-28,Hotel,11,12,0.728413125119793
2024-12-28,Natural,15,22,0.8643528866980756
2024-12-28,Outdoor,6,8,0.834311214586099
2024-12-28,Religious,15,25,0.7156309116135041
2024-12-28,Shopping,9,9,0.7439362228744559
2024-12-28,Sport,1,1,0.7054818868637085
2024-12-28,Transit,29,43,0.5518810169296885
2024-12-28,area,24,32,0.6430592779943254
2024-12-29,Cityscape,18,23,0.7986684057159701
2024-12-29,Cultural,9,10,0.7522924363613128
2024-12-29,Dining,3,6,0.8641163383920988
2024-12-29,Entertainment,78,105,0.8878939257524127
2024-12-29,Hotel,10,10,0.7829489131768544
2024-12-29,Natural,9,14,0.8170250725178491
2024-12-29,Outdoor,4,4,0.8300272077322006
2024-12-29,Religious,9,12,0.8171953645845255
2024-12-29,Shopping,9,9,0.6625130900906192
2024-12-29,Transit,17,24,0.5204069331488831
2024-12-29,area,6,11,0.47506147711961105
2024-12-30,Cityscape,16,25,0.7573631511983417
2024-12-30,Cultural,7,11,0.8241808515031803
2024-12-30,Dining,6,12,0.8554191932910018
2024-12-30,Entertainment,72,95,0.8977497107151683
2024-12-30,Hotel,9,9,0.7317952786882719
2024-12-30,Natural,7,7,0.7577590713543552
2024-12-30,Outdoor,1,1,0.9288347959518433
2024-12-30,Religious,4,10,0.6411633064349492
2024-12-30,School,1,1,0.40054504573345184
2024-12-30,Shopping,3,3,0.6061232909560204
2024-12-30,Transit,17,18,0.4936908184102288
2024-12-30,area,13,19,0.6872365222284288
2024-12-31,Cityscape,22,30,0.8674508625886055
2024-12-31,Cultural,5,8,0.7963489474107822
2024-12-31,Dining,9,11,0.8244966305115007
2024-12-31,Entertainment,66,85,0.8924535772765799
2024-12-31,Hotel,5,5,0.8732364296913147
2024-12-31,Natural,7,11,0.8262366778019703
2024-12-31,Outdoor,2,2,0.88895383477211
2024-12-31,Religious,9,16,0.7783510442823172
2024-12-31,Shopping,11,11,0.7516825833837643
2024-12-31,Transit,9,10,0.6905714333057403
2024-12-31,area,8,9,0.8122309611903297
2025-01-01,Cityscape,26,34,0.760023877535965
2025-01-01,Cultural,9,15,0.618439919129014
2025-01-01,Dining,6,6,0.9017843008041382
2025-01-01,Entertainment,72,94,0.8891883051361751
2025-01-01,Hotel,4,4,0.8964849635958672
2025-01-01,Natural,8,11,0.8837374742283965
2025-01-01,Outdoor,2,3,0.9096947511037191
2025-01-01,Religious,8,17,0.6923283364842919
2025-01-01,Shopping,8,10,0.8901785413424174
2025-01-01,Transit,14,15,0.42622812579489416
2025-01-01,area,8,13,0.7285772086336062
2025-01-02,Cityscape,27,44,0.7240389596840197
2025-01-02,Cultural,16,20,0.7690646087129911
2025-01-02,Dining,7,13,0.7796123096576104
2025-01-02,Entertainment,73,106,0.8925229766856998
2025-01-02,Hotel,5,7,0.940962478518486
2025-01-02,Natural,9,10,0.8862066954374314
2025-01-02,Outdoor,5,5,0.9324454943339029
2025-01-02,Religious,12,18,0.6338863178949665
2025-01-02,Shopping,14,17,0.6696483598035925
2025-01-02,Transit,21,26,0.5473159114854076
2025-01-02,area,23,41,0.6813583800614607
2025-01-03,Cityscape,19,25,0.72591289550066
2025-01-03,Cultural,3,3,0.6029466291268667
2025-01-03,Dining,6,10,0.7555072070751339
2025-01-03,Entertainment,66,98,0.8996336864190638
2025-01-03,Hotel,4,4,0.80917888879776
2025-01-03,Natural,9,13,0.8878418743610381
2025-01-03,Outdoor,5,6,0.905262365937233
2025-01-03,Religious,8,13,0.7608476654459267
2025-01-03,Shopping,9,9,0.6936806632826725
2025-01-03,Transit,14,15,0.4826002517611616
2025-01-03,area,7,10,0.703127957880497
2025-01-04,Cityscape,36,46,0.6679398627503211
2025-01-04,Cultural,9,11,0.5876397684103613
2025-01-04,Dining,5,9,0.7825352278020647
2025-01-04,Entertainment,84,136,0.8951604611651153
2025-01-04,Hotel,12,16,0.8408343810588121
2025-01-04,Natural,6,6,0.8118345356649823
2025-01-04,Religious,5,6,0.7142097800970078
2025-01-04,Shopping,7,8,0.8164305565102646
2025-01-04,Transit,23,25,0.4648201492983921
2025-01-04,area,15,18,0.5306666076071879
2025-01-05,Cityscape,32,39,0.8052225118646255
2025-01-05,Cultural,12,16,0.7558387234186132
2025-01-05,Dining,5,7,0.8000814808266503
2025-01-05,Entertainment,72,114,0.8437784229963075
2025-01-05,Hotel,15,26,0.8731868899264535
2025-01-05,Natural,23,29,0.793677593613493
2025-01-05,Outdoor,6,7,0.8264929013592857
2025-01-05,Religious,17,33,0.8081260378312584
2025-01-05,Shopping,11,12,0.6061567111561695
2025-01-05,Transit,23,30,0.4976409564594101
2025-01-05,area,21,29,0.7337979073668348
2025-01-06,Cityscape,35,50,0.777908965696891
2025-01-06,Cultural,12,16,0.6770808568689972
2025-01-06,Dining,14,21,0.7060655803670959
2025-01-06,Entertainment,80,116,0.8509817362647764
2025-01-06,Hotel,2,2,0.9559505879878998
2025-01-06,Natural,18,23,0.9082322124985681
2025-01-06,Outdoor,4,4,0.8546230420470238
2025-01-06,Religious,16,21,0.8086255864491539
2025-01-06,Shopping,12,17,0.6099540938385853
2025-01-06,Transit,16,17,0.41620156676599795
2025-01-06,area,15,21,0.708052552586037
2025-01-07,Cityscape,22,32,0.7956437460961752
2025-01-07,Cultural,15,19,0.7163558387965486
2025-01-07,Dining,9,15,0.739468070699109
2025-01-07,Entertainment,64,95,0.8740983759045318
2025-01-07,Hotel,5,8,0.8220362812280655
2025-01-07,Natural,11,20,0.8896130747596424
2025-01-07,Outdoor,4,5,0.9242784738540649
2025-01-07,Religious,12,17,0.8246435739246069
2025-01-07,Shopping,9,9,0.6843399972033998
2025-01-07,Transit,20,23,0.469735013888159
2025-01-07,area,26,41,0.7670174195231784
2025-01-08,Cityscape,34,48,0.7352488363551583
2025-01-08,Cultural,15,22,0.6232793541117148
2025-01-08,Dining,11,23,0.73147083611592
2025-01-08,Entertainment,91,137,0.8639647601381495
2025-01-08,Hotel,10,12,0.8704473061694039
2025-01-08,Natural,12,17,0.7932520665264889
2025-01-08,Outdoor,2,2,0.8962716162204742
2025-01-08,Religious,18,26,0.7999044682544011
2025-01-08,Shopping,9,9,0.5714129108107753
2025-01-08,Transit,19,25,0.47611877225649857
2025-01-08,area,23,30,0.6165626117545698
2025-01-09,Cityscape,33,45,0.7982324987484348
2025-01-09,Cultural,9,13,0.6417456005628293
2025-01-09,Dining,8,10,0.6972350783646106
2025-01-09,Entertainment,69,96,0.8677959369875133
2025-01-09,Hotel,6,9,0.8891896963119508
2025-01-09,Natural,13,16,0.8359626812549928
2025-01-09,Outdoor,3,3,0.6743321120738983
2025-01-09,Religious,6,10,0.7244572639465332
2025-01-09,Shopping,6,6,0.7044944576919079
2025-01-09,Transit,14,19,0.5584085522756003
2025-01-09,area,19,27,0.7405025197859899
2025-01-10,Cityscape,36,59,0.7434826758532327
2025-01-10,Cultural,7,7,0.8450977461678642
2025-01-10,Dining,10,16,0.7936142331551915
2025-01-10,Entertainment,80,129,0.8831446762573508
2025-01-10,Hotel,11,14,0.755472332239151
2025-01-10,Natural,21,34,0.791522720361165
2025-01-10,Outdoor,6,6,0.897037535905838
2025-01-10,Religious,12,17,0.7325489342797036
2025-01-10,Shopping,12,12,0.7089960382630428
2025-01-10,Transit,22,33,0.5451028062613925
2025-01-10,area,15,21,0.4474329354152793
2025-01-11,Cityscape,35,50,0.7327571452160676
2025-01-11,Cultural,8,8,0.7306100763380527
2025-01-11,Dining,6,13,0.8000949399593549
2025-01-11,Entertainment,65,85,0.8791180825781367
2025-01-11,Hotel,7,11,0.6668693319414601
2025-01-11,Natural,5,7,0.8394972137042453
2025-01-11,Outdoor,4,4,0.9271696358919144
2025-01-11,Religious,4,9,0.7612932424785362
2025-01-11,Shopping,7,8,0.6327330693602562
2025-01-11,Transit,13,16,0.5954480117264515
2025-01-11,area,18,30,0.6336552002777656
2025-01-12,Cityscape,27,36,0.6961636908559335
2025-01-12,Cultural,6,9,0.5648125220858862
2025-01-12,Dining,9,13,0.718991108238697
2025-01-12,Entertainment,68,103,0.9134028347507293
2025-01-12,Hotel,5,7,0.8208715106759753
2025-01-12,Natural,7,10,0.8279602624475956
2025-01-12,Outdoor,2,3,0.9139190912246704
2025-01-12,Religious,6,6,0.7739489010789177
2025-01-12,Shopping,2,2,0.6894417405128479
2025-01-12,Transit,14,18,0.5722840622722827
2025-01-12,area,15,25,0.6772293763359387
2025-01-13,Cityscape,23,31,0.7722813202629006
2025-01-13,Cultural,2,2,0.8635079115629196
2025-01-13,Dining,8,11,0.8579046130180359
2025-01-13,Entertainment,85,105,0.8975156917707413
2025-01-13,Hotel,6,6,0.7833613600995806
2025-01-13,Natural,9,14,0.8751278079691387
2025-01-13,Religious,6,11,0.7269673388112675
2025-01-13,Shopping,6,9,0.7104094436875097
2025-01-13,Transit,13,17,0.4541721160742728
2025-01-13,area,15,25,0.7391324669122696
2025-01-14,Cityscape,27,43,0.755105743422931
2025-01-14,Cultural,8,13,0.7103349402164801
2025-01-14,Dining,3,7,0.6994411467707583
2025-01-14,Entertainment,61,74,0.8930516902886112
2025-01-14,Hotel,7,10,0.7197282880544662
2025-01-14,Natural,11,11,0.8776843011379242
2025-01-14,Outdoor,1,3,0.8936765839656194
2025-01-14,Religious,9,16,0.6803078905989727
2025-01-14,Shopping,5,5,0.7103344857692718
2025-01-14,Sport,1,1,0.008466786704957485
2025-01-14,Transit,15,20,0.5458837706129998
2025-01-14,area,10,14,0.5802920481988362
2025-01-15,Cityscape,34,51,0.7982594419709023
2025-01-15,Cultural,8,15,0.5864777768651644
2025-01-15,Dining,6,8,0.8096040301024914
2025-01-15,Entertainment,79,111,0.873352592549415
2025-01-15,Hotel,6,8,0.7329711027365798
2025-01-15,Natural,13,15,0.835865485270818
2025-01-15,Outdoor,4,4,0.8652650117874146
2025-01-15,Religious,9,12,0.781665196021398
2025-01-15,Shopping,10,13,0.5974188011426192
2025-01-15,Transit,24,24,0.5551427629155418
2025-01-15,area,17,28,0.6452080807701395
2025-01-16,Cityscape,26,35,0.8076765403699824
2025-01-16,Cultural,11,11,0.7194094256582585
2025-01-16,Dining,11,14,0.676038897551951
2025-01-16,Entertainment,76,107,0.8491156687292615
2025-01-16,Hotel,4,4,0.7490357831120491
2025-01-16,Natural,11,13,0.8895622828067877
2025-01-16,Outdoor,4,4,0.839536766920771
2025-01-16,Religious,2,2,0.867607057094574
2025-01-16,School,1,1,0.49675307869911195
2025-01-16,Shopping,6,6,0.8655568063259125
2025-01-16,Transit,13,13,0.4486879963013861
2025-01-16,area,15,19,0.7525034787362082
2025-01-17,Cityscape,33,47,0.7940668306769209
2025-01-17,Cultural,10,18,0.6362460899960112
2025-01-17,Dining,11,11,0.7810317927011937
2025-01-17,Entertainment,59,77,0.894253113102878
2025-01-17,Hotel,5,6,0.9131564398606619
2025-01-17,Natural,10,11,0.8491029942577536
2025-01-17,Outdoor,3,3,0.8220416903495789
2025-01-17,Religious,7,7,0.7315050618989127
2025-01-17,Shopping,9,11,0.5595898776682037
2025-01-17,Transit,13,14,0.4901880790823184
2025-01-17,area,18,36,0.600451937699247
2025-01-18,Cityscape,32,43,0.788333948797709
2025-01-18,Cultural,8,8,0.6561143585131504
2025-01-18,Dining,8,15,0.6544681476429105
2025-01-18,Entertainment,62,82,0.8763248315073928
2025-01-18,Hotel,7,7,0.927369202886309
2025-01-18,Natural,11,17,0.8080176956221169
2025-01-18,Religious,7,10,0.7933276779949665
2025-01-18,Shopping,7,8,0.6386234746314585
2025-01-18,Transit,17,21,0.5579180507846768
2025-01-18,area,17,21,0.5502155490633515
2025-01-19,Cityscape,39,58,0.7386537089665559
2025-01-19,Cultural,9,11,0.6333062110299413
2025-01-19,Dining,6,7,0.7332807469832164
2025-01-19,Entertainment,91,145,0.8727313887940731
2025-01-19,Hotel,7,7,0.8057445489934513
2025-01-19,Natural,13,15,0.9074165721734365
2025-01-19,Outdoor,4,6,0.8644083191951116
2025-01-19,Religious,9,10,0.8147480338811874
2025-01-19,Shopping,13,13,0.8147342270001386
2025-01-19,Transit,20,25,0.5584644505805854
2025-01-19,area,21,24,0.6201385945702592
2025-01-20,Cityscape,21,26,0.7036598954636317
2025-01-20,Cultural,6,6,0.8602199926972389
2025-01-20,Dining,7,7,0.8899878919124603
2025-01-20,Entertainment,89,116,0.9118445808982032
2025-01-20,Hotel,8,9,0.892401322722435
2025-01-20,Natural,13,15,0.7843509435653686
2025-01-20,Outdoor,1,1,0.928326427936554
2025-01-20,Religious,12,17,0.7152547882322002
2025-01-20,Shopping,5,5,0.9238484263420105
2025-01-20,Transit,20,25,0.4882737053843836
2025-01-20,area,14,15,0.5738806275754339
2025-01-21,Cityscape,36,51,0.7695640004056218
2025-01-21,Cultural,8,10,0.7780405975878238
2025-01-21,Dining,9,11,0.8444185907190497
2025-01-21,Entertainment,116,157,0.8973561902451772
2025-01-21,Hotel,11,12,0.7696792280922334
2025-01-21,Natural,13,15,0.8806361325499084
2025-01-21,Outdoor,7,7,0.9180955375943866
2025-01-21,Religious,11,16,0.6699837847263552
2025-01-21,School,1,1,0.8243466019630432
2025-01-21,Shopping,7,13,0.7676269107331067
2025-01-21,Transit,20,23,0.4056252760965611
2025-01-21,area,19,21,0.6590971813777118
2025-01-22,Cityscape,36,52,0.7290025986217631
2025-01-22,Cultural,8,10,0.7491388440132141
2025-01-22,Dining,7,9,0.7567080137906251
2025-01-22,Entertainment,102,131,0.87205264121749
2025-01-22,Hotel,5,8,0.7685487762093544
2025-01-22,Natural,10,12,0.9026098400354385
2025-01-22,Outdoor,4,4,0.9006674140691757
2025-01-22,Religious,11,17,0.7115041596048018
2025-01-22,Shopping,7,8,0.7211939984932542
2025-01-22,Sport,1,1,0.9599431157112122
2025-01-22,Transit,26,32,0.4520021688400043
2025-01-22,area,18,28,0.795382370192606
2025-01-23,Cityscape,24,30,0.7459146855682844
2025-01-23,Cultural,6,7,0.7584339848586491
2025-01-23,Dining,3,5,0.8037109159287953
2025-01-23,Entertainment,70,84,0.8776619615950805
2025-01-23,Hotel,6,6,0.89695476492246
2025-01-23,Natural,14,18,0.8404394273335735
2025-01-23,Outdoor,2,2,0.5530064404010773
2025-01-23,Religious,5,7,0.8425940956388202
2025-01-23,Shopping,6,7,0.49054072411464794
2025-01-23,Transit,15,18,0.36883851984730137
2025-01-23,area,13,32,0.5532719680681891
2025-01-24,Cityscape,33,48,0.7909398908183599
2025-01-24,Cultural,10,14,0.6553360191839082
2025-01-24,Dining,10,16,0.7122285684648281
2025-01-24,Entertainment,68,99,0.877207961789615
2025-01-24,Hotel,6,12,0.9230316256483396
2025-01-24,Natural,10,15,0.8396942443317836
2025-01-24,Outdoor,3,3,0.8245096405347189
2025-01-24,Religious,11,27,0.6783046168217688
2025-01-24,Shopping,14,17,0.7194743704269914
2025-01-24,Transit,19,25,0.646153014366515
2025-01-24,area,15,22,0.6828492220745168
2025-01-25,Cityscape,28,46,0.7854851039490945
2025-01-25,Cultural,13,16,0.8311372436583042
2025-01-25,Dining,11,27,0.7841789609246691
2025-01-25,Entertainment,71,103,0.8713702043959182
2025-01-25,Hotel,8,11,0.8557237955656919
2025-01-25,Natural,13,16,0.8603214663763841
2025-01-25,Outdoor,6,9,0.8362108833260007
2025-01-25,Religious,11,14,0.8317691832780838
2025-01-25,Shopping,5,8,0.6897492073476315
2025-01-25,Transit,17,24,0.46822574616461576
2025-01-25,area,15,23,0.7389537345456041
2025-01-26,Cityscape,38,52,0.7450738500360222
2025-01-26,Cultural,13,14,0.6944254709705084
2025-01-26,Dining,5,9,0.6467535408834616
2025-01-26,Entertainment,68,92,0.8831280542225315
2025-01-26,Hotel,8,9,0.6643810340513786
2025-01-26,Natural,13,16,0.8066490088356659
2025-01-26,Outdoor,2,2,0.9423028528690338
2025-01-26,Religious,11,13,0.7291090798475247
2025-01-26,Shopping,13,14,0.70317744605598
2025-01-26,Transit,22,27,0.48655214789151047
2025-01-26,area,22,32,0.6574154974174841
2025-01-27,Cityscape,27,47,0.7398084072356529
2025-01-27,Cultural,9,10,0.590699109248817
2025-01-27,Dining,5,5,0.8233149003982543
2025-01-27,Entertainment,76,121,0.8649023044418375
2025-01-27,Hotel,11,14,0.8403195327236539
2025-01-27,Natural,11,13,0.9015900469743289
2025-01-27,Outdoor,2,2,0.5835164934396744
2025-01-27,Religious,4,6,0.6536307719846567
2025-01-27,Shopping,8,9,0.7775316098222026
2025-01-27,Sport,1,1,0.8974616527557373
2025-01-27,Transit,21,28,0.5116646532603918
2025-01-27,area,16,20,0.6315979927778244
2025-01-28,Cityscape,32,44,0.7172040048468097
2025-01-28,Cultural,11,16,0.6963333447153369
2025-01-28,Dining,7,7,0.60027703953286
2025-01-28,Entertainment,57,87,0.8833867534515334
2025-01-28,Hotel,5,5,0.9413991451263428
2025-01-28,Natural,15,24,0.8510970718330807
2025-01-28,Outdoor,3,3,0.9198450048764547
2025-01-28,Religious,10,19,0.6290117286537823
2025-01-28,Shopping,11,12,0.6717183906584978
2025-01-28,Sport,1,1,0.9526452720165253
2025-01-28,Transit,17,22,0.3896347912677536
2025-01-28,area,22,30,0.6112856504338345
2025-01-29,Cityscape,34,50,0.7913591144544383
2025-01-29,Cultural,16,20,0.6884251521667466
2025-01-29,Dining,13,22,0.8796271959037493
2025-01-29,Entertainment,77,99,0.8628747082944238
2025-01-29,Hotel,5,6,0.8911027361949285
2025-01-29,Natural,15,17,0.8764282266298931
2025-01-29,Outdoor,5,6,0.8721467951933543
2025-01-29,Religious,9,16,0.761250330406862
2025-01-29,Shopping,3,3,0.6060645977656046
2025-01-29,Transit,20,24,0.5898525981465355
2025-01-29,area,23,28,0.5492753869587822
2025-01-30,Cityscape,26,44,0.7558073467490348
2025-01-30,Cultural,15,21,0.6907933013779777
2025-01-30,Dining,6,6,0.7970357153451805
2025-01-30,Entertainment,74,108,0.8879124527757543
2025-01-30,Hotel,7,7,0.6932409086397716
2025-01-30,Natural,11,15,0.7682312220335007
2025-01-30,Outdoor,5,6,0.8980310757954916
2025-01-30,Religious,7,7,0.7959943975188902
2025-01-30,Shopping,8,11,0.7485942887988958
2025-01-30,Transit,14,15,0.4763684287814734
2025-01-30,area,20,28,0.6519061612697052
2025-01-31,Cityscape,26,43,0.7972397031984473
2025-01-31,Cultural,11,14,0.6918925467346396
2025-01-31,Dining,7,11,0.7324885540839398
2025-01-31,Entertainment,60,80,0.8615989794799047
2025-01-31,Hotel,4,4,0.8129541277885437
2025-01-31,Natural,20,25,0.8419840693473816
2025-01-31,Outdoor,6,10,0.8919466018676758
2025-01-31,Religious,9,13,0.732447726222185
2025-01-31,Shopping,3,4,0.4833223130553961
2025-01-31,Transit,15,20,0.4416612093647321
2025-01-31,area,19,37,0.5953308715409523
2025-02-01,Cityscape,24,33,0.7499935120631511
2025-02-01,Cultural,8,8,0.803490225225687
2025-02-01,Dining,4,4,0.639697825225691
2025-02-01,Entertainment,70,91,0.9051631019563979
2025-02-01,Hotel,6,6,0.7294401985903581
2025-02-01,Natural,13,15,0.8953410400284662
2025-02-01,Outdoor,2,2,0.763727217912674
2025-02-01,Religious,4,8,0.8254317529499531
2025-02-01,Shopping,9,13,0.72058233160239
2025-02-01,Sport,1,1,0.9465367197990417
2025-02-01,Transit,17,19,0.6250467460602521
2025-02-01,area,10,10,0.5435366635521253
2025-02-02,Cityscape,28,31,0.729906753130177
2025-02-02,Cultural,7,11,0.7461428153046378
2025-02-02,Dining,8,9,0.7704371555517309
2025-02-02,Entertainment,72,92,0.8517953487356322
2025-02-02,Hotel,7,7,0.8686583127294268
2025-02-02,Natural,16,20,0.7823353052884341
2025-02-02,Outdoor,3,3,0.8935112754503886
2025-02-02,Religious,13,17,0.8136833187411813
2025-02-02,Shopping,10,13,0.6050279925648983
2025-02-02,Transit,10,13,0.5675520383681243
2025-02-02,area,17,20,0.5318970221560448
2025-02-03,Cityscape,28,37,0.6943683600405584
2025-02-03,Cultural,12,12,0.6581602467224003
2025-02-03,Dining,7,9,0.7821489282780223
2025-02-03,Entertainment,48,71,0.8370053833699507
2025-02-03,Hotel,5,12,0.7618187740445137
2025-02-03,Natural,16,19,0.8444159749176418
2025-02-03,Outdoor,6,8,0.8248432353138924
2025-02-03,Religious,7,9,0.8200731550653776
2025-02-03,Shopping,5,5,0.6080007642507553
2025-02-03,Transit,22,27,0.4266131852684474
2025-02-03,area,18,22,0.6804404170917613
2025-02-04,Cityscape,38,58,0.824696621521451
2025-02-04,Cultural,6,8,0.783432015683502
2025-02-04,Dining,7,12,0.6750801252977302
2025-02-04,Entertainment,82,116,0.8915235459355962
2025-02-04,Hotel,9,10,0.826352653838694
2025-02-04,Natural,20,25,0.9038687258958816
2025-02-04,Outdoor,4,5,0.7728486478328704
2025-02-04,Religious,16,28,0.7681142028775954
2025-02-04,Shopping,7,10,0.7587775653228164
2025-02-04,Sport,1,1,0.9356836676597595
2025-02-04,Transit,24,29,0.47156875282954214
2025-02-04,area,30,36,0.620441887062043
2025-02-05,Cityscape,30,38,0.737494846727503
2025-02-05,Cultural,10,13,0.7404892147542574
2025-02-05,Dining,5,10,0.782759113026162
2025-02-05,Entertainment,77,100,0.853493586335388
2025-02-05,Hotel,5,6,0.8455633744597435
2025-02-05,Natural,10,17,0.8104211755973452
2025-02-05,Outdoor,3,4,0.855029433965683
2025-02-05,Religious,5,5,0.8026692926883697
2025-02-05,Shopping,5,6,0.6940725209812323
2025-02-05,Transit,12,14,0.6397412002618824
2025-02-05,area,21,26,0.7315335747706879
2025-02-06,Cityscape,24,41,0.7594998078496475
2025-02-06,Cultural,11,11,0.7170856157035539
2025-02-06,Dining,6,6,0.8935729811588923
2025-02-06,Entertainment,67,96,0.8545226461512104
2025-02-06,Hotel,6,6,0.7537918354268186
2025-02-06,Natural,9,12,0.8191435140454106
2025-02-06,Outdoor,2,2,0.7279352247714996
2025-02-06,Religious,6,8,0.733314722776413
2025-02-06,Shopping,6,7,0.7213769757321903
2025-02-06,Transit,20,21,0.5475498611137034
2025-02-06,area,12,17,0.5714190798793353
2025-02-07,Cityscape,28,42,0.7842825926722041
2025-02-07,Cultural,11,15,0.7060100542753935
2025-02-07,Dining,9,10,0.8024708050489426
2025-02-07,Entertainment,66,94,0.8811399532735142
2025-02-07,Hotel,12,15,0.8460738541185856
2025-02-07,Natural,7,10,0.7818542309105396
2025-02-07,Outdoor,3,3,0.819877545038859
2025-02-07,Religious,4,6,0.7437694147229195
2025-02-07,Shopping,8,12,0.7597162239253521
2025-02-07,Transit,16,18,0.5325690949706499
2025-02-07,area,21,25,0.6598352228768525
2025-02-08,Cityscape,22,24,0.7786628837703676
2025-02-08,Cultural,11,13,0.7958930732502678
2025-02-08,Entertainment,72,96,0.8802651865588564
2025-02-08,Hotel,4,4,0.7416724488139153
2025-02-08,Natural,14,26,0.8205329310292235
2025-02-08,Outdoor,1,3,0.7498739618394109
2025-02-08,Religious,10,15,0.844536550839742
2025-02-08,Shopping,5,6,0.5383499463399252
2025-02-08,Transit,19,23,0.585545845952659
2025-02-08,area,13,18,0.7029485223035699
2025-02-09,Cityscape,36,49,0.7652746998280489
2025-02-09,Cultural,6,9,0.7187376332403433
2025-02-09,Dining,6,11,0.7112105551994209
2025-02-09,Entertainment,58,92,0.8498456414134281
2025-02-09,Hotel,6,6,0.77963155011336
2025-02-09,Natural,15,17,0.8462524920263711
2025-02-09,Outdoor,1,1,0.9380446970462799
2025-02-09,Religious,7,10,0.6716963399201632
2025-02-09,Shopping,6,7,0.5080511211639359
2025-02-09,Transit,12,12,0.4468150941344599
2025-02-09,area,13,15,0.6275672112902005
2025-02-10,Cityscape,19,28,0.7470188644448561
2025-02-10,Cultural,8,10,0.7544486508450725
2025-02-10,Dining,3,5,0.8473426073789596
2025-02-10,Entertainment,52,71,0.8542954635511073
2025-02-10,Hotel,9,9,0.5827030332552062
2025-02-10,Natural,9,11,0.9064023267139089
2025-02-10,Outdoor,3,3,0.866404508964883
2025-02-10,Religious,5,7,0.7183940907319386
2025-02-10,Shopping,10,12,0.6744122290207694
2025-02-10,Transit,9,15,0.3496380152429143
2025-02-10,area,14,25,0.7374624586105347
2025-02-11,Cityscape,27,35,0.7649326565010207
2025-02-11,Cultural,8,8,0.6811303980648518
2025-02-11,Dining,5,6,0.578678390632073
2025-02-11,Entertainment,65,88,0.8431416263735955
2025-02-11,Hotel,8,11,0.6666936694898389
2025-02-11,Natural,14,17,0.8497008633087663
2025-02-11,Outdoor,5,6,0.894778827826182
2025-02-11,Religious,7,8,0.9101203661412001
2025-02-11,Shopping,9,11,0.6394200667061589
2025-02-11,Transit,16,19,0.5453289235057426
2025-02-11,area,20,25,0.6579151026336919
2025-02-12,Cityscape,31,40,0.7202813373692334
2025-02-12,Cultural,10,12,0.6745626616498662
2025-02-12,Dining,1,1,0.9606732130050659
2025-02-12,Entertainment,69,91,0.8867387715679688
2025-02-12,Hotel,3,4,0.4363603196106851
2025-02-12,Natural,15,19,0.7915210273247538
2025-02-12,Outdoor,4,5,0.8552569448947906
2025-02-12,Religious,12,18,0.8176302156514592
2025-02-12,Shopping,5,7,0.6034886709281376
2025-02-12,Transit,17,23,0.5699867447190311
2025-02-12,area,16,20,0.5729042742240943
2025-02-13,Cityscape,23,34,0.6825710769980123
2025-02-13,Cultural,4,5,0.8397839784622192
2025-02-13,Dining,9,10,0.6479481446867188
2025-02-13,Entertainment,92,114,0.8766699389826317
2025-02-13,Hotel,4,6,0.7850099951028824
2025-02-13,Natural,10,14,0.9067286710653987
2025-02-13,Outdoor,2,2,0.8984727263450623
2025-02-13,Religious,9,13,0.7868284892577392
2025-02-13,Shopping,6,7,0.5973237838063922
2025-02-13,Transit,27,38,0.4406970818239068
2025-02-13,area,16,24,0.6743620040420538
2025-02-14,Cityscape,22,36,0.8131728681425253
2025-02-14,Cultural,8,10,0.6931367591431453
2025-02-14,Dining,3,5,0.9116081525882086
2025-02-14,Entertainment,55,69,0.84497987599077
2025-02-14,Hotel,6,8,0.8025868881183366
2025-02-14,Natural,6,7,0.8217107227870396
2025-02-14,Outdoor,2,2,0.841175377368927
2025-02-14,Religious,7,9,0.6865388626163756
2025-02-14,Shopping,5,10,0.636848247051239
2025-02-14,Sport,1,1,0.8434371948242188
2025-02-14,Transit,18,23,0.45638011916931986
2025-02-14,area,12,17,0.6641383606794419
2025-02-15,Cityscape,27,36,0.760977259227707
2025-02-15,Cultural,6,6,0.5661954486535655
2025-02-15,Dining,3,12,0.8509458556978239
2025-02-15,Entertainment,57,76,0.8874234599086988
2025-02-15,Hotel,5,5,0.8533399807954473
2025-02-15,Natural,11,12,0.7628349835673968
2025-02-15,Outdoor,2,5,0.5405097529292107
2025-02-15,Religious,5,5,0.8227786421775818
2025-02-15,Shopping,6,8,0.607716501597315
2025-02-15,Transit,11,12,0.45360172919500324
2025-02-15,area,11,15,0.6741770685107137
2025-02-16,Cityscape,28,40,0.7708941793628037
2025-02-16,Cultural,10,11,0.7402934540401805
2025-02-16,Dining,10,12,0.8959669743975004
2025-02-16,Entertainment,79,123,0.8530628220487644
2025-02-16,Hotel,14,31,0.8211318071891544
2025-02-16,Natural,8,9,0.9115934747236746
2025-02-16,Outdoor,6,6,0.7863231599330902
2025-02-16,Religious,8,9,0.7019569112194909
2025-02-16,Shopping,7,8,0.5727752471963564
2025-02-16,Transit,17,21,0.605030676199212
2025-02-16,area,20,24,0.6364457890311388
2025-02-17,Cityscape,39,51,0.7224124444685146
2025-02-17,Cultural,9,11,0.6863948716358705
2025-02-17,Dining,9,19,0.7575622451714953
2025-02-17,Entertainment,71,91,0.8913107350658516
2025-02-17,Hotel,5,6,0.8925499816735586
2025-02-17,Natural,10,13,0.8377665600452858
2025-02-17,Outdoor,1,1,0.407396525144577
2025-02-17,Religious,10,15,0.777993860344092
2025-02-17,Shopping,9,9,0.7350588551274053
2025-02-17,Transit,16,22,0.508385877167298
2025-02-17,area,21,29,0.5269286676221305
2025-02-18,Cityscape,25,33,0.7694599929482047
2025-02-18,Cultural,11,13,0.699432008446027
2025-02-18,Dining,6,6,0.734691766401132
2025-02-18,Entertainment,88,120,0.8767758840959302
2025-02-18,Hotel,5,11,0.877313390825734
2025-02-18,Natural,12,15,0.7634776308304734
2025-02-18,Outdoor,8,8,0.804251566529274
2025-02-18,Religious,7,9,0.6657860792345471
2025-02-18,Shopping,5,7,0.6751757793660674
2025-02-18,Transit,28,31,0.5504444106105721
2025-02-18,area,21,28,0.5421278584925902
2025-02-19,Cityscape,36,45,0.7519740827381611
2025-02-19,Cultural,14,22,0.6370800647828164
2025-02-19,Dining,7,11,0.7439888121955321
2025-02-19,Entertainment,87,130,0.8621892395021299
2025-02-19,Hotel,13,16,0.5926506903643409
2025-02-19,Natural,14,17,0.8646069876119202
2025-02-19,Outdoor,3,3,0.9204867084821066
2025-02-19,Religious,14,21,0.7326341689312978
2025-02-19,Shopping,13,20,0.6876506029007335
2025-02-19,Transit,23,29,0.4937456628379486
2025-02-19,area,25,39,0.7732422062729158
2025-02-20,Cityscape,40,65,0.7099982194077128
2025-02-20,Cultural,11,20,0.6474729470908642
2025-02-20,Dining,15,25,0.6787027984857559
2025-02-20,Entertainment,78,107,0.8788761085415927
2025-02-20,Hotel,9,22,0.8131385009058497
2025-02-20,Natural,14,14,0.8451444613082069
2025-02-20,Outdoor,3,3,0.682294772627453
2025-02-20,Religious,9,13,0.7291731685400009
2025-02-20,Shopping,9,11,0.8087132162216938
2025-02-20,Transit,21,31,0.4698491359641704
2025-02-20,area,24,31,0.5804660830282427
2025-02-21,Cityscape,29,50,0.7383352322628101
2025-02-21,Cultural,6,7,0.6331868326060134
2025-02-21,Dining,7,11,0.786131932400167
2025-02-21,Entertainment,79,114,0.8939864760299041
2025-02-21,Hotel,4,5,0.9085644721984864
2025-02-21,Natural,9,10,0.8152949791029096
2025-02-21,Outdoor,5,5,0.883075475692749
2025-02-21,Religious,8,8,0.7319717818948751
2025-02-21,Shopping,11,11,0.7619668570431796
2025-02-21,Transit,28,34,0.47237281748276283
2025-02-21,area,18,29,0.42803020558009547
2025-02-22,Cityscape,26,36,0.7058810329825019
2025-02-22,Cultural,14,15,0.759065981351194
2025-02-22,Dining,5,7,0.7008877119847706
2025-02-22,Entertainment,87,105,0.8697039307540577
2025-02-22,Hotel,6,7,0.8358713079776082
2025-02-22,Natural,8,8,0.8146913051605225
2025-02-22,Outdoor,2,2,0.8860579133033752
2025-02-22,Religious,8,11,0.7062958018346266
2025-02-22,School,1,1,0.5086833238601685
2025-02-22,Shopping,11,15,0.5845363168915113
2025-02-22,Transit,26,27,0.4605225575669208
2025-02-22,area,16,23,0.6525157371717498
2025-02-23,Cityscape,30,36,0.7691007190625424
2025-02-23,Cultural,11,15,0.7500892155700261
2025-02-23,Dining,11,13,0.7689657795887727
2025-02-23,Entertainment,88,113,0.8668372522619828
2025-02-23,Hotel,10,10,0.8629609495401382
2025-02-23,Natural,22,36,0.8841854220344907
2025-02-23,Outdoor,3,3,0.9013866682847341
2025-02-23,Religious,19,35,0.7206949169791881
2025-02-23,Shopping,8,10,0.7169194678465526
2025-02-23,Transit,21,23,0.6153636905735871
2025-02-23,area,25,31,0.7110486574551111
2025-02-24,Cityscape,35,53,0.7439375107825097
2025-02-24,Cultural,17,19,0.707044074837968
2025-02-24,Dining,7,9,0.9014288302924898
2025-02-24,Entertainment,103,135,0.8707084428852658
2025-02-24,Hotel,7,11,0.857618510723114
2025-02-24,Natural,13,16,0.8735847746332487
2025-02-24,Outdoor,3,5,0.8606611609458923
2025-02-24,Religious,7,7,0.6188167708792857
2025-02-24,Shopping,9,16,0.7898389775305986
2025-02-24,Transit,20,22,0.36038318691267207
2025-02-24,area,23,31,0.5285053046204911
2025-02-25,Cityscape,29,47,0.6879194497801703
2025-02-25,Cultural,13,14,0.7063211560958907
2025-02-25,Dining,6,7,0.8359093424819765
2025-02-25,Entertainment,102,142,0.8672726074256397
2025-02-25,Hotel,5,7,0.8808793382985252
2025-02-25,Natural,21,25,0.8437550106147925
2025-02-25,Outdoor,3,3,0.6361615856488546
2025-02-25,Religious,17,22,0.8325562293598936
2025-02-25,Shopping,9,13,0.7558080891911417
2025-02-25,Transit,35,41,0.5258479102036403
2025-02-25,area,28,47,0.6315135728153367
2025-02-26,Cityscape,35,53,0.7128950934669694
2025-02-26,Cultural,14,19,0.7269478514463755
2025-02-26,Dining,10,15,0.7020670676603913
2025-02-26,Entertainment,83,117,0.8718623252328412
2025-02-26,Hotel,6,8,0.7558783758431673
2025-02-26,Natural,18,24,0.7418735508496562
2025-02-26,Outdoor,4,5,0.8739060044288636
2025-02-26,Religious,21,30,0.6971253530876267
2025-02-26,Shopping,11,17,0.5920549448506505
2025-02-26,Transit,31,33,0.4355570876018062
2025-02-26,area,21,30,0.6734640515719851
2025-02-27,Cityscape,27,45,0.7458101602892081
2025-02-27,Cultural,10,10,0.797174459695816
2025-02-27,Dining,12,17,0.7797095530173358
2025-02-27,Entertainment,85,152,0.8761989093908322
2025-02-27,Hotel,10,14,0.774960715412384
2025-02-27,Natural,17,23,0.8544249735448671
2025-02-27,Outdoor,1,1,0.2866600453853607
2025-02-27,Religious,12,16,0.6987633363654217
2025-02-27,Shopping,10,13,0.73994000055469
2025-02-27,Sport,1,1,0.9023801982402802
2025-02-27,Transit,28,33,0.39446401078667903
2025-02-27,area,17,30,0.6716220145931754
2025-02-28,Cityscape,26,35,0.6332770178338425
2025-02-28,Cultural,9,11,0.8188812334305985
2025-02-28,Dining,5,8,0.8773026367028555
2025-02-28,Entertainment,89,122,0.8797212771995653
2025-02-28,Hotel,5,6,0.9539524217446645
2025-02-28,Natural,30,36,0.8442359482524572
2025-02-28,Outdoor,3,3,0.926058034102122
2025-02-28,Religious,17,19,0.7204524866844478
2025-02-28,Shopping,4,6,0.6827488367756208
2025-02-28,Sport,1,1,0.9502126773198446
2025-02-28,Transit,17,22,0.3567933886768253
2025-02-28,area,22,26,0.7935127641957922
2025-03-01,Cityscape,33,49,0.7073338967747986
2025-03-01,Cultural,12,18,0.5837152159117438
2025-03-01,Dining,13,21,0.6965159393314805
2025-03-01,Entertainment,98,121,0.8971979288302828
2025-03-01,Hotel,7,7,0.7633488416671753
2025-03-01,Natural,14,17,0.7777846950818511
2025-03-01,Outdoor,6,6,0.8436677654584249
2025-03-01,Religious,15,25,0.7436477104822795
2025-03-01,Shopping,10,11,0.6209933703595941
2025-03-01,Sport,1,1,0.9592788815498352
2025-03-01,Transit,25,33,0.4430893474723472
2025-03-01,area,22,34,0.6141159990071958
2025-03-02,Cityscape,40,51,0.7203069365905975
2025-03-02,Cultural,11,14,0.7988560586458161
2025-03-02,Dining,12,13,0.6988401877192351
2025-03-02,Entertainment,143,188,0.8715262969280498
2025-03-02,Hotel,9,19,0.8148020448914746
2025-03-02,Natural,17,20,0.832785358528296
2025-03-02,Outdoor,4,7,0.8151531134332929
2025-03-02,Religious,11,13,0.7278599815490918
2025-03-02,Shopping,9,11,0.5825225425424514
2025-03-02,Sport,1,1,0.8981311917304993
2025-03-02,Transit,38,42,0.5539551843755436
2025-03-02,area,31,42,0.7004703717720178
2025-03-03,Cityscape,31,43,0.7053141002579368
2025-03-03,Cultural,12,14,0.607600249144235
2025-03-03,Dining,12,15,0.7852939771281348
2025-03-03,Entertainment,105,132,0.898357283994959
2025-03-03,Hotel,10,12,0.7794900473414196
2025-03-03,Natural,19,30,0.7800716023892165
2025-03-03,Outdoor,7,8,0.8844123333692551
2025-03-03,Religious,15,25,0.6603396468112867
2025-03-03,School,1,1,0.9063762724399567
2025-03-03,Shopping,10,13,0.6173022477768171
2025-03-03,Transit,30,36,0.45848069011674775
2025-03-03,area,24,36,0.5717562276188768
2025-03-04,Cityscape,39,57,0.7808222659248096
2025-03-04,Cultural,10,11,0.7206584987315264
2025-03-04,Dining,14,19,0.7663471673762328
2025-03-04,Entertainment,79,92,0.900350882149496
2025-03-04,Hotel,10,11,0.8048325334534501
2025-03-04,Natural,30,39,0.8484824434814291
2025-03-04,Outdoor,6,12,0.8550568670034409
2025-03-04,Religious,13,19,0.7307962417079692
2025-03-04,Shopping,9,12,0.571255291501681
2025-03-04,Transit,14,14,0.5017597018075841
2025-03-04,area,23,36,0.5833186496877008
2025-03-05,Cityscape,30,40,0.7059285719133913
2025-03-05,Cultural,8,9,0.6714717402226396
2025-03-05,Dining,13,14,0.802527911606289
2025-03-05,Entertainment,87,123,0.9067074776583779
2025-03-05,Hotel,4,6,0.7274773220221201
2025-03-05,Natural,12,15,0.8524179031096754
2025-03-05,Outdoor,2,2,0.9342133700847626
2025-03-05,Religious,9,12,0.7132779769599438
2025-03-05,Shopping,13,14,0.7277774879974979
2025-03-05,Sport,1,1,0.9476430118083954
2025-03-05,Transit,20,22,0.5047369102874844
2025-03-05,area,22,26,0.6858278519641131
2025-03-06,Cityscape,37,43,0.7205479561206214
2025-03-06,Cultural,6,6,0.7480151355266571
2025-03-06,Dining,7,11,0.7696762249434118
2025-03-06,Entertainment,70,101,0.9135670003079525
2025-03-06,Hotel,13,18,0.8193879054376372
2025-03-06,Natural,11,11,0.7744856747713956
2025-03-06,Outdoor,3,3,0.9132455190022787
2025-03-06,Religious,10,11,0.7226472818716005
2025-03-06,Shopping,6,6,0.714626711482803
2025-03-06,Transit,25,27,0.616331090303253
2025-03-06,area,23,30,0.6207968456132544
2025-03-07,Cityscape,34,47,0.7920619237533909
2025-03-07,Cultural,10,14,0.7928168907406784
2025-03-07,Dining,14,16,0.8428856373686964
2025-03-07,Entertainment,102,135,0.8665741162603818
2025-03-07,Hotel,9,10,0.8102585171659789
2025-03-07,Natural,13,17,0.8841794176312053
2025-03-07,Outdoor,6,8,0.6462408491643146
2025-03-07,Religious,10,12,0.778821135353711
2025-03-07,Shopping,8,12,0.7618531394335958
2025-03-07,Transit,23,26,0.5751707388470189
2025-03-07,area,24,26,0.6047032438696195
2025-03-08,Cityscape,24,35,0.7553270760746229
2025-03-08,Cultural,12,14,0.5804338707100777
2025-03-08,Dining,5,8,0.8124857552349567
2025-03-08,Entertainment,94,122,0.8980527275719529
2025-03-08,Hotel,3,3,0.7455934484799703
2025-03-08,Natural,13,17,0.8622418706323587
2025-03-08,Outdoor,6,6,0.7883100310961405
2025-03-08,Religious,8,11,0.5673140063881874
2025-03-08,Shopping,8,8,0.7478281427174807
2025-03-08,Transit,21,23,0.5107055563830595
2025-03-08,area,14,17,0.6672439146859973
2025-03-09,Cityscape,44,58,0.7557281933874749
2025-03-09,Cultural,18,27,0.7318725533507489
2025-03-09,Dining,8,9,0.7855076582895385
2025-03-09,Entertainment,83,106,0.8806648077454742
2025-03-09,Hotel,8,9,0.7492291231950124
2025-03-09,Natural,21,24,0.8588937295393811
2025-03-09,Outdoor,5,6,0.7497972709437212
2025-03-09,Religious,13,20,0.8051989409555164
2025-03-09,Shopping,10,10,0.6188913032412529
2025-03-09,Transit,21,24,0.5714237754957544
2025-03-09,area,21,25,0.6769552050083876
2025-03-10,Cityscape,32,42,0.7296617552933712
2025-03-10,Cultural,6,7,0.6866100296112043
2025-03-10,Dining,7,9,0.8408809392540543
2025-03-10,Entertainment,71,92,0.9096522784969633
2025-03-10,Hotel,3,4,0.9263604680697123
2025-03-10,Natural,4,4,0.8506716191768646
2025-03-10,Outdoor,1,1,0.6256408095359802
2025-03-10,Religious,10,16,0.7765039075165987
2025-03-10,Shopping,5,5,0.7711811333894729
2025-03-10,Sport,1,1,0.007589737884700298
2025-03-10,Transit,17,19,0.45697719845594026
2025-03-10,area,15,17,0.7334720216983674
2025-03-11,Cityscape,32,58,0.7231159927109363
2025-03-11,Cultural,9,12,0.8268912322819233
2025-03-11,Dining,7,9,0.7795528355571959
2025-03-11,Entertainment,76,114,0.8794113248296029
2025-03-11,Hotel,5,5,0.8052965760231018
2025-03-11,Natural,11,18,0.8204074829929706
2025-03-11,Outdoor,8,12,0.7711356272920966
2025-03-11,Religious,14,20,0.7458094354718924
2025-03-11,Shopping,6,6,0.7763549811912306
2025-03-11,Transit,23,28,0.5668704913432954
2025-03-11,area,19,21,0.6172305631732184
2025-03-12,Cityscape,28,39,0.7847005882833757
2025-03-12,Cultural,7,8,0.5316033661365509
2025-03-12,Dining,16,23,0.763936952637078
2025-03-12,Entertainment,94,121,0.8998162734685361
2025-03-12,Hotel,11,12,0.84305300625662
2025-03-12,Natural,6,7,0.7739989062150319
2025-03-12,Outdoor,2,2,0.049861980602145195
2025-03-12,Religious,6,12,0.7605142494042715
2025-03-12,Shopping,8,8,0.6067766770720482
2025-03-12,Transit,24,28,0.5351082581938023
2025-03-12,area,16,24,0.5581213953490887
2025-03-13,Cityscape,32,56,0.7532220604124663
2025-03-13,Cultural,7,8,0.5005506159892926
2025-03-13,Dining,9,13,0.8418178510589478
2025-03-13,Entertainment,75,119,0.8822315046024873
2025-03-13,Hotel,7,14,0.8413643006767545
2025-03-13,Natural,14,20,0.7843014252682526
2025-03-13,Outdoor,6,7,0.8235470567430768
2025-03-13,Religious,14,17,0.7643738687038422
2025-03-13,Shopping,8,12,0.7681483870579137
2025-03-13,Transit,18,23,0.5189556105845217
2025-03-13,area,29,39,0.6420549842057367
2025-03-14,Cityscape,31,46,0.795246206162262
2025-03-14,Cultural,8,12,0.8424867664774259
2025-03-14,Dining,5,5,0.8256032938758532
2025-03-14,Entertainment,76,93,0.888955185705287
2025-03-14,Hotel,6,6,0.7100429777055979
2025-03-14,Natural,12,19,0.8864376322219245
2025-03-14,Outdoor,2,3,0.9150958061218262
2025-03-14,Religious,5,12,0.8825315046641561
2025-03-14,Shopping,10,10,0.6920978933572769
2025-03-14,Transit,14,18,0.3423074070985119
2025-03-14,area,15,24,0.679170150620242
2025-03-15,Cityscape,34,44,0.7988254050394953
2025-03-15,Cultural,16,19,0.7545470309100653
2025-03-15,Dining,10,13,0.6108686034925855
2025-03-15,Entertainment,89,107,0.8927180893841704
2025-03-15,Hotel,7,11,0.8245375165433594
2025-03-15,Natural,13,15,0.8659494558970133
2025-03-15,Outdoor,2,3,0.6820238679647446
2025-03-15,Religious,8,8,0.7312178034335375
2025-03-15,Shopping,12,15,0.6285572235782941
2025-03-15,Transit,21,25,0.7110860922842315
2025-03-15,area,24,29,0.568471439953508
2025-03-16,Cityscape,31,54,0.7377476815032245
2025-03-16,Cultural,7,13,0.6036490466200061
2025-03-16,Dining,7,7,0.6808960817906321
2025-03-16,Entertainment,76,112,0.8739804619481248
2025-03-16,Hotel,4,4,0.7008359059691429
2025-03-16,Natural,5,6,0.7682235926389694
2025-03-16,Outdoor,3,3,0.799409011999766
2025-03-16,Religious,9,11,0.683950565586036
2025-03-16,Shopping,7,12,0.4393246824749642
2025-03-16,Transit,16,19,0.5829720638331202
2025-03-16,area,13,30,0.588717128292081
2025-03-17,Cityscape,25,34,0.6797017925327608
2025-03-17,Cultural,9,10,0.6607804730534553
2025-03-17,Dining,7,11,0.7037183235992085
2025-03-17,Entertainment,60,92,0.8330082940927681
2025-03-17,Hotel,5,5,0.7102449029684067
2025-03-17,Natural,6,7,0.8245621024954076
2025-03-17,Outdoor,2,3,0.8784616688887278
2025-03-17,Religious,3,7,0.7640773625600906
2025-03-17,Shopping,6,6,0.6815015176932017
2025-03-17,Transit,24,28,0.3629720468853353
2025-03-17,area,18,27,0.5518937018124008
2025-03-18,Cityscape,24,33,0.6341646542479681
2025-03-18,Cultural,9,12,0.7052357606589794
2025-03-18,Dining,14,22,0.8112042886628346
2025-03-18,Entertainment,81,110,0.8946049585810737
2025-03-18,Hotel,7,9,0.5916161609089209
2025-03-18,Natural,8,10,0.7781785616651178
2025-03-18,Religious,11,16,0.6693455718729334
2025-03-18,Shopping,9,9,0.6867651921524494
2025-03-18,Transit,25,31,0.49520451039292523
2025-03-18,area,15,20,0.6776310632005333
2025-03-19,Cityscape,25,27,0.6543330945718436
2025-03-19,Cultural,10,13,0.7130275913155996
2025-03-19,Dining,8,11,0.6312824958427385
2025-03-19,Entertainment,69,76,0.8776280573207418
2025-03-19,Hotel,8,11,0.7772660610915133
2025-03-19,Natural,5,8,0.7814595392361904
2025-03-19,Outdoor,4,4,0.5054563430603594
2025-03-19,Religious,2,2,0.6999341249465942
2025-03-19,Shopping,6,10,0.6045506969094276
2025-03-19,Transit,14,18,0.49339927319023347
2025-03-19,area,17,28,0.5875532666204463
2025-03-20,Cityscape,30,45,0.7424972136056535
2025-03-20,Cultural,9,11,0.7260208283409928
2025-03-20,Dining,8,11,0.8638280743902379
2025-03-20,Entertainment,75,101,0.8882181877944428
2025-03-20,Hotel,5,5,0.7429582221003679
2025-03-20,Natural,11,14,0.919885076369558
2025-03-20,Outdoor,3,3,0.8220887879530588
2025-03-20,Religious,10,18,0.6713606640696526
2025-03-20,Shopping,6,6,0.5673941870530447
2025-03-20,Transit,15,17,0.5282220465246759
2025-03-20,area,18,26,0.7254653422400738
2025-03-21,Cityscape,28,38,0.8064978440912478
2025-03-21,Cultural,4,4,0.7328832298517227
2025-03-21,Dining,8,10,0.895920017361641
2025-03-21,Entertainment,62,83,0.8897302851150237
2025-03-21,Hotel,5,8,0.8450598698109388
2025-03-21,Natural,10,10,0.7584781763809068
2025-03-21,Outdoor,2,2,0.9188700914382935
2025-03-21,Religious,9,12,0.7306823718051115
2025-03-21,Shopping,9,11,0.6382890854708173
2025-03-21,Transit,21,26,0.5331081088214544
2025-03-21,area,25,40,0.6504656804013988
2025-03-22,Cityscape,34,51,0.7668033834132884
2025-03-22,Cultural,13,15,0.729209407667319
2025-03-22,Dining,10,14,0.6957530471540633
2025-03-22,Entertainment,86,110,0.8832047611666429
2025-03-22,Hotel,9,9,0.8640183243486617
2025-03-22,Natural,14,23,0.8640011974434922
2025-03-22,Religious,10,12,0.7115914157281319
2025-03-22,Shopping,11,12,0.6169531826550761
2025-03-22,Transit,18,25,0.5828268194943667
2025-03-22,area,17,30,0.6084559275065031
2025-03-23,Cityscape,45,66,0.6862912400162978
2025-03-23,Cultural,9,10,0.6634931192948268
2025-03-23,Dining,7,8,0.6664699632674456
2025-03-23,Entertainment,96,127,0.9086133646835056
2025-03-23,Hotel,4,4,0.6195477619767189
2025-03-23,Natural,12,20,0.9067122529176148
2025-03-23,Outdoor,4,6,0.7132099632705962
2025-03-23,Religious,17,24,0.7840244410973457
2025-03-23,Shopping,12,13,0.6879605774122936
2025-03-23,Transit,32,47,0.47647730078785977
2025-03-23,area,28,44,0.5188118251760236
2025-03-24,Cityscape,45,70,0.6957380761995556
2025-03-24,Cultural,16,17,0.6439063741880304
2025-03-24,Dining,17,28,0.726125709909857
2025-03-24,Entertainment,94,143,0.8782798418556795
2025-03-24,Hotel,7,7,0.6826799597058978
2025-03-24,Natural,16,20,0.8493699499716362
2025-03-24,Outdoor,2,2,0.905810534954071
2025-03-24,Religious,13,17,0.666867598306899
2025-03-24,Shopping,13,15,0.6209926540652911
2025-03-24,Transit,20,24,0.4395835049697339
2025-03-24,area,36,45,0.6015909256068644
2025-03-25,Cityscape,34,65,0.7503637583400959
2025-03-25,Cultural,9,16,0.556600533813859
2025-03-25,Dining,7,9,0.7949070400661893
2025-03-25,Entertainment,82,103,0.882440933199773
2025-03-25,Hotel,9,11,0.6804115889368183
2025-03-25,Natural,8,11,0.7543789790661045
2025-03-25,Outdoor,5,5,0.929689747095108
2025-03-25,Religious,6,7,0.5900584582771574
2025-03-25,Shopping,8,9,0.7086574170324538
2025-03-25,Transit,22,31,0.31218014037310554
2025-03-25,area,16,23,0.6792446010462616
2025-03-26,Cityscape,29,43,0.7769556011492026
2025-03-26,Cultural,9,11,0.6730311741732588
2025-03-26,Dining,14,22,0.821246406458544
2025-03-26,Entertainment,83,123,0.8873616913580317
2025-03-26,Hotel,5,9,0.8390020132064819
2025-03-26,Natural,9,12,0.8177315366957041
2025-03-26,Outdoor,1,1,0.9212464690208435
2025-03-26,Religious,6,6,0.7134206766883532
2025-03-26,Shopping,7,8,0.7119991984218359
2025-03-26,Transit,25,29,0.49212123408656694
2025-03-26,area,14,20,0.5859345455653966
2025-03-27,Cityscape,26,35,0.822446126739184
2025-03-27,Cultural,8,12,0.6907116069147984
2025-03-27,Dining,7,8,0.8418639935553074
2025-03-27,Entertainment,90,118,0.8744768349479278
2025-03-27,Hotel,3,3,0.6745814929405848
2025-03-27,Natural,7,8,0.8244519177824259
2025-03-27,Outdoor,1,1,0.9377421736717224
2025-03-27,Religious,5,6,0.8413020471731821
2025-03-27,Shopping,8,8,0.5973710058412204
2025-03-27,Transit,19,26,0.4993116254745147
2025-03-27,area,13,19,0.7176767720710159
2025-03-28,Cityscape,32,46,0.7302071047285438
2025-03-28,Cultural,9,10,0.6562673334777356
2025-03-28,Dining,2,2,0.6678438782691956
2025-03-28,Entertainment,71,109,0.8834579754950369
2025-03-28,Hotel,6,9,0.7858197208907869
2025-03-28,Natural,7,10,0.8104120713693124
2025-03-28,Outdoor,8,9,0.7822781761901246
2025-03-28,Religious,9,15,0.7698845464322303
2025-03-28,Shopping,10,13,0.677705433506232
2025-03-28,Transit,21,30,0.5262730691581965
2025-03-28,area,16,20,0.7363631881773471
2025-03-29,Cityscape,37,62,0.7501995482736533
2025-03-29,Cultural,11,22,0.6395986772847898
2025-03-29,Dining,13,17,0.7838464318774641
2025-03-29,Entertainment,69,96,0.9088676773792246
2025-03-29,Hotel,8,18,0.8886215850710868
2025-03-29,Natural,8,8,0.8605956671138605
2025-03-29,Outdoor,2,2,0.7878062799572945
2025-03-29,Religious,6,18,0.7432273725668589
2025-03-29,Shopping,13,20,0.6516059812158346
2025-03-29,Transit,21,24,0.5687743647642928
2025-03-29,area,22,25,0.6067678835440208
2025-03-30,Cityscape,31,50,0.7342094352701396
2025-03-30,Cultural,17,23,0.6850510594637498
2025-03-30,Dining,7,7,0.8196160069533757
2025-03-30,Entertainment,70,92,0.8576979030003492
2025-03-30,Hotel,7,10,0.7584266225993633
2025-03-30,Natural,8,13,0.8841405377174035
2025-03-30,Outdoor,4,7,0.8378268877665203
2025-03-30,Religious,8,16,0.7350395200774074
2025-03-30,Shopping,3,4,0.6760620549321175
2025-03-30,Transit,16,20,0.5629898504804199
2025-03-30,area,19,24,0.6596979905540744
2025-03-31,Cityscape,29,44,0.8261885233392771
2025-03-31,Cultural,8,14,0.6040372679985705
2025-03-31,Dining,4,4,0.8672740161418915
2025-03-31,Entertainment,74,116,0.9001237285093493
2025-03-31,Hotel,3,4,0.796614482998848
2025-03-31,Natural,15,17,0.8205173256642678
2025-03-31,Religious,8,8,0.6962850168347359
2025-03-31,Shopping,9,9,0.7554290647859926
2025-03-31,Sport,1,1,0.9312186241149902
2025-03-31,Transit,21,25,0.48700286355283523
2025-03-31,area,17,25,0.7259935486245723
2025-04-01,Cityscape,39,58,0.7503560935235628
2025-04-01,Cultural,13,23,0.7417141272537949
2025-04-01,Dining,6,9,0.7117522093984816
2025-04-01,Entertainment,87,126,0.8465490799182827
2025-04-01,Hotel,6,8,0.7156278546899557
2025-04-01,Natural,14,20,0.8328050818449506
2025-04-01,Outdoor,4,7,0.854002231998103
2025-04-01,Religious,10,15,0.763119709967739
2025-04-01,Shopping,12,12,0.5920829474925995
2025-04-01,Transit,22,25,0.45907142611841356
2025-04-01,area,14,15,0.5505010676880677
2025-04-02,Cityscape,30,43,0.6601795032744194
2025-04-02,Cultural,9,10,0.6661212968640029
2025-04-02,Dining,10,12,0.8115340993843145
2025-04-02,Entertainment,71,105,0.8725812161883076
2025-04-02,Hotel,6,10,0.8325888146956762
2025-04-02,Natural,12,17,0.8224904686796899
2025-04-02,Outdoor,2,7,0.8394046340669904
2025-04-02,Religious,9,12,0.6966517868141334
2025-04-02,Shopping,8,10,0.7858787268400192
2025-04-02,Sport,1,1,0.9367708563804626
2025-04-02,Transit,20,20,0.39194950267362094
2025-04-02,area,24,35,0.5943657064360995
2025-04-03,Cityscape,32,51,0.732602117280541
2025-04-03,Cultural,8,14,0.6912795656493732
2025-04-03,Dining,16,24,0.8677593422432741
2025-04-03,Entertainment,80,152,0.8713486161525005
2025-04-03,Hotel,3,3,0.6315308411916097
2025-04-03,Natural,12,13,0.8158616304397583
2025-04-03,Outdoor,2,2,0.8672860860824585
2025-04-03,Religious,12,20,0.6628994726203382
2025-04-03,Shopping,8,9,0.5725356597039435
2025-04-03,Transit,23,29,0.4567217287459152
2025-04-03,area,17,26,0.5790312377831492
2025-04-04,Cityscape,37,57,0.643893663531812
2025-04-04,Cultural,11,12,0.5372953248023987
2025-04-04,Dining,8,10,0.8668192779024443
2025-04-04,Entertainment,79,117,0.8621448056556572
2025-04-04,Hotel,3,8,0.7073526902434727
2025-04-04,Natural,12,17,0.7909550726249376
2025-04-04,Outdoor,2,2,0.5492498502135277
2025-04-04,Religious,20,31,0.7422479990148737
2025-04-04,School,1,1,0.5467356666922569
2025-04-04,Shopping,12,16,0.6354559805186
2025-04-04,Transit,25,28,0.4789832374092103
2025-04-04,area,30,40,0.6600756221417604
2025-04-05,Cityscape,33,45,0.6849599206376643
2025-04-05,Cultural,12,19,0.7248309031128883
2025-04-05,Dining,8,11,0.6611826289162943
2025-04-05,Entertainment,103,144,0.8529465817709674
2025-04-05,Hotel,2,2,0.9007385969161987
2025-04-05,Natural,18,26,0.9054354666135249
2025-04-05,Outdoor,5,6,0.8189084033171335
2025-04-05,Religious,9,13,0.6361563101601906
2025-04-05,Shopping,10,12,0.7484097306927046
2025-04-05,Transit,29,37,0.4571840799582626
2025-04-05,area,35,50,0.6803255771714721
2025-04-06,Cityscape,31,39,0.7559828402108362
2025-04-06,Cultural,7,7,0.575382648301976
2025-04-06,Dining,7,7,0.7668127531097049
2025-04-06,Entertainment,84,111,0.8967228711248864
2025-04-06,Hotel,4,4,0.7637623112027844
2025-04-06,Natural,16,24,0.7924902521073819
2025-04-06,Outdoor,6,6,0.8621749579906464
2025-04-06,Religious,15,23,0.7101646995414859
2025-04-06,Shopping,8,8,0.561178726144135
2025-04-06,Sport,1,1,0.7802495857079824
2025-04-06,Transit,20,25,0.43675370650241774
2025-04-06,area,14,19,0.7187176633910713
2025-04-07,Cityscape,27,32,0.7875244728888252
2025-04-07,Cultural,7,10,0.6228244460498293
2025-04-07,Dining,5,6,0.7436363038917383
2025-04-07,Entertainment,76,97,0.9036525483757313
2025-04-07,Hotel,2,8,0.733488916197703
2025-04-07,Natural,13,14,0.7510325077997179
2025-04-07,Outdoor,5,5,0.7779837131500245
2025-04-07,Religious,11,28,0.689291832360382
2025-04-07,Shopping,5,5,0.6506949536502361
2025-04-07,Sport,1,1,0.7735605736573538
2025-04-07,Transit,20,24,0.4200452201779828
2025-04-07,area,14,18,0.5521694526973147
2025-04-08,Cityscape,18,27,0.6434105370124733
2025-04-08,Cultural,11,20,0.6449144676172485
2025-04-08,Dining,11,14,0.5941912813910416
2025-04-08,Entertainment,84,116,0.8883690617498898
2025-04-08,Hotel,3,3,0.7907769481341044
2025-04-08,Natural,11,15,0.7951442930433485
2025-04-08,Outdoor,2,2,0.9187420308589935
2025-04-08,Religious,9,10,0.8473003327846527
2025-04-08,Shopping,7,10,0.6547936499118805
2025-04-08,Transit,22,26,0.4523638820153279
2025-04-08,area,14,21,0.5732680964357559
2025-04-09,Cityscape,36,54,0.7685280195264904
2025-04-09,Cultural,11,17,0.6386684158123007
2025-04-09,Dining,7,7,0.6917776947929746
2025-04-09,Entertainment,98,155,0.845460806897238
2025-04-09,Hotel,5,5,0.7935081750154496
2025-04-09,Natural,12,17,0.8185497983997942
2025-04-09,Outdoor,3,3,0.7084705432256063
2025-04-09,Religious,17,26,0.7787994289627442
2025-04-09,Shopping,16,22,0.6610477946811554
2025-04-09,Sport,2,4,0.9530106695989767
2025-04-09,Transit,31,38,0.5052505380469574
2025-04-09,area,30,44,0.6474853760150091
2025-04-10,Cityscape,35,46,0.7375888605534598
2025-04-10,Cultural,6,6,0.6513602601157295
2025-04-10,Dining,7,9,0.56386505736521
2025-04-10,Entertainment,74,110,0.8685612906349968
2025-04-10,Hotel,2,2,0.8864313960075378
2025-04-10,Natural,9,12,0.8500188807646434
2025-04-10,Outdoor,3,3,0.822453240553538
2025-04-10,Religious,7,8,0.7518452643416822
2025-04-10,Shopping,3,4,0.43636325746774673
2025-04-10,Sport,1,1,0.9592877626419067
2025-04-10,Transit,25,27,0.5441704660709915
2025-04-10,area,18,33,0.5389511254362084
2025-04-11,Cityscape,25,28,0.7571566324858438
2025-04-11,Cultural,7,8,0.7213538130745292
2025-04-11,Dining,3,7,0.8960308446770623
2025-04-11,Entertainment,64,88,0.8555077176015339
2025-04-11,Hotel,4,8,0.9152358621358871
2025-04-11,Natural,12,14,0.8468250072494682
2025-04-11,Outdoor,4,4,0.8426586575806141
2025-04-11,Religious,9,11,0.7689817872914401
2025-04-11,Shopping,6,7,0.6331847365945578
2025-04-11,Transit,22,22,0.5352634004028922
2025-04-11,area,26,40,0.6615301781243438
2025-04-12,Cityscape,32,44,0.7474147934551266
2025-04-12,Cultural,11,19,0.718848616840612
2025-04-12,Dining,8,9,0.6900309324264526
2025-04-12,Entertainment,82,112,0.861706786333456
2025-04-12,Hotel,4,4,0.46921482759838307
2025-04-12,Natural,20,28,0.8240785019028755
2025-04-12,Outdoor,2,3,0.9229069749514262
2025-04-12,Religious,15,31,0.6789503764481314
2025-04-12,Shopping,13,17,0.7321881283732021
2025-04-12,Transit,29,36,0.46761904185620584
2025-04-12,area,28,39,0.6794631573148708
2025-04-13,Cityscape,25,30,0.7206571011100379
2025-04-13,Cultural,6,8,0.8521468341350555
2025-04-13,Dining,3,5,0.5118497610092163
2025-04-13,Entertainment,74,101,0.8404616309050491
2025-04-13,Hotel,2,2,0.5547407791018486
2025-04-13,Natural,11,14,0.8380115332584532
2025-04-13,Outdoor,4,5,0.8741510558128358
2025-04-13,Religious,5,7,0.8570381303628285
2025-04-13,Shopping,5,6,0.5926668414225181
2025-04-13,Transit,21,22,0.5850289340102763
2025-04-13,area,17,23,0.5970845290905108
2025-04-14,Cityscape,27,36,0.6828060433889429
2025-04-14,Cultural,9,12,0.7900030799210072
2025-04-14,Dining,9,14,0.775691847716059
2025-04-14,Entertainment,70,91,0.8846965152929092
2025-04-14,Hotel,4,4,0.7566816508769989
2025-04-14,Natural,8,11,0.7851982588117772
2025-04-14,Outdoor,3,3,0.5999880135059357
2025-04-14,Religious,9,14,0.7942899600380943
2025-04-14,Shopping,11,11,0.6043474144217643
2025-04-14,Transit,14,15,0.29681509067614875
2025-04-14,area,18,28,0.7022686086320903
2025-04-15,Cityscape,33,47,0.7280556868550414
2025-04-15,Cultural,7,11,0.6422792226076126
2025-04-15,Dining,7,9,0.7467042201509079
2025-04-15,Entertainment,76,106,0.8696074408158423
2025-04-15,Hotel,4,4,0.555224247276783
2025-04-15,Natural,8,14,0.8039957718657595
2025-04-15,Outdoor,2,9,0.7903634690576129
2025-04-15,Religious,10,17,0.6697621713666355
2025-04-15,Shopping,9,10,0.5185747509201367
2025-04-15,Transit,17,21,0.40138104192853447
2025-04-15,area,12,16,0.5005361695408023
2025-04-16,Cityscape,24,31,0.7334881020754936
2025-04-16,Cultural,5,6,0.7341781953970591
2025-04-16,Dining,5,5,0.8383980631828308
2025-04-16,Entertainment,70,96,0.8698459496174857
2025-04-16,Hotel,9,15,0.8225629833009508
2025-04-16,Natural,9,13,0.8350758361510742
2025-04-16,Outdoor,3,4,0.9072330594062805
2025-04-16,Religious,16,27,0.7490953425934286
2025-04-16,Shopping,9,10,0.677752039860934
2025-04-16,Transit,21,23,0.5087673481405321
2025-04-16,area,21,34,0.7187973867517476
2025-04-17,Cityscape,22,30,0.8091478772047493
2025-04-17,Cultural,12,15,0.8128645363781187
2025-04-17,Dining,9,15,0.7927020029889212
2025-04-17,Entertainment,77,98,0.8850950249018954
2025-04-17,Hotel,4,5,0.873768504858017
2025-04-17,Natural,11,15,0.7357869937912458
2025-04-17,Outdoor,3,3,0.6113948095589876
2025-04-17,Religious,9,15,0.8634447710145088
2025-04-17,Shopping,6,9,0.5893137922717465
2025-04-17,Transit,15,17,0.491279081277111
2025-04-17,area,16,25,0.6411534894086128
2025-04-18,Cityscape,30,41,0.7726698389458584
2025-04-18,Cultural,7,8,0.7821150794625282
2025-04-18,Dining,5,5,0.8395893305540085
2025-04-18,Entertainment,84,117,0.8712242264515642
2025-04-18,Hotel,5,6,0.6438762179265419
2025-04-18,Natural,14,18,0.8248507725419821
2025-04-18,Outdoor,4,4,0.8148977607488632
2025-04-18,Religious,10,16,0.7564690289509599
2025-04-18,Shopping,5,5,0.8173910856246949
2025-04-18,Transit,16,16,0.451407372293761
2025-04-18,area,16,18,0.6237052592138449
2025-04-19,Cityscape,26,34,0.7425318614673326
2025-04-19,Cultural,9,11,0.7488961811318542
2025-04-19,Dining,10,15,0.7966595818599065
2025-04-19,Entertainment,78,98,0.8750884113425341
2025-04-19,Hotel,3,3,0.44204181432724
2025-04-19,Natural,13,14,0.8650998008393106
2025-04-19,Outdoor,2,2,0.9306567311286926
2025-04-19,Religious,7,12,0.7233823438485464
2025-04-19,Shopping,11,13,0.6195770161083112
2025-04-19,Transit,18,19,0.5123689303422423
2025-04-19,area,24,33,0.5841089022261176
2025-04-20,Cityscape,31,44,0.8136681285928694
2025-04-20,Cultural,16,20,0.716783890593797
2025-04-20,Dining,10,15,0.8209875133302477
2025-04-20,Entertainment,83,117,0.8444096479992054
2025-04-20,Hotel,11,13,0.7561237847384734
2025-04-20,Natural,15,22,0.8740709621088331
2025-04-20,Outdoor,4,6,0.8133813341458639
2025-04-20,Religious,14,24,0.8153597989843951
2025-04-20,Shopping,5,5,0.6094696454703807
2025-04-20,Transit,20,26,0.5313028128355997
2025-04-20,area,14,24,0.5969137987383127
2025-04-21,Cityscape,29,38,0.8155984477336077
2025-04-21,Cultural,12,17,0.841672483145022
2025-04-21,Dining,8,11,0.8484442830085754
2025-04-21,Entertainment,91,108,0.8778101048429824
2025-04-21,Hotel,4,4,0.743197463452816
2025-04-21,Natural,17,18,0.8521388652726246
2025-04-21,Outdoor,1,1,0.5399357937276363
2025-04-21,Religious,9,12,0.8160883175830046
2025-04-21,Shopping,2,2,0.8751322031021118
2025-04-21,Sport,2,2,0.9390023440122605
2025-04-21,Transit,24,31,0.4502314478058808
2025-04-21,area,18,21,0.5946461393074556
2025-04-22,Cityscape,31,47,0.7280014473342683
2025-04-22,Cultural,6,6,0.5916574848815799
2025-04-22,Dining,8,10,0.6946231013163924
2025-04-22,Entertainment,76,102,0.879398822794513
2025-04-22,Hotel,5,6,0.7626342405047682
2025-04-22,Natural,5,6,0.8335277785857519
2025-04-22,Outdoor,3,3,0.9372714459896088
2025-04-22,Religious,9,12,0.7720413121084372
2025-04-22,Shopping,10,10,0.5619963839650154
2025-04-22,Transit,22,24,0.5338410375905889
2025-04-22,area,15,18,0.5192135725377335
2025-04-23,Cityscape,37,48,0.8228095259724392
2025-04-23,Cultural,9,13,0.6222916635387874
2025-04-23,Dining,8,16,0.788873210704575
2025-04-23,Entertainment,91,117,0.8640429828706216
2025-04-23,Hotel,7,10,0.7991237867623567
2025-04-23,Natural,19,26,0.8141868864878631
2025-04-23,Outdoor,4,4,0.7778972834348679
2025-04-23,Religious,6,9,0.6951531292870641
2025-04-23,Shopping,13,16,0.6992514794692397
2025-04-23,Sport,1,1,0.8736588358879089
2025-04-23,Transit,16,21,0.47817615101202615
2025-04-23,area,21,31,0.6428218313282535
2025-04-24,Cityscape,28,46,0.7363965507515746
2025-04-24,Cultural,7,11,0.6981835868558224
2025-04-24,Dining,7,14,0.7169887551562094
2025-04-24,Entertainment,79,110,0.8648879993845818
2025-04-24,Hotel,7,8,0.8919534897431731
2025-04-24,Natural,18,25,0.8060923712998629
2025-04-24,Outdoor,2,5,0.8071418285369873
2025-04-24,Religious,15,24,0.7268515249921216
2025-04-24,Shopping,6,11,0.6594777878543193
2025-04-24,Transit,20,26,0.5116235648074912
2025-04-24,area,15,26,0.6952377181748549
2025-04-25,Cityscape,31,47,0.7528758874298183
2025-04-25,Cultural,9,13,0.7166119710757182
2025-04-25,Dining,6,7,0.7247596211021855
2025-04-25,Entertainment,80,100,0.8296338294854414
2025-04-25,Hotel,4,4,0.9307482093572617
2025-04-25,Natural,17,24,0.8506256476458577
2025-04-25,Outdoor,4,8,0.7611186567693948
2025-04-25,Religious,10,15,0.7687388535340627
2025-04-25,Shopping,8,9,0.7155835926532745
2025-04-25,Sport,1,1,0.6905531883239746
2025-04-25,Transit,19,24,0.529328922531198
2025-04-25,area,18,20,0.5519310681857978
2025-04-26,Cityscape,28,50,0.7519714294125636
2025-04-26,Cultural,6,14,0.5943870070789542
2025-04-26,Dining,7,8,0.7106524158734828
2025-04-26,Entertainment,88,108,0.8916730593740745
2025-04-26,Hotel,3,3,0.588077982266744
2025-04-26,Natural,13,17,0.7610466819548725
2025-04-26,Outdoor,4,5,0.8980596462885538
2025-04-26,Religious,5,6,0.7792726730306944
2025-04-26,Shopping,4,5,0.8202795028686524
2025-04-26,Sport,1,1,0.9717616438865662
2025-04-26,Transit,19,21,0.5469266054057885
2025-04-26,area,13,21,0.7779466705058876
2025-04-27,Cityscape,33,44,0.7783715416761962
2025-04-27,Cultural,9,9,0.6691745138830609
2025-04-27,Dining,8,13,0.7754217351858432
2025-04-27,Entertainment,81,96,0.8883461234670951
2025-04-27,Hotel,5,11,0.7723222970962524
2025-04-27,Natural,11,12,0.8693130165338516
2025-04-27,Outdoor,1,1,0.9531487822532654
2025-04-27,Religious,4,5,0.7578497409820557
2025-04-27,Shopping,6,8,0.7071973984129727
2025-04-27,Transit,18,20,0.5170013787845771
2025-04-27,area,18,20,0.667697229597067
2025-04-28,Cityscape,43,55,0.7032371454335975
2025-04-28,Cultural,8,9,0.7504048066006767
2025-04-28,Dining,7,10,0.7000419244170188
2025-04-28,Entertainment,90,125,0.8614650829570227
2025-04-28,Hotel,6,7,0.7124694883823395
2025-04-28,Natural,7,7,0.8865329176187515
2025-04-28,Outdoor,3,3,0.6381410857041677
2025-04-28,Religious,12,26,0.6620792664993458
2025-04-28,Shopping,11,11,0.5882449414242398
2025-04-28,Transit,18,19,0.40704231216603987
2025-04-28,area,16,22,0.4768541129185007
2025-04-29,Cityscape,24,33,0.7773941531212945
2025-04-29,Cultural,12,14,0.8096743149264735
2025-04-29,Dining,6,7,0.8299165538379124
2025-04-29,Entertainment,67,100,0.8476030649376343
2025-04-29,Hotel,8,12,0.6981646993094021
2025-04-29,Natural,15,18,0.7482834350731637
2025-04-29,Outdoor,4,4,0.8501692935824394
2025-04-29,Religious,10,11,0.7963085282932628
2025-04-29,Shopping,6,8,0.7076286858258148
2025-04-29,Transit,20,22,0.591897225032949
2025-04-29,area,21,35,0.6864927232581557
2025-04-30,Cityscape,35,45,0.7257072931292282
2025-04-30,Cultural,9,10,0.6612228486686945
2025-04-30,Dining,6,6,0.6584826881686846
2025-04-30,Entertainment,75,100,0.874033643124983
2025-04-30,Hotel,3,4,0.8097861285010973
2025-04-30,Natural,13,18,0.849689221078599
2025-04-30,Outdoor,3,5,0.8950056254863739
2025-04-30,Religious,6,11,0.7685483091256835
2025-04-30,Shopping,8,9,0.6499554645615043
2025-04-30,Transit,17,17,0.4520886226091534
2025-04-30,area,20,34,0.6761718145629753
2025-05-01,Cityscape,24,30,0.7282779190404755
2025-05-01,Cultural,11,12,0.8248195964843035
2025-05-01,Dining,12,16,0.7174238385632634
2025-05-01,Entertainment,72,87,0.8806865223005852
2025-05-01,Hotel,4,4,0.7844426352530718
2025-05-01,Natural,11,13,0.861801782479653
2025-05-01,Outdoor,3,4,0.8639885634183884
2025-05-01,Religious,6,8,0.8133034767233767
2025-05-01,Shopping,8,8,0.7097229858239492
2025-05-01,Transit,15,16,0.5223822466854472
2025-05-01,area,10,18,0.7074403046733804
2025-05-02,Cityscape,22,28,0.7093163377472332
2025-05-02,Cultural,8,11,0.5163688161833719
2025-05-02,Dining,9,13,0.6721294644933481
2025-05-02,Entertainment,88,128,0.8825124681688553
2025-05-02,Hotel,7,10,0.8360964208841324
2025-05-02,Natural,11,14,0.8575323170849255
2025-05-02,Outdoor,2,2,0.940253088871638
2025-05-02,Religious,10,14,0.7053732709693057
2025-05-02,Shopping,4,5,0.5913448333740234
2025-05-02,Transit,12,13,0.3247025890610157
2025-05-02,area,15,18,0.6618910125284283
2025-05-03,Cityscape,31,35,0.7269113763173422
2025-05-03,Cultural,7,7,0.6502444815068017
2025-05-03,Dining,4,5,0.8102504889170328
2025-05-03,Entertainment,56,72,0.8643922544445667
2025-05-03,Hotel,4,4,0.7290248423814774
2025-05-03,Natural,15,20,0.7761109878619512
2025-05-03,Outdoor,3,3,0.8513588706652323
2025-05-03,Religious,6,11,0.7546690187670968
2025-05-03,Shopping,2,2,0.5012626312673092
2025-05-03,Transit,8,9,0.5077387228332184
2025-05-03,area,16,29,0.6421592113373829
2025-05-04,Cityscape,24,33,0.7359355593269522
2025-05-04,Cultural,8,10,0.6535578448325395
2025-05-04,Dining,6,14,0.7936259207068658
2025-05-04,Entertainment,81,117,0.8409978923443131
2025-05-04,Hotel,7,9,0.6500953709085783
2025-05-04,Natural,17,21,0.8721372559040533
2025-05-04,Outdoor,4,5,0.8290050685405731
2025-05-04,Religious,14,21,0.7066901860729097
2025-05-04,Shopping,12,13,0.6177192684262991
2025-05-04,Transit,19,23,0.5690115206483481
2025-05-04,area,21,29,0.5753173509907632
2025-05-05,Cityscape,34,38,0.7947775562604269
2025-05-05,Cultural,15,16,0.7152938582003117
2025-05-05,Dining,14,17,0.760381564278813
2025-05-05,Entertainment,90,128,0.8952497846541495
2025-05-05,Hotel,6,7,0.8349863971982684
2025-05-05,Natural,17,21,0.8457856937195438
2025-05-05,Outdoor,5,6,0.8759940167268118
2025-05-05,Religious,12,25,0.704582595427831
2025-05-05,Shopping,8,10,0.6210110418498516
2025-05-05,Transit,27,29,0.5709727903273207
2025-05-05,area,29,46,0.5318984112472854
2025-05-06,Cityscape,39,50,0.7422091803114328
2025-05-06,Cultural,8,9,0.8234541565179825
2025-05-06,Dining,11,14,0.728882200040278
2025-05-06,Entertainment,92,134,0.8850298307004489
2025-05-06,Hotel,5,6,0.8166918456554413
2025-05-06,Natural,13,13,0.8842606064600822
2025-05-06,Outdoor,6,7,0.9226872537817273
2025-05-06,Religious,15,26,0.7672871540372188
2025-05-06,Shopping,8,10,0.721129509806633
2025-05-06,Transit,25,27,0.5320685962674978
2025-05-06,area,22,30,0.6515294125574267
2025-05-07,Cityscape,39,55,0.7384245728114338
2025-05-07,Cultural,9,11,0.7734643004157327
2025-05-07,Dining,8,10,0.8477363169902847
2025-05-07,Entertainment,91,127,0.8665987322761775
2025-05-07,Hotel,3,7,0.7686160894199496
2025-05-07,Natural,13,16,0.8116191665231738
2025-05-07,Outdoor,6,6,0.8368405439994402
2025-05-07,Religious,10,14,0.7373340497502968
2025-05-07,Shopping,5,5,0.5327116802334786
2025-05-07,Sport,1,1,0.7824985384941101
2025-05-07,Transit,23,24,0.5493570709303539
2025-05-07,area,21,30,0.6010355397847431
2025-05-08,Cityscape,3,8,0.7640900313854218
2025-05-08,Cultural,1,2,0.19489354081451893
2025-05-08,Dining,1,3,0.9346967140833536
2025-05-08,Entertainment,2,3,0.8981570376290215
2025-05-08,Hotel,1,2,0.3398910812102258
2025-05-08,Natural,1,1,0.3295852839946747
2025-05-08,Religious,1,2,0.3855748921632767
2025-05-08,Shopping,1,1,0.7221465706825256
2025-05-08,Transit,2,3,0.2420634927435054
2025-05-08,area,5,18,0.6820118377606074
2025-09-01,Cityscape,14,24,0.8741621151566505
2025-09-01,Cultural,6,7,0.7453137907040465
2025-09-01,Dining,7,10,0.8652763982613882
2025-09-01,Entertainment,45,51,0.8737069572956208
2025-09-01,Hotel,1,1,0.9256210923194885
2025-09-01,Natural,6,7,0.7885760494640895
2025-09-01,Outdoor,2,2,0.8710967600345612
2025-09-01,Religious,3,3,0.8646817008654276
2025-09-01,Shopping,6,6,0.5083962480227152
2025-09-01,Transit,11,11,0.6318696712936498
2025-09-01,area,12,19,0.6258796481018825
2025-09-02,Cityscape,13,21,0.8019559583848431
2025-09-02,Cultural,8,9,0.4920149105198589
2025-09-02,Dining,5,8,0.7836980509882172
2025-09-02,Entertainment,42,53,0.8679249011599269
2025-09-02,Hotel,4,6,0.8601477706597911
2025-09-02,Natural,6,7,0.8135258196941798
2025-09-02,Outdoor,2,3,0.6332355928089884
2025-09-02,Religious,4,8,0.8080356580515703
2025-09-02,Transit,11,15,0.6800448453053832
2025-09-02,area,11,18,0.48589059280343033
2025-09-03,Cityscape,23,29,0.752151832284256
2025-09-03,Cultural,7,8,0.6675690092767278
2025-09-03,Dining,5,10,0.8925152659416199
2025-09-03,Entertainment,59,93,0.8597483272252081
2025-09-03,Hotel,3,10,0.7461008276272979
2025-09-03,Natural,8,14,0.8511036219341415
2025-09-03,Outdoor,1,1,0.9744045734405518
2025-09-03,Religious,5,5,0.6632759999969731
2025-09-03,Shopping,3,5,0.626876312494278
2025-09-03,Transit,10,11,0.4685703071934933
2025-09-03,area,17,21,0.6245339058694386
2025-09-04,Cityscape,17,25,0.8310391375223796
2025-09-04,Cultural,6,8,0.6509906267747283
2025-09-04,Dining,2,2,0.718457967042923
2025-09-04,Entertainment,44,54,0.8953491812388061
2025-09-04,Hotel,2,7,0.6789884042172204
2025-09-04,Natural,4,4,0.9218643605709076
2025-09-04,Outdoor,1,2,0.9052583873271942
2025-09-04,Religious,2,4,0.923142559826374
2025-09-04,Shopping,2,2,0.48040780425071716
2025-09-04,Transit,8,13,0.5934975099487182
2025-09-04,area,8,8,0.6060363161377609
2025-09-05,Cityscape,21,25,0.6612845075776179
2025-09-05,Cultural,6,7,0.7452789630208697
2025-09-05,Dining,3,3,0.9313183724880219
2025-09-05,Entertainment,44,67,0.8692516330593358
2025-09-05,Hotel,7,8,0.866530908892552
2025-09-05,Natural,10,11,0.8836322300361864
2025-09-05,Religious,12,20,0.8730428650606055
2025-09-05,Shopping,7,7,0.5104651759777751
2025-09-05,Transit,16,19,0.5663982646768553
2025-09-05,area,16,20,0.6295179823103051
2025-09-06,Cityscape,18,27,0.7777875259308377
2025-09-06,Cultural,4,4,0.6154940947890282
2025-09-06,Dining,4,6,0.8348389897081586
2025-09-06,Entertainment,63,84,0.8686444000581491
2025-09-06,Hotel,2,3,0.9058232506116232
2025-09-06,Natural,7,7,0.7805250467998641
2025-09-06,Outdoor,2,2,0.8783179819583893
2025-09-06,Religious,4,4,0.8557115097840627
2025-09-06,Shopping,4,5,0.532607439905405
2025-09-06,Transit,11,13,0.5448767446602385
2025-09-06,area,10,11,0.7090578187595714
2025-09-07,Cityscape,27,39,0.7470885678666792
2025-09-07,Cultural,7,8,0.6014370899647474
2025-09-07,Dining,11,14,0.8271503844583521
2025-09-07,Entertainment,75,105,0.8703593674746196
2025-09-07,Hotel,2,2,0.918962299823761
2025-09-07,Natural,8,10,0.7782779953309468
2025-09-07,Outdoor,2,3,0.9160861770311991
2025-09-07,Religious,6,10,0.5883766440674663
2025-09-07,Shopping,7,9,0.5207272197844254
2025-09-07,Transit,20,22,0.44263040593289066
2025-09-07,area,14,23,0.5168810409021335
2025-09-08,Cityscape,24,37,0.7609139431502905
2025-09-08,Cultural,2,2,0.9294281899929047
2025-09-08,Entertainment,55,86,0.8791562243465602
2025-09-08,Hotel,3,4,0.5869245352223516
2025-09-08,Natural,3,3,0.6569444760680199
2025-09-08,Outdoor,4,4,0.898552268743515
2025-09-08,Religious,8,9,0.81473508477211
2025-09-08,Shopping,2,6,0.49443172083960646
2025-09-08,Transit,14,20,0.49013240996216023
2025-09-08,area,14,24,0.59836096313989
2025-09-09,Cityscape,21,29,0.7717661163169495
2025-09-09,Cultural,7,13,0.7325632226151916
2025-09-09,Dining,9,13,0.7753335797813683
2025-09-09,Entertainment,46,62,0.8703890917950843
2025-09-09,Hotel,7,12,0.7964314201639758
2025-09-09,Natural,7,8,0.8913820013403893
2025-09-09,Outdoor,2,3,0.9272753794987997
2025-09-09,Religious,3,6,0.6944823811451594
2025-09-09,Shopping,8,11,0.5652625434326404
2025-09-09,Transit,14,20,0.4718258286546916
2025-09-09,area,13,17,0.482648232769148
2025-09-10,Cityscape,17,26,0.8416610137446896
2025-09-10,Cultural,4,5,0.829666194319725
2025-09-10,Dining,4,5,0.7878078758716583
2025-09-10,Entertainment,39,72,0.9040495693790775
2025-09-10,Hotel,4,9,0.7451949283480643
2025-09-10,Natural,8,8,0.8868627473711967
2025-09-10,Outdoor,2,2,0.7565095126628876
2025-09-10,Religious,4,4,0.7145672217011452
2025-09-10,Shopping,4,5,0.6076744496822357
2025-09-10,Transit,7,9,0.6205483925425344
2025-09-10,area,10,12,0.6722543168347329
2025-09-11,Cityscape,17,21,0.6954222875573333
2025-09-11,Cultural,6,7,0.464894708778177
2025-09-11,Dining,2,2,0.505316874012351
2025-09-11,Entertainment,51,76,0.8629370916143361
2025-09-11,Hotel,5,6,0.6506811045368927
2025-09-11,Natural,10,15,0.7110747989681031
2025-09-11,Outdoor,2,2,0.9060401320457458
2025-09-11,Religious,13,23,0.6557880644484059
2025-09-11,Shopping,6,6,0.42089543243249256
2025-09-11,Transit,17,31,0.43927737711978854
2025-09-11,area,15,17,0.4279497089047058
2025-09-12,Cityscape,18,26,0.7052408720087558
2025-09-12,Cultural,4,6,0.8664682606856028
2025-09-12,Dining,6,7,0.8237120594297137
2025-09-12,Entertainment,65,81,0.8930269487453026
2025-09-12,Hotel,3,5,0.9303642531236014
2025-09-12,Natural,10,11,0.870475098490715
2025-09-12,Outdoor,1,1,0.9395065903663635
2025-09-12,Religious,12,14,0.7725567257120496
2025-09-12,Shopping,4,4,0.3473972752690315
2025-09-12,Transit,9,10,0.625805737885336
2025-09-12,area,20,39,0.7394885637126121
2025-09-13,Cityscape,19,24,0.7772891027335492
2025-09-13,Cultural,6,8,0.7503919798570374
2025-09-13,Dining,4,6,0.8219649973842832
2025-09-13,Entertainment,50,70,0.8848158957521686
2025-09-13,Hotel,2,4,0.9438590854406357
2025-09-13,Natural,6,7,0.6905664307553144
2025-09-13,Outdoor,7,8,0.7615341264754534
2025-09-13,Religious,7,14,0.7339307186858994
2025-09-13,Shopping,5,5,0.6319642710189025
2025-09-13,Transit,13,14,0.5389747425381627
2025-09-13,area,17,23,0.6456580049074863
2025-09-14,Cityscape,24,31,0.7675432934008513
2025-09-14,Cultural,6,6,0.46240777894854546
2025-09-14,Dining,2,5,0.9153292119503021
2025-09-14,Entertainment,46,66,0.8839743495187111
2025-09-14,Hotel,4,13,0.8364179780722683
2025-09-14,Natural,6,6,0.7717799743016561
2025-09-14,Religious,4,6,0.7906528102854887
2025-09-14,Shopping,5,5,0.5847651161253452
2025-09-14,Transit,17,20,0.47122386085490386
2025-09-14,area,8,8,0.6911292115692049
2025-09-15,Cityscape,14,19,0.8811486989521143
2025-09-15,Cultural,9,9,0.7521315440535545
2025-09-15,Dining,3,3,0.9106493592262268
2025-09-15,Entertainment,51,80,0.8765564409512339
2025-09-15,Hotel,6,11,0.7917426479133692
2025-09-15,Natural,7,12,0.8834141558553609
2025-09-15,Outdoor,3,8,0.729257557541132
2025-09-15,Religious,6,7,0.8670802797589984
2025-09-15,Shopping,7,8,0.5732733961194754
2025-09-15,Transit,14,18,0.4902063660701018
2025-09-15,area,13,16,0.6372554126095825
2025-09-16,Cityscape,31,38,0.7571090318883459
2025-09-16,Cultural,3,3,0.7371654709180196
2025-09-16,Dining,3,5,0.6275029391050339
2025-09-16,Entertainment,40,59,0.8307809271137939
2025-09-16,Hotel,4,5,0.7988977437927609
2025-09-16,Natural,4,4,0.8945429027080536
2025-09-16,Outdoor,1,1,0.048808448016643524
2025-09-16,Religious,3,4,0.7964310124516487
2025-09-16,Shopping,6,6,0.7194300852715969
2025-09-16,Transit,17,20,0.5884298714498679
2025-09-16,area,10,20,0.47302751131355764
2025-09-17,Cityscape,14,20,0.7561070172985395
2025-09-17,Cultural,7,12,0.5864964291901776
2025-09-17,Dining,5,6,0.844512882332007
2025-09-17,Entertainment,59,80,0.9086719731461248
2025-09-17,Hotel,6,13,0.7181110168114687
2025-09-17,Natural,4,4,0.8971232399344444
2025-09-17,Outdoor,1,1,0.9591090083122253
2025-09-17,Religious,7,8,0.8392119616979644
2025-09-17,Shopping,5,7,0.5840967280923256
2025-09-17,Transit,7,11,0.6408554227890992
2025-09-17,area,10,15,0.623425118252635
2025-09-18,Cityscape,13,13,0.8686628565829024
2025-09-18,Cultural,4,7,0.7139372489902945
2025-09-18,Dining,1,1,0.16946449875831604
2025-09-18,Entertainment,52,58,0.9045057184093162
2025-09-18,Hotel,4,4,0.8524338603019714
2025-09-18,Natural,7,10,0.8794788652658463
2025-09-18,Outdoor,5,7,0.9027644736426217
2025-09-18,Religious,7,11,0.7121515084396709
2025-09-18,Shopping,2,2,0.5696892278889815
2025-09-18,Transit,10,15,0.48739430485736757
2025-09-18,area,12,19,0.6294333368801235
2025-09-19,Cityscape,23,29,0.8008995283185463
2025-09-19,Cultural,6,7,0.7498297971628961
2025-09-19,Dining,3,3,0.7540227969487509
2025-09-19,Entertainment,54,67,0.904099017834428
2025-09-19,Hotel,3,3,0.6204816607965363
2025-09-19,Natural,5,5,0.8827231973409653
2025-09-19,Outdoor,1,1,0.8675383925437927
2025-09-19,Religious,5,6,0.8465256145785726
2025-09-19,Shopping,7,9,0.8684613704681396
2025-09-19,Transit,14,18,0.48218907652023646
2025-09-19,area,11,11,0.6217386307702824
2025-09-20,Cityscape,21,25,0.7740392750898997
2025-09-20,Cultural,4,4,0.8406186997890472
2025-09-20,Dining,7,7,0.8398257281099047
2025-09-20,Entertainment,57,70,0.9014142461434235
2025-09-20,Hotel,4,7,0.921716967407538
2025-09-20,Natural,5,6,0.7734170307715734
2025-09-20,Outdoor,4,5,0.718228651881218
2025-09-20,Religious,4,6,0.6657841205596924
2025-09-20,Shopping,5,5,0.8627782881259918
2025-09-20,Transit,10,10,0.5885058915242553
2025-09-20,area,13,25,0.6846010330816109
2025-09-21,Cityscape,24,28,0.8183421749444235
2025-09-21,Cultural,8,8,0.7917501032352448
2025-09-21,Dining,4,8,0.9275545221236017
2025-09-21,Entertainment,62,75,0.8684398567226029
2025-09-21,Hotel,5,5,0.8235307037830353
2025-09-21,Natural,5,6,0.8787930458784103
2025-09-21,Outdoor,2,2,0.940779834985733
2025-09-21,Religious,5,7,0.7738630133015769
2025-09-21,Shopping,3,3,0.7773153185844421
2025-09-21,Transit,12,14,0.6443407875559632
2025-09-21,area,13,19,0.6180468077134145
2025-09-22,Cityscape,20,31,0.7733216423501251
2025-09-22,Cultural,5,6,0.6471143557379643
2025-09-22,Dining,5,6,0.7221735823485586
2025-09-22,Entertainment,61,74,0.8761681188379584
2025-09-22,Hotel,3,4,0.5642360593192279
2025-09-22,Natural,4,4,0.8206816634491962
2025-09-22,Religious,4,8,0.7787932315841317
2025-09-22,Shopping,3,3,0.7739979028701782
2025-09-22,Transit,6,10,0.4069058909781632
2025-09-22,area,8,9,0.5729100314072437
2025-09-23,Cityscape,16,17,0.8591048111810403
2025-09-23,Cultural,6,10,0.7371646389365196
2025-09-23,Dining,3,3,0.9306601881980896
2025-09-23,Entertainment,58,73,0.8542466577162257
2025-09-23,Hotel,1,1,0.9598633050918579
2025-09-23,Natural,6,7,0.9280424288340977
2025-09-23,Outdoor,2,2,0.9339103698730469
2025-09-23,Religious,2,2,0.6952806413173676
2025-09-23,Shopping,1,1,0.2777535021305084
2025-09-23,Transit,13,16,0.6165043786866591
2025-09-23,area,11,18,0.5746744205761287
2025-09-24,Cityscape,12,20,0.8363173061981797
2025-09-24,Cultural,4,4,0.5072379531338811
2025-09-24,Dining,5,6,0.8289904395739237
2025-09-24,Entertainment,57,67,0.8677848982948113
2025-09-24,Hotel,6,6,0.43368852922505646
2025-09-24,Natural,1,1,0.9333551287651062
2025-09-24,Religious,3,5,0.6320631583531698
2025-09-24,Shopping,4,5,0.6578430533409119
2025-09-24,Transit,9,9,0.3275180504553848
2025-09-24,area,12,17,0.6037738019983996
2025-09-25,Cityscape,15,20,0.8515129499137402
2025-09-25,Cultural,5,5,0.6911366730928421
2025-09-25,Dining,4,8,0.7979324026964605
2025-09-25,Entertainment,56,84,0.9002890014769
2025-09-25,Hotel,5,7,0.8994598984718323
2025-09-25,Natural,7,8,0.8649480693042279
2025-09-25,Outdoor,1,1,0.20724502205848694
2025-09-25,Religious,5,9,0.7456963674889671
2025-09-25,Shopping,4,5,0.60924541503191
2025-09-25,Transit,13,16,0.48143247693466645
2025-09-25,area,13,14,0.42218565795917334
2025-09-26,Cityscape,16,19,0.8079526514599198
2025-09-26,Cultural,5,8,0.589184636090483
2025-09-26,Dining,4,4,0.8923231288790703
2025-09-26,Entertainment,57,124,0.8720434197804242
2025-09-26,Hotel,2,5,0.5627080038189888
2025-09-26,Natural,6,9,0.8574871510267257
2025-09-26,Outdoor,4,4,0.8634735941886902
2025-09-26,Religious,7,11,0.6423787276514552
2025-09-26,Shopping,7,10,0.5139676680012296
2025-09-26,Transit,9,10,0.38273070061079945
2025-09-26,area,13,17,0.660126848036752
2025-09-27,Cityscape,27,34,0.755931127657566
2025-09-27,Cultural,6,8,0.858332272619009
2025-09-27,Dining,3,3,0.8888839135567347
2025-09-27,Entertainment,72,105,0.8828323921496923
2025-09-27,Hotel,9,11,0.7963791145519777
2025-09-27,Natural,11,17,0.8667369880512649
2025-09-27,Outdoor,1,1,0.8742051720619202
2025-09-27,Religious,14,20,0.7932505963742733
2025-09-27,Shopping,7,8,0.629712377442047
2025-09-27,Transit,20,23,0.4530318868063066
2025-09-27,area,18,23,0.6490542139534069
2025-09-28,Cityscape,20,35,0.7421670991998344
2025-09-28,Cultural,8,9,0.6745297751492925
2025-09-28,Dining,2,4,0.953433021903038
2025-09-28,Entertainment,69,100,0.8557454406051171
2025-09-28,Hotel,6,9,0.883606461794288
2025-09-28,Natural,4,5,0.4240666015073657
2025-09-28,Outdoor,2,2,0.9011818766593933
2025-09-28,Religious,5,9,0.7486748596032461
2025-09-28,Shopping,6,6,0.5484533610546755
2025-09-28,Transit,13,14,0.5535523909121929
2025-09-28,area,14,31,0.6421853449783125
2025-09-29,Cityscape,17,25,0.7360212395686608
2025-09-29,Cultural,5,6,0.7448283691416707
2025-09-29,Dining,4,6,0.8232870482736163
2025-09-29,Entertainment,46,51,0.8883213937962391
2025-09-29,Hotel,1,1,0.47535107533137005
2025-09-29,Natural,5,7,0.9214944115706852
2025-09-29,Outdoor,2,5,0.7284593254327774
2025-09-29,Religious,7,8,0.7464721637984945
2025-09-29,Shopping,2,2,0.27235227450728416
2025-09-29,Transit,16,19,0.5373558879461687
2025-09-29,area,6,6,0.6145134996622801
2025-09-30,Cityscape,17,21,0.7098829585999723
2025-09-30,Cultural,7,8,0.7864682007994916
2025-09-30,Dining,7,14,0.7919569547687259
2025-09-30,Entertainment,62,89,0.8957004557232755
2025-09-30,Hotel,2,3,0.8821967244148254
2025-09-30,Natural,1,1,0.8933310508728027
2025-09-30,Religious,8,11,0.8340172876011241
2025-09-30,Shopping,5,5,0.4215048011392355
2025-09-30,Transit,17,18,0.4977951686898316
2025-09-30,area,13,20,0.719518219207724
2025-10-01,Cityscape,19,22,0.7934204908565057
2025-10-01,Cultural,10,12,0.690219002465407
2025-10-01,Dining,4,4,0.8251850977540016
2025-10-01,Entertainment,57,72,0.8883177817800976
2025-10-01,Hotel,6,7,0.7536097207949275
2025-10-01,Natural,7,9,0.8596096185070496
2025-10-01,Outdoor,4,7,0.7656929637704577
2025-10-01,Religious,6,6,0.8189346070090929
2025-10-01,Transit,14,14,0.6605718129048389
2025-10-01,area,14,21,0.5926172384282663
2025-10-02,Cityscape,14,19,0.8714926861699133
2025-10-02,Cultural,6,7,0.4478830908026014
2025-10-02,Dining,1,1,0.891685426235199
2025-10-02,Entertainment,44,52,0.8969920833025556
2025-10-02,Hotel,4,5,0.7138088564078013
2025-10-02,Natural,4,5,0.83178251683712
2025-10-02,Outdoor,3,3,0.890855746609824
2025-10-02,Religious,2,3,0.6409599781036377
2025-10-02,Shopping,1,1,0.5694600343704224
2025-10-02,Transit,8,10,0.3989628628268838
2025-10-02,area,14,23,0.6711406414864378
2025-10-03,Cityscape,12,17,0.6936297678187782
2025-10-03,Cultural,5,5,0.7327531635761261
2025-10-03,Dining,3,4,0.9223667979240417
2025-10-03,Entertainment,44,58,0.9213961692070284
2025-10-03,Hotel,5,7,0.8110552187476839
2025-10-03,Natural,8,10,0.8949316740036011
2025-10-03,Outdoor,2,2,0.9422183036804199
2025-10-03,Religious,2,7,0.8592232976640973
2025-10-03,Shopping,1,1,0.7960304021835327
2025-10-03,Transit,14,14,0.6763455429602238
2025-10-03,area,12,20,0.6578769364112029
2025-10-04,Cityscape,21,30,0.8365330273244116
2025-10-04,Cultural,6,9,0.878389275736279
2025-10-04,Dining,7,7,0.7801060690766289
2025-10-04,Entertainment,51,71,0.8295594119191687
2025-10-04,Hotel,6,6,0.6625810954719782
2025-10-04,Natural,10,11,0.7968924086202275
2025-10-04,Outdoor,6,7,0.8709155304091317
2025-10-04,Religious,7,12,0.8376801783839861
2025-10-04,Shopping,1,1,0.8243522346019745
2025-10-04,Transit,12,14,0.5225242577581888
2025-10-04,area,16,17,0.6586825472801006
2025-10-05,Cityscape,12,21,0.8078604255403791
2025-10-05,Cultural,4,5,0.8242376783490182
2025-10-05,Dining,4,4,0.6425594836473465
2025-10-05,Entertainment,56,78,0.8471143204649013
2025-10-05,Hotel,5,6,0.7976003738120198
2025-10-05,Natural,8,9,0.8528096889180166
2025-10-05,Outdoor,2,2,0.923832505941391
2025-10-05,Religious,10,15,0.8069461941719055
2025-10-05,Shopping,3,3,0.5661418506254753
2025-10-05,Transit,13,14,0.4761225313413888
2025-10-05,area,8,10,0.6894384902139956
2025-10-06,Cityscape,23,34,0.7859872782274204
2025-10-06,Cultural,8,11,0.7606460323387926
2025-10-06,Dining,1,1,0.8953913450241089
2025-10-06,Entertainment,53,74,0.87277644038203
2025-10-06,Hotel,5,9,0.9260589038884199
2025-10-06,Natural,9,11,0.9152450189445958
2025-10-06,Outdoor,2,3,0.8926379680633545
2025-10-06,Religious,8,10,0.7500382085371277
2025-10-06,Shopping,1,2,0.3359786321719488
2025-10-06,Transit,8,8,0.4479582351632416
2025-10-06,area,9,13,0.647494266449641
2025-10-07,Cityscape,30,42,0.7737721366852167
2025-10-07,Cultural,10,10,0.6838900168736776
2025-10-07,Dining,3,4,0.754421292245388
2025-10-07,Entertainment,64,76,0.845218928363838
2025-10-07,Hotel,2,2,0.49978265911340714
2025-10-07,Natural,10,11,0.6781819107180292
2025-10-07,Outdoor,3,5,0.7390354905277491
2025-10-07,Religious,2,3,0.538819432258606
2025-10-07,Shopping,6,7,0.6344846448018437
2025-10-07,Transit,8,10,0.32423217588414743
2025-10-07,area,15,24,0.4840219448863839
2025-10-08,Cityscape,23,31,0.733273822854283
2025-10-08,Cultural,8,9,0.7482128221364248
2025-10-08,Dining,6,8,0.5895686473813839
2025-10-08,Entertainment,55,68,0.8634804698597066
2025-10-08,Hotel,10,12,0.7060684313376745
2025-10-08,Natural,13,18,0.9002098614418949
2025-10-08,Outdoor,2,4,0.8404727429151535
2025-10-08,Religious,7,10,0.7550314903259278
2025-10-08,Shopping,5,5,0.4202299386262894
2025-10-08,Sport,1,1,0.398076381534338
2025-10-08,Transit,14,14,0.5004352816923832
2025-10-08,area,11,14,0.708117814601532
2025-10-09,Cityscape,24,38,0.8578380638523434
2025-10-09,Cultural,10,10,0.73221200690383
2025-10-09,Dining,3,10,0.9065934578577677
2025-10-09,Entertainment,57,82,0.8745095131364694
2025-10-09,Hotel,6,10,0.6904993032415707
2025-10-09,Natural,9,11,0.8648834743283011
2025-10-09,Outdoor,1,1,0.9374515414237976
2025-10-09,Religious,5,6,0.782471572359403
2025-10-09,Shopping,7,9,0.6315000709146261
2025-10-09,Transit,9,9,0.5623147872587045
2025-10-09,area,11,17,0.6434564847937402
2025-10-10,Cityscape,22,29,0.8753446826989624
2025-10-10,Cultural,7,9,0.597264029637531
2025-10-10,Dining,4,5,0.5863517463207245
2025-10-10,Entertainment,46,69,0.8661548744542822
2025-10-10,Hotel,4,4,0.7607651501893997
2025-10-10,Natural,5,6,0.7835894351204237
2025-10-10,Outdoor,1,1,0.9099068641662598
2025-10-10,Religious,5,8,0.5546915298327804
2025-10-10,Shopping,5,5,0.7710254549980163
2025-10-10,Transit,18,24,0.46706981632806777
2025-10-10,area,11,14,0.6365530300619346
2025-10-11,Cityscape,21,28,0.7838425863800305
2025-10-11,Cultural,12,13,0.7870936445318736
2025-10-11,Dining,3,3,0.6398428711626264
2025-10-11,Entertainment,69,94,0.845356960950057
2025-10-11,Hotel,6,7,0.7647856537784848
2025-10-11,Natural,7,9,0.9176198409663306
2025-10-11,Outdoor,1,1,0.8709205389022827
2025-10-11,Religious,6,12,0.7961289820571741
2025-10-11,Shopping,5,5,0.6739452511072159
2025-10-11,Transit,14,16,0.42723108240558455
2025-10-11,area,14,21,0.7446989452555066
2025-10-12,Cityscape,24,34,0.8196251380433833
2025-10-12,Cultural,3,3,0.7170078158378601
2025-10-12,Dining,6,7,0.8908896318503788
2025-10-12,Entertainment,76,114,0.874351689019078
2025-10-12,Hotel,5,9,0.7580473724686998
2025-10-12,Natural,11,12,0.8939122764600648
2025-10-12,Outdoor,3,5,0.8967270493507385
2025-10-12,Religious,3,7,0.7644337671143668
2025-10-12,Shopping,5,8,0.5970664755441248
2025-10-12,Transit,8,8,0.6836638524662704
2025-10-12,area,16,21,0.7582541774958372
2025-10-13,Cityscape,21,29,0.6632044390455647
2025-10-13,Cultural,6,6,0.7556813541385862
2025-10-13,Dining,5,9,0.8078656734691726
2025-10-13,Entertainment,69,87,0.8845044773684461
2025-10-13,Hotel,3,4,0.7008985675871372
2025-10-13,Natural,6,11,0.8330023180354725
2025-10-13,Outdoor,5,5,0.7792874077955882
2025-10-13,Religious,3,7,0.7403035547052111
2025-10-13,Shopping,9,9,0.7600609309695385
2025-10-13,Sport,1,1,0.5993361473083496
2025-10-13,Transit,15,17,0.46115845765539987
2025-10-13,area,20,41,0.5351814521773005
2025-10-14,Cityscape,2,2,0.7736794948577881
2025-10-14,Cultural,1,1,0.7707536816596985
2025-10-14,Dining,1,1,0.817078709602356
2025-10-14,Entertainment,3,6,0.7751338268319765
2025-10-14,Religious,1,1,0.20102694630622864
2025-10-14,Transit,2,2,0.5318397410213948
2025-10-14,area,1,1,0.444134671241045
