video_date,origin_poi_cate,dest_poi_cate,flow_n
2016-02-28,Natural,area,1
2016-02-28,area,Religious,1
2019-09-25,Cityscape,Entertainment,1
2020-05-04,Cityscape,Cityscape,1
2020-06-05,Cityscape,Outdoor,1
2020-06-05,Outdoor,Cityscape,1
2020-06-05,Outdoor,Outdoor,1
2020-08-14,Entertainment,Cityscape,1
2021-05-26,Cityscape,Shopping,1
2022-01-25,Cityscape,area,1
2022-01-25,Outdoor,Cityscape,1
2022-01-25,area,Outdoor,1
2022-02-20,Cityscape,Cityscape,2
2022-02-20,Cityscape,Cultural,1
2022-02-20,Cultural,area,1
2022-03-25,Cityscape,Entertainment,1
2022-03-25,Dining,Cityscape,1
2022-03-25,Natural,Dining,1
2022-04-01,area,area,1
2022-06-15,Cityscape,area,1
2022-06-15,Entertainment,Cityscape,1
2022-06-15,area,Shopping,1
2022-06-22,Cityscape,Shopping,1
2022-06-22,Cityscape,Transit,2
2022-06-22,Natural,Cityscape,1
2022-06-22,Religious,Natural,1
2022-06-22,Shopping,Cityscape,1
2022-06-22,Transit,area,1
2022-06-22,area,Cityscape,1
2022-06-22,area,Religious,1
2022-07-11,Entertainment,Cityscape,1
2022-07-22,Cultural,Religious,1
2022-07-22,Natural,Cultural,1
2022-07-22,Natural,Outdoor,1
2022-07-22,Natural,Religious,1
2022-07-22,Religious,Natural,2
2022-08-18,Cityscape,Transit,1
2022-08-18,area,Cityscape,1
2022-09-04,Cultural,Entertainment,1
2022-09-04,Entertainment,Cultural,1
2022-09-04,Entertainment,Entertainment,5
2022-09-18,area,area,1
2022-11-09,Cityscape,Natural,1
2022-11-09,Cityscape,Religious,1
2022-11-09,Natural,Natural,1
2022-11-09,Natural,area,1
2022-11-09,Religious,Cityscape,1
2022-11-09,Religious,area,1
2022-11-09,area,Religious,1
2022-11-15,Shopping,Cityscape,1
2022-11-22,Cityscape,Cultural,1
2022-11-22,Cultural,Cultural,1
2022-11-29,Cityscape,Natural,1
2022-11-29,Natural,Cityscape,1
2022-12-04,Cityscape,Transit,1
2022-12-13,Cityscape,Cityscape,2
2022-12-13,Cityscape,Cultural,2
2022-12-13,Cityscape,Hotel,1
2022-12-13,Cityscape,area,1
2022-12-13,Cultural,Cityscape,2
2022-12-13,Cultural,Cultural,2
2022-12-13,Cultural,Shopping,1
2022-12-13,Hotel,Cultural,1
2022-12-13,Shopping,Cultural,1
2022-12-13,area,Cityscape,1
2022-12-14,Cityscape,Entertainment,1
2022-12-14,Dining,area,1
2022-12-14,Entertainment,Dining,1
2022-12-14,area,Natural,1
2022-12-30,Entertainment,Transit,3
2022-12-30,Transit,Entertainment,3
2022-12-30,Transit,Transit,2
2023-01-13,Cityscape,Dining,1
2023-01-13,Dining,Entertainment,1
2023-01-13,area,Dining,1
2023-01-14,Cityscape,Dining,1
2023-01-14,Transit,Cityscape,1
2023-01-15,Cultural,Religious,1
2023-01-15,Entertainment,Entertainment,2
2023-01-15,Religious,Cultural,1
2023-01-15,Transit,School,1
2023-01-15,area,area,1
2023-01-17,Cityscape,Shopping,1
2023-01-17,Entertainment,Transit,1
2023-01-17,Transit,Entertainment,1
2023-01-18,Cityscape,Transit,1
2023-01-18,Entertainment,Transit,1
2023-01-18,Outdoor,Outdoor,2
2023-01-18,Shopping,Entertainment,1
2023-01-18,Shopping,Shopping,1
2023-01-18,Transit,Cityscape,1
2023-01-20,Transit,Cityscape,1
2023-01-22,Dining,Religious,1
2023-01-28,Entertainment,Hotel,1
2023-01-28,Entertainment,area,1
2023-01-28,Hotel,Entertainment,1
2023-01-28,area,Entertainment,1
2023-01-31,Transit,area,1
2023-02-01,Cityscape,Cityscape,1
2023-02-06,area,Cityscape,1
2023-02-07,Entertainment,area,1
2023-02-11,Shopping,area,1
2023-02-13,Entertainment,Entertainment,12
2023-02-13,School,Transit,1
2023-02-13,Transit,area,1
2023-02-13,area,Natural,1
2023-02-14,Cityscape,Hotel,1
2023-02-14,Dining,Hotel,1
2023-02-14,Hotel,Cityscape,1
2023-02-14,Transit,Dining,1
2023-02-15,Cityscape,Cityscape,1
2023-02-15,Cultural,Cityscape,1
2023-02-16,area,Entertainment,1
2023-02-19,Cityscape,Cityscape,3
2023-02-19,Shopping,Cityscape,1
2023-02-19,Transit,Shopping,1
2023-02-21,Entertainment,Natural,1
2023-02-22,Cityscape,Cityscape,2
2023-02-23,Cultural,Religious,1
2023-02-23,Cultural,area,1
2023-02-23,Entertainment,Cultural,1
2023-02-23,Entertainment,area,1
2023-02-23,Religious,area,1
2023-02-23,area,Cultural,1
2023-02-23,area,Entertainment,2
2023-02-23,area,area,1
2023-02-24,Cityscape,Outdoor,1
2023-02-24,Cityscape,Transit,1
2023-02-24,Transit,Natural,1
2023-02-25,Cityscape,Dining,1
2023-02-25,Cityscape,area,1
2023-02-25,Dining,Shopping,1
2023-02-25,Entertainment,Transit,1
2023-02-25,Hotel,Cityscape,1
2023-02-25,Shopping,Cityscape,1
2023-02-25,Shopping,area,1
2023-02-25,Transit,Cityscape,1
2023-02-25,Transit,Transit,3
2023-02-25,Transit,area,1
2023-02-25,area,Cityscape,1
2023-02-25,area,Hotel,1
2023-02-25,area,Shopping,1
2023-02-26,Cityscape,Cityscape,4
2023-02-26,Cityscape,Cultural,1
2023-02-26,Cityscape,Hotel,1
2023-02-26,Cityscape,Shopping,3
2023-02-26,Cityscape,area,1
2023-02-26,Cultural,Cityscape,1
2023-02-26,Entertainment,Cityscape,1
2023-02-26,Entertainment,area,1
2023-02-26,Shopping,Cityscape,2
2023-02-26,Shopping,Dining,1
2023-02-26,area,Cityscape,1
2023-02-26,area,Entertainment,1
2023-02-27,Cityscape,Shopping,1
2023-02-27,Dining,Entertainment,1
2023-02-27,Dining,area,1
2023-02-27,Entertainment,Natural,1
2023-02-27,Entertainment,Transit,1
2023-02-27,Natural,Religious,1
2023-02-27,Religious,area,1
2023-02-27,Shopping,Cityscape,1
2023-02-27,Shopping,Dining,1
2023-02-27,area,Cityscape,2
2023-02-27,area,Dining,1
2023-02-27,area,Entertainment,1
2023-02-27,area,area,3
2023-02-28,Cityscape,Cityscape,1
2023-02-28,Cityscape,Transit,1
2023-02-28,Dining,Cityscape,1
2023-02-28,Entertainment,Transit,1
2023-02-28,Transit,Cityscape,1
2023-03-01,Transit,Cultural,1
2023-03-01,area,Shopping,1
2023-03-03,Cityscape,area,1
2023-03-03,Dining,area,1
2023-03-03,area,Dining,1
2023-03-03,area,area,1
2023-03-04,Cityscape,Natural,1
2023-03-04,Natural,Cityscape,1
2023-03-05,Cityscape,Cultural,1
2023-03-05,Cultural,Outdoor,1
2023-03-05,Entertainment,Entertainment,1
2023-03-05,Entertainment,Shopping,1
2023-03-05,Religious,Cityscape,1
2023-03-05,Religious,Religious,1
2023-03-05,Shopping,Transit,1
2023-03-07,Cityscape,Shopping,1
2023-03-07,Cultural,area,1
2023-03-07,Dining,Dining,1
2023-03-07,Entertainment,Natural,1
2023-03-07,Natural,Cityscape,1
2023-03-07,Natural,Entertainment,1
2023-03-07,Natural,Religious,1
2023-03-07,Natural,Transit,1
2023-03-07,Religious,Cultural,1
2023-03-07,Religious,area,1
2023-03-07,Transit,Natural,1
2023-03-07,area,Cityscape,1
2023-03-07,area,Natural,2
2023-03-07,area,area,1
2023-03-09,Cityscape,Cityscape,1
2023-03-09,Cityscape,Entertainment,1
2023-03-09,Cityscape,area,1
2023-03-09,Entertainment,Transit,2
2023-03-09,Hotel,Transit,1
2023-03-09,Natural,Cityscape,1
2023-03-09,Shopping,Natural,1
2023-03-09,Transit,Cityscape,1
2023-03-09,Transit,Entertainment,2
2023-03-09,Transit,Hotel,1
2023-03-09,area,Transit,1
2023-03-09,area,area,1
2023-03-10,Natural,area,1
2023-03-10,Shopping,area,1
2023-03-10,Transit,Entertainment,1
2023-03-10,area,Transit,1
2023-03-11,Cityscape,Dining,1
2023-03-11,Cityscape,Natural,2
2023-03-11,Cityscape,area,1
2023-03-11,Cultural,Hotel,1
2023-03-11,Cultural,Natural,1
2023-03-11,Dining,Cityscape,1
2023-03-11,Entertainment,Cityscape,1
2023-03-11,Entertainment,Entertainment,1
2023-03-11,Hotel,area,1
2023-03-11,Natural,Cityscape,1
2023-03-11,Natural,Cultural,1
2023-03-11,Natural,Religious,2
2023-03-11,Outdoor,Natural,1
2023-03-11,Religious,Natural,1
2023-03-11,Transit,Cityscape,1
2023-03-11,area,Cityscape,1
2023-03-11,area,Cultural,1
2023-03-12,Cityscape,Cityscape,2
2023-03-12,Natural,Religious,2
2023-03-12,Religious,Natural,1
2023-03-12,Religious,area,1
2023-03-12,area,Religious,1
2023-03-13,Cityscape,Cityscape,1
2023-03-13,Cityscape,Entertainment,4
2023-03-13,Cityscape,Transit,1
2023-03-13,Cityscape,area,1
2023-03-13,Cultural,Entertainment,1
2023-03-13,Entertainment,Cityscape,5
2023-03-13,Entertainment,Cultural,1
2023-03-13,Entertainment,Dining,1
2023-03-13,Entertainment,Entertainment,12
2023-03-13,Entertainment,Natural,1
2023-03-13,Entertainment,Transit,1
2023-03-13,Natural,Entertainment,1
2023-03-13,Transit,Cityscape,1
2023-03-13,Transit,Entertainment,1
2023-03-13,area,Entertainment,2
2023-03-13,area,area,2
2023-03-14,Cityscape,Natural,1
2023-03-14,Shopping,area,1
2023-03-14,Transit,Cityscape,1
2023-03-17,Shopping,Natural,1
2023-03-19,area,Sport,1
2023-03-20,area,Dining,1
2023-03-21,Cityscape,Entertainment,1
2023-03-21,Cultural,Entertainment,1
2023-03-21,Hotel,Cityscape,1
2023-03-21,Hotel,Hotel,3
2023-03-21,Transit,Hotel,1
2023-03-22,Dining,Hotel,1
2023-03-22,Transit,area,1
2023-03-22,area,area,1
2023-03-23,Dining,Dining,1
2023-03-24,Hotel,Hotel,1
2023-03-24,Hotel,area,1
2023-03-24,area,Hotel,1
2023-03-25,Transit,Cityscape,1
2023-03-26,Cityscape,Entertainment,1
2023-03-26,Entertainment,Natural,1
2023-03-26,Natural,Cityscape,1
2023-03-26,Religious,Entertainment,1
2023-03-26,Transit,area,1
2023-03-26,area,Religious,1
2023-03-27,Cultural,Entertainment,1
2023-03-27,Dining,Dining,2
2023-03-27,Entertainment,Cultural,1
2023-03-28,Dining,Transit,1
2023-03-28,Dining,area,2
2023-03-28,Transit,Dining,1
2023-03-28,area,Cultural,1
2023-03-28,area,Dining,1
2023-03-28,area,area,1
2023-03-30,Cityscape,Transit,2
2023-03-30,Hotel,Dining,1
2023-03-30,Transit,Cityscape,2
2023-03-30,Transit,Hotel,1
2023-03-31,Cityscape,Cityscape,1
2023-03-31,Cityscape,Entertainment,1
2023-03-31,Religious,Religious,1
2023-03-31,Religious,area,1
2023-03-31,area,Religious,1
2023-04-01,Shopping,Religious,1
2023-04-02,Cityscape,Cityscape,2
2023-04-02,Cityscape,Cultural,2
2023-04-02,Cityscape,Entertainment,1
2023-04-02,Cityscape,Hotel,1
2023-04-02,Cityscape,Shopping,2
2023-04-02,Cityscape,Transit,1
2023-04-02,Cultural,Cityscape,1
2023-04-02,Cultural,Dining,1
2023-04-02,Cultural,Hotel,1
2023-04-02,Cultural,Natural,1
2023-04-02,Cultural,Shopping,2
2023-04-02,Dining,Cityscape,3
2023-04-02,Dining,Cultural,3
2023-04-02,Dining,Dining,6
2023-04-02,Dining,area,1
2023-04-02,Hotel,Dining,3
2023-04-02,Natural,Religious,1
2023-04-02,Religious,Religious,1
2023-04-02,Religious,area,1
2023-04-02,Shopping,Cityscape,1
2023-04-02,Shopping,Dining,2
2023-04-02,Transit,Cityscape,1
2023-04-02,Transit,Cultural,1
2023-04-02,Transit,Hotel,1
2023-04-02,area,Cityscape,1
2023-04-02,area,Dining,1
2023-04-02,area,area,2
2023-04-03,Cityscape,Dining,1
2023-04-04,Dining,Dining,1
2023-04-04,Dining,Entertainment,1
2023-04-04,Entertainment,Transit,1
2023-04-04,Transit,Dining,1
2023-04-05,Cityscape,Cityscape,1
2023-04-05,Hotel,Cityscape,1
2023-04-05,Transit,Hotel,1
2023-04-06,Cityscape,area,1
2023-04-06,Natural,Hotel,1
2023-04-06,Transit,Cityscape,1
2023-04-06,area,Natural,1
2023-04-08,Transit,Transit,2
2023-04-08,Transit,area,1
2023-04-09,Entertainment,Cityscape,1
2023-04-10,Cultural,Cultural,1
2023-04-10,Cultural,Dining,1
2023-04-10,Cultural,Entertainment,1
2023-04-10,Cultural,Hotel,1
2023-04-10,Cultural,area,1
2023-04-10,Dining,Shopping,1
2023-04-10,Entertainment,Cultural,2
2023-04-10,Entertainment,Entertainment,1
2023-04-10,Entertainment,Natural,3
2023-04-10,Hotel,area,1
2023-04-10,Natural,Entertainment,1
2023-04-10,Natural,Natural,2
2023-04-10,Natural,Religious,1
2023-04-10,Natural,Shopping,1
2023-04-10,Religious,Cultural,1
2023-04-10,Religious,Dining,1
2023-04-10,Shopping,Religious,1
2023-04-10,Transit,Cultural,1
2023-04-10,Transit,Transit,1
2023-04-10,area,Entertainment,1
2023-04-10,area,Natural,1
2023-04-11,Dining,Entertainment,2
2023-04-11,Entertainment,Religious,1
2023-04-11,Entertainment,area,1
2023-04-11,Religious,Shopping,1
2023-04-11,Shopping,Shopping,1
2023-04-11,area,Dining,1
2023-04-12,Cityscape,Cityscape,1
2023-04-12,Cityscape,Religious,2
2023-04-12,Entertainment,Cityscape,1
2023-04-12,Shopping,Cityscape,1
2023-04-13,Entertainment,Cityscape,1
2023-04-13,Entertainment,Entertainment,1
2023-04-13,Transit,Entertainment,1
2023-04-16,Cityscape,Shopping,1
2023-04-16,Natural,area,1
2023-04-16,Outdoor,Natural,1
2023-04-16,Shopping,Outdoor,1
2023-04-16,Shopping,Transit,1
2023-04-16,area,Cityscape,1
2023-04-16,area,Natural,1
2023-04-16,area,Shopping,1
2023-04-17,Cityscape,Entertainment,1
2023-04-17,Entertainment,Cityscape,1
2023-04-17,Entertainment,Entertainment,1
2023-04-17,Shopping,Entertainment,1
2023-04-19,Shopping,Shopping,1
2023-04-20,Cityscape,Dining,1
2023-04-20,Dining,Dining,1
2023-04-21,Cultural,Shopping,1
2023-04-21,Shopping,Cultural,1
2023-04-22,Cityscape,Entertainment,1
2023-04-22,Cityscape,Natural,1
2023-04-22,Cultural,Dining,1
2023-04-22,Dining,Cityscape,1
2023-04-22,Dining,area,1
2023-04-22,Entertainment,Cityscape,2
2023-04-22,Entertainment,Cultural,1
2023-04-22,Entertainment,Entertainment,3
2023-04-22,Natural,Entertainment,1
2023-04-22,Shopping,Transit,1
2023-04-22,Transit,Dining,1
2023-04-22,area,Shopping,1
2023-04-23,Cityscape,Cityscape,1
2023-04-23,Cityscape,area,2
2023-04-23,Transit,area,1
2023-04-23,area,Cityscape,1
2023-04-23,area,Entertainment,1
2023-04-24,Dining,Dining,1
2023-04-26,Entertainment,Cultural,1
2023-04-27,Natural,Natural,1
2023-04-27,Natural,Outdoor,1
2023-04-27,Outdoor,Outdoor,1
2023-04-27,Outdoor,Transit,1
2023-04-27,Transit,Natural,1
2023-04-29,Cityscape,Entertainment,2
2023-04-29,Entertainment,Cityscape,1
2023-04-29,Entertainment,Natural,1
2023-04-29,Entertainment,area,1
2023-04-29,Natural,Entertainment,1
2023-04-29,Natural,Religious,1
2023-04-29,Natural,area,1
2023-04-29,Religious,Cityscape,1
2023-04-29,area,Natural,1
2023-04-30,Cityscape,Dining,2
2023-04-30,Dining,Dining,1
2023-04-30,Dining,area,1
2023-04-30,Entertainment,Cityscape,1
2023-04-30,area,Cityscape,1
2023-05-01,Cityscape,area,1
2023-05-01,Dining,Dining,2
2023-05-01,Dining,area,1
2023-05-01,Entertainment,Entertainment,4
2023-05-01,Natural,Outdoor,1
2023-05-01,Outdoor,Outdoor,1
2023-05-01,Shopping,area,1
2023-05-01,area,Cityscape,1
2023-05-01,area,Dining,1
2023-05-01,area,Shopping,1
2023-05-02,Cityscape,Outdoor,1
2023-05-02,Dining,Religious,1
2023-05-02,Entertainment,Natural,1
2023-05-02,Entertainment,Transit,1
2023-05-02,Natural,Entertainment,1
2023-05-02,Outdoor,Cityscape,1
2023-05-02,Outdoor,Outdoor,1
2023-05-02,Religious,Natural,1
2023-05-02,Transit,Dining,1
2023-05-02,Transit,Entertainment,1
2023-05-03,Cityscape,Cultural,1
2023-05-03,Cityscape,Shopping,1
2023-05-03,Cityscape,Transit,1
2023-05-03,Cultural,Cityscape,1
2023-05-03,Dining,Cityscape,1
2023-05-03,Entertainment,Natural,1
2023-05-03,Entertainment,Transit,2
2023-05-03,Transit,Cityscape,1
2023-05-03,Transit,Entertainment,1
2023-05-03,area,Dining,1
2023-05-04,Entertainment,Hotel,1
2023-05-05,Cityscape,Cultural,1
2023-05-05,Cityscape,Religious,1
2023-05-05,Cultural,area,1
2023-05-05,Entertainment,Cityscape,1
2023-05-05,area,Cityscape,1
2023-05-06,Shopping,Transit,1
2023-05-06,area,Dining,1
2023-05-07,Entertainment,Entertainment,5
2023-05-07,Entertainment,Shopping,1
2023-05-07,Shopping,Entertainment,1
2023-05-08,Cultural,Cityscape,1
2023-05-08,Cultural,Entertainment,1
2023-05-08,Entertainment,Cultural,2
2023-05-09,Dining,Shopping,1
2023-05-09,Shopping,Dining,1
2023-05-10,Hotel,Shopping,1
2023-05-10,Natural,Hotel,1
2023-05-10,Religious,Natural,1
2023-05-10,Religious,Shopping,1
2023-05-10,Shopping,Transit,1
2023-05-10,Shopping,area,2
2023-05-10,area,Natural,1
2023-05-11,Cityscape,Entertainment,1
2023-05-11,Entertainment,Cityscape,1
2023-05-11,Hotel,Transit,1
2023-05-11,Transit,Cityscape,1
2023-05-11,Transit,area,1
2023-05-12,Cityscape,Cityscape,3
2023-05-12,Cityscape,Entertainment,1
2023-05-12,Entertainment,area,1
2023-05-14,Religious,Religious,1
2023-05-14,Religious,area,1
2023-05-14,Transit,Religious,1
2023-05-14,Transit,area,1
2023-05-14,area,Transit,1
2023-05-15,Cityscape,Cityscape,1
2023-05-15,Cultural,Natural,1
2023-05-15,Entertainment,Hotel,1
2023-05-15,Hotel,Entertainment,1
2023-05-15,Natural,Religious,2
2023-05-15,Religious,Natural,1
2023-05-15,Religious,Outdoor,1
2023-05-15,Transit,area,1
2023-05-18,Hotel,Hotel,1
2023-05-18,Hotel,Transit,2
2023-05-18,Transit,Cityscape,1
2023-05-18,Transit,Hotel,1
2023-05-18,Transit,Transit,1
2023-05-18,area,Hotel,1
2023-05-19,Cityscape,Entertainment,1
2023-05-19,Entertainment,Entertainment,1
2023-05-19,Entertainment,Religious,1
2023-05-19,Religious,Entertainment,1
2023-05-19,Transit,Cityscape,1
2023-05-20,Cultural,Transit,1
2023-05-20,Entertainment,Entertainment,2
2023-05-20,Shopping,area,1
2023-05-20,area,Cultural,1
2023-05-21,Cityscape,Cultural,1
2023-05-21,Cityscape,Natural,1
2023-05-21,Cityscape,area,1
2023-05-21,Cultural,area,1
2023-05-21,Hotel,area,1
2023-05-21,Natural,area,1
2023-05-21,Shopping,Cityscape,1
2023-05-21,Shopping,Hotel,1
2023-05-21,Shopping,Natural,1
2023-05-21,area,Cityscape,2
2023-05-21,area,Shopping,3
2023-05-21,area,area,1
2023-05-22,Cityscape,Hotel,1
2023-05-22,Dining,Dining,3
2023-05-22,Dining,Shopping,1
2023-05-22,Shopping,Cityscape,1
2023-05-22,Shopping,Shopping,2
2023-05-23,Cultural,Entertainment,1
2023-05-23,Entertainment,Shopping,2
2023-05-23,Hotel,area,1
2023-05-23,Shopping,Cultural,1
2023-05-23,Shopping,Shopping,1
2023-05-23,Shopping,Transit,1
2023-05-23,Transit,area,1
2023-05-23,area,Hotel,1
2023-05-23,area,Shopping,1
2023-05-24,Cityscape,Cityscape,1
2023-05-24,Cityscape,Dining,1
2023-05-24,Cityscape,Entertainment,1
2023-05-24,Cityscape,Hotel,1
2023-05-24,Cityscape,Shopping,1
2023-05-24,Cityscape,Transit,1
2023-05-24,Cultural,area,1
2023-05-24,Dining,Cityscape,1
2023-05-24,Dining,Dining,3
2023-05-24,Entertainment,Cityscape,1
2023-05-24,Hotel,Cityscape,1
2023-05-24,Hotel,Dining,1
2023-05-24,Natural,area,1
2023-05-24,Shopping,Transit,1
2023-05-24,Transit,Cultural,1
2023-05-24,area,Cityscape,2
2023-05-28,Entertainment,Dining,1
2023-05-29,Cityscape,Religious,1
2023-05-30,Cityscape,Entertainment,1
2023-05-30,Cultural,Cultural,1
2023-05-30,Dining,Cityscape,1
2023-05-30,Entertainment,Cultural,1
2023-05-30,Transit,Dining,1
2023-05-31,Cityscape,Cityscape,1
2023-05-31,Cityscape,Dining,1
2023-05-31,Dining,area,1
2023-05-31,Transit,Cityscape,1
2023-05-31,area,Cultural,1
2023-06-01,Cityscape,Cultural,1
2023-06-01,Cultural,Religious,1
2023-06-01,Natural,Outdoor,1
2023-06-01,Outdoor,Outdoor,1
2023-06-01,Religious,Natural,1
2023-06-01,area,Cityscape,2
2023-06-03,Cityscape,Cityscape,6
2023-06-03,Dining,Natural,1
2023-06-03,area,Dining,1
2023-06-04,Cityscape,Entertainment,1
2023-06-04,Dining,Dining,2
2023-06-04,Dining,Shopping,1
2023-06-04,Natural,Cityscape,1
2023-06-04,area,Natural,1
2023-06-05,Cityscape,Transit,2
2023-06-05,Hotel,area,1
2023-06-05,Natural,area,1
2023-06-05,Transit,Cityscape,1
2023-06-05,Transit,Hotel,1
2023-06-05,Transit,Transit,3
2023-06-05,area,Cityscape,1
2023-06-05,area,Transit,1
2023-06-05,area,area,1
2023-06-06,Cityscape,Shopping,1
2023-06-06,Cityscape,Transit,1
2023-06-06,Entertainment,Cityscape,1
2023-06-06,Entertainment,Shopping,1
2023-06-06,Shopping,Cityscape,1
2023-06-06,Shopping,Entertainment,1
2023-06-07,Cityscape,Entertainment,1
2023-06-07,Cultural,Cultural,1
2023-06-07,Entertainment,Cityscape,1
2023-06-07,Entertainment,Transit,1
2023-06-07,Natural,Entertainment,1
2023-06-09,Dining,Dining,1
2023-06-10,Cityscape,area,1
2023-06-10,Entertainment,Entertainment,2
2023-06-10,Transit,Cityscape,1
2023-06-10,area,Entertainment,1
2023-06-11,Cityscape,Cityscape,3
2023-06-11,Cityscape,Transit,1
2023-06-11,Dining,Dining,1
2023-06-11,Dining,Shopping,1
2023-06-11,Dining,area,1
2023-06-11,Religious,Dining,1
2023-06-11,Shopping,Shopping,1
2023-06-11,Shopping,area,1
2023-06-11,Transit,Shopping,1
2023-06-11,Transit,Transit,2
2023-06-11,area,Cityscape,1
2023-06-11,area,Transit,1
2023-06-11,area,area,1
2023-06-14,Cityscape,Dining,1
2023-06-14,Dining,Transit,1
2023-06-14,Entertainment,Entertainment,4
2023-06-14,Natural,Cityscape,1
2023-06-14,Shopping,Natural,1
2023-06-14,Transit,Entertainment,1
2023-06-14,Transit,Shopping,1
2023-06-15,Shopping,Shopping,4
2023-06-15,area,Shopping,1
2023-06-17,Cityscape,Shopping,1
2023-06-17,Shopping,Entertainment,1
2023-06-17,Transit,Cityscape,1
2023-06-19,Cityscape,Cityscape,2
2023-06-19,Cityscape,Shopping,1
2023-06-19,Shopping,Cityscape,1
2023-06-20,Transit,Cityscape,1
2023-06-20,Transit,Transit,1
2023-06-20,area,area,3
2023-06-21,Cityscape,Entertainment,1
2023-06-21,Entertainment,Entertainment,2
2023-06-21,Entertainment,Religious,1
2023-06-21,Religious,Cityscape,1
2023-06-21,area,Entertainment,1
2023-06-22,Hotel,area,1
2023-06-22,Transit,Entertainment,1
2023-06-23,Cityscape,Entertainment,1
2023-06-23,Dining,area,1
2023-06-23,Entertainment,Entertainment,3
2023-06-23,Entertainment,Transit,1
2023-06-23,Transit,Dining,1
2023-06-23,Transit,Transit,1
2023-06-23,area,Cityscape,1
2023-06-25,Cityscape,Cultural,1
2023-06-25,Cityscape,Entertainment,2
2023-06-25,Cultural,Transit,1
2023-06-25,Entertainment,Cityscape,1
2023-06-25,Transit,area,1
2023-06-25,area,Cityscape,1
2023-06-27,Cityscape,Cityscape,1
2023-06-27,Cityscape,Entertainment,2
2023-06-27,Cityscape,Shopping,1
2023-06-27,Entertainment,Cityscape,2
2023-06-27,Hotel,Shopping,1
2023-06-27,Natural,area,1
2023-06-27,area,Cityscape,1
2023-06-27,area,area,1
2023-06-29,Cityscape,Cityscape,1
2023-07-02,Entertainment,Religious,1
2023-07-02,Natural,Outdoor,1
2023-07-02,Natural,area,1
2023-07-02,Outdoor,Religious,1
2023-07-02,Religious,Religious,1
2023-07-02,Religious,area,3
2023-07-02,area,Entertainment,1
2023-07-02,area,Natural,1
2023-07-02,area,Religious,1
2023-07-02,area,Transit,1
2023-07-03,Dining,Shopping,1
2023-07-03,Entertainment,Entertainment,2
2023-07-03,Shopping,Dining,1
2023-07-04,Cityscape,Entertainment,1
2023-07-04,Entertainment,Cityscape,1
2023-07-04,Entertainment,Entertainment,6
2023-07-05,Natural,area,1
2023-07-05,area,Natural,1
2023-07-05,area,area,1
2023-07-06,Cityscape,Cityscape,1
2023-07-06,Cityscape,Cultural,1
2023-07-06,Cityscape,Entertainment,1
2023-07-06,Cityscape,Hotel,1
2023-07-06,Cultural,Cityscape,1
2023-07-06,Cultural,Religious,1
2023-07-06,Entertainment,Cultural,1
2023-07-06,Entertainment,Entertainment,2
2023-07-06,Entertainment,Transit,1
2023-07-06,Hotel,Cityscape,1
2023-07-06,Religious,Shopping,1
2023-07-06,Shopping,Entertainment,1
2023-07-07,Hotel,Dining,1
2023-07-08,Cultural,Entertainment,1
2023-07-08,Entertainment,Cultural,1
2023-07-08,Transit,Transit,1
2023-07-08,area,area,1
2023-07-09,Transit,Entertainment,1
2023-07-09,Transit,Hotel,1
2023-07-10,Dining,Cityscape,1
2023-07-10,Dining,Dining,1
2023-07-10,Transit,Entertainment,1
2023-07-11,Entertainment,Religious,1
2023-07-11,Natural,Entertainment,1
2023-07-11,Religious,Natural,1
2023-07-11,Shopping,area,1
2023-07-11,area,Cityscape,1
2023-07-11,area,Shopping,1
2023-07-12,Transit,Transit,1
2023-07-13,Cultural,Natural,1
2023-07-13,Entertainment,Cultural,1
2023-07-13,Entertainment,Transit,1
2023-07-13,Transit,Entertainment,1
2023-07-14,Entertainment,Shopping,1
2023-07-14,Shopping,Transit,1
2023-07-14,Transit,Entertainment,2
2023-07-15,Cityscape,Cityscape,1
2023-07-15,Cityscape,Shopping,1
2023-07-15,Cultural,Dining,1
2023-07-15,Dining,Dining,2
2023-07-15,Dining,Entertainment,1
2023-07-15,Dining,Transit,1
2023-07-15,Dining,area,2
2023-07-15,Entertainment,Cityscape,1
2023-07-15,Hotel,Dining,1
2023-07-15,Shopping,Shopping,1
2023-07-15,Shopping,area,1
2023-07-15,Transit,Dining,1
2023-07-15,area,Cityscape,1
2023-07-15,area,Cultural,1
2023-07-15,area,Hotel,1
2023-07-15,area,area,2
2023-07-16,Cityscape,Cultural,1
2023-07-17,Entertainment,Transit,1
2023-07-17,Transit,Entertainment,1
2023-07-17,Transit,Natural,1
2023-07-17,Transit,Transit,2
2023-07-18,Natural,Cultural,1
2023-07-18,area,Natural,1
2023-07-19,area,Entertainment,1
2023-07-20,Entertainment,Entertainment,1
2023-07-20,Entertainment,Religious,1
2023-07-20,Transit,area,1
2023-07-20,area,Entertainment,1
2023-07-20,area,area,1
2023-07-21,Cityscape,Entertainment,1
2023-07-21,Cityscape,Natural,1
2023-07-21,Dining,Dining,1
2023-07-21,Entertainment,Cityscape,1
2023-07-21,Natural,Shopping,1
2023-07-21,area,Dining,1
2023-07-22,Cityscape,area,1
2023-07-22,area,Cityscape,1
2023-07-23,Cityscape,Cityscape,1
2023-07-23,Cityscape,Entertainment,1
2023-07-23,Cityscape,Hotel,1
2023-07-23,Dining,area,1
2023-07-23,Entertainment,Hotel,1
2023-07-23,Hotel,Dining,1
2023-07-23,Hotel,Natural,1
2023-07-23,area,Cultural,1
2023-07-24,Cityscape,Shopping,1
2023-07-24,Cityscape,area,1
2023-07-24,Cultural,Religious,1
2023-07-24,Natural,Cityscape,1
2023-07-24,Religious,Natural,1
2023-07-24,Religious,Religious,1
2023-07-24,Shopping,Hotel,1
2023-07-24,Transit,Entertainment,1
2023-07-24,area,Cultural,1
2023-07-25,Entertainment,Transit,1
2023-07-25,area,Transit,1
2023-07-27,Entertainment,Hotel,5
2023-07-27,Hotel,Dining,1
2023-07-27,Hotel,Entertainment,6
2023-07-27,Transit,area,1
2023-07-27,area,Hotel,1
2023-07-28,Cityscape,Entertainment,1
2023-07-28,Cityscape,area,1
2023-07-28,Entertainment,Cityscape,1
2023-07-28,Entertainment,Natural,1
2023-07-28,area,Cityscape,1
2023-07-28,area,area,2
2023-07-29,Entertainment,Transit,2
2023-07-29,Transit,Entertainment,1
2023-07-30,Entertainment,area,1
2023-07-30,area,Cityscape,1
2023-07-31,Cityscape,Cityscape,1
2023-07-31,Cityscape,Entertainment,1
2023-07-31,Cultural,Entertainment,1
2023-07-31,Entertainment,Cityscape,2
2023-07-31,Entertainment,Cultural,1
2023-07-31,Entertainment,Entertainment,3
2023-07-31,Natural,Outdoor,1
2023-07-31,Outdoor,Entertainment,1
2023-08-01,Cityscape,Entertainment,2
2023-08-01,Entertainment,Cityscape,1
2023-08-03,Cultural,Cityscape,1
2023-08-03,Dining,Cultural,1
2023-08-03,Entertainment,Entertainment,1
2023-08-03,Entertainment,Natural,1
2023-08-03,Natural,Religious,1
2023-08-03,area,Dining,1
2023-08-04,Cityscape,Cityscape,2
2023-08-04,Cityscape,Religious,1
2023-08-04,Cultural,Cityscape,1
2023-08-04,Religious,Cityscape,1
2023-08-04,Transit,Cityscape,1
2023-08-05,Cultural,area,1
2023-08-05,Transit,Entertainment,1
2023-08-05,Transit,area,1
2023-08-05,area,area,1
2023-08-06,Hotel,Hotel,2
2023-08-06,Natural,area,1
2023-08-06,Transit,area,1
2023-08-06,area,Natural,1
2023-08-07,Cultural,Natural,1
2023-08-07,Entertainment,Natural,1
2023-08-07,Natural,Cultural,1
2023-08-07,Shopping,Transit,1
2023-08-08,Cityscape,Dining,1
2023-08-08,Cultural,Religious,2
2023-08-08,Dining,Cityscape,1
2023-08-08,Dining,Hotel,1
2023-08-08,Hotel,area,1
2023-08-08,Natural,Religious,1
2023-08-08,Religious,Natural,1
2023-08-08,Religious,area,1
2023-08-09,Cityscape,Entertainment,2
2023-08-09,Cityscape,Shopping,1
2023-08-09,Cultural,Cityscape,2
2023-08-09,Cultural,Cultural,1
2023-08-09,Cultural,Natural,1
2023-08-09,Entertainment,Cultural,2
2023-08-09,Entertainment,Entertainment,2
2023-08-09,Entertainment,Natural,1
2023-08-09,Entertainment,Religious,1
2023-08-09,Natural,Cultural,1
2023-08-09,Natural,Religious,1
2023-08-09,Religious,Entertainment,1
2023-08-09,Religious,Religious,1
2023-08-09,Shopping,Cityscape,2
2023-08-10,area,area,1
2023-08-12,Transit,Entertainment,1
2023-08-12,Transit,Transit,1
2023-08-13,Cityscape,Cityscape,1
2023-08-13,Cityscape,area,1
2023-08-13,Entertainment,Outdoor,1
2023-08-13,Natural,area,1
2023-08-13,Outdoor,Natural,1
2023-08-13,Transit,Entertainment,1
2023-08-13,area,Cityscape,1
2023-08-14,Natural,area,1
2023-08-14,area,Cityscape,1
2023-08-14,area,area,1
2023-08-15,Cityscape,Entertainment,1
2023-08-15,Transit,Shopping,1
2023-08-16,Religious,area,1
2023-08-16,area,Religious,1
2023-08-17,Cityscape,Transit,1
2023-08-17,Cultural,Entertainment,1
2023-08-17,Entertainment,Cultural,1
2023-08-17,Entertainment,Natural,1
2023-08-17,Entertainment,Religious,1
2023-08-17,Natural,area,1
2023-08-17,Religious,Entertainment,1
2023-08-17,Transit,Cityscape,1
2023-08-17,area,Cityscape,1
2023-08-17,area,area,1
2023-08-18,Cultural,Cultural,1
2023-08-18,Cultural,Religious,1
2023-08-18,Cultural,area,1
2023-08-18,Dining,Dining,1
2023-08-18,Natural,Cultural,1
2023-08-18,Natural,Shopping,1
2023-08-18,Religious,Natural,1
2023-08-18,area,Entertainment,1
2023-08-18,area,area,3
2023-08-19,Dining,Shopping,1
2023-08-19,Hotel,Entertainment,1
2023-08-19,area,Dining,1
2023-08-21,Cultural,Religious,1
2023-08-21,Entertainment,Cultural,1
2023-08-21,area,area,1
2023-08-22,Shopping,Cultural,1
2023-08-22,Transit,Entertainment,1
2023-08-23,Cityscape,Cityscape,2
2023-08-23,Cityscape,Entertainment,1
2023-08-23,Cityscape,area,1
2023-08-23,Entertainment,Cityscape,1
2023-08-23,Entertainment,Entertainment,1
2023-08-23,Transit,Entertainment,1
2023-08-24,Cityscape,Dining,1
2023-08-24,Dining,Cityscape,1
2023-08-24,Transit,area,1
2023-08-24,area,Cityscape,1
2023-08-25,Cityscape,Cityscape,4
2023-08-25,Cityscape,School,1
2023-08-25,Cityscape,Transit,1
2023-08-25,Cityscape,area,3
2023-08-25,School,Cityscape,1
2023-08-25,Transit,area,1
2023-08-25,area,Cityscape,4
2023-08-26,Entertainment,Transit,1
2023-08-26,Transit,Cityscape,1
2023-08-26,Transit,area,1
2023-08-26,area,Hotel,1
2023-08-26,area,Transit,1
2023-08-27,Cityscape,Cityscape,1
2023-08-27,Cityscape,Cultural,1
2023-08-27,Cityscape,Entertainment,3
2023-08-27,Cityscape,Shopping,3
2023-08-27,Cityscape,area,1
2023-08-27,Cultural,Cityscape,1
2023-08-27,Cultural,Cultural,2
2023-08-27,Entertainment,Cityscape,2
2023-08-27,Entertainment,Entertainment,2
2023-08-27,Entertainment,area,2
2023-08-27,Religious,Entertainment,1
2023-08-27,Shopping,Cityscape,1
2023-08-27,Shopping,Religious,1
2023-08-27,Shopping,Shopping,1
2023-08-27,Shopping,Transit,1
2023-08-27,Shopping,area,1
2023-08-27,Transit,Shopping,1
2023-08-27,Transit,area,1
2023-08-27,area,Cityscape,2
2023-08-27,area,Entertainment,1
2023-08-27,area,Natural,1
2023-08-27,area,Transit,2
2023-08-29,Cityscape,Cityscape,4
2023-08-29,Cityscape,Shopping,2
2023-08-29,Cityscape,Transit,2
2023-08-29,Cultural,Cityscape,1
2023-08-29,Cultural,Cultural,2
2023-08-29,Outdoor,Religious,1
2023-08-29,Religious,Cityscape,1
2023-08-29,Shopping,Cityscape,1
2023-08-29,Transit,Cityscape,2
2023-08-29,Transit,Cultural,1
2023-08-29,Transit,Transit,1
2023-08-29,Transit,area,1
2023-08-30,Transit,Cityscape,1
2023-08-31,Cityscape,Cityscape,1
2023-08-31,Cityscape,Entertainment,2
2023-08-31,Cityscape,Natural,1
2023-08-31,Cultural,Outdoor,1
2023-08-31,Entertainment,Cityscape,1
2023-08-31,Entertainment,area,1
2023-08-31,Natural,area,1
2023-08-31,Outdoor,Cityscape,1
2023-08-31,Shopping,Cityscape,1
2023-08-31,Shopping,Dining,1
2023-08-31,Transit,Shopping,1
2023-08-31,area,Outdoor,1
2023-08-31,area,Religious,1
2023-09-01,Dining,Shopping,1
2023-09-01,Entertainment,Natural,1
2023-09-01,Natural,Shopping,1
2023-09-01,Shopping,Shopping,3
2023-09-01,Shopping,area,1
2023-09-01,area,Dining,1
2023-09-01,area,Shopping,1
2023-09-01,area,area,1
2023-09-02,Cityscape,Cityscape,2
2023-09-02,Cityscape,Transit,1
2023-09-02,Cityscape,area,1
2023-09-02,Cultural,Cityscape,1
2023-09-02,Entertainment,Cityscape,1
2023-09-02,Entertainment,Entertainment,2
2023-09-02,Hotel,Transit,1
2023-09-02,Transit,Entertainment,2
2023-09-02,Transit,area,1
2023-09-02,area,Cultural,1
2023-09-03,Dining,Natural,1
2023-09-03,Natural,area,1
2023-09-03,Religious,Natural,1
2023-09-03,area,Dining,1
2023-09-03,area,area,3
2023-09-05,Natural,Entertainment,1
2023-09-05,Natural,Religious,1
2023-09-05,Shopping,Shopping,4
2023-09-05,area,Shopping,1
2023-09-06,Hotel,Cityscape,1
2023-09-06,Outdoor,Entertainment,1
2023-09-08,Cityscape,Entertainment,1
2023-09-08,Entertainment,Hotel,1
2023-09-08,Hotel,Cityscape,1
2023-09-08,Hotel,Dining,1
2023-09-09,Cityscape,Cityscape,1
2023-09-09,Cityscape,Entertainment,1
2023-09-09,Cityscape,Religious,1
2023-09-09,Dining,Dining,1
2023-09-09,Dining,Shopping,1
2023-09-09,Entertainment,Cityscape,1
2023-09-09,Entertainment,Entertainment,1
2023-09-09,Entertainment,Natural,1
2023-09-09,Natural,Entertainment,1
2023-09-09,Religious,Cityscape,1
2023-09-09,Shopping,Dining,1
2023-09-09,Transit,Cityscape,1
2023-09-10,Cultural,Cityscape,1
2023-09-10,Entertainment,Dining,1
2023-09-10,Entertainment,Shopping,1
2023-09-12,Cityscape,Outdoor,1
2023-09-12,Outdoor,Outdoor,1
2023-09-12,Transit,Hotel,1
2023-09-12,Transit,area,1
2023-09-13,Cityscape,Cityscape,1
2023-09-13,Cityscape,Entertainment,2
2023-09-13,Cityscape,area,2
2023-09-13,Dining,Cityscape,1
2023-09-13,Entertainment,Cityscape,1
2023-09-13,Entertainment,area,1
2023-09-13,Hotel,Cityscape,1
2023-09-13,Hotel,area,1
2023-09-13,area,Cityscape,1
2023-09-13,area,Dining,1
2023-09-13,area,Hotel,1
2023-09-13,area,area,2
2023-09-14,Entertainment,Entertainment,1
2023-09-15,Cityscape,area,1
2023-09-15,Entertainment,Entertainment,3
2023-09-15,Entertainment,Transit,1
2023-09-15,Outdoor,area,1
2023-09-15,Transit,Cityscape,1
2023-09-15,Transit,Entertainment,1
2023-09-15,area,Outdoor,2
2023-09-16,Cityscape,Entertainment,1
2023-09-16,Dining,Cityscape,1
2023-09-16,Entertainment,area,1
2023-09-16,area,Dining,1
2023-09-17,Entertainment,Transit,1
2023-09-17,Entertainment,area,1
2023-09-17,Natural,Shopping,1
2023-09-17,Outdoor,area,1
2023-09-17,Religious,Outdoor,1
2023-09-17,Shopping,Religious,1
2023-09-17,Transit,Entertainment,1
2023-09-17,area,Entertainment,1
2023-09-17,area,Shopping,1
2023-09-18,Entertainment,Natural,1
2023-09-18,Natural,Transit,1
2023-09-18,Transit,Entertainment,1
2023-09-19,Cityscape,Cityscape,1
2023-09-19,Entertainment,Entertainment,1
2023-09-19,Entertainment,Religious,1
2023-09-19,Shopping,Entertainment,1
2023-09-20,Entertainment,Cityscape,1
2023-09-21,Dining,Shopping,1
2023-09-21,Shopping,area,1
2023-09-22,Cityscape,Cityscape,1
2023-09-22,Cityscape,Dining,1
2023-09-22,Cityscape,Hotel,1
2023-09-22,Cityscape,Natural,1
2023-09-22,Cityscape,Shopping,2
2023-09-22,Cityscape,Transit,1
2023-09-22,Cityscape,area,1
2023-09-22,Natural,Shopping,1
2023-09-22,Outdoor,Cityscape,1
2023-09-22,Shopping,Cityscape,2
2023-09-22,Shopping,Cultural,1
2023-09-22,Shopping,area,1
2023-09-22,Transit,Cityscape,2
2023-09-22,area,Outdoor,1
2023-09-22,area,Shopping,1
2023-09-23,Cityscape,Cultural,1
2023-09-23,Cultural,Natural,1
2023-09-23,area,Cultural,1
2023-09-24,Cityscape,Dining,1
2023-09-24,Cityscape,Entertainment,1
2023-09-24,Cityscape,Natural,1
2023-09-24,Cityscape,Religious,1
2023-09-24,Cultural,Cultural,1
2023-09-24,Cultural,Entertainment,2
2023-09-24,Dining,Dining,1
2023-09-24,Dining,Natural,1
2023-09-24,Dining,Shopping,1
2023-09-24,Entertainment,Cityscape,1
2023-09-24,Entertainment,Cultural,1
2023-09-24,Entertainment,Natural,1
2023-09-24,Entertainment,Transit,1
2023-09-24,Hotel,Dining,1
2023-09-24,Natural,Cultural,1
2023-09-24,Natural,Transit,1
2023-09-24,Natural,area,1
2023-09-24,Shopping,Cityscape,1
2023-09-24,Shopping,Dining,1
2023-09-24,Transit,Entertainment,1
2023-09-24,Transit,Natural,1
2023-09-24,Transit,area,1
2023-09-24,area,Transit,2
2023-09-24,area,area,1
2023-09-25,Cityscape,Cultural,1
2023-09-25,Cityscape,Transit,1
2023-09-25,Cultural,Cityscape,3
2023-09-25,Cultural,Transit,1
2023-09-25,Cultural,area,1
2023-09-25,Entertainment,area,1
2023-09-25,Transit,Cultural,1
2023-09-25,Transit,area,2
2023-09-25,area,Cultural,1
2023-09-25,area,Entertainment,1
2023-09-25,area,Natural,1
2023-09-25,area,Transit,1
2023-09-25,area,area,1
2023-09-26,Cityscape,Entertainment,1
2023-09-26,Cityscape,Natural,1
2023-09-26,Cityscape,Shopping,1
2023-09-26,Cityscape,Transit,1
2023-09-26,Cultural,Dining,1
2023-09-26,Dining,Shopping,1
2023-09-26,Dining,area,2
2023-09-26,Entertainment,Entertainment,2
2023-09-26,Entertainment,Transit,1
2023-09-26,Entertainment,area,1
2023-09-26,Natural,Cityscape,1
2023-09-26,Shopping,Cityscape,1
2023-09-26,Shopping,Dining,1
2023-09-26,Transit,Cityscape,1
2023-09-26,Transit,Dining,1
2023-09-26,Transit,Entertainment,1
2023-09-26,Transit,Transit,1
2023-09-26,area,Cityscape,1
2023-09-26,area,Cultural,1
2023-09-26,area,Entertainment,1
2023-09-26,area,area,2
2023-09-29,Cityscape,Entertainment,1
2023-09-29,Entertainment,Cityscape,1
2023-10-01,School,Transit,1
2023-10-02,Cityscape,Cityscape,1
2023-10-02,Cultural,area,1
2023-10-02,Dining,Dining,1
2023-10-02,Entertainment,area,1
2023-10-02,Outdoor,Cultural,1
2023-10-02,Religious,Cityscape,1
2023-10-02,Religious,Shopping,1
2023-10-02,Shopping,Entertainment,1
2023-10-02,Shopping,area,1
2023-10-02,area,Religious,2
2023-10-02,area,Shopping,1
2023-10-05,Cityscape,Cityscape,1
2023-10-05,Cityscape,Transit,1
2023-10-05,Hotel,area,1
2023-10-05,Shopping,Entertainment,1
2023-10-05,Transit,Transit,1
2023-10-05,area,Hotel,1
2023-10-05,area,Shopping,1
2023-10-06,Shopping,Cityscape,1
2023-10-08,Cityscape,Cityscape,1
2023-10-08,Cityscape,area,1
2023-10-08,area,Dining,1
2023-10-09,Cityscape,Cityscape,1
2023-10-09,Religious,Religious,1
2023-10-10,Cityscape,area,1
2023-10-10,Transit,Hotel,1
2023-10-10,area,Cityscape,1
2023-10-11,Entertainment,area,1
2023-10-11,area,Transit,1
2023-10-12,Cityscape,Cityscape,1
2023-10-12,Cityscape,Entertainment,1
2023-10-12,Cultural,Religious,1
2023-10-12,Shopping,Cityscape,1
2023-10-14,Entertainment,Entertainment,1
2023-10-15,Cityscape,Entertainment,1
2023-10-15,Cityscape,Natural,1
2023-10-15,Dining,Dining,4
2023-10-15,Entertainment,Cityscape,1
2023-10-15,Entertainment,Natural,1
2023-10-15,Natural,Cityscape,1
2023-10-15,area,Entertainment,1
2023-10-16,Entertainment,area,1
2023-10-17,Cityscape,area,2
2023-10-17,Natural,area,1
2023-10-17,Transit,Entertainment,1
2023-10-17,area,Cityscape,3
2023-10-18,Cultural,Transit,1
2023-10-18,Entertainment,Entertainment,1
2023-10-18,Entertainment,Transit,1
2023-10-18,Entertainment,area,1
2023-10-18,Transit,Entertainment,1
2023-10-18,area,Cultural,1
2023-10-20,Entertainment,Entertainment,2
2023-10-20,Entertainment,Transit,1
2023-10-20,Transit,Entertainment,2
2023-10-21,Cityscape,Cityscape,1
2023-10-21,Cityscape,Cultural,1
2023-10-21,Cityscape,Entertainment,1
2023-10-21,Cityscape,area,1
2023-10-21,Entertainment,Dining,1
2023-10-21,Entertainment,area,1
2023-10-21,Shopping,Cityscape,1
2023-10-21,Transit,area,1
2023-10-21,area,Cityscape,3
2023-10-21,area,Shopping,1
2023-10-22,Cityscape,Cityscape,1
2023-10-22,Cityscape,Dining,1
2023-10-22,Dining,Cityscape,1
2023-10-22,Dining,Dining,5
2023-10-22,Dining,Natural,1
2023-10-22,Entertainment,Entertainment,2
2023-10-22,Entertainment,Natural,1
2023-10-22,Natural,Dining,1
2023-10-22,Natural,Transit,1
2023-10-22,Transit,Transit,1
2023-10-23,Entertainment,area,1
2023-10-24,Cityscape,Cultural,1
2023-10-24,Cultural,Cultural,2
2023-10-24,Cultural,Dining,1
2023-10-24,Dining,Cityscape,2
2023-10-24,Transit,Entertainment,1
2023-10-25,Dining,area,1
2023-10-25,Natural,Natural,1
2023-10-25,Natural,Outdoor,1
2023-10-25,Outdoor,Natural,1
2023-10-25,Shopping,Dining,1
2023-10-25,area,Shopping,1
2023-10-26,Cityscape,Dining,1
2023-10-26,Cultural,Natural,1
2023-10-26,Dining,Dining,2
2023-10-26,Dining,Hotel,1
2023-10-26,Dining,Transit,1
2023-10-26,Entertainment,Entertainment,4
2023-10-26,Entertainment,Shopping,1
2023-10-26,Hotel,Dining,1
2023-10-26,Natural,Cultural,1
2023-10-26,Natural,Entertainment,1
2023-10-26,Transit,Natural,1
2023-10-27,Cityscape,Cityscape,2
2023-10-27,Cityscape,Cultural,1
2023-10-27,Cityscape,Entertainment,2
2023-10-27,Entertainment,Cityscape,1
2023-10-27,Entertainment,Entertainment,2
2023-10-27,Entertainment,Hotel,2
2023-10-27,Entertainment,Religious,2
2023-10-27,Entertainment,Shopping,1
2023-10-27,Hotel,Entertainment,2
2023-10-27,Religious,Cityscape,1
2023-10-27,Religious,Entertainment,1
2023-10-27,Shopping,Entertainment,1
2023-10-27,Transit,Cityscape,1
2023-10-27,Transit,Entertainment,1
2023-10-27,Transit,Transit,2
2023-10-27,area,Transit,1
2023-10-28,Cityscape,Dining,1
2023-10-28,Cityscape,Hotel,1
2023-10-28,Cultural,Cityscape,1
2023-10-28,Dining,Shopping,1
2023-10-28,Hotel,Cultural,1
2023-10-28,Shopping,Cityscape,1
2023-10-28,Transit,Shopping,1
2023-10-28,Transit,area,1
2023-10-29,Cityscape,Cityscape,1
2023-10-29,Cityscape,Transit,1
2023-10-29,Hotel,Cityscape,1
2023-10-29,Religious,Cityscape,1
2023-10-29,Transit,Cityscape,1
2023-10-29,Transit,Natural,1
2023-10-29,Transit,area,1
2023-10-29,area,Hotel,1
2023-11-02,Cityscape,Entertainment,1
2023-11-02,Entertainment,Cityscape,1
2023-11-02,Entertainment,Natural,1
2023-11-02,Entertainment,Shopping,1
2023-11-02,Entertainment,area,1
2023-11-02,Natural,Entertainment,1
2023-11-02,Shopping,Entertainment,1
2023-11-02,Transit,Entertainment,1
2023-11-02,area,Entertainment,1
2023-11-02,area,area,1
2023-11-04,Cityscape,area,1
2023-11-04,Cultural,Religious,1
2023-11-04,Religious,Cityscape,1
2023-11-04,Religious,Religious,1
2023-11-06,Religious,Religious,1
2023-11-06,Transit,area,1
2023-11-06,area,Natural,1
2023-11-07,Cityscape,Cultural,1
2023-11-07,Cultural,Hotel,1
2023-11-07,Hotel,Cityscape,1
2023-11-07,Hotel,Dining,1
2023-11-07,Hotel,Hotel,1
2023-11-08,Cityscape,Cityscape,1
2023-11-09,Cityscape,Hotel,1
2023-11-09,Cityscape,area,1
2023-11-09,Entertainment,Natural,1
2023-11-09,Hotel,Cityscape,1
2023-11-10,Cityscape,Entertainment,2
2023-11-10,Cityscape,Transit,1
2023-11-10,Cultural,area,1
2023-11-10,Entertainment,Cityscape,2
2023-11-10,Entertainment,Cultural,1
2023-11-10,Entertainment,Entertainment,2
2023-11-10,Entertainment,area,1
2023-11-10,area,area,2
2023-11-11,Dining,Entertainment,1
2023-11-11,Natural,Dining,1
2023-11-11,area,Transit,1
2023-11-12,Cityscape,Cityscape,1
2023-11-12,Cityscape,Dining,1
2023-11-12,Cityscape,Shopping,1
2023-11-12,Dining,Dining,1
2023-11-12,Dining,Entertainment,1
2023-11-12,Dining,Natural,1
2023-11-12,Dining,Transit,3
2023-11-12,Entertainment,Cityscape,1
2023-11-12,Natural,Dining,1
2023-11-12,Shopping,Dining,1
2023-11-12,Shopping,Shopping,1
2023-11-12,Transit,Cityscape,2
2023-11-12,Transit,Dining,1
2023-11-12,Transit,Transit,1
2023-11-13,Cityscape,Cityscape,1
2023-11-13,Cityscape,Entertainment,1
2023-11-13,Cityscape,Shopping,1
2023-11-13,Cityscape,area,2
2023-11-13,Dining,Entertainment,1
2023-11-13,Entertainment,Cityscape,2
2023-11-13,Entertainment,Dining,1
2023-11-13,Entertainment,Entertainment,1
2023-11-13,area,Cityscape,2
2023-11-14,Cityscape,Entertainment,2
2023-11-14,Cityscape,Transit,1
2023-11-14,Cultural,Cityscape,1
2023-11-14,Cultural,Entertainment,1
2023-11-14,Entertainment,Cityscape,1
2023-11-14,Entertainment,Transit,2
2023-11-14,Entertainment,area,2
2023-11-14,Hotel,area,1
2023-11-14,Transit,Cultural,1
2023-11-14,Transit,Hotel,2
2023-11-14,Transit,area,1
2023-11-14,area,Cultural,1
2023-11-14,area,Entertainment,1
2023-11-14,area,Transit,1
2023-11-14,area,area,1
2023-11-15,Cityscape,Cityscape,1
2023-11-15,Cityscape,Cultural,1
2023-11-15,Cityscape,Entertainment,1
2023-11-15,Cultural,Cityscape,1
2023-11-15,Cultural,Transit,1
2023-11-15,Entertainment,Cultural,1
2023-11-15,Entertainment,Natural,1
2023-11-15,Natural,Cultural,1
2023-11-15,Transit,Cityscape,1
2023-11-15,area,Dining,1
2023-11-16,Cultural,Religious,1
2023-11-16,Natural,Religious,2
2023-11-16,Outdoor,Natural,1
2023-11-16,Religious,Natural,1
2023-11-16,Religious,Religious,1
2023-11-16,Religious,area,1
2023-11-16,area,Outdoor,1
2023-11-17,Entertainment,Entertainment,1
2023-11-17,Entertainment,Religious,1
2023-11-17,Entertainment,Transit,1
2023-11-17,Religious,Entertainment,1
2023-11-17,Transit,Entertainment,1
2023-11-18,Cityscape,Cityscape,1
2023-11-18,Entertainment,Transit,1
2023-11-18,Transit,Entertainment,1
2023-11-19,Cityscape,Cultural,1
2023-11-19,Cityscape,Entertainment,1
2023-11-19,Cityscape,Natural,1
2023-11-19,Cultural,Entertainment,1
2023-11-19,Cultural,Transit,1
2023-11-19,Entertainment,Cityscape,1
2023-11-19,Entertainment,Cultural,1
2023-11-19,Transit,area,1
2023-11-19,area,Entertainment,1
2023-11-20,Cityscape,Cityscape,1
2023-11-20,Cityscape,Shopping,1
2023-11-20,Dining,Dining,2
2023-11-20,Dining,area,2
2023-11-20,Entertainment,Cityscape,1
2023-11-20,Entertainment,Entertainment,6
2023-11-20,Natural,Religious,1
2023-11-20,Transit,Entertainment,1
2023-11-20,area,Dining,2
2023-11-21,Cityscape,Cityscape,1
2023-11-21,Cityscape,Entertainment,1
2023-11-21,Dining,Shopping,1
2023-11-21,Shopping,area,1
2023-11-21,Transit,Cityscape,1
2023-11-21,area,Dining,1
2023-11-22,Cultural,Cultural,4
2023-11-22,Cultural,Religious,1
2023-11-22,Cultural,area,1
2023-11-22,Natural,Outdoor,1
2023-11-22,Outdoor,Natural,1
2023-11-22,Outdoor,Outdoor,1
2023-11-22,Transit,Natural,1
2023-11-22,area,Cultural,1
2023-11-23,Cityscape,Cultural,1
2023-11-23,Cityscape,Transit,1
2023-11-23,Cultural,Cityscape,1
2023-11-23,Entertainment,Cityscape,1
2023-11-23,Entertainment,Entertainment,3
2023-11-23,Transit,Cityscape,1
2023-11-23,Transit,Entertainment,1
2023-11-23,area,Natural,1
2023-11-24,Cityscape,Cityscape,2
2023-11-24,Dining,Cityscape,1
2023-11-25,Cityscape,Cityscape,1
2023-11-25,Cityscape,area,1
2023-11-25,Cultural,Cityscape,1
2023-11-25,Cultural,Religious,1
2023-11-25,Dining,Cultural,1
2023-11-25,Dining,Entertainment,1
2023-11-25,Entertainment,Dining,1
2023-11-25,Outdoor,area,1
2023-11-25,Religious,Cultural,1
2023-11-25,Religious,Religious,1
2023-11-25,area,Dining,1
2023-11-26,Cityscape,Cityscape,1
2023-11-26,Cityscape,Transit,1
2023-11-26,Entertainment,Cityscape,1
2023-11-27,Cultural,Hotel,1
2023-11-27,Dining,Dining,2
2023-11-27,Dining,Entertainment,1
2023-11-27,Dining,Shopping,1
2023-11-27,Dining,area,1
2023-11-27,Entertainment,Dining,1
2023-11-27,Shopping,Shopping,1
2023-11-27,Transit,Dining,1
2023-11-27,area,Entertainment,1
2023-11-28,Cityscape,Religious,1
2023-11-28,Cultural,Transit,1
2023-11-28,Dining,area,1
2023-11-28,Religious,Cultural,1
2023-11-28,Transit,area,1
2023-11-28,area,Dining,1
2023-11-28,area,Hotel,1
2023-11-28,area,Transit,1
2023-11-29,Cityscape,Natural,1
2023-11-29,Cityscape,Transit,2
2023-11-29,Dining,Dining,1
2023-11-29,Entertainment,Hotel,1
2023-11-29,Religious,Entertainment,1
2023-11-29,Transit,Cityscape,2
2023-11-30,Cityscape,area,1
2023-11-30,Cultural,Religious,1
2023-11-30,Entertainment,Cityscape,1
2023-11-30,Entertainment,Entertainment,2
2023-11-30,Religious,Cultural,1
2023-11-30,Religious,Natural,1
2023-12-01,Cityscape,Cityscape,1
2023-12-01,Cityscape,Entertainment,1
2023-12-01,Cityscape,Transit,1
2023-12-01,Dining,Dining,1
2023-12-01,Entertainment,Cityscape,1
2023-12-01,Entertainment,Dining,1
2023-12-01,Entertainment,Entertainment,2
2023-12-01,Hotel,Religious,1
2023-12-01,Natural,Outdoor,1
2023-12-01,Outdoor,Natural,1
2023-12-01,Outdoor,area,2
2023-12-01,Religious,area,1
2023-12-01,Transit,Entertainment,1
2023-12-01,area,Cityscape,1
2023-12-01,area,Dining,1
2023-12-01,area,Outdoor,1
2023-12-01,area,area,6
2023-12-02,Cityscape,Cultural,1
2023-12-02,Cultural,Hotel,1
2023-12-02,Dining,Entertainment,1
2023-12-02,Entertainment,area,1
2023-12-02,Hotel,Cityscape,1
2023-12-03,Cityscape,Entertainment,1
2023-12-03,Entertainment,Transit,1
2023-12-03,Hotel,Hotel,1
2023-12-03,Transit,Cityscape,1
2023-12-04,Cityscape,Shopping,1
2023-12-04,Cultural,Cultural,1
2023-12-04,Cultural,area,2
2023-12-04,Entertainment,Cityscape,1
2023-12-04,Entertainment,Cultural,1
2023-12-04,Entertainment,Entertainment,4
2023-12-04,Entertainment,Hotel,1
2023-12-04,Entertainment,Transit,1
2023-12-04,Hotel,Entertainment,1
2023-12-04,Transit,area,1
2023-12-04,area,Cityscape,1
2023-12-04,area,Cultural,1
2023-12-04,area,Entertainment,1
2023-12-05,Cityscape,Entertainment,1
2023-12-05,Shopping,Entertainment,1
2023-12-05,area,Shopping,1
2023-12-06,Cultural,Cultural,2
2023-12-06,area,Dining,1
2023-12-07,Cityscape,Dining,1
2023-12-07,Cultural,Entertainment,1
2023-12-07,Cultural,Transit,1
2023-12-07,Entertainment,Cultural,2
2023-12-07,Entertainment,Entertainment,4
2023-12-07,Hotel,Entertainment,1
2023-12-07,Shopping,Cityscape,1
2023-12-07,Transit,Shopping,1
2023-12-08,Cultural,Hotel,1
2023-12-08,Transit,Transit,1
2023-12-08,Transit,area,1
2023-12-08,area,Religious,1
2023-12-09,Transit,area,1
2023-12-09,area,Transit,1
2023-12-10,Cityscape,Cultural,1
2023-12-10,Cityscape,Entertainment,2
2023-12-10,Cityscape,Transit,1
2023-12-10,Cultural,Cityscape,2
2023-12-10,Cultural,Cultural,2
2023-12-10,Cultural,Religious,1
2023-12-10,Dining,Dining,1
2023-12-10,Dining,Transit,1
2023-12-10,Dining,area,1
2023-12-10,Entertainment,Cityscape,1
2023-12-10,Natural,area,1
2023-12-10,Religious,area,1
2023-12-10,Transit,Cultural,1
2023-12-10,area,Cityscape,1
2023-12-10,area,Dining,1
2023-12-10,area,Shopping,1
2023-12-11,Cityscape,Cultural,1
2023-12-11,Cityscape,Sport,1
2023-12-11,Cultural,Cityscape,1
2023-12-11,Entertainment,Cultural,1
2023-12-11,Transit,Cityscape,1
2023-12-11,Transit,Entertainment,1
2023-12-11,Transit,area,1
2023-12-11,area,Cultural,1
2023-12-11,area,Hotel,1
2023-12-11,area,Transit,1
2023-12-12,Cityscape,Cityscape,1
2023-12-12,Cityscape,Entertainment,1
2023-12-12,Cultural,area,1
2023-12-12,Dining,Dining,6
2023-12-12,Entertainment,area,1
2023-12-12,Hotel,Dining,1
2023-12-12,Hotel,Hotel,2
2023-12-12,Hotel,area,2
2023-12-12,Natural,Cultural,1
2023-12-12,Transit,Cityscape,1
2023-12-12,area,Hotel,2
2023-12-12,area,Natural,2
2023-12-12,area,area,1
2023-12-13,Dining,Transit,1
2023-12-13,Transit,Dining,1
2023-12-14,Cityscape,Religious,1
2023-12-14,Dining,Dining,2
2023-12-14,Dining,area,1
2023-12-14,Entertainment,Entertainment,4
2023-12-14,Entertainment,Outdoor,1
2023-12-14,Hotel,area,1
2023-12-14,Natural,Entertainment,1
2023-12-14,Religious,Natural,1
2023-12-14,Transit,Cityscape,1
2023-12-14,Transit,Entertainment,1
2023-12-15,Cityscape,Entertainment,3
2023-12-15,Cityscape,Transit,1
2023-12-15,Cityscape,area,1
2023-12-15,Entertainment,Cityscape,4
2023-12-15,Hotel,Cityscape,1
2023-12-15,Shopping,Dining,1
2023-12-15,area,Cityscape,1
2023-12-15,area,area,1
2023-12-16,Cultural,Cultural,1
2023-12-16,Entertainment,Entertainment,2
2023-12-16,Entertainment,Shopping,1
2023-12-16,Shopping,Entertainment,1
2023-12-16,Transit,Entertainment,1
2023-12-17,Dining,Dining,1
2023-12-17,Dining,area,2
2023-12-17,Hotel,Entertainment,1
2023-12-17,Natural,Religious,1
2023-12-17,Religious,area,3
2023-12-17,Shopping,Shopping,1
2023-12-17,Transit,Entertainment,1
2023-12-17,area,Dining,2
2023-12-17,area,Natural,2
2023-12-17,area,Religious,1
2023-12-17,area,area,3
2023-12-18,area,Cityscape,1
2023-12-19,Cityscape,Transit,1
2023-12-19,Cityscape,area,2
2023-12-19,Dining,Dining,3
2023-12-19,Dining,Transit,1
2023-12-19,Entertainment,Cityscape,1
2023-12-19,Entertainment,Entertainment,3
2023-12-19,Shopping,Cityscape,2
2023-12-19,Shopping,Shopping,1
2023-12-19,Transit,Cityscape,1
2023-12-19,Transit,Dining,1
2023-12-19,Transit,area,1
2023-12-19,area,Cityscape,1
2023-12-19,area,Entertainment,1
2023-12-19,area,Shopping,1
2023-12-20,Cityscape,Religious,1
2023-12-20,Dining,Dining,2
2023-12-20,Dining,Shopping,1
2023-12-20,Religious,Cityscape,1
2023-12-20,Shopping,Dining,1
2023-12-21,Hotel,Hotel,1
2023-12-21,Hotel,Natural,1
2023-12-22,Cityscape,Cityscape,1
2023-12-22,Cityscape,Cultural,1
2023-12-22,Cityscape,Entertainment,2
2023-12-22,Cityscape,Transit,1
2023-12-22,Cultural,Cultural,1
2023-12-22,Entertainment,Cityscape,1
2023-12-22,Entertainment,Hotel,1
2023-12-22,Entertainment,Natural,1
2023-12-22,Hotel,Cultural,1
2023-12-22,Natural,Cityscape,1
2023-12-22,Transit,Cityscape,1
2023-12-22,area,Dining,1
2023-12-23,Cityscape,Cityscape,1
2023-12-23,Cityscape,Shopping,1
2023-12-23,Cultural,Cityscape,1
2023-12-23,Cultural,area,1
2023-12-23,Entertainment,Cityscape,1
2023-12-23,Shopping,Cityscape,1
2023-12-23,area,Cultural,1
2023-12-24,Hotel,Cityscape,1
2023-12-24,Hotel,Hotel,1
2023-12-24,Natural,Shopping,1
2023-12-24,Shopping,Sport,1
2023-12-24,Transit,Hotel,1
2023-12-25,Cityscape,Entertainment,2
2023-12-25,Entertainment,Cityscape,1
2023-12-26,Religious,Entertainment,1
2023-12-27,Cityscape,area,1
2023-12-27,Cultural,Cultural,1
2023-12-27,Entertainment,Cityscape,1
2023-12-27,Shopping,Cityscape,1
2023-12-27,Transit,Entertainment,1
2023-12-27,Transit,area,1
2023-12-27,area,Shopping,1
2023-12-27,area,Transit,1
2023-12-28,Dining,Cityscape,1
2023-12-28,Entertainment,Hotel,1
2023-12-28,Transit,Cityscape,1
2023-12-29,Cultural,Religious,1
2023-12-29,Natural,Cultural,1
2023-12-29,Natural,Religious,1
2023-12-29,Religious,Entertainment,1
2023-12-29,Religious,Natural,1
2023-12-29,Religious,Religious,1
2023-12-29,Transit,area,1
2023-12-29,area,Natural,1
2023-12-30,Transit,Dining,1
2023-12-31,Cityscape,Cityscape,4
2023-12-31,Cityscape,Entertainment,2
2023-12-31,Cityscape,area,2
2023-12-31,Dining,Cityscape,1
2023-12-31,Dining,Entertainment,1
2023-12-31,Entertainment,Dining,1
2023-12-31,Entertainment,Shopping,1
2023-12-31,Entertainment,Transit,1
2023-12-31,Shopping,Transit,1
2023-12-31,Transit,Cityscape,2
2023-12-31,area,Cityscape,1
2023-12-31,area,Dining,1
2023-12-31,area,Entertainment,1
2024-01-01,Cityscape,Cityscape,1
2024-01-01,Cityscape,Entertainment,6
2024-01-01,Cityscape,Natural,1
2024-01-01,Cityscape,Shopping,1
2024-01-01,Cityscape,area,3
2024-01-01,Cultural,Entertainment,1
2024-01-01,Dining,Entertainment,1
2024-01-01,Entertainment,Cityscape,7
2024-01-01,Entertainment,Cultural,1
2024-01-01,Entertainment,Entertainment,22
2024-01-01,Entertainment,Hotel,1
2024-01-01,Entertainment,Natural,3
2024-01-01,Entertainment,Transit,2
2024-01-01,Hotel,Cityscape,1
2024-01-01,Hotel,area,1
2024-01-01,Natural,Cityscape,1
2024-01-01,Natural,Outdoor,1
2024-01-01,Natural,Shopping,1
2024-01-01,Natural,area,1
2024-01-01,Outdoor,Natural,1
2024-01-01,Religious,Religious,2
2024-01-01,Religious,area,1
2024-01-01,Shopping,Cityscape,3
2024-01-01,Shopping,Dining,1
2024-01-01,Shopping,Hotel,1
2024-01-01,Shopping,Shopping,1
2024-01-01,Transit,Entertainment,3
2024-01-01,Transit,Hotel,1
2024-01-01,Transit,Natural,1
2024-01-01,area,Cityscape,1
2024-01-01,area,Cultural,1
2024-01-01,area,Entertainment,2
2024-01-01,area,area,1
2024-01-02,Cityscape,Cityscape,2
2024-01-02,Cityscape,Cultural,2
2024-01-02,Cityscape,Entertainment,3
2024-01-02,Cityscape,Hotel,1
2024-01-02,Cityscape,Natural,2
2024-01-02,Cityscape,Transit,2
2024-01-02,Cityscape,area,3
2024-01-02,Cultural,Cityscape,1
2024-01-02,Cultural,Cultural,1
2024-01-02,Cultural,Entertainment,3
2024-01-02,Cultural,Outdoor,1
2024-01-02,Cultural,Religious,1
2024-01-02,Cultural,Shopping,1
2024-01-02,Cultural,Transit,2
2024-01-02,Cultural,area,1
2024-01-02,Dining,Cultural,1
2024-01-02,Dining,Dining,1
2024-01-02,Dining,Entertainment,1
2024-01-02,Dining,Religious,1
2024-01-02,Dining,Shopping,1
2024-01-02,Dining,area,1
2024-01-02,Entertainment,Cityscape,5
2024-01-02,Entertainment,Cultural,2
2024-01-02,Entertainment,Dining,3
2024-01-02,Entertainment,Entertainment,25
2024-01-02,Entertainment,Hotel,5
2024-01-02,Entertainment,Natural,7
2024-01-02,Entertainment,Transit,1
2024-01-02,Hotel,Entertainment,6
2024-01-02,Natural,Cityscape,2
2024-01-02,Natural,Entertainment,3
2024-01-02,Natural,Shopping,1
2024-01-02,Natural,area,3
2024-01-02,Outdoor,Hotel,1
2024-01-02,Religious,area,1
2024-01-02,Shopping,Cityscape,1
2024-01-02,Shopping,Cultural,1
2024-01-02,Shopping,Shopping,2
2024-01-02,Transit,Cityscape,3
2024-01-02,Transit,Entertainment,6
2024-01-02,Transit,Transit,1
2024-01-02,Transit,area,1
2024-01-02,area,Cityscape,2
2024-01-02,area,Cultural,1
2024-01-02,area,Dining,1
2024-01-02,area,Entertainment,3
2024-01-02,area,Natural,1
2024-01-03,Cityscape,Cityscape,2
2024-01-03,Cityscape,Cultural,2
2024-01-03,Cityscape,Entertainment,14
2024-01-03,Cityscape,Religious,2
2024-01-03,Cityscape,Transit,2
2024-01-03,Cityscape,area,2
2024-01-03,Cultural,Cultural,2
2024-01-03,Cultural,Entertainment,1
2024-01-03,Cultural,Natural,2
2024-01-03,Cultural,Outdoor,1
2024-01-03,Cultural,Shopping,1
2024-01-03,Dining,Cityscape,1
2024-01-03,Dining,Dining,1
2024-01-03,Dining,area,3
2024-01-03,Entertainment,Cityscape,14
2024-01-03,Entertainment,Cultural,1
2024-01-03,Entertainment,Dining,1
2024-01-03,Entertainment,Entertainment,9
2024-01-03,Entertainment,Hotel,1
2024-01-03,Entertainment,Natural,3
2024-01-03,Entertainment,Religious,1
2024-01-03,Entertainment,Shopping,2
2024-01-03,Entertainment,Transit,2
2024-01-03,Entertainment,area,2
2024-01-03,Hotel,Entertainment,2
2024-01-03,Natural,Cityscape,1
2024-01-03,Natural,Cultural,1
2024-01-03,Natural,Entertainment,2
2024-01-03,Natural,Natural,2
2024-01-03,Natural,Religious,2
2024-01-03,Natural,area,4
2024-01-03,Outdoor,Cityscape,1
2024-01-03,Outdoor,Hotel,1
2024-01-03,Outdoor,Natural,1
2024-01-03,Outdoor,area,2
2024-01-03,Religious,Cityscape,1
2024-01-03,Religious,Entertainment,1
2024-01-03,Religious,Natural,4
2024-01-03,Religious,Religious,2
2024-01-03,Religious,area,2
2024-01-03,Shopping,Cityscape,1
2024-01-03,Shopping,Dining,1
2024-01-03,Shopping,Entertainment,1
2024-01-03,Shopping,Shopping,1
2024-01-03,Shopping,Transit,1
2024-01-03,Shopping,area,1
2024-01-03,Transit,Cityscape,1
2024-01-03,Transit,Cultural,1
2024-01-03,Transit,Entertainment,3
2024-01-03,Transit,Hotel,2
2024-01-03,Transit,Natural,1
2024-01-03,Transit,Outdoor,1
2024-01-03,Transit,area,4
2024-01-03,area,Cityscape,2
2024-01-03,area,Entertainment,2
2024-01-03,area,Natural,1
2024-01-03,area,Outdoor,2
2024-01-03,area,Religious,3
2024-01-03,area,Shopping,2
2024-01-03,area,Transit,5
2024-01-03,area,area,2
2024-01-04,Cityscape,Cityscape,2
2024-01-04,Cityscape,Cultural,1
2024-01-04,Cityscape,Dining,2
2024-01-04,Cityscape,Entertainment,3
2024-01-04,Cityscape,Hotel,1
2024-01-04,Cityscape,Natural,1
2024-01-04,Cityscape,Shopping,1
2024-01-04,Cityscape,Transit,2
2024-01-04,Cityscape,area,2
2024-01-04,Cultural,Cityscape,2
2024-01-04,Cultural,Dining,1
2024-01-04,Cultural,Shopping,1
2024-01-04,Cultural,Transit,1
2024-01-04,Cultural,area,2
2024-01-04,Dining,Cityscape,2
2024-01-04,Dining,Cultural,2
2024-01-04,Dining,Dining,4
2024-01-04,Dining,Entertainment,1
2024-01-04,Dining,Natural,1
2024-01-04,Dining,Shopping,1
2024-01-04,Dining,area,1
2024-01-04,Entertainment,Cityscape,4
2024-01-04,Entertainment,Cultural,2
2024-01-04,Entertainment,Dining,1
2024-01-04,Entertainment,Entertainment,26
2024-01-04,Entertainment,Hotel,1
2024-01-04,Entertainment,Natural,2
2024-01-04,Entertainment,area,1
2024-01-04,Hotel,Entertainment,2
2024-01-04,Hotel,Hotel,2
2024-01-04,Hotel,area,2
2024-01-04,Natural,Cityscape,1
2024-01-04,Natural,Outdoor,2
2024-01-04,Natural,Religious,1
2024-01-04,Natural,Shopping,2
2024-01-04,Natural,area,1
2024-01-04,Outdoor,Natural,2
2024-01-04,Religious,Entertainment,1
2024-01-04,Religious,Natural,1
2024-01-04,Religious,Religious,1
2024-01-04,Shopping,Cityscape,1
2024-01-04,Shopping,Cultural,1
2024-01-04,Shopping,Dining,2
2024-01-04,Shopping,Entertainment,1
2024-01-04,Shopping,Religious,1
2024-01-04,Shopping,Shopping,2
2024-01-04,Shopping,area,1
2024-01-04,Transit,Cityscape,2
2024-01-04,Transit,Dining,1
2024-01-04,Transit,Entertainment,2
2024-01-04,Transit,Natural,1
2024-01-04,Transit,area,1
2024-01-04,area,Cityscape,3
2024-01-04,area,Cultural,1
2024-01-04,area,Dining,3
2024-01-04,area,Entertainment,4
2024-01-04,area,Hotel,2
2024-01-04,area,Outdoor,1
2024-01-04,area,area,2
2024-01-05,Cityscape,Cityscape,1
2024-01-05,Cityscape,Cultural,1
2024-01-05,Cityscape,Dining,1
2024-01-05,Cityscape,Entertainment,1
2024-01-05,Cityscape,Natural,2
2024-01-05,Cityscape,Shopping,1
2024-01-05,Cityscape,Transit,1
2024-01-05,Cityscape,area,1
2024-01-05,Cultural,Cityscape,1
2024-01-05,Dining,Cityscape,2
2024-01-05,Dining,Dining,2
2024-01-05,Dining,Entertainment,3
2024-01-05,Dining,area,1
2024-01-05,Entertainment,Cityscape,3
2024-01-05,Entertainment,Cultural,1
2024-01-05,Entertainment,Dining,2
2024-01-05,Entertainment,Entertainment,19
2024-01-05,Entertainment,Hotel,2
2024-01-05,Entertainment,Natural,1
2024-01-05,Entertainment,Transit,2
2024-01-05,Hotel,Entertainment,3
2024-01-05,Natural,Cityscape,1
2024-01-05,Natural,Entertainment,2
2024-01-05,Natural,Religious,2
2024-01-05,Outdoor,Cityscape,1
2024-01-05,Religious,Natural,2
2024-01-05,Religious,Religious,1
2024-01-05,Religious,Shopping,1
2024-01-05,Shopping,Cityscape,1
2024-01-05,Shopping,Entertainment,1
2024-01-05,Transit,Cityscape,3
2024-01-05,Transit,Entertainment,3
2024-01-05,Transit,Shopping,1
2024-01-05,Transit,area,1
2024-01-05,area,Cityscape,1
2024-01-05,area,Dining,1
2024-01-05,area,Natural,1
2024-01-05,area,Outdoor,1
2024-01-05,area,area,1
2024-01-06,Cityscape,Cityscape,1
2024-01-06,Cityscape,Cultural,2
2024-01-06,Cityscape,Dining,1
2024-01-06,Cityscape,Entertainment,2
2024-01-06,Cityscape,Shopping,1
2024-01-06,Cityscape,area,3
2024-01-06,Cultural,Cityscape,2
2024-01-06,Cultural,Cultural,2
2024-01-06,Cultural,Dining,1
2024-01-06,Cultural,Entertainment,3
2024-01-06,Cultural,Hotel,1
2024-01-06,Cultural,Natural,2
2024-01-06,Cultural,Shopping,1
2024-01-06,Cultural,Transit,1
2024-01-06,Cultural,area,2
2024-01-06,Dining,Cityscape,3
2024-01-06,Dining,Cultural,2
2024-01-06,Dining,Transit,1
2024-01-06,Dining,area,2
2024-01-06,Entertainment,Cityscape,3
2024-01-06,Entertainment,Cultural,1
2024-01-06,Entertainment,Entertainment,16
2024-01-06,Entertainment,Hotel,1
2024-01-06,Entertainment,Natural,2
2024-01-06,Entertainment,Religious,1
2024-01-06,Entertainment,Shopping,1
2024-01-06,Entertainment,Transit,1
2024-01-06,Entertainment,area,4
2024-01-06,Hotel,Hotel,1
2024-01-06,Hotel,Transit,1
2024-01-06,Natural,Cultural,1
2024-01-06,Natural,Entertainment,1
2024-01-06,Natural,Natural,1
2024-01-06,Natural,Shopping,1
2024-01-06,Religious,Natural,1
2024-01-06,Religious,Religious,6
2024-01-06,Religious,Shopping,1
2024-01-06,Religious,area,2
2024-01-06,Shopping,Cityscape,1
2024-01-06,Shopping,Cultural,1
2024-01-06,Shopping,Entertainment,3
2024-01-06,Shopping,Hotel,1
2024-01-06,Transit,Cityscape,1
2024-01-06,Transit,Cultural,1
2024-01-06,Transit,Entertainment,3
2024-01-06,Transit,Hotel,1
2024-01-06,Transit,Transit,4
2024-01-06,area,Cityscape,3
2024-01-06,area,Cultural,3
2024-01-06,area,Dining,1
2024-01-06,area,Entertainment,3
2024-01-06,area,Transit,1
2024-01-06,area,area,1
2024-01-07,Cityscape,Cityscape,3
2024-01-07,Cityscape,Cultural,1
2024-01-07,Cityscape,Dining,1
2024-01-07,Cityscape,Entertainment,2
2024-01-07,Cityscape,Natural,3
2024-01-07,Cityscape,Religious,2
2024-01-07,Cityscape,Shopping,1
2024-01-07,Cityscape,Transit,1
2024-01-07,Cityscape,area,2
2024-01-07,Cultural,Entertainment,1
2024-01-07,Cultural,Hotel,1
2024-01-07,Dining,Shopping,1
2024-01-07,Dining,area,2
2024-01-07,Entertainment,Cityscape,4
2024-01-07,Entertainment,Cultural,1
2024-01-07,Entertainment,Entertainment,12
2024-01-07,Entertainment,Natural,1
2024-01-07,Entertainment,Religious,1
2024-01-07,Entertainment,Shopping,1
2024-01-07,Entertainment,Transit,1
2024-01-07,Hotel,Cityscape,2
2024-01-07,Hotel,area,1
2024-01-07,Natural,Cityscape,3
2024-01-07,Natural,Entertainment,2
2024-01-07,Natural,Religious,1
2024-01-07,Religious,Cityscape,1
2024-01-07,Religious,Entertainment,2
2024-01-07,Religious,Natural,2
2024-01-07,Religious,Religious,2
2024-01-07,Religious,Shopping,2
2024-01-07,Shopping,Cityscape,2
2024-01-07,Shopping,Dining,1
2024-01-07,Shopping,Hotel,1
2024-01-07,Shopping,Religious,2
2024-01-07,Transit,Cityscape,1
2024-01-07,Transit,Entertainment,2
2024-01-07,Transit,Hotel,1
2024-01-07,Transit,Religious,1
2024-01-07,area,Cultural,1
2024-01-07,area,Dining,2
2024-01-07,area,Natural,1
2024-01-07,area,area,3
2024-01-08,Cityscape,Cityscape,2
2024-01-08,Cityscape,Cultural,3
2024-01-08,Cityscape,Dining,1
2024-01-08,Cityscape,Entertainment,5
2024-01-08,Cityscape,Shopping,3
2024-01-08,Cityscape,Transit,2
2024-01-08,Cityscape,area,3
2024-01-08,Cultural,Cityscape,1
2024-01-08,Cultural,Cultural,1
2024-01-08,Cultural,Dining,1
2024-01-08,Cultural,Entertainment,1
2024-01-08,Cultural,Outdoor,1
2024-01-08,Cultural,Shopping,1
2024-01-08,Cultural,area,1
2024-01-08,Dining,Cityscape,1
2024-01-08,Dining,Dining,1
2024-01-08,Dining,Entertainment,1
2024-01-08,Dining,Religious,1
2024-01-08,Entertainment,Cityscape,6
2024-01-08,Entertainment,Cultural,1
2024-01-08,Entertainment,Entertainment,23
2024-01-08,Entertainment,Natural,2
2024-01-08,Entertainment,Religious,1
2024-01-08,Entertainment,Shopping,1
2024-01-08,Entertainment,Transit,5
2024-01-08,Entertainment,area,3
2024-01-08,Hotel,Cityscape,1
2024-01-08,Hotel,Natural,1
2024-01-08,Hotel,Religious,1
2024-01-08,Hotel,Shopping,1
2024-01-08,Natural,Hotel,1
2024-01-08,Natural,Transit,1
2024-01-08,Natural,area,1
2024-01-08,Outdoor,Entertainment,2
2024-01-08,Outdoor,Outdoor,3
2024-01-08,Outdoor,Religious,1
2024-01-08,Religious,Natural,1
2024-01-08,Religious,Shopping,2
2024-01-08,Religious,area,1
2024-01-08,Shopping,Cityscape,3
2024-01-08,Shopping,Entertainment,4
2024-01-08,Shopping,Hotel,1
2024-01-08,Shopping,Natural,1
2024-01-08,Shopping,area,1
2024-01-08,Transit,Cityscape,3
2024-01-08,Transit,Entertainment,4
2024-01-08,Transit,Natural,2
2024-01-08,Transit,Religious,1
2024-01-08,Transit,Transit,2
2024-01-08,Transit,area,2
2024-01-08,area,Cityscape,2
2024-01-08,area,Cultural,1
2024-01-08,area,Dining,2
2024-01-08,area,Entertainment,2
2024-01-08,area,Outdoor,2
2024-01-08,area,Religious,1
2024-01-08,area,Shopping,1
2024-01-08,area,Transit,2
2024-01-08,area,area,11
2024-01-09,Cityscape,Cultural,3
2024-01-09,Cityscape,Dining,2
2024-01-09,Cityscape,Entertainment,8
2024-01-09,Cityscape,Natural,1
2024-01-09,Cityscape,Religious,3
2024-01-09,Cityscape,Transit,1
2024-01-09,Cityscape,area,2
2024-01-09,Cultural,Cityscape,1
2024-01-09,Cultural,Entertainment,3
2024-01-09,Cultural,Hotel,2
2024-01-09,Dining,Cityscape,1
2024-01-09,Dining,Dining,1
2024-01-09,Dining,Religious,1
2024-01-09,Dining,Shopping,1
2024-01-09,Dining,area,2
2024-01-09,Entertainment,Cityscape,14
2024-01-09,Entertainment,Cultural,1
2024-01-09,Entertainment,Entertainment,42
2024-01-09,Entertainment,Hotel,2
2024-01-09,Entertainment,Religious,1
2024-01-09,Entertainment,Shopping,2
2024-01-09,Entertainment,Transit,3
2024-01-09,Entertainment,area,4
2024-01-09,Hotel,Cultural,1
2024-01-09,Hotel,Dining,1
2024-01-09,Hotel,Hotel,2
2024-01-09,Hotel,Shopping,2
2024-01-09,Natural,Entertainment,1
2024-01-09,Natural,Religious,2
2024-01-09,Natural,area,2
2024-01-09,Outdoor,Natural,1
2024-01-09,Religious,Cityscape,3
2024-01-09,Religious,Natural,2
2024-01-09,Religious,Outdoor,1
2024-01-09,Religious,Religious,6
2024-01-09,Religious,Shopping,1
2024-01-09,Religious,area,2
2024-01-09,Shopping,Cityscape,1
2024-01-09,Shopping,Dining,1
2024-01-09,Shopping,Entertainment,4
2024-01-09,Shopping,Religious,1
2024-01-09,Shopping,area,1
2024-01-09,Transit,Cityscape,2
2024-01-09,Transit,Cultural,1
2024-01-09,Transit,Entertainment,7
2024-01-09,Transit,Natural,1
2024-01-09,Transit,Shopping,1
2024-01-09,Transit,Transit,2
2024-01-09,area,Cityscape,2
2024-01-09,area,Entertainment,3
2024-01-09,area,Hotel,1
2024-01-09,area,Shopping,3
2024-01-09,area,Transit,1
2024-01-09,area,area,5
2024-01-10,Cityscape,Entertainment,5
2024-01-10,Cityscape,Religious,2
2024-01-10,Cityscape,Shopping,1
2024-01-10,Cityscape,Transit,1
2024-01-10,Cityscape,area,2
2024-01-10,Dining,Dining,2
2024-01-10,Dining,area,2
2024-01-10,Entertainment,Cityscape,4
2024-01-10,Entertainment,Entertainment,16
2024-01-10,Entertainment,Hotel,2
2024-01-10,Entertainment,Transit,1
2024-01-10,Entertainment,area,2
2024-01-10,Hotel,Cityscape,1
2024-01-10,Hotel,Entertainment,1
2024-01-10,Hotel,Hotel,1
2024-01-10,Hotel,area,1
2024-01-10,Natural,Outdoor,1
2024-01-10,Natural,Religious,3
2024-01-10,Natural,area,1
2024-01-10,Outdoor,Natural,1
2024-01-10,Religious,Cityscape,3
2024-01-10,Religious,Entertainment,1
2024-01-10,Religious,Natural,2
2024-01-10,Religious,Religious,3
2024-01-10,Religious,area,2
2024-01-10,Shopping,Hotel,1
2024-01-10,Shopping,Shopping,1
2024-01-10,Shopping,area,1
2024-01-10,Transit,Dining,1
2024-01-10,Transit,Entertainment,3
2024-01-10,Transit,Religious,2
2024-01-10,Transit,Shopping,2
2024-01-10,Transit,area,2
2024-01-10,area,Cityscape,3
2024-01-10,area,Dining,1
2024-01-10,area,Hotel,1
2024-01-10,area,Religious,1
2024-01-10,area,Shopping,2
2024-01-10,area,Transit,1
2024-01-10,area,area,3
2024-01-11,Cityscape,Cityscape,4
2024-01-11,Cityscape,Dining,2
2024-01-11,Cityscape,Entertainment,4
2024-01-11,Cityscape,Hotel,1
2024-01-11,Cityscape,Natural,1
2024-01-11,Cityscape,Outdoor,2
2024-01-11,Cityscape,Transit,2
2024-01-11,Cultural,Cultural,1
2024-01-11,Cultural,Entertainment,2
2024-01-11,Dining,Dining,4
2024-01-11,Dining,Hotel,1
2024-01-11,Dining,area,1
2024-01-11,Entertainment,Cityscape,7
2024-01-11,Entertainment,Entertainment,13
2024-01-11,Entertainment,Hotel,3
2024-01-11,Entertainment,Natural,2
2024-01-11,Entertainment,Transit,4
2024-01-11,Entertainment,area,3
2024-01-11,Hotel,Cultural,2
2024-01-11,Hotel,Entertainment,4
2024-01-11,Hotel,Hotel,1
2024-01-11,Natural,Cityscape,1
2024-01-11,Natural,Entertainment,1
2024-01-11,Natural,Outdoor,1
2024-01-11,Natural,Transit,1
2024-01-11,Natural,area,1
2024-01-11,Outdoor,Entertainment,1
2024-01-11,Outdoor,Natural,1
2024-01-11,Outdoor,area,2
2024-01-11,Religious,Natural,1
2024-01-11,Shopping,area,1
2024-01-11,Transit,Cityscape,1
2024-01-11,Transit,Entertainment,2
2024-01-11,Transit,Shopping,2
2024-01-11,Transit,area,1
2024-01-11,area,Cultural,1
2024-01-11,area,Entertainment,1
2024-01-11,area,Natural,2
2024-01-11,area,Outdoor,1
2024-01-11,area,Shopping,1
2024-01-11,area,Transit,1
2024-01-11,area,area,9
2024-01-12,Cityscape,Cultural,1
2024-01-12,Cityscape,Dining,2
2024-01-12,Cityscape,Entertainment,6
2024-01-12,Cityscape,Natural,1
2024-01-12,Cultural,Cityscape,1
2024-01-12,Cultural,Entertainment,1
2024-01-12,Dining,Dining,1
2024-01-12,Dining,Entertainment,1
2024-01-12,Dining,Hotel,1
2024-01-12,Dining,Shopping,1
2024-01-12,Dining,Transit,1
2024-01-12,Entertainment,Cityscape,1
2024-01-12,Entertainment,Dining,1
2024-01-12,Entertainment,Entertainment,23
2024-01-12,Entertainment,Hotel,2
2024-01-12,Entertainment,Natural,1
2024-01-12,Entertainment,Religious,2
2024-01-12,Entertainment,Transit,3
2024-01-12,Entertainment,area,1
2024-01-12,Hotel,Cityscape,1
2024-01-12,Hotel,Cultural,1
2024-01-12,Hotel,Dining,1
2024-01-12,Hotel,Entertainment,2
2024-01-12,Hotel,Transit,1
2024-01-12,Natural,Entertainment,1
2024-01-12,Natural,Religious,1
2024-01-12,Outdoor,Transit,1
2024-01-12,Religious,Entertainment,1
2024-01-12,Religious,Natural,1
2024-01-12,Religious,Religious,3
2024-01-12,Religious,Transit,2
2024-01-12,Shopping,Cityscape,1
2024-01-12,Shopping,Transit,1
2024-01-12,Shopping,area,1
2024-01-12,Transit,Cityscape,2
2024-01-12,Transit,Cultural,1
2024-01-12,Transit,Entertainment,2
2024-01-12,Transit,Natural,1
2024-01-12,Transit,Religious,3
2024-01-12,Transit,Transit,3
2024-01-12,Transit,area,2
2024-01-12,area,Cityscape,3
2024-01-12,area,Dining,1
2024-01-12,area,Entertainment,1
2024-01-12,area,Outdoor,1
2024-01-12,area,area,5
2024-01-13,Cityscape,Cityscape,3
2024-01-13,Cityscape,Entertainment,6
2024-01-13,Cityscape,Hotel,1
2024-01-13,Cityscape,Natural,1
2024-01-13,Cityscape,Shopping,2
2024-01-13,Cityscape,Transit,1
2024-01-13,Cityscape,area,2
2024-01-13,Cultural,Dining,1
2024-01-13,Dining,Dining,1
2024-01-13,Dining,Entertainment,2
2024-01-13,Dining,Shopping,1
2024-01-13,Entertainment,Cityscape,5
2024-01-13,Entertainment,Entertainment,23
2024-01-13,Entertainment,Hotel,2
2024-01-13,Entertainment,Natural,2
2024-01-13,Entertainment,Shopping,3
2024-01-13,Entertainment,Transit,2
2024-01-13,Entertainment,area,2
2024-01-13,Hotel,Entertainment,1
2024-01-13,Hotel,Shopping,1
2024-01-13,Natural,Cityscape,2
2024-01-13,Natural,Entertainment,1
2024-01-13,Natural,Religious,3
2024-01-13,Natural,area,1
2024-01-13,Outdoor,Outdoor,3
2024-01-13,Outdoor,area,5
2024-01-13,Religious,Natural,2
2024-01-13,Religious,Religious,3
2024-01-13,Religious,Shopping,1
2024-01-13,Shopping,Cityscape,2
2024-01-13,Shopping,Religious,1
2024-01-13,Shopping,area,2
2024-01-13,Transit,Cityscape,1
2024-01-13,Transit,Entertainment,3
2024-01-13,Transit,Transit,1
2024-01-13,Transit,area,1
2024-01-13,area,Cityscape,1
2024-01-13,area,Dining,1
2024-01-13,area,Entertainment,2
2024-01-13,area,Hotel,1
2024-01-13,area,Natural,2
2024-01-13,area,Outdoor,3
2024-01-14,Cityscape,Cityscape,4
2024-01-14,Cityscape,Entertainment,5
2024-01-14,Cityscape,Natural,3
2024-01-14,Cityscape,Outdoor,1
2024-01-14,Cityscape,Shopping,2
2024-01-14,Cityscape,Transit,2
2024-01-14,Cultural,Hotel,1
2024-01-14,Cultural,Natural,1
2024-01-14,Cultural,Religious,1
2024-01-14,Cultural,area,3
2024-01-14,Dining,Dining,1
2024-01-14,Entertainment,Cityscape,3
2024-01-14,Entertainment,Cultural,2
2024-01-14,Entertainment,Entertainment,10
2024-01-14,Entertainment,Natural,3
2024-01-14,Entertainment,Shopping,1
2024-01-14,Entertainment,Transit,8
2024-01-14,Entertainment,area,4
2024-01-14,Hotel,Entertainment,1
2024-01-14,Hotel,Transit,1
2024-01-14,Natural,Cityscape,1
2024-01-14,Natural,Cultural,1
2024-01-14,Natural,Entertainment,2
2024-01-14,Natural,Outdoor,1
2024-01-14,Natural,Transit,1
2024-01-14,Natural,area,3
2024-01-14,Outdoor,Cityscape,1
2024-01-14,Religious,Entertainment,1
2024-01-14,Religious,Natural,1
2024-01-14,Shopping,Cityscape,2
2024-01-14,Shopping,Religious,1
2024-01-14,Shopping,Shopping,1
2024-01-14,Shopping,area,3
2024-01-14,Transit,Cityscape,3
2024-01-14,Transit,Entertainment,8
2024-01-14,Transit,Hotel,1
2024-01-14,Transit,Natural,1
2024-01-14,Transit,Religious,1
2024-01-14,Transit,Transit,2
2024-01-14,Transit,area,2
2024-01-14,area,Cityscape,1
2024-01-14,area,Cultural,1
2024-01-14,area,Entertainment,2
2024-01-14,area,Natural,2
2024-01-14,area,Outdoor,1
2024-01-14,area,Religious,1
2024-01-14,area,Shopping,1
2024-01-14,area,area,2
2024-01-15,Cityscape,Cityscape,8
2024-01-15,Cityscape,Cultural,1
2024-01-15,Cityscape,Entertainment,4
2024-01-15,Cityscape,Natural,1
2024-01-15,Cityscape,Religious,1
2024-01-15,Cultural,Cityscape,1
2024-01-15,Cultural,Entertainment,1
2024-01-15,Cultural,Religious,1
2024-01-15,Cultural,Shopping,1
2024-01-15,Dining,Dining,2
2024-01-15,Dining,Entertainment,1
2024-01-15,Dining,Religious,1
2024-01-15,Dining,Transit,1
2024-01-15,Dining,area,1
2024-01-15,Entertainment,Cityscape,7
2024-01-15,Entertainment,Cultural,1
2024-01-15,Entertainment,Dining,1
2024-01-15,Entertainment,Entertainment,19
2024-01-15,Entertainment,Hotel,1
2024-01-15,Entertainment,Natural,2
2024-01-15,Entertainment,Religious,1
2024-01-15,Entertainment,Transit,1
2024-01-15,Entertainment,area,2
2024-01-15,Hotel,Religious,1
2024-01-15,Natural,Cityscape,1
2024-01-15,Natural,Religious,2
2024-01-15,Natural,Shopping,1
2024-01-15,Natural,area,1
2024-01-15,Religious,Dining,1
2024-01-15,Religious,Entertainment,1
2024-01-15,Religious,Natural,2
2024-01-15,Religious,Religious,2
2024-01-15,Religious,Transit,1
2024-01-15,Religious,area,3
2024-01-15,School,Cityscape,1
2024-01-15,Shopping,Entertainment,1
2024-01-15,Shopping,Religious,1
2024-01-15,Shopping,area,1
2024-01-15,Transit,Entertainment,3
2024-01-15,Transit,Religious,1
2024-01-15,Transit,area,5
2024-01-15,area,Cityscape,2
2024-01-15,area,Cultural,1
2024-01-15,area,Dining,1
2024-01-15,area,Entertainment,3
2024-01-15,area,Hotel,1
2024-01-15,area,Natural,1
2024-01-15,area,Religious,1
2024-01-15,area,Shopping,1
2024-01-15,area,Transit,2
2024-01-15,area,area,12
2024-01-16,Cityscape,Cityscape,1
2024-01-16,Cityscape,Dining,1
2024-01-16,Cityscape,Entertainment,1
2024-01-16,Cityscape,Natural,2
2024-01-16,Cityscape,Outdoor,1
2024-01-16,Cityscape,Transit,1
2024-01-16,Cityscape,area,2
2024-01-16,Cultural,Dining,1
2024-01-16,Cultural,Entertainment,3
2024-01-16,Dining,Cityscape,1
2024-01-16,Dining,Entertainment,2
2024-01-16,Dining,Shopping,2
2024-01-16,Dining,area,1
2024-01-16,Entertainment,Cityscape,3
2024-01-16,Entertainment,Cultural,2
2024-01-16,Entertainment,Entertainment,13
2024-01-16,Entertainment,Natural,1
2024-01-16,Entertainment,Religious,3
2024-01-16,Entertainment,Shopping,1
2024-01-16,Entertainment,Transit,1
2024-01-16,Entertainment,area,2
2024-01-16,Hotel,Shopping,2
2024-01-16,Natural,Cityscape,1
2024-01-16,Natural,Religious,2
2024-01-16,Natural,area,2
2024-01-16,Outdoor,Shopping,1
2024-01-16,Religious,Cultural,1
2024-01-16,Religious,Entertainment,2
2024-01-16,Religious,Natural,1
2024-01-16,Religious,Religious,2
2024-01-16,School,Shopping,1
2024-01-16,Shopping,Cityscape,1
2024-01-16,Shopping,Dining,1
2024-01-16,Shopping,Entertainment,1
2024-01-16,Shopping,Natural,1
2024-01-16,Shopping,area,1
2024-01-16,Transit,Dining,1
2024-01-16,Transit,Entertainment,4
2024-01-16,area,Cultural,1
2024-01-16,area,Entertainment,1
2024-01-16,area,Natural,1
2024-01-16,area,School,1
2024-01-16,area,Shopping,1
2024-01-16,area,Transit,1
2024-01-16,area,area,4
2024-01-17,Cityscape,Cultural,1
2024-01-17,Cityscape,Entertainment,1
2024-01-17,Cityscape,Hotel,1
2024-01-17,Cityscape,Shopping,2
2024-01-17,Cityscape,area,2
2024-01-17,Cultural,Cityscape,1
2024-01-17,Cultural,Cultural,1
2024-01-17,Cultural,Dining,1
2024-01-17,Dining,Cityscape,1
2024-01-17,Dining,Cultural,1
2024-01-17,Dining,Dining,1
2024-01-17,Dining,Entertainment,1
2024-01-17,Entertainment,Dining,1
2024-01-17,Entertainment,Entertainment,5
2024-01-17,Entertainment,Hotel,1
2024-01-17,Entertainment,Religious,3
2024-01-17,Entertainment,Shopping,1
2024-01-17,Entertainment,Transit,3
2024-01-17,Hotel,Dining,1
2024-01-17,Hotel,Entertainment,1
2024-01-17,Hotel,Hotel,3
2024-01-17,Hotel,Transit,1
2024-01-17,Natural,Entertainment,1
2024-01-17,Natural,Outdoor,1
2024-01-17,Natural,Religious,1
2024-01-17,Natural,area,1
2024-01-17,Outdoor,Natural,2
2024-01-17,Religious,Cityscape,2
2024-01-17,Religious,Entertainment,2
2024-01-17,Religious,Outdoor,1
2024-01-17,Religious,Religious,1
2024-01-17,Religious,Shopping,1
2024-01-17,Religious,Transit,1
2024-01-17,Religious,area,1
2024-01-17,Shopping,Cityscape,1
2024-01-17,Shopping,Entertainment,2
2024-01-17,Shopping,Religious,1
2024-01-17,Transit,Cityscape,2
2024-01-17,Transit,Entertainment,1
2024-01-17,Transit,Hotel,1
2024-01-17,Transit,Natural,2
2024-01-17,area,Dining,1
2024-01-17,area,Natural,1
2024-01-17,area,Outdoor,1
2024-01-17,area,Religious,1
2024-01-18,Cityscape,Cityscape,6
2024-01-18,Cityscape,Cultural,3
2024-01-18,Cityscape,Entertainment,4
2024-01-18,Cityscape,Hotel,1
2024-01-18,Cityscape,Natural,1
2024-01-18,Cityscape,Religious,1
2024-01-18,Cityscape,Transit,2
2024-01-18,Cultural,Cityscape,1
2024-01-18,Cultural,Cultural,2
2024-01-18,Cultural,Entertainment,1
2024-01-18,Cultural,Hotel,1
2024-01-18,Cultural,Natural,1
2024-01-18,Cultural,Religious,1
2024-01-18,Cultural,Shopping,1
2024-01-18,Cultural,Transit,1
2024-01-18,Dining,Entertainment,1
2024-01-18,Dining,area,2
2024-01-18,Entertainment,Cityscape,3
2024-01-18,Entertainment,Cultural,2
2024-01-18,Entertainment,Dining,2
2024-01-18,Entertainment,Entertainment,5
2024-01-18,Entertainment,Hotel,2
2024-01-18,Entertainment,Natural,1
2024-01-18,Entertainment,Religious,1
2024-01-18,Entertainment,Shopping,1
2024-01-18,Entertainment,Transit,6
2024-01-18,Hotel,Entertainment,3
2024-01-18,Natural,Cityscape,1
2024-01-18,Natural,Religious,2
2024-01-18,Natural,area,3
2024-01-18,Religious,Dining,2
2024-01-18,Religious,Entertainment,2
2024-01-18,Religious,Natural,3
2024-01-18,Religious,Religious,2
2024-01-18,Religious,area,1
2024-01-18,Shopping,Cityscape,2
2024-01-18,Shopping,Transit,1
2024-01-18,Shopping,area,1
2024-01-18,Transit,Cityscape,5
2024-01-18,Transit,Cultural,1
2024-01-18,Transit,Dining,1
2024-01-18,Transit,Entertainment,3
2024-01-18,Transit,Hotel,1
2024-01-18,Transit,Natural,1
2024-01-18,Transit,Religious,1
2024-01-18,Transit,Transit,1
2024-01-18,Transit,area,1
2024-01-18,area,Cityscape,1
2024-01-18,area,Entertainment,7
2024-01-18,area,Religious,1
2024-01-19,Cityscape,Cityscape,2
2024-01-19,Cityscape,Entertainment,4
2024-01-19,Cityscape,Outdoor,2
2024-01-19,Cityscape,Religious,1
2024-01-19,Cityscape,Shopping,1
2024-01-19,Cityscape,Transit,3
2024-01-19,Cityscape,area,1
2024-01-19,Cultural,Cityscape,2
2024-01-19,Cultural,Entertainment,1
2024-01-19,Dining,Cityscape,1
2024-01-19,Dining,Cultural,1
2024-01-19,Dining,Dining,1
2024-01-19,Dining,Hotel,1
2024-01-19,Dining,Natural,2
2024-01-19,Entertainment,Cityscape,6
2024-01-19,Entertainment,Cultural,1
2024-01-19,Entertainment,Entertainment,11
2024-01-19,Entertainment,Hotel,2
2024-01-19,Entertainment,Outdoor,1
2024-01-19,Entertainment,Transit,1
2024-01-19,Entertainment,area,2
2024-01-19,Hotel,Dining,1
2024-01-19,Hotel,Entertainment,4
2024-01-19,Hotel,Natural,1
2024-01-19,Hotel,Shopping,1
2024-01-19,Natural,Entertainment,1
2024-01-19,Natural,Natural,1
2024-01-19,Natural,Outdoor,1
2024-01-19,Natural,Religious,1
2024-01-19,Natural,area,2
2024-01-19,Outdoor,Cultural,1
2024-01-19,Outdoor,Religious,2
2024-01-19,Outdoor,Shopping,1
2024-01-19,Outdoor,Transit,1
2024-01-19,Religious,Cityscape,1
2024-01-19,Religious,Natural,1
2024-01-19,Religious,Religious,4
2024-01-19,Religious,Shopping,1
2024-01-19,Religious,area,1
2024-01-19,Shopping,Cityscape,2
2024-01-19,Shopping,Entertainment,2
2024-01-19,Shopping,Hotel,1
2024-01-19,Shopping,Transit,1
2024-01-19,Shopping,area,1
2024-01-19,Transit,Cityscape,3
2024-01-19,Transit,Entertainment,4
2024-01-19,Transit,area,2
2024-01-19,area,Cityscape,1
2024-01-19,area,Dining,2
2024-01-19,area,Entertainment,1
2024-01-19,area,Outdoor,1
2024-01-19,area,Shopping,1
2024-01-19,area,Transit,1
2024-01-19,area,area,1
2024-01-20,Cityscape,Cultural,1
2024-01-20,Cityscape,Entertainment,5
2024-01-20,Cityscape,Hotel,1
2024-01-20,Cityscape,Religious,1
2024-01-20,Cityscape,Shopping,1
2024-01-20,Cityscape,Transit,3
2024-01-20,Cultural,Cityscape,1
2024-01-20,Cultural,Cultural,1
2024-01-20,Cultural,Entertainment,2
2024-01-20,Cultural,Natural,1
2024-01-20,Cultural,Religious,2
2024-01-20,Dining,Cityscape,1
2024-01-20,Dining,Entertainment,1
2024-01-20,Entertainment,Cityscape,4
2024-01-20,Entertainment,Cultural,1
2024-01-20,Entertainment,Dining,1
2024-01-20,Entertainment,Entertainment,5
2024-01-20,Entertainment,Hotel,3
2024-01-20,Entertainment,Natural,1
2024-01-20,Entertainment,Religious,1
2024-01-20,Entertainment,Transit,1
2024-01-20,Hotel,Cityscape,1
2024-01-20,Hotel,Dining,1
2024-01-20,Hotel,Entertainment,1
2024-01-20,Hotel,area,2
2024-01-20,Natural,Cultural,1
2024-01-20,Natural,Natural,1
2024-01-20,Natural,Outdoor,1
2024-01-20,Natural,Religious,4
2024-01-20,Natural,Shopping,1
2024-01-20,Natural,area,3
2024-01-20,Outdoor,Entertainment,1
2024-01-20,Outdoor,Natural,1
2024-01-20,Outdoor,Outdoor,1
2024-01-20,Religious,Dining,1
2024-01-20,Religious,Entertainment,2
2024-01-20,Religious,Natural,3
2024-01-20,Religious,Outdoor,1
2024-01-20,Religious,Religious,6
2024-01-20,Religious,Shopping,1
2024-01-20,Religious,Transit,1
2024-01-20,Religious,area,2
2024-01-20,Shopping,Cityscape,1
2024-01-20,Shopping,Dining,1
2024-01-20,Shopping,Entertainment,1
2024-01-20,Shopping,Natural,1
2024-01-20,Shopping,Religious,1
2024-01-20,Shopping,Transit,1
2024-01-20,Shopping,area,1
2024-01-20,Transit,Cityscape,4
2024-01-20,Transit,Hotel,1
2024-01-20,Transit,Natural,1
2024-01-20,Transit,Shopping,1
2024-01-20,Transit,area,3
2024-01-20,area,Cityscape,1
2024-01-20,area,Cultural,1
2024-01-20,area,Dining,1
2024-01-20,area,Entertainment,2
2024-01-20,area,Hotel,1
2024-01-20,area,Natural,4
2024-01-20,area,Religious,1
2024-01-20,area,Shopping,1
2024-01-20,area,Transit,1
2024-01-21,Cityscape,Cityscape,4
2024-01-21,Cityscape,Cultural,1
2024-01-21,Cityscape,Entertainment,2
2024-01-21,Cityscape,Religious,1
2024-01-21,Cityscape,Shopping,1
2024-01-21,Cityscape,Transit,3
2024-01-21,Cultural,Cityscape,1
2024-01-21,Cultural,Religious,1
2024-01-21,Dining,Dining,1
2024-01-21,Dining,Entertainment,1
2024-01-21,Dining,area,1
2024-01-21,Entertainment,Cityscape,2
2024-01-21,Entertainment,Dining,1
2024-01-21,Entertainment,Entertainment,5
2024-01-21,Entertainment,Hotel,1
2024-01-21,Entertainment,Natural,2
2024-01-21,Entertainment,Religious,1
2024-01-21,Entertainment,Shopping,2
2024-01-21,Entertainment,Transit,3
2024-01-21,Entertainment,area,1
2024-01-21,Hotel,Cityscape,1
2024-01-21,Hotel,Entertainment,1
2024-01-21,Hotel,Shopping,2
2024-01-21,Hotel,area,1
2024-01-21,Natural,Outdoor,1
2024-01-21,Natural,Religious,4
2024-01-21,Natural,Shopping,1
2024-01-21,Natural,area,1
2024-01-21,Outdoor,Cityscape,1
2024-01-21,Outdoor,Natural,1
2024-01-21,Outdoor,area,1
2024-01-21,Religious,Cityscape,1
2024-01-21,Religious,Dining,1
2024-01-21,Religious,Entertainment,1
2024-01-21,Religious,Natural,2
2024-01-21,Religious,Outdoor,1
2024-01-21,Religious,Shopping,1
2024-01-21,Religious,area,2
2024-01-21,Shopping,Cityscape,1
2024-01-21,Shopping,Entertainment,2
2024-01-21,Shopping,Hotel,2
2024-01-21,Shopping,Shopping,1
2024-01-21,Shopping,Transit,1
2024-01-21,Transit,Cityscape,2
2024-01-21,Transit,Cultural,1
2024-01-21,Transit,Entertainment,2
2024-01-21,Transit,Natural,1
2024-01-21,Transit,area,1
2024-01-21,area,Cityscape,1
2024-01-21,area,Dining,1
2024-01-21,area,Entertainment,1
2024-01-21,area,Religious,1
2024-01-21,area,Shopping,2
2024-01-21,area,Transit,2
2024-01-22,Cityscape,Cultural,1
2024-01-22,Cityscape,Dining,1
2024-01-22,Cityscape,Entertainment,2
2024-01-22,Cityscape,Natural,1
2024-01-22,Cityscape,Shopping,1
2024-01-22,Cityscape,Transit,1
2024-01-22,Cityscape,area,1
2024-01-22,Cultural,Cityscape,1
2024-01-22,Cultural,Dining,1
2024-01-22,Cultural,area,3
2024-01-22,Dining,Cityscape,2
2024-01-22,Dining,Entertainment,1
2024-01-22,Dining,Shopping,2
2024-01-22,Entertainment,Cityscape,6
2024-01-22,Entertainment,Cultural,1
2024-01-22,Entertainment,Entertainment,11
2024-01-22,Entertainment,Hotel,1
2024-01-22,Entertainment,Natural,2
2024-01-22,Entertainment,Religious,1
2024-01-22,Hotel,Entertainment,1
2024-01-22,Hotel,Transit,1
2024-01-22,Natural,Cultural,1
2024-01-22,Natural,Entertainment,1
2024-01-22,Natural,Religious,3
2024-01-22,Outdoor,Cityscape,1
2024-01-22,Outdoor,Outdoor,1
2024-01-22,Religious,Entertainment,1
2024-01-22,Religious,Natural,2
2024-01-22,Religious,Outdoor,1
2024-01-22,Religious,Religious,3
2024-01-22,Religious,Shopping,1
2024-01-22,Shopping,Cultural,1
2024-01-22,Shopping,Dining,1
2024-01-22,Shopping,Religious,1
2024-01-22,Transit,Cityscape,1
2024-01-22,Transit,Dining,1
2024-01-22,Transit,Entertainment,1
2024-01-22,Transit,Religious,1
2024-01-22,Transit,area,1
2024-01-22,area,Cityscape,1
2024-01-22,area,Cultural,2
2024-01-22,area,Dining,1
2024-01-22,area,Entertainment,1
2024-01-22,area,Hotel,1
2024-01-22,area,Natural,1
2024-01-22,area,Shopping,1
2024-01-22,area,area,3
2024-01-23,Cityscape,Cityscape,3
2024-01-23,Cityscape,Entertainment,2
2024-01-23,Cityscape,area,1
2024-01-23,Cultural,Entertainment,2
2024-01-23,Cultural,area,1
2024-01-23,Dining,Entertainment,1
2024-01-23,Dining,area,1
2024-01-23,Entertainment,Cityscape,3
2024-01-23,Entertainment,Cultural,3
2024-01-23,Entertainment,Entertainment,9
2024-01-23,Entertainment,Hotel,2
2024-01-23,Entertainment,Religious,1
2024-01-23,Entertainment,Transit,2
2024-01-23,Entertainment,area,5
2024-01-23,Hotel,Cityscape,1
2024-01-23,Hotel,Entertainment,3
2024-01-23,Hotel,Hotel,1
2024-01-23,Natural,Cityscape,1
2024-01-23,Religious,Cultural,1
2024-01-23,Religious,Hotel,1
2024-01-23,Religious,Natural,1
2024-01-23,Religious,Religious,1
2024-01-23,Religious,area,1
2024-01-23,Shopping,Religious,2
2024-01-23,Transit,Cityscape,1
2024-01-23,Transit,Entertainment,1
2024-01-23,Transit,Transit,1
2024-01-23,area,Cityscape,1
2024-01-23,area,Cultural,1
2024-01-23,area,Entertainment,2
2024-01-23,area,Shopping,3
2024-01-23,area,area,2
2024-01-24,Cityscape,Cityscape,4
2024-01-24,Cityscape,Cultural,1
2024-01-24,Cityscape,Dining,2
2024-01-24,Cityscape,Hotel,1
2024-01-24,Cityscape,Outdoor,3
2024-01-24,Cityscape,Shopping,1
2024-01-24,Cityscape,Transit,1
2024-01-24,Cityscape,area,2
2024-01-24,Cultural,Cultural,1
2024-01-24,Cultural,Dining,1
2024-01-24,Cultural,Transit,1
2024-01-24,Dining,Cityscape,1
2024-01-24,Dining,Shopping,1
2024-01-24,Dining,Transit,1
2024-01-24,Dining,area,1
2024-01-24,Entertainment,Cityscape,1
2024-01-24,Entertainment,Entertainment,14
2024-01-24,Entertainment,Hotel,3
2024-01-24,Entertainment,Natural,1
2024-01-24,Entertainment,Shopping,1
2024-01-24,Entertainment,Transit,2
2024-01-24,Entertainment,area,2
2024-01-24,Hotel,Entertainment,3
2024-01-24,Hotel,Hotel,1
2024-01-24,Hotel,Transit,1
2024-01-24,Natural,Entertainment,1
2024-01-24,Natural,Outdoor,1
2024-01-24,Natural,Religious,2
2024-01-24,Natural,Shopping,1
2024-01-24,Natural,area,1
2024-01-24,Outdoor,Cityscape,2
2024-01-24,Outdoor,Entertainment,1
2024-01-24,Outdoor,Religious,1
2024-01-24,Religious,Natural,2
2024-01-24,Shopping,Cityscape,1
2024-01-24,Shopping,Dining,1
2024-01-24,Shopping,Entertainment,1
2024-01-24,Shopping,Hotel,1
2024-01-24,Shopping,Shopping,2
2024-01-24,Shopping,Transit,1
2024-01-24,Shopping,area,1
2024-01-24,Transit,Cityscape,2
2024-01-24,Transit,Cultural,1
2024-01-24,Transit,Entertainment,2
2024-01-24,Transit,Natural,1
2024-01-24,Transit,area,1
2024-01-24,area,Cityscape,4
2024-01-24,area,Cultural,1
2024-01-24,area,Entertainment,2
2024-01-24,area,Natural,1
2024-01-24,area,Shopping,1
2024-01-24,area,area,3
2024-01-25,Cityscape,Cityscape,3
2024-01-25,Cityscape,Cultural,1
2024-01-25,Cityscape,Entertainment,3
2024-01-25,Cityscape,Natural,1
2024-01-25,Cityscape,Shopping,1
2024-01-25,Cityscape,area,1
2024-01-25,Cultural,Entertainment,1
2024-01-25,Cultural,Natural,1
2024-01-25,Cultural,area,1
2024-01-25,Dining,Entertainment,1
2024-01-25,Entertainment,Cityscape,2
2024-01-25,Entertainment,Dining,1
2024-01-25,Entertainment,Entertainment,10
2024-01-25,Entertainment,Natural,2
2024-01-25,Entertainment,Shopping,1
2024-01-25,Entertainment,Transit,3
2024-01-25,Entertainment,area,2
2024-01-25,Natural,Cultural,1
2024-01-25,Natural,Entertainment,2
2024-01-25,Natural,Outdoor,1
2024-01-25,Natural,Religious,2
2024-01-25,Religious,Cityscape,1
2024-01-25,Religious,Natural,1
2024-01-25,Shopping,Cityscape,1
2024-01-25,Shopping,Entertainment,1
2024-01-25,Shopping,area,2
2024-01-25,Transit,Cityscape,2
2024-01-25,Transit,Entertainment,4
2024-01-25,Transit,Religious,1
2024-01-25,Transit,Shopping,1
2024-01-25,area,Cityscape,3
2024-01-25,area,Cultural,1
2024-01-25,area,Natural,3
2024-01-25,area,Shopping,1
2024-01-25,area,Transit,1
2024-01-26,Cityscape,Cityscape,3
2024-01-26,Cityscape,Cultural,4
2024-01-26,Cityscape,Entertainment,6
2024-01-26,Cityscape,Hotel,1
2024-01-26,Cityscape,Natural,3
2024-01-26,Cityscape,Outdoor,1
2024-01-26,Cityscape,Shopping,3
2024-01-26,Cityscape,Transit,2
2024-01-26,Cityscape,area,4
2024-01-26,Cultural,Cityscape,2
2024-01-26,Cultural,Cultural,1
2024-01-26,Cultural,Hotel,1
2024-01-26,Cultural,Shopping,1
2024-01-26,Cultural,area,1
2024-01-26,Dining,Dining,1
2024-01-26,Dining,Entertainment,1
2024-01-26,Dining,Hotel,1
2024-01-26,Dining,area,1
2024-01-26,Entertainment,Cityscape,9
2024-01-26,Entertainment,Entertainment,21
2024-01-26,Entertainment,Hotel,3
2024-01-26,Entertainment,Natural,3
2024-01-26,Entertainment,Outdoor,1
2024-01-26,Entertainment,Religious,1
2024-01-26,Entertainment,Shopping,3
2024-01-26,Entertainment,Transit,2
2024-01-26,Hotel,Cityscape,1
2024-01-26,Hotel,Cultural,1
2024-01-26,Hotel,Dining,1
2024-01-26,Hotel,Entertainment,2
2024-01-26,Hotel,area,1
2024-01-26,Natural,Entertainment,3
2024-01-26,Natural,Hotel,1
2024-01-26,Natural,area,1
2024-01-26,Outdoor,Cityscape,1
2024-01-26,Outdoor,area,1
2024-01-26,Religious,Cityscape,2
2024-01-26,Religious,Dining,1
2024-01-26,Religious,Religious,1
2024-01-26,Shopping,Cityscape,4
2024-01-26,Shopping,Entertainment,2
2024-01-26,Transit,Cityscape,6
2024-01-26,Transit,Entertainment,3
2024-01-26,Transit,Transit,2
2024-01-26,Transit,area,1
2024-01-26,area,Cityscape,6
2024-01-26,area,Dining,2
2024-01-26,area,Entertainment,1
2024-01-26,area,Hotel,2
2024-01-26,area,Natural,1
2024-01-26,area,Religious,1
2024-01-26,area,Shopping,1
2024-01-26,area,Transit,2
2024-01-26,area,area,3
2024-01-27,Cityscape,Cityscape,8
2024-01-27,Cityscape,Cultural,4
2024-01-27,Cityscape,Dining,1
2024-01-27,Cityscape,Entertainment,8
2024-01-27,Cityscape,Hotel,1
2024-01-27,Cityscape,Natural,2
2024-01-27,Cityscape,Religious,2
2024-01-27,Cityscape,Shopping,1
2024-01-27,Cityscape,area,1
2024-01-27,Cultural,Cityscape,3
2024-01-27,Cultural,Cultural,1
2024-01-27,Cultural,Entertainment,2
2024-01-27,Cultural,Natural,4
2024-01-27,Cultural,Religious,2
2024-01-27,Cultural,Shopping,2
2024-01-27,Dining,Cityscape,1
2024-01-27,Dining,Dining,1
2024-01-27,Dining,Entertainment,2
2024-01-27,Dining,Religious,1
2024-01-27,Entertainment,Cityscape,8
2024-01-27,Entertainment,Cultural,1
2024-01-27,Entertainment,Dining,1
2024-01-27,Entertainment,Entertainment,24
2024-01-27,Entertainment,Hotel,1
2024-01-27,Entertainment,Natural,2
2024-01-27,Entertainment,Religious,1
2024-01-27,Entertainment,Shopping,3
2024-01-27,Entertainment,Transit,5
2024-01-27,Entertainment,area,3
2024-01-27,Natural,Cityscape,3
2024-01-27,Natural,Cultural,3
2024-01-27,Natural,Entertainment,4
2024-01-27,Natural,Outdoor,2
2024-01-27,Natural,Religious,9
2024-01-27,Natural,area,2
2024-01-27,Outdoor,Entertainment,1
2024-01-27,Outdoor,Natural,2
2024-01-27,Religious,Cultural,3
2024-01-27,Religious,Dining,1
2024-01-27,Religious,Entertainment,1
2024-01-27,Religious,Natural,10
2024-01-27,Religious,Outdoor,1
2024-01-27,Religious,Religious,5
2024-01-27,Religious,Shopping,2
2024-01-27,Religious,area,1
2024-01-27,Shopping,Cityscape,1
2024-01-27,Shopping,Dining,1
2024-01-27,Shopping,Entertainment,2
2024-01-27,Shopping,Religious,1
2024-01-27,Shopping,Shopping,1
2024-01-27,Shopping,area,1
2024-01-27,Transit,Cityscape,2
2024-01-27,Transit,Entertainment,5
2024-01-27,Transit,Shopping,1
2024-01-27,Transit,area,1
2024-01-27,area,Cityscape,3
2024-01-27,area,Cultural,1
2024-01-27,area,Entertainment,1
2024-01-27,area,Natural,2
2024-01-27,area,Religious,1
2024-01-27,area,Transit,1
2024-01-27,area,area,4
2024-01-28,Cityscape,Cityscape,1
2024-01-28,Cityscape,Cultural,4
2024-01-28,Cityscape,Entertainment,9
2024-01-28,Cityscape,Religious,1
2024-01-28,Cityscape,Shopping,1
2024-01-28,Cityscape,area,2
2024-01-28,Cultural,Cityscape,3
2024-01-28,Cultural,Entertainment,4
2024-01-28,Cultural,Hotel,1
2024-01-28,Cultural,Natural,2
2024-01-28,Cultural,Religious,2
2024-01-28,Entertainment,Cityscape,7
2024-01-28,Entertainment,Cultural,2
2024-01-28,Entertainment,Entertainment,17
2024-01-28,Entertainment,Hotel,1
2024-01-28,Entertainment,Natural,2
2024-01-28,Entertainment,Religious,2
2024-01-28,Entertainment,Transit,4
2024-01-28,Entertainment,area,6
2024-01-28,Hotel,Cityscape,1
2024-01-28,Hotel,Shopping,3
2024-01-28,Hotel,Transit,1
2024-01-28,Natural,Cultural,2
2024-01-28,Natural,Entertainment,1
2024-01-28,Natural,Natural,1
2024-01-28,Natural,Outdoor,1
2024-01-28,Natural,Religious,3
2024-01-28,Natural,Transit,1
2024-01-28,Natural,area,3
2024-01-28,Outdoor,Hotel,1
2024-01-28,Religious,Cityscape,1
2024-01-28,Religious,Entertainment,2
2024-01-28,Religious,Natural,5
2024-01-28,Religious,Religious,5
2024-01-28,Religious,Shopping,4
2024-01-28,Religious,area,2
2024-01-28,School,Entertainment,1
2024-01-28,Shopping,Entertainment,3
2024-01-28,Shopping,Hotel,1
2024-01-28,Shopping,Religious,3
2024-01-28,Shopping,area,2
2024-01-28,Transit,Cityscape,2
2024-01-28,Transit,Entertainment,4
2024-01-28,Transit,Hotel,1
2024-01-28,Transit,Religious,1
2024-01-28,Transit,School,1
2024-01-28,Transit,area,1
2024-01-28,area,Cityscape,2
2024-01-28,area,Cultural,3
2024-01-28,area,Dining,1
2024-01-28,area,Entertainment,6
2024-01-28,area,Natural,2
2024-01-28,area,Outdoor,1
2024-01-28,area,Religious,1
2024-01-28,area,Shopping,2
2024-01-28,area,Transit,1
2024-01-28,area,area,4
2024-01-29,Cityscape,Cityscape,1
2024-01-29,Cityscape,Entertainment,7
2024-01-29,Cityscape,Natural,1
2024-01-29,Cityscape,Shopping,1
2024-01-29,Cityscape,Transit,3
2024-01-29,Cityscape,area,1
2024-01-29,Cultural,Cityscape,1
2024-01-29,Cultural,Cultural,1
2024-01-29,Cultural,Entertainment,1
2024-01-29,Cultural,Natural,1
2024-01-29,Cultural,Outdoor,1
2024-01-29,Cultural,Religious,1
2024-01-29,Cultural,area,1
2024-01-29,Dining,Cityscape,1
2024-01-29,Dining,Entertainment,1
2024-01-29,Dining,Religious,1
2024-01-29,Dining,area,1
2024-01-29,Entertainment,Cityscape,8
2024-01-29,Entertainment,Cultural,2
2024-01-29,Entertainment,Dining,1
2024-01-29,Entertainment,Entertainment,21
2024-01-29,Entertainment,Natural,2
2024-01-29,Entertainment,Religious,2
2024-01-29,Hotel,Cultural,1
2024-01-29,Hotel,Entertainment,2
2024-01-29,Natural,Cultural,1
2024-01-29,Natural,Dining,1
2024-01-29,Outdoor,Natural,1
2024-01-29,Religious,Entertainment,2
2024-01-29,Religious,Natural,2
2024-01-29,Religious,Religious,2
2024-01-29,Religious,Shopping,2
2024-01-29,Religious,area,1
2024-01-29,Shopping,Cityscape,1
2024-01-29,Shopping,Entertainment,2
2024-01-29,Shopping,Religious,1
2024-01-29,Shopping,Shopping,2
2024-01-29,Shopping,area,1
2024-01-29,Transit,Cityscape,4
2024-01-29,Transit,Cultural,1
2024-01-29,Transit,Dining,1
2024-01-29,Transit,Entertainment,1
2024-01-29,Transit,Religious,1
2024-01-29,Transit,Shopping,1
2024-01-29,Transit,Transit,1
2024-01-29,Transit,area,1
2024-01-29,area,Cultural,1
2024-01-29,area,Dining,2
2024-01-29,area,Entertainment,1
2024-01-29,area,Religious,2
2024-01-29,area,Transit,1
2024-01-29,area,area,1
2024-01-30,Cityscape,Cityscape,7
2024-01-30,Cityscape,Cultural,1
2024-01-30,Cityscape,Dining,1
2024-01-30,Cityscape,Entertainment,4
2024-01-30,Cityscape,Religious,2
2024-01-30,Cityscape,Shopping,1
2024-01-30,Cultural,Cityscape,1
2024-01-30,Dining,Entertainment,1
2024-01-30,Dining,Hotel,2
2024-01-30,Dining,area,1
2024-01-30,Entertainment,Cityscape,8
2024-01-30,Entertainment,Cultural,1
2024-01-30,Entertainment,Dining,3
2024-01-30,Entertainment,Entertainment,37
2024-01-30,Entertainment,Hotel,2
2024-01-30,Entertainment,Natural,1
2024-01-30,Entertainment,Shopping,1
2024-01-30,Entertainment,area,1
2024-01-30,Hotel,Dining,2
2024-01-30,Hotel,Entertainment,4
2024-01-30,Hotel,Shopping,1
2024-01-30,Natural,Cityscape,2
2024-01-30,Natural,Entertainment,1
2024-01-30,Natural,Religious,2
2024-01-30,Natural,area,2
2024-01-30,Outdoor,Cityscape,1
2024-01-30,Religious,Entertainment,2
2024-01-30,Religious,Natural,1
2024-01-30,Religious,Religious,1
2024-01-30,Religious,Shopping,2
2024-01-30,Religious,area,1
2024-01-30,Shopping,Entertainment,2
2024-01-30,Shopping,Transit,1
2024-01-30,Transit,Entertainment,4
2024-01-30,Transit,Natural,1
2024-01-30,Transit,Religious,1
2024-01-30,Transit,area,1
2024-01-30,area,Cityscape,2
2024-01-30,area,Dining,1
2024-01-30,area,Entertainment,1
2024-01-30,area,Outdoor,1
2024-01-31,Cityscape,Cityscape,4
2024-01-31,Cityscape,Cultural,1
2024-01-31,Cityscape,Dining,1
2024-01-31,Cityscape,Entertainment,4
2024-01-31,Cityscape,Outdoor,2
2024-01-31,Cityscape,Religious,1
2024-01-31,Cityscape,Shopping,3
2024-01-31,Cityscape,Sport,1
2024-01-31,Cityscape,Transit,1
2024-01-31,Cityscape,area,3
2024-01-31,Cultural,Cultural,5
2024-01-31,Cultural,Entertainment,1
2024-01-31,Cultural,Transit,1
2024-01-31,Cultural,area,1
2024-01-31,Dining,Cityscape,1
2024-01-31,Dining,Dining,1
2024-01-31,Dining,Shopping,1
2024-01-31,Dining,area,2
2024-01-31,Entertainment,Cityscape,5
2024-01-31,Entertainment,Cultural,1
2024-01-31,Entertainment,Entertainment,16
2024-01-31,Entertainment,Hotel,2
2024-01-31,Entertainment,Shopping,3
2024-01-31,Entertainment,Transit,2
2024-01-31,Hotel,Entertainment,1
2024-01-31,Natural,Entertainment,1
2024-01-31,Natural,Religious,2
2024-01-31,Outdoor,Cityscape,1
2024-01-31,Outdoor,area,1
2024-01-31,Religious,Cultural,1
2024-01-31,Religious,Entertainment,3
2024-01-31,Religious,area,2
2024-01-31,Shopping,Cityscape,3
2024-01-31,Shopping,Dining,1
2024-01-31,Shopping,Entertainment,5
2024-01-31,Shopping,Shopping,2
2024-01-31,Shopping,area,1
2024-01-31,Transit,Cityscape,3
2024-01-31,Transit,Entertainment,1
2024-01-31,Transit,area,1
2024-01-31,area,Cityscape,2
2024-01-31,area,Cultural,1
2024-01-31,area,Dining,3
2024-01-31,area,Religious,1
2024-01-31,area,Shopping,2
2024-02-01,Cityscape,Cityscape,1
2024-02-01,Cityscape,Entertainment,5
2024-02-01,Cityscape,Natural,1
2024-02-01,Cityscape,Shopping,1
2024-02-01,Cityscape,area,1
2024-02-01,Cultural,Cityscape,1
2024-02-01,Cultural,Cultural,1
2024-02-01,Cultural,Religious,1
2024-02-01,Cultural,area,3
2024-02-01,Dining,Cultural,1
2024-02-01,Entertainment,Cityscape,5
2024-02-01,Entertainment,Entertainment,19
2024-02-01,Entertainment,Natural,1
2024-02-01,Entertainment,Transit,2
2024-02-01,Hotel,area,2
2024-02-01,Natural,Cultural,1
2024-02-01,Natural,Entertainment,1
2024-02-01,Natural,Religious,2
2024-02-01,Natural,area,1
2024-02-01,Outdoor,Natural,1
2024-02-01,Religious,Entertainment,1
2024-02-01,Religious,Natural,1
2024-02-01,Religious,Outdoor,1
2024-02-01,Religious,Religious,1
2024-02-01,Shopping,Shopping,2
2024-02-01,Transit,Cityscape,2
2024-02-01,Transit,Entertainment,4
2024-02-01,Transit,Hotel,1
2024-02-01,Transit,Natural,1
2024-02-01,area,Cityscape,2
2024-02-01,area,Cultural,4
2024-02-01,area,Dining,1
2024-02-01,area,Outdoor,1
2024-02-01,area,Shopping,2
2024-02-01,area,Transit,1
2024-02-02,Cityscape,Cityscape,2
2024-02-02,Cityscape,Cultural,2
2024-02-02,Cityscape,Dining,1
2024-02-02,Cityscape,Entertainment,3
2024-02-02,Cityscape,Hotel,2
2024-02-02,Cityscape,Shopping,2
2024-02-02,Cityscape,Transit,2
2024-02-02,Cityscape,area,1
2024-02-02,Cultural,Entertainment,2
2024-02-02,Cultural,Hotel,1
2024-02-02,Cultural,Natural,1
2024-02-02,Cultural,Transit,1
2024-02-02,Dining,Cityscape,1
2024-02-02,Dining,Dining,2
2024-02-02,Entertainment,Cityscape,4
2024-02-02,Entertainment,Cultural,3
2024-02-02,Entertainment,Entertainment,7
2024-02-02,Entertainment,Hotel,2
2024-02-02,Entertainment,Natural,1
2024-02-02,Entertainment,Religious,2
2024-02-02,Entertainment,Transit,1
2024-02-02,Entertainment,area,1
2024-02-02,Hotel,Cityscape,2
2024-02-02,Hotel,Entertainment,2
2024-02-02,Natural,Entertainment,1
2024-02-02,Outdoor,area,1
2024-02-02,Religious,Cityscape,1
2024-02-02,Religious,Entertainment,1
2024-02-02,Religious,Transit,1
2024-02-02,Shopping,Religious,1
2024-02-02,Shopping,Shopping,1
2024-02-02,Shopping,Transit,1
2024-02-02,Shopping,area,1
2024-02-02,Transit,Cityscape,3
2024-02-02,Transit,Entertainment,1
2024-02-02,Transit,Hotel,2
2024-02-02,Transit,Transit,4
2024-02-02,Transit,area,1
2024-02-02,area,Cityscape,3
2024-02-02,area,Entertainment,1
2024-02-02,area,Religious,1
2024-02-02,area,Shopping,1
2024-02-02,area,area,4
2024-02-03,Cityscape,Cityscape,5
2024-02-03,Cityscape,Cultural,2
2024-02-03,Cityscape,Dining,2
2024-02-03,Cityscape,Entertainment,10
2024-02-03,Cityscape,Natural,1
2024-02-03,Cityscape,Transit,1
2024-02-03,Cityscape,area,1
2024-02-03,Cultural,Cityscape,2
2024-02-03,Cultural,Cultural,2
2024-02-03,Cultural,area,1
2024-02-03,Dining,Entertainment,3
2024-02-03,Dining,Religious,1
2024-02-03,Entertainment,Cityscape,13
2024-02-03,Entertainment,Cultural,1
2024-02-03,Entertainment,Dining,1
2024-02-03,Entertainment,Entertainment,37
2024-02-03,Entertainment,Hotel,1
2024-02-03,Entertainment,Natural,2
2024-02-03,Entertainment,Shopping,1
2024-02-03,Entertainment,Transit,2
2024-02-03,Entertainment,area,2
2024-02-03,Hotel,Entertainment,1
2024-02-03,Hotel,Shopping,2
2024-02-03,Natural,Entertainment,3
2024-02-03,Natural,Hotel,1
2024-02-03,Religious,Entertainment,1
2024-02-03,Religious,Natural,1
2024-02-03,Religious,Religious,2
2024-02-03,Religious,Shopping,1
2024-02-03,Shopping,Entertainment,1
2024-02-03,Shopping,Hotel,1
2024-02-03,Shopping,Shopping,2
2024-02-03,Shopping,area,1
2024-02-03,Transit,Cityscape,3
2024-02-03,Transit,Cultural,1
2024-02-03,Transit,Dining,1
2024-02-03,Transit,Entertainment,5
2024-02-03,area,Cultural,1
2024-02-03,area,Entertainment,1
2024-02-03,area,Hotel,1
2024-02-03,area,Natural,1
2024-02-03,area,Shopping,1
2024-02-03,area,Transit,1
2024-02-03,area,area,1
2024-02-04,Cityscape,Cityscape,7
2024-02-04,Cityscape,Entertainment,7
2024-02-04,Cityscape,Hotel,1
2024-02-04,Cityscape,Shopping,2
2024-02-04,Cityscape,Transit,2
2024-02-04,Cityscape,area,1
2024-02-04,Cultural,Cityscape,1
2024-02-04,Cultural,Entertainment,1
2024-02-04,Cultural,Shopping,1
2024-02-04,Cultural,Transit,1
2024-02-04,Cultural,area,1
2024-02-04,Dining,Cityscape,2
2024-02-04,Dining,Dining,1
2024-02-04,Dining,Transit,1
2024-02-04,Entertainment,Cityscape,6
2024-02-04,Entertainment,Cultural,1
2024-02-04,Entertainment,Entertainment,7
2024-02-04,Entertainment,Hotel,1
2024-02-04,Entertainment,Natural,1
2024-02-04,Entertainment,Religious,1
2024-02-04,Entertainment,Shopping,1
2024-02-04,Entertainment,Transit,2
2024-02-04,Entertainment,area,2
2024-02-04,Hotel,Cityscape,1
2024-02-04,Hotel,Entertainment,3
2024-02-04,Hotel,Transit,1
2024-02-04,Hotel,area,2
2024-02-04,Natural,Cityscape,2
2024-02-04,Natural,Cultural,1
2024-02-04,Natural,Religious,1
2024-02-04,Natural,area,1
2024-02-04,Religious,Natural,1
2024-02-04,Religious,Religious,3
2024-02-04,Religious,Shopping,2
2024-02-04,Shopping,Cityscape,3
2024-02-04,Shopping,Cultural,2
2024-02-04,Shopping,Dining,1
2024-02-04,Shopping,Entertainment,2
2024-02-04,Shopping,Hotel,1
2024-02-04,Shopping,Natural,1
2024-02-04,Shopping,Religious,2
2024-02-04,Shopping,Shopping,2
2024-02-04,Shopping,Transit,2
2024-02-04,Transit,Cityscape,2
2024-02-04,Transit,Cultural,2
2024-02-04,Transit,Dining,2
2024-02-04,Transit,Entertainment,3
2024-02-04,Transit,Hotel,1
2024-02-04,Transit,Shopping,4
2024-02-04,Transit,Transit,1
2024-02-04,Transit,area,1
2024-02-04,area,Cityscape,3
2024-02-04,area,Entertainment,1
2024-02-04,area,Hotel,1
2024-02-04,area,Shopping,3
2024-02-04,area,area,1
2024-02-05,Cityscape,Cityscape,6
2024-02-05,Cityscape,Cultural,2
2024-02-05,Cityscape,Dining,1
2024-02-05,Cityscape,Entertainment,5
2024-02-05,Cityscape,Hotel,1
2024-02-05,Cityscape,Natural,2
2024-02-05,Cityscape,Shopping,1
2024-02-05,Cityscape,Transit,1
2024-02-05,Cityscape,area,4
2024-02-05,Cultural,Transit,1
2024-02-05,Dining,Cityscape,2
2024-02-05,Dining,Dining,3
2024-02-05,Dining,Entertainment,1
2024-02-05,Dining,Hotel,1
2024-02-05,Entertainment,Cityscape,11
2024-02-05,Entertainment,Cultural,1
2024-02-05,Entertainment,Entertainment,21
2024-02-05,Entertainment,Natural,4
2024-02-05,Entertainment,Religious,2
2024-02-05,Entertainment,Shopping,3
2024-02-05,Entertainment,Transit,1
2024-02-05,Entertainment,area,1
2024-02-05,Hotel,Transit,1
2024-02-05,Hotel,area,2
2024-02-05,Natural,Cityscape,2
2024-02-05,Natural,Entertainment,1
2024-02-05,Natural,Religious,2
2024-02-05,Natural,area,1
2024-02-05,Religious,Cityscape,1
2024-02-05,Religious,Entertainment,1
2024-02-05,Religious,Natural,3
2024-02-05,Religious,Religious,5
2024-02-05,Religious,Shopping,1
2024-02-05,Religious,area,1
2024-02-05,Shopping,Dining,1
2024-02-05,Shopping,Entertainment,4
2024-02-05,Shopping,Hotel,1
2024-02-05,Shopping,Religious,1
2024-02-05,Shopping,area,2
2024-02-05,Sport,Cultural,1
2024-02-05,Transit,Cityscape,2
2024-02-05,Transit,Entertainment,5
2024-02-05,Transit,Sport,1
2024-02-05,Transit,area,3
2024-02-05,area,Cityscape,2
2024-02-05,area,Cultural,1
2024-02-05,area,Dining,1
2024-02-05,area,Entertainment,5
2024-02-05,area,Hotel,1
2024-02-05,area,Religious,1
2024-02-05,area,Shopping,2
2024-02-05,area,Transit,3
2024-02-05,area,area,2
2024-02-06,Cityscape,Cityscape,4
2024-02-06,Cityscape,Cultural,2
2024-02-06,Cityscape,Dining,1
2024-02-06,Cityscape,Entertainment,2
2024-02-06,Cityscape,Shopping,2
2024-02-06,Cityscape,Transit,1
2024-02-06,Cityscape,area,4
2024-02-06,Cultural,Cityscape,3
2024-02-06,Cultural,Cultural,4
2024-02-06,Cultural,Entertainment,1
2024-02-06,Cultural,Natural,1
2024-02-06,Cultural,Religious,1
2024-02-06,Cultural,Shopping,1
2024-02-06,Cultural,Transit,1
2024-02-06,Cultural,area,2
2024-02-06,Dining,Cultural,1
2024-02-06,Dining,Entertainment,3
2024-02-06,Dining,Shopping,1
2024-02-06,Dining,area,1
2024-02-06,Entertainment,Cityscape,4
2024-02-06,Entertainment,Dining,2
2024-02-06,Entertainment,Entertainment,24
2024-02-06,Entertainment,Natural,1
2024-02-06,Entertainment,Outdoor,1
2024-02-06,Entertainment,Shopping,1
2024-02-06,Entertainment,Transit,2
2024-02-06,Entertainment,area,3
2024-02-06,Hotel,Entertainment,1
2024-02-06,Natural,Religious,2
2024-02-06,Natural,area,2
2024-02-06,Outdoor,Entertainment,1
2024-02-06,Religious,Cultural,1
2024-02-06,Religious,Entertainment,1
2024-02-06,Religious,Natural,3
2024-02-06,Religious,Religious,3
2024-02-06,Religious,Shopping,1
2024-02-06,Religious,area,2
2024-02-06,Shopping,Entertainment,1
2024-02-06,Shopping,Natural,1
2024-02-06,Shopping,Religious,1
2024-02-06,Transit,Cityscape,1
2024-02-06,Transit,Entertainment,2
2024-02-06,Transit,Religious,3
2024-02-06,Transit,area,1
2024-02-06,area,Cityscape,2
2024-02-06,area,Cultural,4
2024-02-06,area,Dining,2
2024-02-06,area,Entertainment,3
2024-02-06,area,Natural,2
2024-02-06,area,Religious,2
2024-02-06,area,Transit,1
2024-02-06,area,area,5
2024-02-07,Cityscape,Cityscape,2
2024-02-07,Cityscape,Cultural,1
2024-02-07,Cityscape,Dining,2
2024-02-07,Cityscape,Entertainment,2
2024-02-07,Cityscape,Natural,1
2024-02-07,Cityscape,Religious,2
2024-02-07,Cityscape,Shopping,2
2024-02-07,Cityscape,Transit,1
2024-02-07,Cultural,Cityscape,1
2024-02-07,Cultural,Natural,1
2024-02-07,Cultural,Outdoor,1
2024-02-07,Dining,Cultural,1
2024-02-07,Dining,Dining,1
2024-02-07,Dining,Shopping,1
2024-02-07,Dining,area,2
2024-02-07,Entertainment,Cityscape,2
2024-02-07,Entertainment,Cultural,1
2024-02-07,Entertainment,Dining,1
2024-02-07,Entertainment,Entertainment,1
2024-02-07,Entertainment,Natural,1
2024-02-07,Entertainment,area,1
2024-02-07,Natural,Cityscape,1
2024-02-07,Natural,Religious,1
2024-02-07,Natural,area,3
2024-02-07,Outdoor,Natural,1
2024-02-07,Religious,Entertainment,1
2024-02-07,Religious,Natural,2
2024-02-07,Religious,Religious,3
2024-02-07,Shopping,Cityscape,2
2024-02-07,Shopping,Cultural,2
2024-02-07,Transit,Cityscape,3
2024-02-07,Transit,Entertainment,2
2024-02-07,area,Dining,2
2024-02-07,area,Natural,2
2024-02-07,area,Religious,1
2024-02-08,Cityscape,Cultural,1
2024-02-08,Cityscape,Shopping,2
2024-02-08,Cityscape,area,3
2024-02-08,Cultural,Cityscape,2
2024-02-08,Cultural,Dining,1
2024-02-08,Cultural,area,1
2024-02-08,Dining,Transit,1
2024-02-08,Entertainment,Cultural,2
2024-02-08,Entertainment,Entertainment,3
2024-02-08,Entertainment,Shopping,1
2024-02-08,Entertainment,Transit,4
2024-02-08,Hotel,Shopping,1
2024-02-08,Hotel,area,1
2024-02-08,Natural,Natural,2
2024-02-08,Natural,Religious,2
2024-02-08,Natural,Transit,1
2024-02-08,Outdoor,area,1
2024-02-08,Religious,Cultural,1
2024-02-08,Religious,Natural,1
2024-02-08,Religious,Religious,1
2024-02-08,Religious,Shopping,1
2024-02-08,Religious,area,2
2024-02-08,Shopping,Cityscape,2
2024-02-08,Shopping,Entertainment,1
2024-02-08,Shopping,Religious,1
2024-02-08,Shopping,area,1
2024-02-08,Transit,Cityscape,2
2024-02-08,Transit,Entertainment,4
2024-02-08,Transit,Religious,1
2024-02-08,Transit,Transit,1
2024-02-08,Transit,area,1
2024-02-08,area,Cityscape,2
2024-02-08,area,Dining,1
2024-02-08,area,Hotel,1
2024-02-08,area,Natural,2
2024-02-08,area,Outdoor,1
2024-02-08,area,Religious,3
2024-02-08,area,Transit,1
2024-02-08,area,area,1
2024-02-09,Cityscape,Cityscape,3
2024-02-09,Cityscape,Cultural,4
2024-02-09,Cityscape,Dining,1
2024-02-09,Cityscape,Entertainment,1
2024-02-09,Cityscape,Hotel,1
2024-02-09,Cityscape,Natural,2
2024-02-09,Cityscape,Religious,1
2024-02-09,Cityscape,Shopping,2
2024-02-09,Cityscape,Transit,1
2024-02-09,Cityscape,area,3
2024-02-09,Cultural,Cityscape,3
2024-02-09,Cultural,Dining,2
2024-02-09,Cultural,Entertainment,2
2024-02-09,Cultural,Natural,2
2024-02-09,Cultural,Religious,1
2024-02-09,Cultural,Shopping,1
2024-02-09,Cultural,area,1
2024-02-09,Dining,Cityscape,2
2024-02-09,Dining,Cultural,1
2024-02-09,Dining,Dining,1
2024-02-09,Dining,Entertainment,2
2024-02-09,Dining,Religious,1
2024-02-09,Dining,area,1
2024-02-09,Entertainment,Cityscape,4
2024-02-09,Entertainment,Cultural,2
2024-02-09,Entertainment,Dining,1
2024-02-09,Entertainment,Entertainment,8
2024-02-09,Entertainment,Natural,1
2024-02-09,Entertainment,Shopping,1
2024-02-09,Entertainment,Transit,1
2024-02-09,Entertainment,area,1
2024-02-09,Hotel,Cityscape,1
2024-02-09,Natural,Cultural,2
2024-02-09,Natural,Entertainment,2
2024-02-09,Natural,Religious,4
2024-02-09,Natural,Transit,1
2024-02-09,Natural,area,2
2024-02-09,Religious,Cityscape,1
2024-02-09,Religious,Entertainment,1
2024-02-09,Religious,Natural,3
2024-02-09,Religious,Religious,5
2024-02-09,Religious,Transit,1
2024-02-09,Religious,area,1
2024-02-09,Shopping,Cityscape,3
2024-02-09,Shopping,Entertainment,2
2024-02-09,Shopping,Natural,1
2024-02-09,Shopping,area,1
2024-02-09,Transit,Cultural,2
2024-02-09,Transit,Entertainment,3
2024-02-09,Transit,area,1
2024-02-09,area,Cultural,1
2024-02-09,area,Dining,3
2024-02-09,area,Entertainment,1
2024-02-09,area,Natural,2
2024-02-09,area,area,1
2024-02-10,Cityscape,Cityscape,4
2024-02-10,Cityscape,Cultural,2
2024-02-10,Cityscape,Dining,1
2024-02-10,Cityscape,Entertainment,1
2024-02-10,Cityscape,Outdoor,1
2024-02-10,Cityscape,Religious,1
2024-02-10,Cityscape,Shopping,1
2024-02-10,Cityscape,Transit,1
2024-02-10,Cityscape,area,2
2024-02-10,Cultural,Entertainment,3
2024-02-10,Cultural,Natural,1
2024-02-10,Cultural,Shopping,1
2024-02-10,Dining,Shopping,1
2024-02-10,Dining,area,1
2024-02-10,Entertainment,Cityscape,1
2024-02-10,Entertainment,Cultural,2
2024-02-10,Entertainment,Entertainment,7
2024-02-10,Entertainment,Natural,2
2024-02-10,Entertainment,Outdoor,1
2024-02-10,Entertainment,Shopping,1
2024-02-10,Entertainment,Transit,2
2024-02-10,Hotel,Entertainment,1
2024-02-10,Natural,Cityscape,1
2024-02-10,Natural,Religious,1
2024-02-10,Natural,Transit,1
2024-02-10,Natural,area,3
2024-02-10,Outdoor,Entertainment,1
2024-02-10,Outdoor,Natural,1
2024-02-10,Religious,Cultural,1
2024-02-10,Religious,Natural,1
2024-02-10,Shopping,Cityscape,2
2024-02-10,Shopping,Cultural,1
2024-02-10,Shopping,Dining,1
2024-02-10,Shopping,Entertainment,1
2024-02-10,Shopping,Shopping,2
2024-02-10,Shopping,area,2
2024-02-10,Transit,Cityscape,2
2024-02-10,Transit,Entertainment,1
2024-02-10,Transit,Natural,2
2024-02-10,Transit,Transit,1
2024-02-10,area,Entertainment,2
2024-02-10,area,Natural,2
2024-02-10,area,Outdoor,1
2024-02-10,area,Religious,1
2024-02-10,area,Shopping,1
2024-02-10,area,Transit,1
2024-02-10,area,area,1
2024-02-11,Cityscape,Entertainment,2
2024-02-11,Cityscape,Natural,1
2024-02-11,Cityscape,Religious,1
2024-02-11,Cityscape,Shopping,1
2024-02-11,Cityscape,Transit,1
2024-02-11,Cityscape,area,1
2024-02-11,Cultural,Cityscape,2
2024-02-11,Cultural,Cultural,1
2024-02-11,Cultural,area,2
2024-02-11,Dining,Entertainment,1
2024-02-11,Dining,Religious,1
2024-02-11,Entertainment,Cityscape,3
2024-02-11,Entertainment,Entertainment,8
2024-02-11,Entertainment,Hotel,2
2024-02-11,Entertainment,Natural,2
2024-02-11,Entertainment,Shopping,1
2024-02-11,Entertainment,Sport,1
2024-02-11,Entertainment,Transit,1
2024-02-11,Hotel,Cityscape,1
2024-02-11,Hotel,Cultural,1
2024-02-11,Hotel,Entertainment,1
2024-02-11,Hotel,Outdoor,1
2024-02-11,Natural,Entertainment,2
2024-02-11,Natural,Natural,1
2024-02-11,Natural,Outdoor,1
2024-02-11,Natural,Religious,3
2024-02-11,Natural,area,1
2024-02-11,Religious,Cityscape,1
2024-02-11,Religious,Cultural,1
2024-02-11,Religious,Natural,2
2024-02-11,Religious,Religious,4
2024-02-11,Religious,area,1
2024-02-11,Shopping,Cityscape,1
2024-02-11,Shopping,Entertainment,1
2024-02-11,Shopping,Hotel,1
2024-02-11,Shopping,Natural,1
2024-02-11,Shopping,area,1
2024-02-11,Transit,Cityscape,1
2024-02-11,Transit,Entertainment,2
2024-02-11,Transit,Natural,1
2024-02-11,Transit,Shopping,1
2024-02-11,area,Cultural,3
2024-02-11,area,Natural,1
2024-02-11,area,Shopping,2
2024-02-11,area,Transit,1
2024-02-12,Cityscape,Cityscape,1
2024-02-12,Cityscape,Cultural,1
2024-02-12,Cityscape,Entertainment,4
2024-02-12,Cityscape,Shopping,1
2024-02-12,Cityscape,area,2
2024-02-12,Cultural,Cityscape,3
2024-02-12,Cultural,Natural,1
2024-02-12,Cultural,Shopping,1
2024-02-12,Dining,Cityscape,1
2024-02-12,Dining,Dining,1
2024-02-12,Dining,Hotel,1
2024-02-12,Entertainment,Cityscape,4
2024-02-12,Entertainment,Entertainment,31
2024-02-12,Entertainment,Hotel,1
2024-02-12,Entertainment,Religious,1
2024-02-12,Entertainment,Shopping,1
2024-02-12,Entertainment,Transit,1
2024-02-12,Entertainment,area,1
2024-02-12,Hotel,Entertainment,2
2024-02-12,Hotel,Transit,2
2024-02-12,Natural,Religious,1
2024-02-12,Outdoor,Natural,1
2024-02-12,Outdoor,Outdoor,1
2024-02-12,Religious,Cityscape,1
2024-02-12,Religious,Cultural,1
2024-02-12,Religious,Religious,1
2024-02-12,Religious,Shopping,1
2024-02-12,Religious,area,1
2024-02-12,Shopping,Cultural,1
2024-02-12,Shopping,Entertainment,2
2024-02-12,Shopping,Hotel,1
2024-02-12,Shopping,area,1
2024-02-12,Transit,Cityscape,1
2024-02-12,Transit,Cultural,2
2024-02-12,Transit,Entertainment,1
2024-02-12,Transit,Hotel,1
2024-02-12,area,Cultural,1
2024-02-12,area,Dining,1
2024-02-12,area,Entertainment,1
2024-02-12,area,Outdoor,1
2024-02-12,area,Religious,1
2024-02-13,Cityscape,Entertainment,2
2024-02-13,Cityscape,Hotel,1
2024-02-13,Cityscape,Natural,1
2024-02-13,Cityscape,Transit,1
2024-02-13,Cityscape,area,4
2024-02-13,Cultural,Entertainment,1
2024-02-13,Cultural,Religious,1
2024-02-13,Cultural,area,1
2024-02-13,Entertainment,Cityscape,4
2024-02-13,Entertainment,Entertainment,6
2024-02-13,Entertainment,Natural,1
2024-02-13,Entertainment,Sport,1
2024-02-13,Entertainment,Transit,4
2024-02-13,Entertainment,area,1
2024-02-13,Natural,Cityscape,2
2024-02-13,Natural,Natural,1
2024-02-13,Natural,Outdoor,1
2024-02-13,Natural,Religious,1
2024-02-13,Outdoor,Cityscape,1
2024-02-13,Outdoor,Natural,1
2024-02-13,Outdoor,Outdoor,2
2024-02-13,Religious,Cityscape,1
2024-02-13,Religious,Natural,2
2024-02-13,Shopping,Cityscape,1
2024-02-13,Shopping,Dining,1
2024-02-13,Shopping,Shopping,2
2024-02-13,Shopping,area,1
2024-02-13,Sport,area,1
2024-02-13,Transit,Entertainment,7
2024-02-13,Transit,area,2
2024-02-13,area,Cultural,2
2024-02-13,area,Entertainment,4
2024-02-13,area,Natural,1
2024-02-13,area,Religious,2
2024-02-13,area,Shopping,2
2024-02-13,area,area,2
2024-02-14,Cityscape,Cityscape,3
2024-02-14,Cityscape,Cultural,1
2024-02-14,Cityscape,Entertainment,10
2024-02-14,Cityscape,Hotel,2
2024-02-14,Cityscape,Outdoor,1
2024-02-14,Cityscape,Religious,1
2024-02-14,Cityscape,Shopping,2
2024-02-14,Cityscape,Transit,2
2024-02-14,Cityscape,area,1
2024-02-14,Cultural,Cityscape,3
2024-02-14,Cultural,Cultural,1
2024-02-14,Cultural,Entertainment,1
2024-02-14,Cultural,Shopping,2
2024-02-14,Cultural,area,1
2024-02-14,Dining,Cityscape,3
2024-02-14,Dining,Natural,1
2024-02-14,Dining,area,1
2024-02-14,Entertainment,Cityscape,3
2024-02-14,Entertainment,Cultural,3
2024-02-14,Entertainment,Entertainment,14
2024-02-14,Entertainment,Natural,3
2024-02-14,Entertainment,Religious,1
2024-02-14,Entertainment,Shopping,1
2024-02-14,Entertainment,Transit,5
2024-02-14,Entertainment,area,2
2024-02-14,Hotel,Cityscape,1
2024-02-14,Hotel,Entertainment,2
2024-02-14,Hotel,Transit,1
2024-02-14,Hotel,area,1
2024-02-14,Natural,Cityscape,1
2024-02-14,Natural,Entertainment,2
2024-02-14,Natural,Religious,3
2024-02-14,Natural,Transit,1
2024-02-14,Natural,area,1
2024-02-14,Outdoor,Cityscape,1
2024-02-14,Outdoor,area,1
2024-02-14,Religious,Dining,1
2024-02-14,Religious,Natural,1
2024-02-14,Religious,Outdoor,1
2024-02-14,Religious,Religious,3
2024-02-14,Religious,Transit,1
2024-02-14,Religious,area,1
2024-02-14,Shopping,Cityscape,1
2024-02-14,Shopping,Cultural,1
2024-02-14,Shopping,Dining,1
2024-02-14,Shopping,Hotel,1
2024-02-14,Shopping,Transit,1
2024-02-14,Transit,Cityscape,6
2024-02-14,Transit,Cultural,1
2024-02-14,Transit,Dining,1
2024-02-14,Transit,Entertainment,2
2024-02-14,Transit,Hotel,2
2024-02-14,Transit,Transit,1
2024-02-14,area,Cultural,1
2024-02-14,area,Entertainment,2
2024-02-14,area,Natural,2
2024-02-14,area,Religious,3
2024-02-14,area,Transit,1
2024-02-15,Cityscape,Cityscape,1
2024-02-15,Cityscape,Cultural,1
2024-02-15,Cityscape,Entertainment,2
2024-02-15,Cityscape,Natural,2
2024-02-15,Cityscape,Outdoor,1
2024-02-15,Cityscape,area,4
2024-02-15,Cultural,Cityscape,1
2024-02-15,Cultural,Entertainment,1
2024-02-15,Cultural,Hotel,1
2024-02-15,Cultural,Religious,1
2024-02-15,Dining,Dining,2
2024-02-15,Entertainment,Cityscape,5
2024-02-15,Entertainment,Cultural,1
2024-02-15,Entertainment,Entertainment,9
2024-02-15,Entertainment,Hotel,1
2024-02-15,Entertainment,Natural,2
2024-02-15,Entertainment,Shopping,1
2024-02-15,Hotel,Transit,1
2024-02-15,Natural,Cityscape,2
2024-02-15,Natural,Cultural,1
2024-02-15,Natural,Entertainment,2
2024-02-15,Natural,Religious,2
2024-02-15,Natural,Shopping,1
2024-02-15,Outdoor,Cityscape,1
2024-02-15,Religious,Natural,3
2024-02-15,Religious,Religious,1
2024-02-15,Religious,Shopping,1
2024-02-15,Shopping,Cityscape,1
2024-02-15,Shopping,Religious,1
2024-02-15,Shopping,Shopping,1
2024-02-15,Shopping,area,2
2024-02-15,Transit,Cityscape,1
2024-02-15,Transit,Entertainment,2
2024-02-15,Transit,Transit,2
2024-02-15,Transit,area,5
2024-02-15,area,Cityscape,4
2024-02-15,area,Cultural,1
2024-02-15,area,Natural,1
2024-02-15,area,Shopping,1
2024-02-15,area,Transit,2
2024-02-15,area,area,5
2024-02-16,Cityscape,Cityscape,4
2024-02-16,Cityscape,Cultural,1
2024-02-16,Cityscape,Entertainment,4
2024-02-16,Cityscape,Hotel,1
2024-02-16,Cityscape,Natural,1
2024-02-16,Cityscape,Religious,2
2024-02-16,Cityscape,Transit,1
2024-02-16,Cultural,Cityscape,1
2024-02-16,Cultural,Cultural,1
2024-02-16,Cultural,Entertainment,1
2024-02-16,Dining,Cityscape,1
2024-02-16,Dining,Dining,1
2024-02-16,Dining,Entertainment,2
2024-02-16,Dining,area,1
2024-02-16,Entertainment,Cityscape,4
2024-02-16,Entertainment,Entertainment,13
2024-02-16,Entertainment,Natural,1
2024-02-16,Entertainment,Transit,3
2024-02-16,Hotel,Entertainment,1
2024-02-16,Hotel,area,1
2024-02-16,Natural,Natural,1
2024-02-16,Natural,Religious,3
2024-02-16,Religious,Dining,1
2024-02-16,Religious,Entertainment,1
2024-02-16,Religious,Natural,1
2024-02-16,Religious,Religious,1
2024-02-16,Shopping,Cityscape,1
2024-02-16,Shopping,Entertainment,1
2024-02-16,Transit,Cityscape,1
2024-02-16,Transit,Cultural,1
2024-02-16,Transit,Entertainment,1
2024-02-16,Transit,Hotel,1
2024-02-16,area,Cultural,1
2024-02-17,Cityscape,Cityscape,4
2024-02-17,Cityscape,Cultural,4
2024-02-17,Cityscape,Dining,2
2024-02-17,Cityscape,Entertainment,2
2024-02-17,Cityscape,Hotel,3
2024-02-17,Cityscape,Religious,2
2024-02-17,Cityscape,Shopping,3
2024-02-17,Cityscape,Transit,2
2024-02-17,Cityscape,area,1
2024-02-17,Cultural,Cityscape,4
2024-02-17,Cultural,Cultural,2
2024-02-17,Cultural,Dining,2
2024-02-17,Cultural,Entertainment,2
2024-02-17,Cultural,Hotel,1
2024-02-17,Cultural,Natural,1
2024-02-17,Cultural,Religious,1
2024-02-17,Cultural,Shopping,2
2024-02-17,Dining,Cultural,2
2024-02-17,Dining,Dining,2
2024-02-17,Dining,Hotel,1
2024-02-17,Dining,Shopping,1
2024-02-17,Dining,Transit,1
2024-02-17,Dining,area,1
2024-02-17,Entertainment,Cityscape,1
2024-02-17,Entertainment,Cultural,1
2024-02-17,Entertainment,Dining,2
2024-02-17,Entertainment,Entertainment,2
2024-02-17,Entertainment,Natural,1
2024-02-17,Entertainment,Religious,2
2024-02-17,Entertainment,Shopping,1
2024-02-17,Hotel,Cityscape,1
2024-02-17,Hotel,Dining,1
2024-02-17,Hotel,Entertainment,1
2024-02-17,Hotel,Transit,1
2024-02-17,Hotel,area,2
2024-02-17,Natural,Cityscape,1
2024-02-17,Natural,Cultural,1
2024-02-17,Natural,Entertainment,1
2024-02-17,Natural,Outdoor,1
2024-02-17,Natural,Religious,1
2024-02-17,Natural,area,1
2024-02-17,Outdoor,Entertainment,1
2024-02-17,Religious,Cityscape,3
2024-02-17,Religious,Entertainment,2
2024-02-17,Religious,Natural,4
2024-02-17,Religious,Religious,4
2024-02-17,Religious,area,1
2024-02-17,Shopping,Cityscape,4
2024-02-17,Shopping,Cultural,1
2024-02-17,Shopping,Entertainment,1
2024-02-17,Transit,Cityscape,3
2024-02-17,Transit,Cultural,1
2024-02-17,Transit,Entertainment,1
2024-02-17,Transit,area,1
2024-02-17,area,Cityscape,2
2024-02-17,area,Natural,1
2024-02-17,area,Religious,1
2024-02-17,area,Transit,1
2024-02-17,area,area,1
2024-02-18,Cityscape,Cityscape,3
2024-02-18,Cityscape,Dining,1
2024-02-18,Cityscape,Entertainment,5
2024-02-18,Cityscape,Hotel,1
2024-02-18,Cityscape,Natural,1
2024-02-18,Cityscape,Transit,2
2024-02-18,Cultural,Cityscape,1
2024-02-18,Cultural,Cultural,2
2024-02-18,Cultural,Dining,1
2024-02-18,Cultural,Entertainment,1
2024-02-18,Cultural,area,2
2024-02-18,Dining,Dining,1
2024-02-18,Dining,Entertainment,1
2024-02-18,Dining,Transit,1
2024-02-18,Entertainment,Cityscape,7
2024-02-18,Entertainment,Cultural,1
2024-02-18,Entertainment,Entertainment,21
2024-02-18,Entertainment,Hotel,1
2024-02-18,Entertainment,Natural,1
2024-02-18,Entertainment,Religious,1
2024-02-18,Entertainment,Shopping,1
2024-02-18,Entertainment,Transit,1
2024-02-18,Entertainment,area,2
2024-02-18,Hotel,Cityscape,1
2024-02-18,Hotel,Cultural,1
2024-02-18,Hotel,Dining,1
2024-02-18,Hotel,Entertainment,1
2024-02-18,Natural,Religious,3
2024-02-18,Natural,Transit,1
2024-02-18,Religious,Cultural,1
2024-02-18,Religious,Natural,2
2024-02-18,Religious,Shopping,1
2024-02-18,Religious,Transit,1
2024-02-18,Religious,area,2
2024-02-18,Shopping,Hotel,1
2024-02-18,Transit,Cityscape,2
2024-02-18,Transit,Entertainment,2
2024-02-18,Transit,Shopping,1
2024-02-18,Transit,Transit,1
2024-02-18,Transit,area,2
2024-02-18,area,Cityscape,1
2024-02-18,area,Cultural,3
2024-02-18,area,Entertainment,2
2024-02-18,area,Hotel,1
2024-02-18,area,Religious,1
2024-02-18,area,Shopping,1
2024-02-18,area,Transit,1
2024-02-18,area,area,1
2024-02-19,Cityscape,Cityscape,4
2024-02-19,Cityscape,Entertainment,1
2024-02-19,Cityscape,Natural,1
2024-02-19,Cityscape,Religious,1
2024-02-19,Cityscape,Transit,1
2024-02-19,Cultural,Hotel,1
2024-02-19,Dining,Cityscape,1
2024-02-19,Dining,Dining,4
2024-02-19,Dining,Entertainment,1
2024-02-19,Entertainment,Cityscape,1
2024-02-19,Entertainment,Cultural,1
2024-02-19,Entertainment,Dining,1
2024-02-19,Entertainment,Entertainment,11
2024-02-19,Entertainment,Shopping,1
2024-02-19,Entertainment,area,1
2024-02-19,Hotel,area,1
2024-02-19,Natural,Entertainment,1
2024-02-19,Natural,Religious,2
2024-02-19,Natural,area,1
2024-02-19,Outdoor,Natural,1
2024-02-19,Outdoor,area,1
2024-02-19,Religious,Cityscape,1
2024-02-19,Religious,Natural,2
2024-02-19,Religious,Outdoor,1
2024-02-19,Shopping,Cityscape,1
2024-02-19,Shopping,Entertainment,1
2024-02-19,Transit,Cityscape,1
2024-02-19,Transit,Entertainment,1
2024-02-19,Transit,Outdoor,1
2024-02-19,Transit,Religious,2
2024-02-19,area,Cityscape,1
2024-02-19,area,Cultural,1
2024-02-19,area,Entertainment,3
2024-02-20,Cityscape,Cityscape,9
2024-02-20,Cityscape,Cultural,3
2024-02-20,Cityscape,Dining,1
2024-02-20,Cityscape,Entertainment,4
2024-02-20,Cityscape,Outdoor,1
2024-02-20,Cityscape,Religious,1
2024-02-20,Cityscape,Transit,1
2024-02-20,Cultural,Cityscape,2
2024-02-20,Cultural,Entertainment,1
2024-02-20,Cultural,Natural,1
2024-02-20,Cultural,Outdoor,1
2024-02-20,Cultural,Religious,2
2024-02-20,Cultural,Transit,1
2024-02-20,Cultural,area,3
2024-02-20,Dining,Entertainment,1
2024-02-20,Dining,Shopping,1
2024-02-20,Dining,Transit,1
2024-02-20,Dining,area,1
2024-02-20,Entertainment,Cityscape,5
2024-02-20,Entertainment,Cultural,2
2024-02-20,Entertainment,Dining,1
2024-02-20,Entertainment,Entertainment,11
2024-02-20,Entertainment,Natural,3
2024-02-20,Entertainment,Religious,1
2024-02-20,Entertainment,area,1
2024-02-20,Hotel,Cityscape,1
2024-02-20,Natural,Cityscape,1
2024-02-20,Natural,Transit,1
2024-02-20,Outdoor,Cityscape,2
2024-02-20,Religious,Hotel,1
2024-02-20,Religious,area,1
2024-02-20,Shopping,Cityscape,1
2024-02-20,Transit,Cultural,1
2024-02-20,Transit,Entertainment,5
2024-02-20,Transit,Shopping,1
2024-02-20,area,Cultural,3
2024-02-20,area,Dining,1
2024-02-20,area,Entertainment,1
2024-02-20,area,area,3
2024-02-21,Cityscape,Cityscape,3
2024-02-21,Cityscape,Entertainment,1
2024-02-21,Cityscape,Shopping,1
2024-02-21,Dining,Hotel,1
2024-02-21,Dining,Religious,1
2024-02-21,Entertainment,Cityscape,2
2024-02-21,Entertainment,Entertainment,6
2024-02-21,Entertainment,area,1
2024-02-21,Hotel,Cityscape,1
2024-02-21,Natural,Entertainment,1
2024-02-21,Natural,Religious,1
2024-02-21,Natural,area,1
2024-02-21,Religious,Religious,2
2024-02-21,Religious,area,1
2024-02-21,Shopping,Shopping,1
2024-02-21,Shopping,area,2
2024-02-21,area,Dining,1
2024-02-21,area,Entertainment,2
2024-02-21,area,Religious,1
2024-02-22,Cityscape,Cityscape,7
2024-02-22,Cityscape,Cultural,1
2024-02-22,Cityscape,Dining,1
2024-02-22,Cityscape,Entertainment,4
2024-02-22,Cityscape,Natural,1
2024-02-22,Cityscape,Shopping,4
2024-02-22,Cityscape,Transit,2
2024-02-22,Cityscape,area,3
2024-02-22,Cultural,Cityscape,1
2024-02-22,Cultural,Cultural,1
2024-02-22,Cultural,Entertainment,1
2024-02-22,Cultural,area,2
2024-02-22,Dining,Dining,1
2024-02-22,Dining,Entertainment,1
2024-02-22,Entertainment,Cityscape,5
2024-02-22,Entertainment,Cultural,1
2024-02-22,Entertainment,Entertainment,4
2024-02-22,Entertainment,Hotel,1
2024-02-22,Entertainment,Religious,1
2024-02-22,Entertainment,Shopping,3
2024-02-22,Entertainment,Transit,1
2024-02-22,Entertainment,area,1
2024-02-22,Hotel,Cityscape,2
2024-02-22,Hotel,Shopping,1
2024-02-22,Hotel,Transit,1
2024-02-22,Hotel,area,1
2024-02-22,Natural,Cityscape,1
2024-02-22,Natural,Entertainment,2
2024-02-22,Natural,Natural,1
2024-02-22,Natural,Religious,2
2024-02-22,Natural,Transit,1
2024-02-22,Natural,area,1
2024-02-22,Outdoor,Cityscape,1
2024-02-22,Religious,Entertainment,1
2024-02-22,Religious,Natural,1
2024-02-22,Religious,Transit,1
2024-02-22,Shopping,Cityscape,4
2024-02-22,Shopping,Hotel,2
2024-02-22,Shopping,Natural,1
2024-02-22,Shopping,Shopping,1
2024-02-22,Shopping,Transit,2
2024-02-22,Shopping,area,2
2024-02-22,Transit,Cityscape,2
2024-02-22,Transit,Entertainment,3
2024-02-22,Transit,Natural,4
2024-02-22,Transit,Transit,1
2024-02-22,Transit,area,1
2024-02-22,area,Cityscape,6
2024-02-22,area,Cultural,2
2024-02-22,area,Entertainment,1
2024-02-22,area,Outdoor,1
2024-02-22,area,Shopping,2
2024-02-22,area,Transit,1
2024-02-22,area,area,2
2024-02-23,Cityscape,Cityscape,6
2024-02-23,Cityscape,Cultural,1
2024-02-23,Cityscape,Entertainment,5
2024-02-23,Cityscape,Shopping,1
2024-02-23,Cityscape,Transit,2
2024-02-23,Cityscape,area,3
2024-02-23,Cultural,Cityscape,1
2024-02-23,Cultural,Cultural,3
2024-02-23,Cultural,Entertainment,1
2024-02-23,Cultural,Hotel,1
2024-02-23,Cultural,area,2
2024-02-23,Dining,Cityscape,1
2024-02-23,Dining,area,1
2024-02-23,Entertainment,Cityscape,5
2024-02-23,Entertainment,Cultural,1
2024-02-23,Entertainment,Entertainment,10
2024-02-23,Entertainment,Natural,1
2024-02-23,Entertainment,Religious,2
2024-02-23,Entertainment,Shopping,2
2024-02-23,Entertainment,Transit,1
2024-02-23,Entertainment,area,2
2024-02-23,Natural,Cityscape,1
2024-02-23,Natural,Religious,1
2024-02-23,Outdoor,Entertainment,1
2024-02-23,Religious,Cultural,1
2024-02-23,Religious,Entertainment,2
2024-02-23,Religious,Natural,1
2024-02-23,Shopping,Cityscape,1
2024-02-23,Shopping,Entertainment,1
2024-02-23,Transit,Cityscape,1
2024-02-23,Transit,Cultural,1
2024-02-23,Transit,Entertainment,3
2024-02-23,Transit,Hotel,1
2024-02-23,Transit,Outdoor,1
2024-02-23,Transit,Transit,1
2024-02-23,Transit,area,1
2024-02-23,area,Cityscape,1
2024-02-23,area,Cultural,3
2024-02-23,area,Dining,1
2024-02-23,area,Entertainment,1
2024-02-23,area,area,3
2024-02-24,Cityscape,Cityscape,2
2024-02-24,Cityscape,Dining,1
2024-02-24,Cityscape,Entertainment,6
2024-02-24,Cityscape,Hotel,1
2024-02-24,Cityscape,area,3
2024-02-24,Cultural,Dining,1
2024-02-24,Cultural,Entertainment,1
2024-02-24,Cultural,Natural,2
2024-02-24,Cultural,Religious,2
2024-02-24,Dining,Cityscape,1
2024-02-24,Dining,Entertainment,1
2024-02-24,Dining,area,2
2024-02-24,Entertainment,Cityscape,4
2024-02-24,Entertainment,Cultural,1
2024-02-24,Entertainment,Entertainment,3
2024-02-24,Entertainment,Hotel,3
2024-02-24,Entertainment,Natural,4
2024-02-24,Entertainment,Transit,1
2024-02-24,Entertainment,area,1
2024-02-24,Hotel,Cityscape,2
2024-02-24,Hotel,Entertainment,2
2024-02-24,Hotel,Shopping,1
2024-02-24,Hotel,Transit,1
2024-02-24,Hotel,area,1
2024-02-24,Natural,Entertainment,1
2024-02-24,Natural,Religious,3
2024-02-24,Natural,area,1
2024-02-24,Religious,Cityscape,1
2024-02-24,Religious,Cultural,1
2024-02-24,Religious,Natural,1
2024-02-24,Religious,Religious,2
2024-02-24,Religious,Transit,1
2024-02-24,Religious,area,3
2024-02-24,Transit,Cityscape,2
2024-02-24,Transit,Cultural,2
2024-02-24,Transit,Entertainment,4
2024-02-24,Transit,Religious,1
2024-02-24,Transit,Shopping,1
2024-02-24,Transit,Transit,1
2024-02-24,area,Cityscape,3
2024-02-24,area,Dining,3
2024-02-24,area,Entertainment,1
2024-02-24,area,Hotel,2
2024-02-24,area,Natural,1
2024-02-24,area,Religious,2
2024-02-24,area,area,3
2024-02-25,Cityscape,Cityscape,2
2024-02-25,Cityscape,Cultural,1
2024-02-25,Cityscape,Entertainment,4
2024-02-25,Cityscape,Hotel,1
2024-02-25,Cityscape,Religious,1
2024-02-25,Cityscape,Shopping,1
2024-02-25,Cityscape,area,3
2024-02-25,Cultural,Cultural,2
2024-02-25,Cultural,Hotel,2
2024-02-25,Cultural,area,1
2024-02-25,Dining,Entertainment,1
2024-02-25,Entertainment,Cityscape,4
2024-02-25,Entertainment,Cultural,1
2024-02-25,Entertainment,Dining,1
2024-02-25,Entertainment,Entertainment,30
2024-02-25,Entertainment,Hotel,2
2024-02-25,Entertainment,Religious,2
2024-02-25,Entertainment,Shopping,1
2024-02-25,Entertainment,Transit,1
2024-02-25,Entertainment,area,1
2024-02-25,Hotel,Cityscape,1
2024-02-25,Hotel,Entertainment,1
2024-02-25,Hotel,area,1
2024-02-25,Natural,Entertainment,1
2024-02-25,Natural,Religious,2
2024-02-25,Natural,area,1
2024-02-25,Outdoor,Religious,1
2024-02-25,Outdoor,area,1
2024-02-25,Religious,Cityscape,1
2024-02-25,Religious,Cultural,1
2024-02-25,Religious,Hotel,1
2024-02-25,Religious,Natural,2
2024-02-25,Religious,Outdoor,1
2024-02-25,Religious,Religious,3
2024-02-25,Shopping,Cultural,1
2024-02-25,Shopping,Shopping,1
2024-02-25,Shopping,area,1
2024-02-25,Transit,Cityscape,1
2024-02-25,Transit,Entertainment,4
2024-02-25,Transit,area,1
2024-02-25,area,Cityscape,3
2024-02-25,area,Dining,1
2024-02-25,area,Entertainment,2
2024-02-25,area,Religious,1
2024-02-26,Cityscape,Cityscape,5
2024-02-26,Cityscape,Entertainment,5
2024-02-26,Cityscape,Natural,2
2024-02-26,Cityscape,Outdoor,1
2024-02-26,Cityscape,Transit,1
2024-02-26,Cityscape,area,1
2024-02-26,Cultural,Transit,1
2024-02-26,Dining,Cityscape,1
2024-02-26,Dining,Dining,1
2024-02-26,Entertainment,Cityscape,7
2024-02-26,Entertainment,Cultural,1
2024-02-26,Entertainment,Entertainment,8
2024-02-26,Entertainment,Natural,1
2024-02-26,Entertainment,Shopping,1
2024-02-26,Natural,Cityscape,1
2024-02-26,Natural,Entertainment,3
2024-02-26,Natural,Religious,1
2024-02-26,Religious,Natural,1
2024-02-26,Religious,Transit,1
2024-02-26,Shopping,Cityscape,3
2024-02-26,Shopping,Entertainment,1
2024-02-26,Shopping,Hotel,1
2024-02-26,Shopping,Shopping,1
2024-02-26,Transit,Cityscape,2
2024-02-26,Transit,Natural,1
2024-02-26,Transit,area,1
2024-02-26,area,Entertainment,3
2024-02-26,area,Transit,2
2024-02-27,Cityscape,Cityscape,3
2024-02-27,Cityscape,Cultural,1
2024-02-27,Cityscape,Dining,1
2024-02-27,Cityscape,Entertainment,5
2024-02-27,Cityscape,Hotel,2
2024-02-27,Cityscape,Natural,2
2024-02-27,Cityscape,Shopping,3
2024-02-27,Cityscape,Transit,1
2024-02-27,Cityscape,area,7
2024-02-27,Cultural,Cityscape,5
2024-02-27,Cultural,Cultural,2
2024-02-27,Cultural,Entertainment,2
2024-02-27,Cultural,Hotel,1
2024-02-27,Cultural,Religious,1
2024-02-27,Cultural,Shopping,1
2024-02-27,Cultural,Transit,1
2024-02-27,Cultural,area,1
2024-02-27,Dining,Cultural,2
2024-02-27,Dining,Dining,4
2024-02-27,Dining,Religious,1
2024-02-27,Dining,Shopping,1
2024-02-27,Dining,area,2
2024-02-27,Entertainment,Cityscape,2
2024-02-27,Entertainment,Cultural,3
2024-02-27,Entertainment,Entertainment,11
2024-02-27,Entertainment,Hotel,1
2024-02-27,Entertainment,Natural,5
2024-02-27,Entertainment,Outdoor,1
2024-02-27,Entertainment,Religious,1
2024-02-27,Entertainment,Transit,1
2024-02-27,Entertainment,area,5
2024-02-27,Hotel,Cultural,2
2024-02-27,Hotel,Entertainment,1
2024-02-27,Natural,Religious,1
2024-02-27,Natural,Transit,1
2024-02-27,Natural,area,4
2024-02-27,Outdoor,Entertainment,2
2024-02-27,Religious,Cityscape,1
2024-02-27,Religious,Entertainment,3
2024-02-27,Religious,Natural,2
2024-02-27,Religious,area,4
2024-02-27,Shopping,Cityscape,1
2024-02-27,Shopping,Cultural,1
2024-02-27,Shopping,Entertainment,3
2024-02-27,Shopping,Shopping,2
2024-02-27,Shopping,area,2
2024-02-27,Transit,Cityscape,2
2024-02-27,Transit,Dining,3
2024-02-27,Transit,Entertainment,2
2024-02-27,Transit,Hotel,1
2024-02-27,Transit,Religious,1
2024-02-27,Transit,Transit,3
2024-02-27,Transit,area,2
2024-02-27,area,Cityscape,5
2024-02-27,area,Cultural,2
2024-02-27,area,Dining,3
2024-02-27,area,Entertainment,4
2024-02-27,area,Natural,2
2024-02-27,area,Religious,3
2024-02-27,area,Shopping,3
2024-02-27,area,Transit,3
2024-02-27,area,area,14
2024-02-28,Cityscape,Cityscape,2
2024-02-28,Cityscape,Cultural,2
2024-02-28,Cityscape,Dining,1
2024-02-28,Cityscape,Entertainment,4
2024-02-28,Cityscape,Outdoor,1
2024-02-28,Cityscape,Shopping,1
2024-02-28,Cityscape,area,2
2024-02-28,Cultural,Cityscape,1
2024-02-28,Cultural,Entertainment,1
2024-02-28,Cultural,Shopping,1
2024-02-28,Cultural,Transit,1
2024-02-28,Cultural,area,2
2024-02-28,Dining,area,1
2024-02-28,Entertainment,Cityscape,6
2024-02-28,Entertainment,Cultural,1
2024-02-28,Entertainment,Entertainment,12
2024-02-28,Entertainment,Natural,1
2024-02-28,Entertainment,Shopping,1
2024-02-28,Entertainment,Transit,2
2024-02-28,Entertainment,area,4
2024-02-28,Natural,Cityscape,1
2024-02-28,Natural,Religious,1
2024-02-28,Natural,Transit,1
2024-02-28,Natural,area,1
2024-02-28,Outdoor,Natural,1
2024-02-28,Religious,Cityscape,1
2024-02-28,Religious,Natural,2
2024-02-28,Religious,Religious,3
2024-02-28,Shopping,Cityscape,1
2024-02-28,Shopping,Natural,1
2024-02-28,Shopping,Shopping,1
2024-02-28,Shopping,area,2
2024-02-28,Transit,Cityscape,1
2024-02-28,Transit,Cultural,1
2024-02-28,Transit,Dining,1
2024-02-28,Transit,Entertainment,3
2024-02-28,area,Cityscape,1
2024-02-28,area,Cultural,1
2024-02-28,area,Entertainment,5
2024-02-28,area,Natural,1
2024-02-28,area,Shopping,2
2024-02-28,area,area,6
2024-02-29,Cityscape,Cultural,2
2024-02-29,Cityscape,Dining,1
2024-02-29,Cityscape,Outdoor,1
2024-02-29,Cityscape,Shopping,1
2024-02-29,Cityscape,Transit,3
2024-02-29,Cityscape,area,1
2024-02-29,Cultural,Cultural,3
2024-02-29,Cultural,Hotel,1
2024-02-29,Cultural,Religious,1
2024-02-29,Cultural,Shopping,2
2024-02-29,Cultural,Transit,1
2024-02-29,Dining,Cityscape,2
2024-02-29,Dining,Dining,1
2024-02-29,Dining,Outdoor,1
2024-02-29,Dining,Transit,1
2024-02-29,Dining,area,2
2024-02-29,Entertainment,Cityscape,2
2024-02-29,Entertainment,Cultural,1
2024-02-29,Entertainment,Entertainment,17
2024-02-29,Entertainment,Hotel,2
2024-02-29,Entertainment,Shopping,1
2024-02-29,Entertainment,Transit,4
2024-02-29,Entertainment,area,1
2024-02-29,Hotel,Cityscape,1
2024-02-29,Hotel,Entertainment,2
2024-02-29,Natural,Cityscape,1
2024-02-29,Natural,Cultural,1
2024-02-29,Natural,Religious,1
2024-02-29,Natural,Shopping,1
2024-02-29,Outdoor,Cityscape,2
2024-02-29,Outdoor,Dining,1
2024-02-29,Outdoor,Natural,1
2024-02-29,Religious,Cityscape,1
2024-02-29,Religious,Natural,1
2024-02-29,Religious,Religious,2
2024-02-29,Religious,area,3
2024-02-29,Shopping,Cityscape,1
2024-02-29,Shopping,Dining,2
2024-02-29,Shopping,Entertainment,2
2024-02-29,Shopping,Natural,2
2024-02-29,Shopping,Shopping,1
2024-02-29,Shopping,Transit,1
2024-02-29,Shopping,area,1
2024-02-29,Transit,Cityscape,2
2024-02-29,Transit,Entertainment,6
2024-02-29,Transit,Natural,1
2024-02-29,Transit,Shopping,1
2024-02-29,Transit,Transit,2
2024-02-29,area,Cultural,2
2024-02-29,area,Dining,1
2024-02-29,area,Entertainment,2
2024-02-29,area,Natural,2
2024-02-29,area,Religious,1
2024-02-29,area,Shopping,3
2024-02-29,area,Transit,2
2024-02-29,area,area,1
2024-03-01,Cityscape,Cityscape,3
2024-03-01,Cityscape,Cultural,2
2024-03-01,Cityscape,Entertainment,1
2024-03-01,Cityscape,Outdoor,1
2024-03-01,Cityscape,Transit,2
2024-03-01,Cityscape,area,3
2024-03-01,Cultural,Cityscape,2
2024-03-01,Cultural,Entertainment,1
2024-03-01,Cultural,area,1
2024-03-01,Dining,Dining,3
2024-03-01,Dining,Entertainment,1
2024-03-01,Entertainment,Cityscape,3
2024-03-01,Entertainment,Cultural,1
2024-03-01,Entertainment,Dining,1
2024-03-01,Entertainment,Entertainment,10
2024-03-01,Entertainment,Natural,1
2024-03-01,Entertainment,Religious,1
2024-03-01,Entertainment,Transit,3
2024-03-01,Entertainment,area,1
2024-03-01,Hotel,Entertainment,1
2024-03-01,Natural,Entertainment,2
2024-03-01,Natural,Sport,1
2024-03-01,Natural,area,1
2024-03-01,Religious,Cityscape,1
2024-03-01,Religious,Dining,1
2024-03-01,Religious,Natural,1
2024-03-01,Shopping,Dining,1
2024-03-01,Shopping,Religious,1
2024-03-01,Shopping,Shopping,1
2024-03-01,Sport,Natural,1
2024-03-01,Transit,Cityscape,3
2024-03-01,Transit,Dining,1
2024-03-01,Transit,Entertainment,1
2024-03-01,Transit,Natural,1
2024-03-01,Transit,Shopping,1
2024-03-01,area,Cityscape,2
2024-03-01,area,Cultural,1
2024-03-01,area,Dining,1
2024-03-01,area,Entertainment,2
2024-03-01,area,Shopping,1
2024-03-01,area,Transit,2
2024-03-01,area,area,1
2024-03-02,Cityscape,Cityscape,8
2024-03-02,Cityscape,Entertainment,5
2024-03-02,Cityscape,Hotel,1
2024-03-02,Cityscape,Natural,2
2024-03-02,Cityscape,Religious,1
2024-03-02,Cityscape,Shopping,2
2024-03-02,Cityscape,area,3
2024-03-02,Cultural,area,1
2024-03-02,Dining,Dining,1
2024-03-02,Dining,Religious,1
2024-03-02,Entertainment,Cityscape,7
2024-03-02,Entertainment,Dining,1
2024-03-02,Entertainment,Entertainment,13
2024-03-02,Entertainment,Hotel,4
2024-03-02,Entertainment,Natural,2
2024-03-02,Entertainment,Shopping,1
2024-03-02,Entertainment,Transit,2
2024-03-02,Hotel,Entertainment,4
2024-03-02,Hotel,Transit,1
2024-03-02,Hotel,area,3
2024-03-02,Natural,Cityscape,2
2024-03-02,Natural,Entertainment,1
2024-03-02,Natural,Outdoor,1
2024-03-02,Natural,Religious,2
2024-03-02,Natural,area,1
2024-03-02,Religious,Cityscape,1
2024-03-02,Religious,Entertainment,1
2024-03-02,Religious,Hotel,2
2024-03-02,Religious,Natural,1
2024-03-02,Religious,area,1
2024-03-02,Shopping,Cityscape,2
2024-03-02,Shopping,area,1
2024-03-02,Transit,Entertainment,3
2024-03-02,Transit,Hotel,2
2024-03-02,Transit,Natural,2
2024-03-02,Transit,area,1
2024-03-02,area,Cityscape,3
2024-03-02,area,Dining,1
2024-03-02,area,Entertainment,2
2024-03-02,area,Religious,1
2024-03-02,area,Shopping,1
2024-03-02,area,Transit,1
2024-03-02,area,area,3
2024-03-03,Cityscape,Cityscape,5
2024-03-03,Cityscape,Cultural,2
2024-03-03,Cityscape,Entertainment,6
2024-03-03,Cityscape,Hotel,3
2024-03-03,Cityscape,Natural,1
2024-03-03,Cityscape,Religious,2
2024-03-03,Cityscape,School,1
2024-03-03,Cityscape,Shopping,2
2024-03-03,Cityscape,Transit,1
2024-03-03,Cityscape,area,1
2024-03-03,Cultural,Cityscape,5
2024-03-03,Cultural,Cultural,1
2024-03-03,Cultural,Entertainment,2
2024-03-03,Cultural,Natural,1
2024-03-03,Cultural,Religious,1
2024-03-03,Cultural,School,1
2024-03-03,Cultural,area,2
2024-03-03,Dining,area,1
2024-03-03,Entertainment,Cityscape,5
2024-03-03,Entertainment,Cultural,1
2024-03-03,Entertainment,Entertainment,18
2024-03-03,Entertainment,Hotel,3
2024-03-03,Entertainment,Natural,2
2024-03-03,Entertainment,Outdoor,1
2024-03-03,Entertainment,Shopping,1
2024-03-03,Entertainment,Transit,5
2024-03-03,Hotel,Cultural,2
2024-03-03,Hotel,Entertainment,2
2024-03-03,Hotel,Hotel,1
2024-03-03,Hotel,area,2
2024-03-03,Natural,Cityscape,1
2024-03-03,Natural,Entertainment,4
2024-03-03,Natural,Natural,1
2024-03-03,Natural,Outdoor,2
2024-03-03,Natural,Religious,5
2024-03-03,Natural,area,6
2024-03-03,Outdoor,Cityscape,1
2024-03-03,Outdoor,Entertainment,1
2024-03-03,Outdoor,Natural,3
2024-03-03,Outdoor,area,1
2024-03-03,Religious,Cultural,5
2024-03-03,Religious,Natural,4
2024-03-03,Religious,Outdoor,2
2024-03-03,Religious,Religious,4
2024-03-03,Religious,Shopping,1
2024-03-03,School,Cityscape,1
2024-03-03,Shopping,Cityscape,2
2024-03-03,Shopping,Entertainment,1
2024-03-03,Shopping,Transit,1
2024-03-03,Transit,Cityscape,2
2024-03-03,Transit,Cultural,2
2024-03-03,Transit,Entertainment,6
2024-03-03,Transit,Natural,1
2024-03-03,Transit,Outdoor,1
2024-03-03,Transit,Transit,2
2024-03-03,Transit,area,2
2024-03-03,area,Cityscape,4
2024-03-03,area,Dining,1
2024-03-03,area,Hotel,2
2024-03-03,area,Natural,5
2024-03-03,area,Religious,3
2024-03-03,area,Shopping,1
2024-03-03,area,Transit,1
2024-03-03,area,area,2
2024-03-04,Cityscape,Cityscape,7
2024-03-04,Cityscape,Dining,1
2024-03-04,Cityscape,Entertainment,3
2024-03-04,Cityscape,Hotel,1
2024-03-04,Cityscape,Natural,1
2024-03-04,Cityscape,area,2
2024-03-04,Cultural,Cityscape,1
2024-03-04,Cultural,Entertainment,3
2024-03-04,Cultural,area,1
2024-03-04,Dining,Dining,1
2024-03-04,Dining,area,1
2024-03-04,Entertainment,Cityscape,3
2024-03-04,Entertainment,Cultural,2
2024-03-04,Entertainment,Entertainment,16
2024-03-04,Entertainment,Hotel,3
2024-03-04,Entertainment,Natural,3
2024-03-04,Entertainment,Religious,1
2024-03-04,Entertainment,Shopping,1
2024-03-04,Entertainment,Transit,1
2024-03-04,Entertainment,area,1
2024-03-04,Hotel,Entertainment,3
2024-03-04,Natural,Cityscape,2
2024-03-04,Natural,Natural,1
2024-03-04,Natural,Outdoor,1
2024-03-04,Natural,Religious,2
2024-03-04,Natural,area,2
2024-03-04,Outdoor,Cityscape,1
2024-03-04,Religious,Natural,2
2024-03-04,Religious,Religious,1
2024-03-04,Religious,area,1
2024-03-04,Shopping,Religious,1
2024-03-04,Shopping,Transit,1
2024-03-04,Transit,Entertainment,3
2024-03-04,Transit,Hotel,1
2024-03-04,Transit,Shopping,1
2024-03-04,Transit,Transit,2
2024-03-04,Transit,area,3
2024-03-04,area,Cityscape,2
2024-03-04,area,Cultural,3
2024-03-04,area,Dining,4
2024-03-04,area,Entertainment,2
2024-03-04,area,Hotel,1
2024-03-04,area,Natural,1
2024-03-04,area,Religious,2
2024-03-04,area,Shopping,1
2024-03-04,area,area,4
2024-03-05,Cityscape,Cityscape,3
2024-03-05,Cityscape,Dining,1
2024-03-05,Cityscape,Entertainment,6
2024-03-05,Cityscape,Hotel,1
2024-03-05,Cityscape,Natural,1
2024-03-05,Cityscape,Outdoor,1
2024-03-05,Cityscape,Shopping,1
2024-03-05,Cityscape,Transit,1
2024-03-05,Cityscape,area,1
2024-03-05,Cultural,Cityscape,1
2024-03-05,Cultural,Cultural,3
2024-03-05,Cultural,Entertainment,4
2024-03-05,Cultural,Natural,2
2024-03-05,Cultural,area,2
2024-03-05,Dining,Cityscape,1
2024-03-05,Dining,Dining,3
2024-03-05,Dining,Religious,1
2024-03-05,Dining,Shopping,1
2024-03-05,Entertainment,Cityscape,3
2024-03-05,Entertainment,Cultural,2
2024-03-05,Entertainment,Dining,2
2024-03-05,Entertainment,Entertainment,10
2024-03-05,Entertainment,Hotel,4
2024-03-05,Entertainment,Natural,1
2024-03-05,Entertainment,Religious,1
2024-03-05,Entertainment,Transit,2
2024-03-05,Entertainment,area,2
2024-03-05,Hotel,Cityscape,1
2024-03-05,Hotel,Entertainment,4
2024-03-05,Natural,Cityscape,3
2024-03-05,Natural,Cultural,2
2024-03-05,Natural,Entertainment,1
2024-03-05,Natural,Outdoor,1
2024-03-05,Natural,Religious,1
2024-03-05,Outdoor,Shopping,1
2024-03-05,Religious,Cityscape,1
2024-03-05,Religious,Entertainment,1
2024-03-05,Religious,Natural,1
2024-03-05,Religious,Religious,4
2024-03-05,Religious,area,3
2024-03-05,Shopping,Cityscape,1
2024-03-05,Shopping,Dining,1
2024-03-05,Shopping,Entertainment,1
2024-03-05,Shopping,Religious,1
2024-03-05,Shopping,Shopping,2
2024-03-05,Shopping,area,1
2024-03-05,Transit,Entertainment,3
2024-03-05,area,Cityscape,3
2024-03-05,area,Cultural,2
2024-03-05,area,Dining,2
2024-03-05,area,Entertainment,2
2024-03-05,area,Natural,3
2024-03-05,area,Religious,2
2024-03-06,Cityscape,Cityscape,4
2024-03-06,Cityscape,Cultural,1
2024-03-06,Cityscape,Entertainment,2
2024-03-06,Cityscape,Religious,2
2024-03-06,Cityscape,Shopping,1
2024-03-06,Cityscape,Transit,2
2024-03-06,Cityscape,area,2
2024-03-06,Cultural,Cityscape,1
2024-03-06,Cultural,Cultural,1
2024-03-06,Cultural,area,2
2024-03-06,Dining,Entertainment,1
2024-03-06,Dining,Shopping,1
2024-03-06,Entertainment,Cityscape,3
2024-03-06,Entertainment,Cultural,1
2024-03-06,Entertainment,Dining,1
2024-03-06,Entertainment,Entertainment,23
2024-03-06,Entertainment,Hotel,1
2024-03-06,Entertainment,Natural,2
2024-03-06,Entertainment,Transit,2
2024-03-06,Hotel,Cityscape,1
2024-03-06,Hotel,Entertainment,1
2024-03-06,Hotel,Hotel,1
2024-03-06,Hotel,area,1
2024-03-06,Natural,Cityscape,1
2024-03-06,Natural,Entertainment,1
2024-03-06,Natural,Religious,1
2024-03-06,Natural,Shopping,2
2024-03-06,Natural,Transit,1
2024-03-06,Natural,area,3
2024-03-06,Religious,Hotel,1
2024-03-06,Religious,Natural,2
2024-03-06,Religious,Religious,7
2024-03-06,Religious,Shopping,3
2024-03-06,Religious,Transit,1
2024-03-06,Religious,area,1
2024-03-06,Shopping,Cityscape,1
2024-03-06,Shopping,Cultural,1
2024-03-06,Shopping,Natural,1
2024-03-06,Shopping,Religious,3
2024-03-06,Shopping,area,1
2024-03-06,Transit,Cityscape,2
2024-03-06,Transit,Entertainment,2
2024-03-06,Transit,Hotel,1
2024-03-06,Transit,Natural,2
2024-03-06,Transit,Sport,1
2024-03-06,Transit,Transit,1
2024-03-06,Transit,area,1
2024-03-06,area,Cityscape,1
2024-03-06,area,Cultural,1
2024-03-06,area,Dining,1
2024-03-06,area,Entertainment,1
2024-03-06,area,Hotel,1
2024-03-06,area,Religious,1
2024-03-06,area,Shopping,1
2024-03-06,area,Transit,1
2024-03-06,area,area,2
2024-03-07,Cityscape,Entertainment,2
2024-03-07,Cityscape,Natural,3
2024-03-07,Cityscape,Shopping,1
2024-03-07,Cityscape,Transit,1
2024-03-07,Cityscape,area,1
2024-03-07,Dining,Dining,1
2024-03-07,Entertainment,Cityscape,7
2024-03-07,Entertainment,Cultural,1
2024-03-07,Entertainment,Entertainment,11
2024-03-07,Hotel,Entertainment,1
2024-03-07,Natural,Entertainment,1
2024-03-07,Natural,Religious,1
2024-03-07,Natural,Transit,1
2024-03-07,Natural,area,3
2024-03-07,Religious,Cityscape,1
2024-03-07,Religious,Natural,1
2024-03-07,Religious,area,1
2024-03-07,Transit,Cityscape,1
2024-03-07,Transit,Hotel,1
2024-03-07,Transit,Religious,1
2024-03-07,Transit,area,1
2024-03-07,area,Cityscape,2
2024-03-07,area,Entertainment,2
2024-03-07,area,Hotel,1
2024-03-07,area,Natural,2
2024-03-07,area,Religious,2
2024-03-07,area,Transit,1
2024-03-08,Cityscape,Cityscape,4
2024-03-08,Cityscape,Cultural,2
2024-03-08,Cityscape,Dining,2
2024-03-08,Cityscape,Entertainment,5
2024-03-08,Cityscape,Natural,1
2024-03-08,Cityscape,Shopping,1
2024-03-08,Cityscape,Transit,1
2024-03-08,Cityscape,area,1
2024-03-08,Cultural,Cityscape,2
2024-03-08,Cultural,area,1
2024-03-08,Dining,Cityscape,3
2024-03-08,Dining,Dining,2
2024-03-08,Dining,Entertainment,1
2024-03-08,Entertainment,Cityscape,4
2024-03-08,Entertainment,Entertainment,18
2024-03-08,Entertainment,Natural,1
2024-03-08,Entertainment,Religious,3
2024-03-08,Entertainment,Transit,2
2024-03-08,Hotel,Cityscape,1
2024-03-08,Hotel,Entertainment,1
2024-03-08,Hotel,Transit,1
2024-03-08,Natural,Cityscape,1
2024-03-08,Natural,Entertainment,1
2024-03-08,Natural,Religious,3
2024-03-08,Natural,Shopping,1
2024-03-08,Natural,area,1
2024-03-08,Religious,Entertainment,1
2024-03-08,Religious,Natural,2
2024-03-08,Religious,Shopping,2
2024-03-08,Religious,area,1
2024-03-08,Shopping,Cityscape,1
2024-03-08,Shopping,Entertainment,1
2024-03-08,Shopping,Natural,1
2024-03-08,Shopping,Religious,1
2024-03-08,Shopping,area,1
2024-03-08,Transit,Entertainment,3
2024-03-08,Transit,Hotel,1
2024-03-08,Transit,area,3
2024-03-08,area,Cityscape,2
2024-03-08,area,Cultural,1
2024-03-08,area,Entertainment,1
2024-03-08,area,Hotel,1
2024-03-08,area,Natural,1
2024-03-08,area,Transit,1
2024-03-08,area,area,8
2024-03-09,Cityscape,Cityscape,3
2024-03-09,Cityscape,Entertainment,4
2024-03-09,Cityscape,Natural,1
2024-03-09,Cityscape,Shopping,2
2024-03-09,Cityscape,area,3
2024-03-09,Cultural,Cityscape,3
2024-03-09,Dining,area,1
2024-03-09,Entertainment,Cityscape,2
2024-03-09,Entertainment,Cultural,1
2024-03-09,Entertainment,Entertainment,5
2024-03-09,Entertainment,Hotel,2
2024-03-09,Entertainment,Transit,2
2024-03-09,Hotel,Cityscape,2
2024-03-09,Hotel,Dining,1
2024-03-09,Hotel,Entertainment,2
2024-03-09,Natural,Cityscape,1
2024-03-09,Natural,Outdoor,1
2024-03-09,Natural,area,3
2024-03-09,Outdoor,Natural,3
2024-03-09,Outdoor,Religious,1
2024-03-09,Religious,Cityscape,1
2024-03-09,Religious,area,1
2024-03-09,Shopping,area,1
2024-03-09,Transit,Cityscape,1
2024-03-09,Transit,Cultural,1
2024-03-09,Transit,Entertainment,2
2024-03-09,Transit,Shopping,1
2024-03-09,Transit,area,1
2024-03-09,area,Cultural,2
2024-03-09,area,Entertainment,3
2024-03-09,area,Hotel,1
2024-03-09,area,Outdoor,1
2024-03-09,area,Shopping,2
2024-03-09,area,area,7
2024-03-10,Cityscape,Cityscape,4
2024-03-10,Cityscape,Cultural,2
2024-03-10,Cityscape,Entertainment,1
2024-03-10,Cityscape,Natural,1
2024-03-10,Cityscape,Transit,3
2024-03-10,Cityscape,area,3
2024-03-10,Cultural,Cityscape,3
2024-03-10,Cultural,Dining,1
2024-03-10,Cultural,Hotel,1
2024-03-10,Cultural,Natural,1
2024-03-10,Dining,Cultural,1
2024-03-10,Dining,Dining,1
2024-03-10,Dining,Entertainment,2
2024-03-10,Dining,area,1
2024-03-10,Entertainment,Cityscape,4
2024-03-10,Entertainment,Cultural,1
2024-03-10,Entertainment,Dining,3
2024-03-10,Entertainment,Entertainment,18
2024-03-10,Entertainment,Hotel,1
2024-03-10,Entertainment,Natural,2
2024-03-10,Entertainment,Transit,2
2024-03-10,Entertainment,area,1
2024-03-10,Hotel,Entertainment,1
2024-03-10,Hotel,Religious,1
2024-03-10,Hotel,area,1
2024-03-10,Natural,Shopping,1
2024-03-10,Outdoor,area,1
2024-03-10,Religious,Cultural,1
2024-03-10,Religious,Entertainment,1
2024-03-10,Religious,Natural,1
2024-03-10,Religious,Religious,2
2024-03-10,Shopping,Cityscape,1
2024-03-10,Shopping,Entertainment,1
2024-03-10,Shopping,Shopping,3
2024-03-10,Shopping,area,6
2024-03-10,Transit,Cityscape,2
2024-03-10,Transit,Cultural,2
2024-03-10,Transit,Entertainment,4
2024-03-10,Transit,Hotel,1
2024-03-10,Transit,Transit,1
2024-03-10,Transit,area,4
2024-03-10,area,Cityscape,2
2024-03-10,area,Cultural,1
2024-03-10,area,Entertainment,1
2024-03-10,area,Natural,1
2024-03-10,area,Outdoor,1
2024-03-10,area,Religious,2
2024-03-10,area,Shopping,8
2024-03-10,area,Transit,2
2024-03-10,area,area,3
2024-03-11,Cityscape,Cityscape,5
2024-03-11,Cityscape,Dining,2
2024-03-11,Cityscape,Entertainment,5
2024-03-11,Cityscape,Hotel,1
2024-03-11,Cityscape,Outdoor,1
2024-03-11,Cityscape,Shopping,2
2024-03-11,Cityscape,area,2
2024-03-11,Cultural,Entertainment,1
2024-03-11,Cultural,Hotel,1
2024-03-11,Cultural,Natural,1
2024-03-11,Cultural,Religious,1
2024-03-11,Cultural,Transit,1
2024-03-11,Dining,Cityscape,1
2024-03-11,Dining,Dining,1
2024-03-11,Dining,Natural,1
2024-03-11,Dining,Shopping,1
2024-03-11,Dining,area,2
2024-03-11,Entertainment,Cityscape,7
2024-03-11,Entertainment,Cultural,1
2024-03-11,Entertainment,Entertainment,16
2024-03-11,Entertainment,Hotel,1
2024-03-11,Entertainment,Natural,2
2024-03-11,Entertainment,Outdoor,2
2024-03-11,Entertainment,Transit,2
2024-03-11,Entertainment,area,2
2024-03-11,Hotel,Cityscape,1
2024-03-11,Hotel,Entertainment,1
2024-03-11,Natural,Entertainment,1
2024-03-11,Natural,Natural,2
2024-03-11,Natural,Religious,2
2024-03-11,Natural,Transit,2
2024-03-11,Natural,area,2
2024-03-11,Outdoor,Entertainment,1
2024-03-11,Outdoor,Outdoor,2
2024-03-11,Outdoor,Religious,1
2024-03-11,Religious,Entertainment,1
2024-03-11,Religious,Natural,3
2024-03-11,Religious,Outdoor,1
2024-03-11,Religious,Religious,3
2024-03-11,Religious,Shopping,2
2024-03-11,Religious,Transit,3
2024-03-11,Religious,area,2
2024-03-11,Shopping,Dining,1
2024-03-11,Shopping,Religious,2
2024-03-11,Shopping,Transit,1
2024-03-11,Shopping,area,10
2024-03-11,Transit,Cityscape,2
2024-03-11,Transit,Cultural,1
2024-03-11,Transit,Entertainment,3
2024-03-11,Transit,Hotel,1
2024-03-11,Transit,Religious,1
2024-03-11,Transit,Shopping,3
2024-03-11,Transit,Transit,1
2024-03-11,Transit,area,2
2024-03-11,area,Cityscape,2
2024-03-11,area,Cultural,1
2024-03-11,area,Dining,1
2024-03-11,area,Entertainment,1
2024-03-11,area,Natural,3
2024-03-11,area,Outdoor,2
2024-03-11,area,Religious,2
2024-03-11,area,Shopping,10
2024-03-11,area,area,1
2024-03-12,Cityscape,Cityscape,8
2024-03-12,Cityscape,Cultural,4
2024-03-12,Cityscape,Entertainment,9
2024-03-12,Cityscape,Outdoor,1
2024-03-12,Cityscape,area,2
2024-03-12,Cultural,Cityscape,1
2024-03-12,Cultural,Cultural,2
2024-03-12,Cultural,Entertainment,1
2024-03-12,Cultural,Hotel,1
2024-03-12,Cultural,area,1
2024-03-12,Dining,Entertainment,1
2024-03-12,Dining,area,1
2024-03-12,Entertainment,Cityscape,9
2024-03-12,Entertainment,Cultural,3
2024-03-12,Entertainment,Dining,2
2024-03-12,Entertainment,Entertainment,22
2024-03-12,Entertainment,Hotel,2
2024-03-12,Entertainment,Natural,1
2024-03-12,Entertainment,Transit,1
2024-03-12,Entertainment,area,2
2024-03-12,Hotel,Entertainment,3
2024-03-12,Hotel,Hotel,1
2024-03-12,Hotel,Transit,1
2024-03-12,Natural,Entertainment,1
2024-03-12,Natural,Shopping,1
2024-03-12,Natural,area,1
2024-03-12,Outdoor,Natural,1
2024-03-12,Outdoor,area,1
2024-03-12,Religious,Natural,1
2024-03-12,Religious,Shopping,1
2024-03-12,Religious,area,1
2024-03-12,Shopping,Outdoor,1
2024-03-12,Shopping,Transit,1
2024-03-12,Shopping,area,1
2024-03-12,Transit,Cityscape,3
2024-03-12,Transit,Cultural,1
2024-03-12,Transit,Dining,1
2024-03-12,Transit,Entertainment,4
2024-03-12,Transit,Religious,1
2024-03-12,Transit,Shopping,1
2024-03-12,Transit,area,1
2024-03-12,area,Cityscape,3
2024-03-12,area,Entertainment,3
2024-03-12,area,Natural,1
2024-03-12,area,Religious,1
2024-03-12,area,Shopping,1
2024-03-12,area,Transit,2
2024-03-13,Cityscape,Cityscape,5
2024-03-13,Cityscape,Cultural,2
2024-03-13,Cityscape,Dining,1
2024-03-13,Cityscape,Entertainment,7
2024-03-13,Cityscape,Hotel,1
2024-03-13,Cityscape,Outdoor,1
2024-03-13,Cityscape,Shopping,2
2024-03-13,Cityscape,Transit,3
2024-03-13,Cityscape,area,1
2024-03-13,Cultural,Cityscape,2
2024-03-13,Cultural,Cultural,4
2024-03-13,Cultural,Entertainment,4
2024-03-13,Cultural,Religious,2
2024-03-13,Cultural,Shopping,1
2024-03-13,Dining,Cityscape,1
2024-03-13,Dining,Dining,1
2024-03-13,Dining,Entertainment,2
2024-03-13,Dining,area,1
2024-03-13,Entertainment,Cityscape,7
2024-03-13,Entertainment,Cultural,1
2024-03-13,Entertainment,Dining,1
2024-03-13,Entertainment,Entertainment,22
2024-03-13,Entertainment,Hotel,1
2024-03-13,Entertainment,Religious,1
2024-03-13,Entertainment,Transit,3
2024-03-13,Entertainment,area,3
2024-03-13,Hotel,Cityscape,2
2024-03-13,Hotel,Cultural,1
2024-03-13,Hotel,Entertainment,1
2024-03-13,Natural,Cultural,2
2024-03-13,Natural,Entertainment,1
2024-03-13,Natural,Natural,2
2024-03-13,Natural,Outdoor,3
2024-03-13,Natural,Religious,6
2024-03-13,Natural,Shopping,1
2024-03-13,Natural,Transit,2
2024-03-13,Natural,area,6
2024-03-13,Outdoor,Natural,1
2024-03-13,Outdoor,Outdoor,1
2024-03-13,Outdoor,Religious,1
2024-03-13,Outdoor,Shopping,1
2024-03-13,Outdoor,Transit,1
2024-03-13,Outdoor,area,1
2024-03-13,Religious,Cityscape,1
2024-03-13,Religious,Cultural,1
2024-03-13,Religious,Natural,5
2024-03-13,Religious,Religious,3
2024-03-13,Religious,Transit,1
2024-03-13,Religious,area,3
2024-03-13,Shopping,Cityscape,2
2024-03-13,Shopping,Hotel,1
2024-03-13,Shopping,Religious,2
2024-03-13,Shopping,area,1
2024-03-13,Transit,Cityscape,5
2024-03-13,Transit,Entertainment,4
2024-03-13,Transit,Hotel,1
2024-03-13,Transit,Natural,2
2024-03-13,Transit,Religious,1
2024-03-13,Transit,area,1
2024-03-13,area,Cityscape,1
2024-03-13,area,Entertainment,1
2024-03-13,area,Natural,8
2024-03-13,area,Outdoor,1
2024-03-13,area,Religious,2
2024-03-13,area,Transit,1
2024-03-13,area,area,1
2024-03-14,Cityscape,Cityscape,3
2024-03-14,Cityscape,Cultural,1
2024-03-14,Cityscape,Dining,1
2024-03-14,Cityscape,Entertainment,6
2024-03-14,Cityscape,area,1
2024-03-14,Cultural,Cityscape,4
2024-03-14,Cultural,Entertainment,1
2024-03-14,Cultural,Shopping,1
2024-03-14,Dining,Cityscape,1
2024-03-14,Dining,Dining,5
2024-03-14,Dining,Entertainment,1
2024-03-14,Dining,Natural,1
2024-03-14,Dining,Transit,1
2024-03-14,Dining,area,3
2024-03-14,Entertainment,Cityscape,3
2024-03-14,Entertainment,Cultural,2
2024-03-14,Entertainment,Dining,1
2024-03-14,Entertainment,Entertainment,37
2024-03-14,Entertainment,Hotel,1
2024-03-14,Entertainment,Natural,3
2024-03-14,Entertainment,Outdoor,1
2024-03-14,Entertainment,Religious,3
2024-03-14,Entertainment,Shopping,1
2024-03-14,Entertainment,Transit,3
2024-03-14,Entertainment,area,2
2024-03-14,Hotel,Entertainment,1
2024-03-14,Hotel,area,1
2024-03-14,Natural,Cityscape,1
2024-03-14,Natural,Entertainment,3
2024-03-14,Natural,Religious,2
2024-03-14,Natural,Shopping,1
2024-03-14,Natural,area,5
2024-03-14,Outdoor,area,1
2024-03-14,Religious,Cultural,1
2024-03-14,Religious,Entertainment,3
2024-03-14,Religious,Natural,3
2024-03-14,Religious,Outdoor,1
2024-03-14,Religious,Religious,1
2024-03-14,Religious,Shopping,1
2024-03-14,Religious,area,1
2024-03-14,Shopping,Cityscape,1
2024-03-14,Shopping,Entertainment,1
2024-03-14,Shopping,Natural,1
2024-03-14,Shopping,Religious,1
2024-03-14,Shopping,area,1
2024-03-14,Transit,Dining,1
2024-03-14,Transit,Entertainment,6
2024-03-14,Transit,Religious,1
2024-03-14,Transit,area,2
2024-03-14,area,Cityscape,1
2024-03-14,area,Dining,4
2024-03-14,area,Entertainment,1
2024-03-14,area,Natural,2
2024-03-14,area,Religious,2
2024-03-14,area,Shopping,3
2024-03-15,Cityscape,Cityscape,6
2024-03-15,Cityscape,Cultural,3
2024-03-15,Cityscape,Entertainment,9
2024-03-15,Cityscape,Hotel,1
2024-03-15,Cityscape,Natural,1
2024-03-15,Cityscape,Shopping,1
2024-03-15,Cityscape,Transit,1
2024-03-15,Cityscape,area,4
2024-03-15,Cultural,Cityscape,2
2024-03-15,Cultural,Cultural,1
2024-03-15,Cultural,Entertainment,3
2024-03-15,Cultural,Hotel,1
2024-03-15,Dining,Cultural,1
2024-03-15,Dining,Entertainment,2
2024-03-15,Dining,area,1
2024-03-15,Entertainment,Cityscape,8
2024-03-15,Entertainment,Cultural,2
2024-03-15,Entertainment,Dining,2
2024-03-15,Entertainment,Entertainment,13
2024-03-15,Entertainment,Natural,2
2024-03-15,Entertainment,Religious,2
2024-03-15,Entertainment,Shopping,1
2024-03-15,Entertainment,Transit,2
2024-03-15,Entertainment,area,2
2024-03-15,Hotel,Cityscape,2
2024-03-15,Hotel,Transit,1
2024-03-15,Hotel,area,1
2024-03-15,Natural,Cultural,1
2024-03-15,Natural,Natural,1
2024-03-15,Natural,Religious,1
2024-03-15,Natural,Transit,1
2024-03-15,Religious,Natural,1
2024-03-15,Religious,Religious,2
2024-03-15,Religious,Transit,1
2024-03-15,Religious,area,2
2024-03-15,Shopping,Entertainment,3
2024-03-15,Transit,Cityscape,3
2024-03-15,Transit,Entertainment,2
2024-03-15,Transit,Shopping,1
2024-03-15,Transit,Transit,2
2024-03-15,area,Cityscape,4
2024-03-15,area,Cultural,1
2024-03-15,area,Entertainment,1
2024-03-15,area,Hotel,2
2024-03-15,area,Natural,1
2024-03-15,area,Religious,1
2024-03-15,area,Shopping,1
2024-03-15,area,area,2
2024-03-16,Cityscape,Cityscape,1
2024-03-16,Cityscape,Entertainment,5
2024-03-16,Cityscape,Natural,2
2024-03-16,Cityscape,Religious,2
2024-03-16,Cityscape,Shopping,1
2024-03-16,Cityscape,area,1
2024-03-16,Cultural,Entertainment,1
2024-03-16,Cultural,Natural,1
2024-03-16,Cultural,Shopping,1
2024-03-16,Dining,Cultural,1
2024-03-16,Dining,Dining,1
2024-03-16,Dining,Entertainment,2
2024-03-16,Dining,Religious,1
2024-03-16,Dining,area,4
2024-03-16,Entertainment,Cityscape,6
2024-03-16,Entertainment,Dining,1
2024-03-16,Entertainment,Entertainment,16
2024-03-16,Entertainment,Natural,2
2024-03-16,Entertainment,Religious,1
2024-03-16,Entertainment,Shopping,1
2024-03-16,Entertainment,Transit,1
2024-03-16,Hotel,Cityscape,1
2024-03-16,Natural,Cityscape,1
2024-03-16,Natural,Cultural,1
2024-03-16,Natural,Dining,1
2024-03-16,Natural,Outdoor,1
2024-03-16,Natural,Religious,1
2024-03-16,Natural,Shopping,1
2024-03-16,Natural,Transit,1
2024-03-16,Outdoor,Natural,1
2024-03-16,Religious,Cityscape,3
2024-03-16,Religious,Dining,1
2024-03-16,Religious,Entertainment,1
2024-03-16,Religious,Natural,1
2024-03-16,Religious,Religious,2
2024-03-16,Religious,Shopping,2
2024-03-16,Religious,area,2
2024-03-16,Shopping,Cityscape,1
2024-03-16,Shopping,Cultural,1
2024-03-16,Shopping,Dining,1
2024-03-16,Shopping,Entertainment,1
2024-03-16,Shopping,Religious,3
2024-03-16,Shopping,Transit,1
2024-03-16,Shopping,area,1
2024-03-16,Transit,Cityscape,4
2024-03-16,Transit,Entertainment,3
2024-03-16,Transit,Hotel,1
2024-03-16,Transit,Natural,1
2024-03-16,Transit,Religious,1
2024-03-16,Transit,Transit,3
2024-03-16,Transit,area,2
2024-03-16,area,Cityscape,2
2024-03-16,area,Cultural,1
2024-03-16,area,Dining,3
2024-03-16,area,Entertainment,1
2024-03-16,area,Natural,1
2024-03-16,area,Religious,1
2024-03-16,area,Shopping,2
2024-03-16,area,Transit,1
2024-03-16,area,area,6
2024-03-17,Cityscape,Cityscape,9
2024-03-17,Cityscape,Entertainment,5
2024-03-17,Cityscape,Hotel,1
2024-03-17,Cityscape,Natural,2
2024-03-17,Cityscape,Outdoor,3
2024-03-17,Cityscape,Shopping,2
2024-03-17,Cityscape,Transit,2
2024-03-17,Cityscape,area,1
2024-03-17,Cultural,Dining,1
2024-03-17,Cultural,Hotel,1
2024-03-17,Cultural,area,1
2024-03-17,Dining,Cityscape,2
2024-03-17,Dining,Cultural,1
2024-03-17,Dining,Dining,2
2024-03-17,Dining,Religious,1
2024-03-17,Dining,Shopping,1
2024-03-17,Entertainment,Cityscape,6
2024-03-17,Entertainment,Dining,2
2024-03-17,Entertainment,Entertainment,17
2024-03-17,Entertainment,Hotel,2
2024-03-17,Entertainment,Natural,1
2024-03-17,Entertainment,Shopping,1
2024-03-17,Entertainment,area,2
2024-03-17,Natural,Cultural,1
2024-03-17,Natural,Entertainment,2
2024-03-17,Natural,Natural,2
2024-03-17,Natural,Outdoor,1
2024-03-17,Natural,Religious,3
2024-03-17,Natural,area,4
2024-03-17,Outdoor,Cityscape,1
2024-03-17,Outdoor,Dining,1
2024-03-17,Outdoor,Natural,1
2024-03-17,Outdoor,area,1
2024-03-17,Religious,Cultural,1
2024-03-17,Religious,Natural,1
2024-03-17,Religious,area,2
2024-03-17,Shopping,Dining,1
2024-03-17,Shopping,Entertainment,4
2024-03-17,Shopping,Hotel,1
2024-03-17,Shopping,Religious,2
2024-03-17,Shopping,Shopping,1
2024-03-17,Transit,Cityscape,5
2024-03-17,Transit,Shopping,1
2024-03-17,area,Cityscape,1
2024-03-17,area,Dining,2
2024-03-17,area,Entertainment,4
2024-03-17,area,Natural,4
2024-03-17,area,Religious,4
2024-03-17,area,Shopping,1
2024-03-17,area,area,5
2024-03-18,Cityscape,Cityscape,1
2024-03-18,Cityscape,Cultural,1
2024-03-18,Cityscape,Entertainment,1
2024-03-18,Cityscape,Religious,1
2024-03-18,Cityscape,Shopping,1
2024-03-18,Cityscape,Transit,2
2024-03-18,Cityscape,area,1
2024-03-18,Cultural,Cityscape,1
2024-03-18,Cultural,Cultural,2
2024-03-18,Cultural,Entertainment,2
2024-03-18,Cultural,Hotel,1
2024-03-18,Cultural,Transit,1
2024-03-18,Dining,Cultural,1
2024-03-18,Dining,Dining,1
2024-03-18,Dining,Entertainment,3
2024-03-18,Dining,Shopping,2
2024-03-18,Dining,area,1
2024-03-18,Entertainment,Cityscape,2
2024-03-18,Entertainment,Dining,2
2024-03-18,Entertainment,Entertainment,9
2024-03-18,Entertainment,Hotel,2
2024-03-18,Entertainment,Outdoor,1
2024-03-18,Entertainment,Religious,3
2024-03-18,Entertainment,Shopping,1
2024-03-18,Entertainment,Transit,2
2024-03-18,Hotel,Entertainment,1
2024-03-18,Hotel,Hotel,1
2024-03-18,Hotel,area,1
2024-03-18,Natural,Cityscape,2
2024-03-18,Natural,Cultural,2
2024-03-18,Natural,Entertainment,1
2024-03-18,Natural,Outdoor,1
2024-03-18,Natural,Religious,1
2024-03-18,Natural,Transit,1
2024-03-18,Natural,area,3
2024-03-18,Outdoor,Natural,1
2024-03-18,Outdoor,Outdoor,1
2024-03-18,Religious,Cityscape,1
2024-03-18,Religious,Entertainment,3
2024-03-18,Religious,Natural,3
2024-03-18,Religious,Religious,5
2024-03-18,Religious,area,2
2024-03-18,Shopping,Dining,2
2024-03-18,Transit,Cityscape,4
2024-03-18,Transit,Dining,1
2024-03-18,Transit,Entertainment,6
2024-03-18,Transit,Hotel,1
2024-03-18,Transit,Natural,2
2024-03-18,Transit,Religious,1
2024-03-18,Transit,Transit,2
2024-03-18,Transit,area,2
2024-03-18,area,Cityscape,2
2024-03-18,area,Cultural,1
2024-03-18,area,Dining,1
2024-03-18,area,Entertainment,2
2024-03-18,area,Natural,1
2024-03-18,area,Religious,1
2024-03-18,area,Shopping,1
2024-03-18,area,Transit,2
2024-03-18,area,area,9
2024-03-19,Cityscape,Cityscape,1
2024-03-19,Cityscape,Cultural,2
2024-03-19,Cityscape,Entertainment,3
2024-03-19,Cityscape,Hotel,1
2024-03-19,Cityscape,Religious,3
2024-03-19,Cityscape,Shopping,2
2024-03-19,Cityscape,area,2
2024-03-19,Cultural,Cityscape,1
2024-03-19,Cultural,Cultural,1
2024-03-19,Cultural,Dining,1
2024-03-19,Cultural,Entertainment,1
2024-03-19,Cultural,Natural,1
2024-03-19,Cultural,Outdoor,1
2024-03-19,Cultural,Transit,1
2024-03-19,Cultural,area,2
2024-03-19,Dining,Cultural,1
2024-03-19,Dining,Dining,5
2024-03-19,Dining,Entertainment,1
2024-03-19,Dining,Shopping,1
2024-03-19,Entertainment,Cityscape,6
2024-03-19,Entertainment,Cultural,1
2024-03-19,Entertainment,Entertainment,27
2024-03-19,Entertainment,Hotel,2
2024-03-19,Entertainment,Natural,3
2024-03-19,Entertainment,Transit,3
2024-03-19,Entertainment,area,1
2024-03-19,Hotel,Cityscape,1
2024-03-19,Hotel,Entertainment,1
2024-03-19,Hotel,Religious,1
2024-03-19,Natural,Cityscape,1
2024-03-19,Natural,Entertainment,2
2024-03-19,Natural,Religious,4
2024-03-19,Natural,Shopping,1
2024-03-19,Religious,Cityscape,3
2024-03-19,Religious,Cultural,1
2024-03-19,Religious,Entertainment,2
2024-03-19,Religious,Natural,1
2024-03-19,Religious,Outdoor,1
2024-03-19,Religious,Religious,2
2024-03-19,Shopping,Cityscape,1
2024-03-19,Shopping,Cultural,1
2024-03-19,Shopping,Entertainment,1
2024-03-19,Shopping,Transit,1
2024-03-19,Transit,Cityscape,1
2024-03-19,Transit,Cultural,1
2024-03-19,Transit,Entertainment,4
2024-03-19,Transit,Shopping,1
2024-03-19,Transit,Transit,1
2024-03-19,Transit,area,3
2024-03-19,area,Cityscape,1
2024-03-19,area,Cultural,1
2024-03-19,area,Entertainment,1
2024-03-19,area,Hotel,2
2024-03-19,area,Transit,2
2024-03-19,area,area,2
2024-03-20,Cityscape,Cityscape,10
2024-03-20,Cityscape,Cultural,2
2024-03-20,Cityscape,Dining,1
2024-03-20,Cityscape,Entertainment,8
2024-03-20,Cityscape,Hotel,1
2024-03-20,Cityscape,Natural,1
2024-03-20,Cityscape,Outdoor,1
2024-03-20,Cityscape,Religious,2
2024-03-20,Cityscape,Shopping,1
2024-03-20,Cityscape,Transit,1
2024-03-20,Cityscape,area,3
2024-03-20,Cultural,Cultural,1
2024-03-20,Cultural,Entertainment,2
2024-03-20,Cultural,Religious,1
2024-03-20,Cultural,area,1
2024-03-20,Dining,Cityscape,1
2024-03-20,Dining,Dining,1
2024-03-20,Dining,Entertainment,3
2024-03-20,Entertainment,Cityscape,10
2024-03-20,Entertainment,Cultural,1
2024-03-20,Entertainment,Dining,2
2024-03-20,Entertainment,Entertainment,30
2024-03-20,Entertainment,Hotel,3
2024-03-20,Entertainment,Religious,1
2024-03-20,Entertainment,Shopping,2
2024-03-20,Entertainment,Transit,2
2024-03-20,Entertainment,area,4
2024-03-20,Hotel,Cityscape,3
2024-03-20,Hotel,Entertainment,3
2024-03-20,Natural,Entertainment,3
2024-03-20,Natural,Religious,2
2024-03-20,Natural,area,2
2024-03-20,Outdoor,Entertainment,1
2024-03-20,Outdoor,area,1
2024-03-20,Religious,Cultural,1
2024-03-20,Religious,Entertainment,1
2024-03-20,Religious,Natural,1
2024-03-20,Religious,Religious,2
2024-03-20,Religious,area,3
2024-03-20,Shopping,Cityscape,2
2024-03-20,Shopping,Entertainment,1
2024-03-20,Shopping,Outdoor,1
2024-03-20,Transit,Cityscape,2
2024-03-20,Transit,Cultural,1
2024-03-20,Transit,Entertainment,3
2024-03-20,Transit,Religious,1
2024-03-20,Transit,area,3
2024-03-20,area,Cityscape,5
2024-03-20,area,Cultural,1
2024-03-20,area,Dining,1
2024-03-20,area,Entertainment,4
2024-03-20,area,Outdoor,1
2024-03-20,area,Shopping,1
2024-03-20,area,Transit,4
2024-03-20,area,area,4
2024-03-21,Cityscape,Cityscape,1
2024-03-21,Cityscape,Dining,2
2024-03-21,Cityscape,Entertainment,1
2024-03-21,Cityscape,Natural,1
2024-03-21,Cityscape,Outdoor,1
2024-03-21,Cityscape,Religious,1
2024-03-21,Cityscape,Transit,4
2024-03-21,Cultural,Cityscape,1
2024-03-21,Cultural,Dining,2
2024-03-21,Cultural,Natural,1
2024-03-21,Cultural,Outdoor,1
2024-03-21,Cultural,Religious,1
2024-03-21,Dining,Cultural,1
2024-03-21,Dining,Dining,2
2024-03-21,Dining,Hotel,1
2024-03-21,Dining,Religious,1
2024-03-21,Dining,Transit,1
2024-03-21,Entertainment,Cityscape,3
2024-03-21,Entertainment,Entertainment,6
2024-03-21,Entertainment,Hotel,1
2024-03-21,Entertainment,Shopping,1
2024-03-21,Entertainment,Transit,2
2024-03-21,Hotel,Cultural,3
2024-03-21,Hotel,Entertainment,1
2024-03-21,Hotel,area,1
2024-03-21,Natural,Cityscape,1
2024-03-21,Natural,Cultural,1
2024-03-21,Natural,Entertainment,1
2024-03-21,Natural,Natural,2
2024-03-21,Natural,Religious,4
2024-03-21,Natural,Transit,1
2024-03-21,Natural,area,2
2024-03-21,Outdoor,Natural,1
2024-03-21,Religious,Cityscape,4
2024-03-21,Religious,Cultural,1
2024-03-21,Religious,Entertainment,1
2024-03-21,Religious,Natural,3
2024-03-21,Religious,Religious,5
2024-03-21,Religious,Shopping,2
2024-03-21,Religious,area,1
2024-03-21,Shopping,Dining,1
2024-03-21,Shopping,Entertainment,1
2024-03-21,Shopping,Religious,2
2024-03-21,Shopping,Transit,1
2024-03-21,Shopping,area,1
2024-03-21,Transit,Cityscape,3
2024-03-21,Transit,Dining,1
2024-03-21,Transit,Entertainment,2
2024-03-21,Transit,Hotel,3
2024-03-21,Transit,Natural,3
2024-03-21,Transit,Religious,1
2024-03-21,Transit,Shopping,2
2024-03-21,Transit,area,2
2024-03-21,area,Cityscape,1
2024-03-21,area,Cultural,1
2024-03-21,area,Dining,1
2024-03-21,area,Entertainment,1
2024-03-21,area,Religious,2
2024-03-21,area,Shopping,1
2024-03-21,area,Transit,1
2024-03-21,area,area,1
2024-03-22,Cityscape,Cityscape,4
2024-03-22,Cityscape,Cultural,2
2024-03-22,Cityscape,Entertainment,2
2024-03-22,Cityscape,Transit,2
2024-03-22,Cityscape,area,1
2024-03-22,Cultural,Cityscape,3
2024-03-22,Cultural,Shopping,1
2024-03-22,Dining,Cityscape,2
2024-03-22,Dining,Dining,3
2024-03-22,Dining,Entertainment,1
2024-03-22,Dining,Transit,1
2024-03-22,Dining,area,1
2024-03-22,Entertainment,Cityscape,3
2024-03-22,Entertainment,Entertainment,34
2024-03-22,Entertainment,Hotel,1
2024-03-22,Entertainment,Natural,2
2024-03-22,Entertainment,Religious,1
2024-03-22,Entertainment,Transit,3
2024-03-22,Entertainment,area,1
2024-03-22,Hotel,Entertainment,2
2024-03-22,Hotel,Religious,1
2024-03-22,Natural,Entertainment,3
2024-03-22,Natural,Natural,1
2024-03-22,Natural,Religious,2
2024-03-22,Natural,area,2
2024-03-22,Outdoor,Natural,1
2024-03-22,Outdoor,area,1
2024-03-22,Religious,Cityscape,1
2024-03-22,Religious,Cultural,1
2024-03-22,Religious,Natural,2
2024-03-22,Religious,Religious,2
2024-03-22,Religious,Shopping,1
2024-03-22,Religious,area,2
2024-03-22,Shopping,Religious,2
2024-03-22,Shopping,area,2
2024-03-22,Transit,Cityscape,3
2024-03-22,Transit,Dining,2
2024-03-22,Transit,Entertainment,4
2024-03-22,area,Cityscape,1
2024-03-22,area,Cultural,1
2024-03-22,area,Dining,2
2024-03-22,area,Entertainment,1
2024-03-22,area,Outdoor,1
2024-03-22,area,Shopping,1
2024-03-22,area,area,5
2024-03-23,Cityscape,Cityscape,9
2024-03-23,Cityscape,Cultural,2
2024-03-23,Cityscape,Dining,5
2024-03-23,Cityscape,Entertainment,3
2024-03-23,Cityscape,Natural,1
2024-03-23,Cityscape,Outdoor,2
2024-03-23,Cityscape,Shopping,2
2024-03-23,Cityscape,Transit,3
2024-03-23,Cityscape,area,1
2024-03-23,Cultural,Cityscape,1
2024-03-23,Cultural,Cultural,1
2024-03-23,Cultural,Entertainment,3
2024-03-23,Cultural,Transit,2
2024-03-23,Cultural,area,2
2024-03-23,Dining,Cityscape,2
2024-03-23,Dining,Dining,2
2024-03-23,Dining,Entertainment,3
2024-03-23,Dining,Shopping,1
2024-03-23,Dining,Transit,1
2024-03-23,Dining,area,1
2024-03-23,Entertainment,Cityscape,5
2024-03-23,Entertainment,Cultural,4
2024-03-23,Entertainment,Dining,2
2024-03-23,Entertainment,Entertainment,30
2024-03-23,Entertainment,Hotel,2
2024-03-23,Entertainment,Natural,2
2024-03-23,Entertainment,Transit,1
2024-03-23,Entertainment,area,2
2024-03-23,Hotel,Cityscape,2
2024-03-23,Hotel,Entertainment,2
2024-03-23,Hotel,Hotel,1
2024-03-23,Hotel,area,1
2024-03-23,Natural,Cityscape,2
2024-03-23,Natural,Entertainment,1
2024-03-23,Natural,Shopping,1
2024-03-23,Natural,area,1
2024-03-23,Outdoor,Cityscape,1
2024-03-23,Outdoor,area,1
2024-03-23,Religious,Dining,1
2024-03-23,Religious,Religious,3
2024-03-23,Religious,Shopping,1
2024-03-23,Religious,area,1
2024-03-23,Shopping,Cityscape,3
2024-03-23,Shopping,Dining,1
2024-03-23,Shopping,Entertainment,1
2024-03-23,Shopping,Outdoor,1
2024-03-23,Shopping,Religious,1
2024-03-23,Transit,Cityscape,4
2024-03-23,Transit,Dining,2
2024-03-23,Transit,Entertainment,2
2024-03-23,Transit,Natural,2
2024-03-23,Transit,Shopping,1
2024-03-23,Transit,Transit,1
2024-03-23,Transit,area,2
2024-03-23,area,Cityscape,3
2024-03-23,area,Cultural,2
2024-03-23,area,Entertainment,3
2024-03-23,area,Hotel,1
2024-03-23,area,Outdoor,1
2024-03-23,area,Religious,2
2024-03-23,area,Shopping,2
2024-03-24,Cityscape,Cityscape,3
2024-03-24,Cityscape,Cultural,1
2024-03-24,Cityscape,Dining,1
2024-03-24,Cityscape,Entertainment,5
2024-03-24,Cityscape,Transit,1
2024-03-24,Cityscape,area,3
2024-03-24,Cultural,Cityscape,1
2024-03-24,Cultural,Cultural,1
2024-03-24,Cultural,Natural,2
2024-03-24,Cultural,Religious,2
2024-03-24,Cultural,Shopping,1
2024-03-24,Cultural,Transit,1
2024-03-24,Dining,Dining,6
2024-03-24,Dining,Entertainment,1
2024-03-24,Dining,Sport,1
2024-03-24,Dining,Transit,1
2024-03-24,Dining,area,1
2024-03-24,Entertainment,Cityscape,6
2024-03-24,Entertainment,Dining,1
2024-03-24,Entertainment,Entertainment,30
2024-03-24,Entertainment,Hotel,2
2024-03-24,Entertainment,Natural,1
2024-03-24,Entertainment,Shopping,1
2024-03-24,Entertainment,Transit,1
2024-03-24,Entertainment,area,1
2024-03-24,Hotel,Cityscape,1
2024-03-24,Hotel,Entertainment,1
2024-03-24,Hotel,Transit,1
2024-03-24,Natural,Cultural,1
2024-03-24,Natural,Entertainment,1
2024-03-24,Natural,Outdoor,1
2024-03-24,Natural,Religious,2
2024-03-24,Natural,Transit,1
2024-03-24,Natural,area,2
2024-03-24,Outdoor,Cultural,1
2024-03-24,Outdoor,Religious,2
2024-03-24,Religious,Cultural,1
2024-03-24,Religious,Dining,1
2024-03-24,Religious,Entertainment,1
2024-03-24,Religious,Natural,1
2024-03-24,Religious,Outdoor,1
2024-03-24,Religious,Religious,4
2024-03-24,Shopping,Cityscape,2
2024-03-24,Shopping,Entertainment,2
2024-03-24,Shopping,Shopping,1
2024-03-24,Shopping,Transit,1
2024-03-24,Shopping,area,1
2024-03-24,Sport,Cultural,1
2024-03-24,Transit,Cityscape,5
2024-03-24,Transit,Entertainment,3
2024-03-24,Transit,Transit,1
2024-03-24,Transit,area,3
2024-03-24,area,Cityscape,2
2024-03-24,area,Cultural,1
2024-03-24,area,Dining,2
2024-03-24,area,Entertainment,1
2024-03-24,area,Natural,1
2024-03-24,area,Outdoor,1
2024-03-24,area,Religious,2
2024-03-24,area,Shopping,1
2024-03-24,area,Transit,1
2024-03-25,Cityscape,Cityscape,1
2024-03-25,Cityscape,Cultural,1
2024-03-25,Cityscape,Dining,1
2024-03-25,Cityscape,Entertainment,5
2024-03-25,Cityscape,Natural,1
2024-03-25,Cityscape,Religious,1
2024-03-25,Cityscape,Transit,1
2024-03-25,Cityscape,area,3
2024-03-25,Cultural,Cityscape,3
2024-03-25,Cultural,Entertainment,1
2024-03-25,Cultural,Shopping,1
2024-03-25,Dining,Cultural,1
2024-03-25,Dining,Dining,2
2024-03-25,Dining,Entertainment,1
2024-03-25,Dining,area,1
2024-03-25,Entertainment,Cityscape,2
2024-03-25,Entertainment,Cultural,1
2024-03-25,Entertainment,Dining,1
2024-03-25,Entertainment,Entertainment,20
2024-03-25,Entertainment,Hotel,1
2024-03-25,Entertainment,Shopping,1
2024-03-25,Entertainment,Transit,2
2024-03-25,Hotel,Cityscape,1
2024-03-25,Hotel,Entertainment,2
2024-03-25,Hotel,Natural,1
2024-03-25,Hotel,Shopping,1
2024-03-25,Natural,Cityscape,1
2024-03-25,Natural,Entertainment,2
2024-03-25,Natural,Outdoor,1
2024-03-25,Natural,Religious,2
2024-03-25,Outdoor,Natural,1
2024-03-25,Religious,Natural,3
2024-03-25,Religious,area,2
2024-03-25,Shopping,Dining,1
2024-03-25,Shopping,Hotel,1
2024-03-25,Transit,Cityscape,2
2024-03-25,Transit,Cultural,1
2024-03-25,Transit,Entertainment,5
2024-03-25,Transit,area,1
2024-03-25,area,Cityscape,2
2024-03-25,area,Cultural,1
2024-03-25,area,Dining,1
2024-03-25,area,Entertainment,2
2024-03-25,area,Hotel,1
2024-03-25,area,Natural,1
2024-03-25,area,Transit,1
2024-03-25,area,area,2
2024-03-26,Cityscape,Cityscape,4
2024-03-26,Cityscape,Entertainment,9
2024-03-26,Cityscape,Hotel,1
2024-03-26,Cityscape,Natural,2
2024-03-26,Cityscape,Shopping,2
2024-03-26,Cityscape,Transit,4
2024-03-26,Cityscape,area,1
2024-03-26,Cultural,Natural,2
2024-03-26,Cultural,Shopping,1
2024-03-26,Cultural,Transit,1
2024-03-26,Cultural,area,1
2024-03-26,Dining,Outdoor,1
2024-03-26,Dining,Transit,1
2024-03-26,Entertainment,Cityscape,9
2024-03-26,Entertainment,Cultural,1
2024-03-26,Entertainment,Entertainment,21
2024-03-26,Entertainment,Hotel,3
2024-03-26,Entertainment,Natural,3
2024-03-26,Entertainment,Religious,2
2024-03-26,Entertainment,Transit,2
2024-03-26,Hotel,Entertainment,2
2024-03-26,Hotel,Hotel,1
2024-03-26,Hotel,area,2
2024-03-26,Natural,Cityscape,2
2024-03-26,Natural,Cultural,2
2024-03-26,Natural,Entertainment,2
2024-03-26,Natural,Religious,2
2024-03-26,Natural,Transit,2
2024-03-26,Natural,area,1
2024-03-26,Outdoor,Natural,1
2024-03-26,Religious,Dining,1
2024-03-26,Religious,Entertainment,1
2024-03-26,Religious,Natural,2
2024-03-26,Shopping,Cityscape,1
2024-03-26,Shopping,Cultural,1
2024-03-26,Shopping,area,2
2024-03-26,Transit,Cityscape,6
2024-03-26,Transit,Dining,1
2024-03-26,Transit,Entertainment,5
2024-03-26,Transit,Natural,1
2024-03-26,Transit,Religious,1
2024-03-26,Transit,Shopping,2
2024-03-26,Transit,area,2
2024-03-26,area,Cityscape,4
2024-03-26,area,Cultural,1
2024-03-26,area,Entertainment,1
2024-03-26,area,Hotel,1
2024-03-26,area,Shopping,2
2024-03-26,area,Transit,4
2024-03-26,area,area,3
2024-03-27,Cityscape,Cityscape,6
2024-03-27,Cityscape,Cultural,2
2024-03-27,Cityscape,Entertainment,7
2024-03-27,Cityscape,Natural,1
2024-03-27,Cityscape,Religious,2
2024-03-27,Cityscape,Shopping,1
2024-03-27,Cityscape,Transit,1
2024-03-27,Cityscape,area,1
2024-03-27,Cultural,Cityscape,1
2024-03-27,Cultural,area,1
2024-03-27,Dining,Cityscape,1
2024-03-27,Dining,Dining,2
2024-03-27,Dining,Entertainment,1
2024-03-27,Entertainment,Cityscape,5
2024-03-27,Entertainment,Dining,2
2024-03-27,Entertainment,Entertainment,29
2024-03-27,Entertainment,Natural,1
2024-03-27,Entertainment,Religious,1
2024-03-27,Entertainment,Shopping,1
2024-03-27,Entertainment,Transit,2
2024-03-27,Entertainment,area,2
2024-03-27,Hotel,Entertainment,1
2024-03-27,Natural,Entertainment,1
2024-03-27,Natural,Outdoor,1
2024-03-27,Natural,Shopping,2
2024-03-27,Natural,area,1
2024-03-27,Religious,Cityscape,3
2024-03-27,Religious,Entertainment,1
2024-03-27,Religious,Natural,2
2024-03-27,Religious,Religious,4
2024-03-27,Religious,Shopping,1
2024-03-27,Religious,area,3
2024-03-27,Shopping,Cityscape,1
2024-03-27,Shopping,Cultural,1
2024-03-27,Shopping,Entertainment,2
2024-03-27,Shopping,Religious,1
2024-03-27,Shopping,area,1
2024-03-27,Transit,Cityscape,3
2024-03-27,Transit,Dining,1
2024-03-27,Transit,Entertainment,4
2024-03-27,Transit,Hotel,1
2024-03-27,Transit,Shopping,1
2024-03-27,Transit,Transit,3
2024-03-27,Transit,area,2
2024-03-27,area,Cityscape,1
2024-03-27,area,Entertainment,2
2024-03-27,area,Natural,2
2024-03-27,area,Religious,4
2024-03-27,area,Shopping,1
2024-03-27,area,Transit,1
2024-03-27,area,area,4
2024-03-28,Cityscape,Cityscape,2
2024-03-28,Cityscape,Cultural,1
2024-03-28,Cityscape,Dining,2
2024-03-28,Cityscape,Entertainment,4
2024-03-28,Cityscape,Natural,1
2024-03-28,Cityscape,Outdoor,1
2024-03-28,Cityscape,Shopping,2
2024-03-28,Cityscape,Transit,1
2024-03-28,Cityscape,area,2
2024-03-28,Cultural,Cityscape,2
2024-03-28,Cultural,Cultural,2
2024-03-28,Cultural,area,1
2024-03-28,Dining,Dining,3
2024-03-28,Dining,Entertainment,1
2024-03-28,Dining,Natural,1
2024-03-28,Dining,Transit,1
2024-03-28,Dining,area,3
2024-03-28,Entertainment,Cityscape,4
2024-03-28,Entertainment,Entertainment,34
2024-03-28,Entertainment,Hotel,3
2024-03-28,Entertainment,Natural,1
2024-03-28,Entertainment,Shopping,1
2024-03-28,Entertainment,Transit,2
2024-03-28,Entertainment,area,3
2024-03-28,Hotel,Cityscape,1
2024-03-28,Hotel,Dining,1
2024-03-28,Hotel,Entertainment,3
2024-03-28,Natural,Cityscape,2
2024-03-28,Natural,Dining,1
2024-03-28,Natural,Entertainment,3
2024-03-28,Natural,Outdoor,1
2024-03-28,Natural,Religious,2
2024-03-28,Natural,area,2
2024-03-28,Outdoor,Dining,1
2024-03-28,Outdoor,Natural,1
2024-03-28,Outdoor,Outdoor,2
2024-03-28,Outdoor,Shopping,1
2024-03-28,Religious,Cultural,1
2024-03-28,Religious,Natural,3
2024-03-28,Religious,Outdoor,1
2024-03-28,Religious,Religious,4
2024-03-28,Religious,Transit,2
2024-03-28,Shopping,Cityscape,1
2024-03-28,Shopping,Entertainment,1
2024-03-28,Shopping,Religious,1
2024-03-28,Shopping,Shopping,3
2024-03-28,Shopping,Transit,1
2024-03-28,Transit,Cityscape,2
2024-03-28,Transit,Dining,1
2024-03-28,Transit,Entertainment,4
2024-03-28,Transit,Natural,1
2024-03-28,Transit,area,1
2024-03-28,area,Cityscape,1
2024-03-28,area,Entertainment,3
2024-03-28,area,Hotel,1
2024-03-28,area,Natural,2
2024-03-28,area,Religious,2
2024-03-28,area,Shopping,2
2024-03-28,area,Transit,1
2024-03-28,area,area,2
2024-03-29,Cityscape,Cityscape,10
2024-03-29,Cityscape,Entertainment,9
2024-03-29,Cityscape,Natural,3
2024-03-29,Cityscape,Transit,2
2024-03-29,Cityscape,area,8
2024-03-29,Cultural,Cityscape,2
2024-03-29,Cultural,Cultural,1
2024-03-29,Cultural,area,2
2024-03-29,Dining,Dining,4
2024-03-29,Dining,Entertainment,1
2024-03-29,Dining,Shopping,1
2024-03-29,Entertainment,Cityscape,10
2024-03-29,Entertainment,Cultural,3
2024-03-29,Entertainment,Dining,1
2024-03-29,Entertainment,Entertainment,33
2024-03-29,Entertainment,Hotel,6
2024-03-29,Entertainment,Natural,3
2024-03-29,Entertainment,Religious,2
2024-03-29,Entertainment,Transit,5
2024-03-29,Entertainment,area,2
2024-03-29,Hotel,Entertainment,5
2024-03-29,Natural,Cityscape,1
2024-03-29,Natural,Cultural,1
2024-03-29,Natural,Entertainment,3
2024-03-29,Natural,Religious,3
2024-03-29,Religious,Entertainment,1
2024-03-29,Religious,Natural,2
2024-03-29,Religious,Religious,2
2024-03-29,Shopping,Cityscape,2
2024-03-29,Shopping,Entertainment,1
2024-03-29,Shopping,Shopping,1
2024-03-29,Transit,Cityscape,2
2024-03-29,Transit,Entertainment,3
2024-03-29,Transit,Shopping,2
2024-03-29,Transit,area,2
2024-03-29,area,Cityscape,2
2024-03-29,area,Dining,1
2024-03-29,area,Entertainment,4
2024-03-29,area,Religious,1
2024-03-29,area,Transit,1
2024-03-29,area,area,4
2024-03-30,Cityscape,Cityscape,1
2024-03-30,Cityscape,Cultural,2
2024-03-30,Cityscape,Entertainment,4
2024-03-30,Cityscape,Natural,1
2024-03-30,Cityscape,Shopping,4
2024-03-30,Cityscape,area,3
2024-03-30,Cultural,Entertainment,1
2024-03-30,Cultural,Hotel,1
2024-03-30,Cultural,Shopping,1
2024-03-30,Dining,Cityscape,1
2024-03-30,Dining,Entertainment,1
2024-03-30,Dining,area,2
2024-03-30,Entertainment,Cityscape,2
2024-03-30,Entertainment,Cultural,2
2024-03-30,Entertainment,Dining,2
2024-03-30,Entertainment,Entertainment,13
2024-03-30,Entertainment,Hotel,1
2024-03-30,Entertainment,Natural,2
2024-03-30,Entertainment,Outdoor,2
2024-03-30,Entertainment,Shopping,2
2024-03-30,Entertainment,Transit,1
2024-03-30,Hotel,Shopping,1
2024-03-30,Natural,Cityscape,1
2024-03-30,Natural,Transit,1
2024-03-30,Outdoor,Religious,1
2024-03-30,Outdoor,area,2
2024-03-30,Religious,Cityscape,1
2024-03-30,Religious,Natural,1
2024-03-30,Religious,Outdoor,1
2024-03-30,Religious,Religious,1
2024-03-30,Shopping,Cityscape,5
2024-03-30,Shopping,Cultural,1
2024-03-30,Shopping,Entertainment,2
2024-03-30,Shopping,area,2
2024-03-30,Transit,Cityscape,3
2024-03-30,Transit,Entertainment,4
2024-03-30,Transit,Transit,2
2024-03-30,Transit,area,1
2024-03-30,area,Cityscape,1
2024-03-30,area,Dining,2
2024-03-30,area,Entertainment,3
2024-03-30,area,Religious,2
2024-03-30,area,Shopping,2
2024-03-31,Cityscape,Cityscape,7
2024-03-31,Cityscape,Entertainment,3
2024-03-31,Cityscape,Hotel,3
2024-03-31,Cityscape,Natural,1
2024-03-31,Cityscape,Outdoor,1
2024-03-31,Cityscape,Transit,3
2024-03-31,Cityscape,area,2
2024-03-31,Cultural,Entertainment,1
2024-03-31,Dining,Cityscape,1
2024-03-31,Dining,Dining,2
2024-03-31,Dining,Entertainment,5
2024-03-31,Dining,area,1
2024-03-31,Entertainment,Cityscape,4
2024-03-31,Entertainment,Dining,3
2024-03-31,Entertainment,Entertainment,18
2024-03-31,Entertainment,Hotel,1
2024-03-31,Entertainment,Natural,4
2024-03-31,Entertainment,Religious,1
2024-03-31,Entertainment,Shopping,1
2024-03-31,Entertainment,Transit,3
2024-03-31,Hotel,Cityscape,1
2024-03-31,Hotel,Entertainment,2
2024-03-31,Hotel,Hotel,3
2024-03-31,Hotel,Transit,2
2024-03-31,Natural,Cityscape,1
2024-03-31,Natural,Entertainment,2
2024-03-31,Natural,Natural,1
2024-03-31,Natural,area,1
2024-03-31,Outdoor,Cityscape,2
2024-03-31,Religious,Entertainment,1
2024-03-31,Religious,Natural,2
2024-03-31,Religious,Religious,1
2024-03-31,Religious,Shopping,2
2024-03-31,Shopping,Cityscape,1
2024-03-31,Shopping,Hotel,1
2024-03-31,Shopping,Religious,1
2024-03-31,Shopping,Transit,1
2024-03-31,Shopping,area,1
2024-03-31,Transit,Cityscape,3
2024-03-31,Transit,Dining,1
2024-03-31,Transit,Entertainment,4
2024-03-31,Transit,Outdoor,1
2024-03-31,Transit,Religious,1
2024-03-31,Transit,Transit,3
2024-03-31,Transit,area,5
2024-03-31,area,Cityscape,3
2024-03-31,area,Cultural,1
2024-03-31,area,Entertainment,1
2024-03-31,area,Natural,1
2024-03-31,area,Religious,1
2024-03-31,area,Shopping,2
2024-03-31,area,Transit,4
2024-03-31,area,area,11
2024-04-01,Cityscape,Cityscape,2
2024-04-01,Cityscape,Cultural,2
2024-04-01,Cityscape,Dining,2
2024-04-01,Cityscape,Entertainment,10
2024-04-01,Cityscape,Transit,1
2024-04-01,Cultural,Cityscape,1
2024-04-01,Cultural,Cultural,4
2024-04-01,Cultural,Entertainment,1
2024-04-01,Cultural,Natural,1
2024-04-01,Cultural,Transit,2
2024-04-01,Cultural,area,1
2024-04-01,Dining,Cityscape,1
2024-04-01,Dining,Dining,4
2024-04-01,Dining,Entertainment,1
2024-04-01,Dining,Transit,1
2024-04-01,Dining,area,1
2024-04-01,Entertainment,Cityscape,9
2024-04-01,Entertainment,Cultural,2
2024-04-01,Entertainment,Dining,1
2024-04-01,Entertainment,Entertainment,18
2024-04-01,Entertainment,Hotel,1
2024-04-01,Entertainment,Natural,3
2024-04-01,Entertainment,Religious,1
2024-04-01,Entertainment,Shopping,1
2024-04-01,Entertainment,Transit,3
2024-04-01,Entertainment,area,4
2024-04-01,Hotel,Cityscape,1
2024-04-01,Hotel,Entertainment,3
2024-04-01,Natural,Cityscape,1
2024-04-01,Natural,Cultural,1
2024-04-01,Natural,Dining,1
2024-04-01,Natural,Entertainment,1
2024-04-01,Natural,Outdoor,1
2024-04-01,Natural,Religious,6
2024-04-01,Religious,Dining,1
2024-04-01,Religious,Natural,4
2024-04-01,Religious,Religious,1
2024-04-01,Religious,Shopping,1
2024-04-01,Religious,area,1
2024-04-01,Shopping,Dining,1
2024-04-01,Shopping,Natural,1
2024-04-01,Transit,Dining,1
2024-04-01,Transit,Entertainment,4
2024-04-01,Transit,Natural,2
2024-04-01,Transit,Religious,1
2024-04-01,Transit,Transit,1
2024-04-01,area,Cityscape,1
2024-04-01,area,Cultural,1
2024-04-01,area,Dining,1
2024-04-01,area,Entertainment,2
2024-04-01,area,area,2
2024-04-02,Cityscape,Cityscape,5
2024-04-02,Cityscape,Cultural,1
2024-04-02,Cityscape,Dining,1
2024-04-02,Cityscape,Entertainment,7
2024-04-02,Cityscape,Religious,2
2024-04-02,Cityscape,area,1
2024-04-02,Cultural,Cityscape,1
2024-04-02,Cultural,Dining,1
2024-04-02,Cultural,Entertainment,1
2024-04-02,Cultural,area,1
2024-04-02,Dining,Dining,1
2024-04-02,Dining,Entertainment,1
2024-04-02,Dining,Shopping,1
2024-04-02,Dining,area,2
2024-04-02,Entertainment,Cityscape,7
2024-04-02,Entertainment,Cultural,2
2024-04-02,Entertainment,Entertainment,18
2024-04-02,Entertainment,Natural,4
2024-04-02,Entertainment,Religious,1
2024-04-02,Entertainment,Transit,2
2024-04-02,Entertainment,area,4
2024-04-02,Natural,Cultural,1
2024-04-02,Natural,Entertainment,3
2024-04-02,Natural,Natural,1
2024-04-02,Natural,Religious,1
2024-04-02,Natural,area,1
2024-04-02,Outdoor,area,1
2024-04-02,Religious,Cityscape,1
2024-04-02,Religious,Entertainment,2
2024-04-02,Religious,Natural,1
2024-04-02,Shopping,Religious,1
2024-04-02,Transit,Cityscape,2
2024-04-02,Transit,Entertainment,1
2024-04-02,Transit,area,1
2024-04-02,area,Cityscape,2
2024-04-02,area,Cultural,1
2024-04-02,area,Dining,2
2024-04-02,area,Entertainment,1
2024-04-02,area,Natural,3
2024-04-02,area,Outdoor,1
2024-04-02,area,Transit,1
2024-04-02,area,area,4
2024-04-03,Cityscape,Cityscape,1
2024-04-03,Cityscape,Dining,1
2024-04-03,Cityscape,Entertainment,1
2024-04-03,Cityscape,Natural,1
2024-04-03,Cityscape,Shopping,1
2024-04-03,Cityscape,Transit,1
2024-04-03,Cityscape,area,1
2024-04-03,Cultural,Cityscape,1
2024-04-03,Cultural,Cultural,2
2024-04-03,Cultural,Dining,1
2024-04-03,Cultural,Entertainment,1
2024-04-03,Cultural,Natural,2
2024-04-03,Cultural,Outdoor,1
2024-04-03,Cultural,Religious,2
2024-04-03,Cultural,Shopping,3
2024-04-03,Cultural,area,2
2024-04-03,Dining,Cityscape,2
2024-04-03,Dining,Cultural,1
2024-04-03,Dining,Dining,3
2024-04-03,Dining,Shopping,1
2024-04-03,Dining,area,2
2024-04-03,Entertainment,Cityscape,1
2024-04-03,Entertainment,Cultural,1
2024-04-03,Entertainment,Entertainment,13
2024-04-03,Entertainment,Hotel,1
2024-04-03,Entertainment,Natural,1
2024-04-03,Entertainment,Outdoor,2
2024-04-03,Entertainment,Religious,1
2024-04-03,Entertainment,Transit,1
2024-04-03,Entertainment,area,1
2024-04-03,Hotel,Entertainment,2
2024-04-03,Natural,Cultural,3
2024-04-03,Natural,Entertainment,1
2024-04-03,Natural,Religious,2
2024-04-03,Outdoor,Cityscape,1
2024-04-03,Religious,Cultural,3
2024-04-03,Religious,Natural,1
2024-04-03,Religious,Religious,6
2024-04-03,Religious,Shopping,1
2024-04-03,Religious,area,2
2024-04-03,Shopping,Cityscape,2
2024-04-03,Shopping,Cultural,1
2024-04-03,Shopping,Dining,1
2024-04-03,Shopping,Natural,1
2024-04-03,Shopping,area,5
2024-04-03,Transit,Cityscape,1
2024-04-03,Transit,Dining,1
2024-04-03,Transit,Entertainment,2
2024-04-03,Transit,area,2
2024-04-03,area,Cultural,1
2024-04-03,area,Dining,2
2024-04-03,area,Entertainment,2
2024-04-03,area,Religious,2
2024-04-03,area,Shopping,5
2024-04-03,area,Transit,1
2024-04-03,area,area,3
2024-04-04,Cityscape,Entertainment,1
2024-04-04,Cityscape,area,2
2024-04-04,Entertainment,Cityscape,2
2024-04-04,Natural,area,1
2024-04-04,Transit,Natural,1
2024-04-04,area,Cityscape,1
2024-04-04,area,Entertainment,1
2024-04-05,Cityscape,Entertainment,1
2024-04-05,Cityscape,Shopping,1
2024-04-05,Dining,area,1
2024-04-05,Shopping,Cityscape,1
2024-04-05,Transit,Dining,1
2024-04-05,area,Cityscape,1
2024-04-05,area,Hotel,1
2024-04-06,Cityscape,Cityscape,3
2024-04-06,Cityscape,Religious,1
2024-04-06,Cityscape,Shopping,1
2024-04-06,Dining,area,1
2024-04-06,Natural,Religious,1
2024-04-06,Religious,Natural,1
2024-04-06,Religious,Shopping,1
2024-04-06,Shopping,Cityscape,1
2024-04-06,Shopping,Dining,1
2024-04-06,Shopping,Shopping,1
2024-04-06,area,Cityscape,1
2024-04-06,area,area,1
2024-04-07,Cityscape,Cityscape,3
2024-04-07,Cityscape,Entertainment,1
2024-04-07,Cityscape,area,1
2024-04-07,Dining,area,1
2024-04-07,Entertainment,Dining,1
2024-04-07,Entertainment,Entertainment,7
2024-04-07,Entertainment,Transit,1
2024-04-07,Entertainment,area,1
2024-04-07,Hotel,Entertainment,1
2024-04-07,Transit,Cityscape,1
2024-04-07,Transit,Transit,1
2024-04-07,area,Entertainment,1
2024-04-07,area,Natural,1
2024-04-08,Entertainment,Transit,1
2024-04-08,Transit,Entertainment,1
2024-04-09,Cityscape,Entertainment,2
2024-04-09,Cityscape,Transit,1
2024-04-09,Cultural,Religious,1
2024-04-09,Entertainment,Cityscape,1
2024-04-09,Entertainment,area,1
2024-04-09,Religious,Cityscape,1
2024-04-09,Shopping,area,1
2024-04-09,Transit,Cityscape,2
2024-04-09,area,Cityscape,1
2024-04-09,area,Shopping,1
2024-04-10,Hotel,Religious,1
2024-04-10,Natural,Transit,1
2024-04-10,Religious,Natural,1
2024-04-11,Cityscape,Entertainment,1
2024-04-11,Entertainment,Cityscape,1
2024-04-13,Entertainment,area,1
2024-04-13,Shopping,Dining,1
2024-04-13,Transit,Entertainment,1
2024-04-13,area,Dining,1
2024-04-13,area,Entertainment,1
2024-04-13,area,Shopping,1
2024-04-14,Cityscape,Cityscape,2
2024-04-14,Entertainment,Cityscape,1
2024-04-14,Entertainment,Entertainment,1
2024-04-14,Entertainment,Natural,1
2024-04-14,Religious,Entertainment,1
2024-04-14,Transit,Entertainment,1
2024-04-15,Cityscape,Natural,1
2024-04-16,Cityscape,Cityscape,2
2024-04-16,Cityscape,Natural,1
2024-04-16,Entertainment,Cityscape,1
2024-04-16,Entertainment,Entertainment,4
2024-04-17,Cityscape,Cityscape,2
2024-04-17,Cityscape,Entertainment,1
2024-04-17,Dining,Dining,8
2024-04-17,Dining,Shopping,1
2024-04-17,Entertainment,Cityscape,1
2024-04-17,Entertainment,Transit,1
2024-04-17,Transit,Cityscape,1
2024-04-17,Transit,Dining,1
2024-04-18,Cityscape,Cityscape,2
2024-04-18,Cultural,Entertainment,1
2024-04-18,Natural,Entertainment,1
2024-04-18,Shopping,Cityscape,1
2024-04-18,area,Natural,1
2024-04-19,Cityscape,Cityscape,3
2024-04-19,Entertainment,Cityscape,1
2024-04-19,Outdoor,Entertainment,1
2024-04-20,Dining,area,1
2024-04-20,Entertainment,Entertainment,7
2024-04-20,Entertainment,Transit,1
2024-04-20,Transit,Entertainment,1
2024-04-21,Cityscape,Cityscape,1
2024-04-21,Cityscape,Religious,1
2024-04-21,Cultural,Cityscape,1
2024-04-21,Dining,Dining,1
2024-04-21,Dining,Shopping,1
2024-04-21,Entertainment,Cultural,1
2024-04-21,Entertainment,Entertainment,3
2024-04-21,Religious,Religious,2
2024-04-21,Religious,area,2
2024-04-21,Shopping,Entertainment,1
2024-04-21,Transit,Dining,1
2024-04-21,area,Religious,1
2024-04-21,area,Transit,1
2024-04-22,Cultural,Outdoor,1
2024-04-22,Entertainment,Entertainment,4
2024-04-22,Natural,Cultural,1
2024-04-22,Outdoor,Religious,1
2024-04-22,Religious,Natural,1
2024-04-22,Religious,Religious,1
2024-04-22,Transit,Hotel,1
2024-04-23,Dining,area,1
2024-04-24,Cityscape,Entertainment,2
2024-04-24,Cityscape,Transit,1
2024-04-24,Cultural,Entertainment,1
2024-04-24,Cultural,area,2
2024-04-24,Entertainment,Cityscape,2
2024-04-24,Entertainment,Cultural,1
2024-04-24,Entertainment,Entertainment,2
2024-04-24,Entertainment,Transit,1
2024-04-24,Hotel,Cultural,1
2024-04-24,Hotel,Entertainment,2
2024-04-24,Hotel,Hotel,1
2024-04-24,Transit,Cityscape,1
2024-04-24,Transit,Dining,1
2024-04-24,Transit,Hotel,2
2024-04-24,area,Hotel,1
2024-04-24,area,Transit,1
2024-04-25,Cityscape,Cityscape,1
2024-04-25,Cityscape,Cultural,2
2024-04-25,Cityscape,Dining,1
2024-04-25,Cityscape,Hotel,1
2024-04-25,Cityscape,Religious,1
2024-04-25,Cultural,Cityscape,1
2024-04-25,Cultural,Cultural,1
2024-04-25,Cultural,Entertainment,1
2024-04-25,Cultural,Natural,1
2024-04-25,Dining,Cityscape,1
2024-04-25,Dining,Dining,1
2024-04-25,Entertainment,Cityscape,1
2024-04-25,Entertainment,Cultural,1
2024-04-25,Entertainment,area,1
2024-04-25,Hotel,Cityscape,1
2024-04-25,Religious,Entertainment,1
2024-04-25,area,Entertainment,1
2024-04-26,Cityscape,Cityscape,2
2024-04-26,Cityscape,Religious,1
2024-04-26,Cityscape,Shopping,1
2024-04-26,Cityscape,area,2
2024-04-26,Cultural,Entertainment,1
2024-04-26,Dining,Cultural,1
2024-04-26,Entertainment,Cultural,1
2024-04-26,Entertainment,Shopping,1
2024-04-26,Religious,Cityscape,1
2024-04-26,Religious,Entertainment,1
2024-04-26,Shopping,Cityscape,2
2024-04-26,Transit,Religious,1
2024-04-26,area,Cityscape,1
2024-04-26,area,Dining,1
2024-04-27,Dining,area,1
2024-04-27,Shopping,Transit,1
2024-04-27,area,Shopping,1
2024-04-27,area,area,2
2024-04-28,Cityscape,Cityscape,4
2024-04-28,Cityscape,Religious,1
2024-04-28,Cityscape,Transit,1
2024-04-28,Entertainment,Cityscape,1
2024-04-28,Outdoor,Cityscape,1
2024-04-28,Religious,Outdoor,1
2024-04-28,Shopping,Cityscape,1
2024-04-28,Shopping,Entertainment,1
2024-04-29,Entertainment,Entertainment,2
2024-05-01,Cityscape,Religious,1
2024-05-01,Entertainment,Cityscape,1
2024-05-01,Religious,area,1
2024-05-01,area,Cityscape,1
2024-05-02,Cityscape,Dining,1
2024-05-02,Cityscape,Hotel,1
2024-05-02,Entertainment,Hotel,1
2024-05-02,Shopping,Cityscape,1
2024-05-02,Shopping,area,1
2024-05-02,Transit,area,1
2024-05-02,area,Cityscape,1
2024-05-02,area,Shopping,1
2024-05-03,Cityscape,Hotel,1
2024-05-03,Dining,Dining,2
2024-05-03,Dining,area,1
2024-05-03,Entertainment,area,1
2024-05-03,Hotel,Entertainment,1
2024-05-03,Transit,Dining,1
2024-05-03,Transit,Entertainment,1
2024-05-03,area,Cultural,1
2024-05-03,area,Dining,1
2024-05-04,Cityscape,Cityscape,1
2024-05-04,Cityscape,Shopping,1
2024-05-04,Cityscape,area,1
2024-05-04,Cultural,area,1
2024-05-04,Dining,Entertainment,1
2024-05-04,Dining,area,1
2024-05-04,Natural,Cultural,1
2024-05-04,Natural,area,1
2024-05-04,Shopping,Dining,1
2024-05-04,Shopping,area,1
2024-05-04,Transit,Dining,1
2024-05-04,Transit,Entertainment,1
2024-05-04,Transit,Shopping,1
2024-05-04,Transit,area,1
2024-05-04,area,Cityscape,2
2024-05-04,area,Natural,2
2024-05-04,area,Transit,2
2024-05-04,area,area,2
2024-05-05,Cityscape,Shopping,1
2024-05-05,Religious,Cityscape,1
2024-05-05,Transit,Dining,1
2024-05-06,Cityscape,Entertainment,1
2024-05-06,Cityscape,Natural,1
2024-05-06,Natural,Transit,1
2024-05-06,Transit,Natural,1
2024-05-07,Entertainment,Natural,2
2024-05-07,Entertainment,area,1
2024-05-07,Natural,Religious,1
2024-05-07,Religious,Entertainment,1
2024-05-07,Shopping,Transit,1
2024-05-07,Transit,Entertainment,1
2024-05-07,area,Shopping,1
2024-05-07,area,Transit,1
2024-05-10,Cityscape,Cityscape,2
2024-05-11,Cityscape,Dining,2
2024-05-11,Cityscape,Transit,1
2024-05-11,Cityscape,area,1
2024-05-11,Dining,Cityscape,1
2024-05-11,Dining,Dining,1
2024-05-11,Entertainment,Cityscape,1
2024-05-11,Transit,Cityscape,1
2024-05-11,area,Cityscape,1
2024-05-11,area,Transit,1
2024-05-12,Natural,Cityscape,1
2024-05-13,Cityscape,Cityscape,2
2024-05-13,Cityscape,Cultural,1
2024-05-13,Cityscape,Religious,1
2024-05-13,Cityscape,area,1
2024-05-13,Cultural,Outdoor,1
2024-05-13,Dining,Cityscape,1
2024-05-13,Entertainment,Dining,1
2024-05-13,Outdoor,Cityscape,1
2024-05-13,Shopping,Entertainment,1
2024-05-13,Transit,Cityscape,1
2024-05-13,area,Shopping,1
2024-05-14,Cityscape,Cityscape,1
2024-05-14,Cityscape,Entertainment,1
2024-05-14,Cityscape,Transit,1
2024-05-14,Cultural,Entertainment,1
2024-05-14,Entertainment,Cityscape,1
2024-05-14,Entertainment,Cultural,1
2024-05-14,Entertainment,area,1
2024-05-14,Transit,Dining,1
2024-05-14,area,Entertainment,1
2024-05-14,area,area,1
2024-05-16,Cityscape,Cityscape,1
2024-05-16,Cityscape,Dining,1
2024-05-16,Cityscape,Entertainment,1
2024-05-16,Dining,Cityscape,1
2024-05-16,Dining,Hotel,1
2024-05-16,Entertainment,Entertainment,10
2024-05-16,Entertainment,Hotel,1
2024-05-16,Entertainment,area,1
2024-05-16,Hotel,Cityscape,1
2024-05-16,Hotel,area,1
2024-05-16,Religious,Entertainment,1
2024-05-16,Shopping,Dining,1
2024-05-16,area,Cityscape,1
2024-05-16,area,Religious,1
2024-05-16,area,area,1
2024-05-18,Entertainment,Entertainment,2
2024-05-18,Entertainment,area,1
2024-05-18,Transit,Entertainment,1
2024-05-18,area,Entertainment,1
2024-05-19,Cityscape,Cityscape,1
2024-05-19,Entertainment,Cityscape,1
2024-05-20,Cityscape,Cityscape,1
2024-05-20,Cityscape,Hotel,1
2024-05-20,Entertainment,Cityscape,1
2024-05-20,Entertainment,area,1
2024-05-20,Religious,Dining,1
2024-05-20,Transit,Entertainment,1
2024-05-21,Cityscape,Entertainment,1
2024-05-21,Entertainment,Cityscape,1
2024-05-22,Cityscape,Cityscape,2
2024-05-22,Cityscape,Entertainment,3
2024-05-22,Cultural,Cultural,1
2024-05-22,Cultural,Natural,1
2024-05-22,Cultural,Religious,1
2024-05-22,Cultural,area,2
2024-05-22,Entertainment,Cityscape,4
2024-05-22,Entertainment,Cultural,1
2024-05-22,Entertainment,Natural,2
2024-05-22,Entertainment,Religious,1
2024-05-22,Entertainment,area,1
2024-05-22,Natural,Cultural,1
2024-05-22,Natural,Entertainment,2
2024-05-22,Natural,area,1
2024-05-22,Religious,Entertainment,1
2024-05-22,Religious,Natural,1
2024-05-22,Religious,area,1
2024-05-22,Transit,Entertainment,2
2024-05-22,Transit,Transit,1
2024-05-22,area,Cultural,1
2024-05-22,area,Natural,1
2024-05-22,area,Religious,2
2024-05-22,area,Transit,1
2024-05-22,area,area,1
2024-05-23,Cityscape,Entertainment,1
2024-05-23,Dining,Dining,1
2024-05-23,Transit,Dining,1
2024-05-23,area,Cityscape,1
2024-05-23,area,area,5
2024-05-24,Cityscape,Shopping,1
2024-05-24,Cityscape,Transit,1
2024-05-24,Dining,area,1
2024-05-24,Hotel,area,1
2024-05-24,Shopping,Cityscape,1
2024-05-24,Transit,area,1
2024-05-24,area,Cityscape,1
2024-05-24,area,Transit,1
2024-05-25,Cityscape,Dining,1
2024-05-25,Cultural,Cultural,2
2024-05-25,Dining,Dining,1
2024-05-25,Dining,area,1
2024-05-25,area,Cityscape,1
2024-05-26,Cityscape,Cultural,1
2024-05-26,Cultural,Cityscape,1
2024-05-26,Dining,area,1
2024-05-26,Entertainment,Outdoor,1
2024-05-26,Natural,Entertainment,1
2024-05-26,Natural,Natural,1
2024-05-26,Natural,area,1
2024-05-26,Outdoor,Natural,1
2024-05-26,area,Cityscape,2
2024-05-26,area,Dining,1
2024-05-27,Cityscape,Natural,1
2024-05-27,Cultural,Religious,1
2024-05-27,Dining,Religious,1
2024-05-27,Entertainment,Transit,1
2024-05-27,Entertainment,area,1
2024-05-27,Natural,Religious,2
2024-05-27,Religious,Cityscape,1
2024-05-27,Religious,Entertainment,1
2024-05-27,Religious,Natural,1
2024-05-27,Transit,Entertainment,1
2024-05-27,area,Cityscape,1
2024-05-27,area,Dining,1
2024-05-27,area,area,2
2024-05-28,Entertainment,Cityscape,1
2024-05-28,Entertainment,Entertainment,1
2024-05-28,Entertainment,Natural,1
2024-05-28,Natural,Religious,1
2024-05-28,Religious,Cultural,1
2024-05-28,Religious,area,1
2024-05-28,Transit,Entertainment,1
2024-05-28,area,Entertainment,1
2024-05-28,area,Shopping,1
2024-05-29,Natural,area,1
2024-05-29,Transit,Natural,1
2024-05-29,Transit,Transit,2
2024-05-29,Transit,area,1
2024-05-29,area,Natural,1
2024-05-29,area,Transit,1
2024-05-30,Cityscape,Entertainment,1
2024-05-30,Entertainment,Cityscape,1
2024-05-30,Natural,area,1
2024-05-30,area,Cityscape,1
2024-05-31,Natural,area,1
2024-05-31,Religious,Natural,1
2024-05-31,area,Religious,1
2024-06-02,Cityscape,Entertainment,1
2024-06-02,Cityscape,Transit,1
2024-06-02,Cityscape,area,1
2024-06-02,Dining,area,1
2024-06-02,Entertainment,Cityscape,2
2024-06-02,Entertainment,Entertainment,1
2024-06-02,Natural,Entertainment,1
2024-06-02,Natural,Religious,1
2024-06-02,Natural,area,1
2024-06-02,Religious,Natural,1
2024-06-02,Transit,Natural,1
2024-06-02,area,Cityscape,1
2024-06-02,area,Natural,1
2024-06-03,Cityscape,Cityscape,1
2024-06-03,Cityscape,Entertainment,1
2024-06-03,Cityscape,Natural,1
2024-06-03,Cultural,Cultural,1
2024-06-03,Cultural,Entertainment,1
2024-06-03,Dining,Transit,1
2024-06-03,Entertainment,Cityscape,1
2024-06-03,Entertainment,Dining,1
2024-06-03,Entertainment,area,1
2024-06-03,Hotel,Shopping,1
2024-06-03,Natural,Dining,1
2024-06-03,Natural,Entertainment,1
2024-06-03,Religious,Natural,1
2024-06-03,Shopping,Cultural,1
2024-06-03,area,Cityscape,1
2024-06-03,area,Hotel,1
2024-06-04,Cityscape,Cityscape,3
2024-06-04,Cityscape,Transit,1
2024-06-04,Cultural,Cultural,1
2024-06-04,Cultural,Transit,1
2024-06-04,Dining,Entertainment,1
2024-06-04,Dining,Natural,1
2024-06-04,Entertainment,Cityscape,1
2024-06-04,Entertainment,Dining,1
2024-06-04,Entertainment,Entertainment,6
2024-06-04,Entertainment,Transit,1
2024-06-04,Natural,Cultural,1
2024-06-04,Natural,Dining,1
2024-06-04,Natural,Natural,1
2024-06-04,Transit,Entertainment,1
2024-06-04,Transit,Shopping,1
2024-06-04,Transit,area,2
2024-06-04,area,Entertainment,1
2024-06-04,area,Natural,1
2024-06-04,area,Shopping,1
2024-06-05,Cityscape,Cultural,1
2024-06-05,Cityscape,Shopping,1
2024-06-05,Cityscape,Transit,1
2024-06-05,Cultural,Religious,1
2024-06-05,Dining,Cityscape,2
2024-06-05,Dining,Shopping,1
2024-06-05,Religious,Dining,1
2024-06-05,Shopping,Dining,1
2024-06-05,Shopping,area,1
2024-06-05,area,Dining,1
2024-06-05,area,area,1
2024-06-06,Cityscape,Entertainment,1
2024-06-06,Cultural,Dining,1
2024-06-06,Dining,Cultural,1
2024-06-06,Dining,Dining,1
2024-06-06,Entertainment,Cityscape,1
2024-06-06,Outdoor,Transit,2
2024-06-06,Transit,Outdoor,1
2024-06-06,Transit,area,4
2024-06-06,area,Outdoor,1
2024-06-06,area,Transit,3
2024-06-07,Cityscape,Cultural,1
2024-06-07,Cityscape,Shopping,1
2024-06-07,Cityscape,Transit,1
2024-06-07,Cityscape,area,1
2024-06-07,Cultural,Cityscape,2
2024-06-07,Entertainment,Cityscape,1
2024-06-07,Entertainment,Entertainment,3
2024-06-07,Entertainment,Transit,2
2024-06-07,Natural,Entertainment,2
2024-06-07,Natural,Religious,1
2024-06-07,Outdoor,Natural,1
2024-06-07,Transit,Natural,1
2024-06-07,Transit,area,1
2024-06-07,area,Cultural,1
2024-06-07,area,Entertainment,1
2024-06-07,area,Religious,1
2024-06-08,Shopping,Cityscape,1
2024-06-09,Cityscape,Natural,1
2024-06-09,Natural,Religious,2
2024-06-09,Religious,Cityscape,1
2024-06-09,Religious,Entertainment,1
2024-06-09,Religious,Religious,2
2024-06-09,Religious,Transit,1
2024-06-09,Religious,area,1
2024-06-09,Transit,Religious,1
2024-06-09,area,Natural,1
2024-06-09,area,Religious,1
2024-06-10,Shopping,area,1
2024-06-10,Transit,Dining,1
2024-06-10,area,Transit,1
2024-06-11,Cityscape,Cityscape,1
2024-06-11,Cityscape,Cultural,1
2024-06-11,Cultural,Natural,1
2024-06-11,Cultural,Religious,1
2024-06-11,Natural,Cultural,1
2024-06-11,Natural,Natural,1
2024-06-12,Cityscape,Cityscape,1
2024-06-12,Cityscape,area,1
2024-06-12,Dining,Dining,1
2024-06-12,Dining,area,1
2024-06-12,Entertainment,Cityscape,1
2024-06-12,Entertainment,Entertainment,1
2024-06-12,Entertainment,area,1
2024-06-12,Natural,Religious,1
2024-06-12,Religious,Natural,1
2024-06-12,area,Entertainment,1
2024-06-12,area,area,1
2024-06-13,Cityscape,Cityscape,1
2024-06-13,Cityscape,Dining,1
2024-06-13,Cityscape,Entertainment,1
2024-06-13,Cultural,Dining,1
2024-06-13,Dining,Dining,1
2024-06-13,Shopping,Shopping,2
2024-06-14,Religious,Cityscape,1
2024-06-14,Shopping,Transit,1
2024-06-14,area,Religious,1
2024-06-14,area,Shopping,1
2024-06-15,Cityscape,area,1
2024-06-15,Dining,Entertainment,1
2024-06-15,Entertainment,Cityscape,1
2024-06-15,Entertainment,Dining,1
2024-06-15,Transit,area,1
2024-06-15,area,Entertainment,1
2024-06-15,area,Hotel,1
2024-06-15,area,Transit,1
2024-06-15,area,area,1
2024-06-17,Cityscape,Cityscape,3
2024-06-17,Cityscape,Cultural,2
2024-06-17,Cityscape,Entertainment,4
2024-06-17,Cityscape,Transit,1
2024-06-17,Cultural,Dining,1
2024-06-17,Cultural,Shopping,1
2024-06-17,Dining,Cityscape,1
2024-06-17,Entertainment,Cityscape,2
2024-06-17,Entertainment,Transit,2
2024-06-17,Shopping,Cityscape,1
2024-06-17,Transit,Entertainment,1
2024-06-17,area,Cityscape,1
2024-06-18,Cityscape,Dining,1
2024-06-18,Cityscape,Entertainment,3
2024-06-18,Cityscape,Transit,1
2024-06-18,Cultural,Cityscape,1
2024-06-18,Cultural,Religious,1
2024-06-18,Dining,area,1
2024-06-18,Entertainment,Cityscape,3
2024-06-18,Entertainment,Cultural,1
2024-06-18,Entertainment,Entertainment,6
2024-06-18,Entertainment,Hotel,1
2024-06-18,Hotel,area,1
2024-06-18,Natural,Religious,1
2024-06-18,Religious,Cultural,1
2024-06-18,Religious,Natural,1
2024-06-18,Transit,Entertainment,2
2024-06-18,area,Cityscape,2
2024-06-19,Cityscape,Cityscape,1
2024-06-19,Cityscape,Cultural,1
2024-06-19,Cityscape,Dining,1
2024-06-19,Cityscape,Entertainment,1
2024-06-19,Cityscape,Shopping,2
2024-06-19,Cityscape,area,1
2024-06-19,Cultural,Cityscape,1
2024-06-19,Dining,area,1
2024-06-19,Entertainment,Cityscape,1
2024-06-19,Natural,Cityscape,1
2024-06-19,Outdoor,Natural,1
2024-06-19,Shopping,Cityscape,1
2024-06-19,Shopping,Shopping,1
2024-06-19,Shopping,area,2
2024-06-19,Transit,Shopping,1
2024-06-19,area,Cityscape,1
2024-06-20,area,Cityscape,1
2024-06-21,Cityscape,Outdoor,1
2024-06-21,Hotel,Transit,1
2024-06-21,Transit,area,1
2024-06-21,area,Cityscape,1
2024-06-21,area,area,1
2024-06-22,Cityscape,Cityscape,1
2024-06-22,Entertainment,Cityscape,1
2024-06-23,Cityscape,Transit,1
2024-06-23,Cultural,Entertainment,1
2024-06-23,Entertainment,Cityscape,1
2024-06-23,Transit,Cultural,1
2024-06-24,Entertainment,area,2
2024-06-24,Natural,Cultural,1
2024-06-24,area,Entertainment,2
2024-06-25,Natural,Entertainment,1
2024-06-25,Transit,Entertainment,1
2024-06-25,Transit,Natural,1
2024-06-26,Cityscape,Cityscape,1
2024-06-26,Cityscape,Entertainment,1
2024-06-26,Dining,Dining,2
2024-06-26,Dining,area,1
2024-06-26,Entertainment,Cityscape,1
2024-06-26,area,Entertainment,1
2024-06-27,Cityscape,Cultural,1
2024-06-27,Cityscape,Natural,3
2024-06-27,Cityscape,Religious,1
2024-06-27,Cityscape,Shopping,1
2024-06-27,Cultural,Natural,2
2024-06-27,Cultural,Religious,1
2024-06-27,Cultural,Transit,1
2024-06-27,Natural,Cityscape,3
2024-06-27,Natural,Cultural,2
2024-06-27,Natural,area,1
2024-06-27,Shopping,Cultural,1
2024-06-27,Transit,Cityscape,2
2024-06-27,Transit,Shopping,1
2024-06-27,area,Cityscape,1
2024-06-28,Cityscape,area,1
2024-06-28,Cultural,area,1
2024-06-28,Entertainment,Cultural,1
2024-06-28,Entertainment,Entertainment,2
2024-06-28,Hotel,area,1
2024-06-28,Shopping,Entertainment,1
2024-06-28,Transit,Hotel,1
2024-06-28,area,Cityscape,2
2024-06-28,area,Shopping,1
2024-06-28,area,area,2
2024-06-29,Natural,Cityscape,1
2024-06-30,Cityscape,Cityscape,1
2024-06-30,Cultural,Cultural,1
2024-06-30,Cultural,Natural,1
2024-06-30,Dining,Cityscape,1
2024-06-30,Dining,Natural,1
2024-06-30,Hotel,Hotel,1
2024-06-30,Natural,Dining,1
2024-06-30,Natural,Natural,2
2024-06-30,Natural,Transit,1
2024-06-30,Transit,Transit,1
2024-06-30,Transit,area,1
2024-06-30,area,Dining,1
2024-06-30,area,Shopping,1
2024-06-30,area,area,1
2024-07-01,Cityscape,Cityscape,6
2024-07-01,Cityscape,Cultural,3
2024-07-01,Cityscape,Entertainment,1
2024-07-01,Cityscape,Shopping,2
2024-07-01,Cityscape,Transit,1
2024-07-01,Cityscape,area,3
2024-07-01,Cultural,Natural,1
2024-07-01,Cultural,Religious,1
2024-07-01,Cultural,Shopping,1
2024-07-01,Entertainment,Cityscape,2
2024-07-01,Entertainment,Cultural,1
2024-07-01,Entertainment,Entertainment,19
2024-07-01,Entertainment,Hotel,1
2024-07-01,Entertainment,Transit,4
2024-07-01,Hotel,Entertainment,2
2024-07-01,Hotel,area,1
2024-07-01,Natural,Outdoor,2
2024-07-01,Natural,Religious,1
2024-07-01,Outdoor,Natural,1
2024-07-01,Religious,Natural,1
2024-07-01,Religious,Religious,1
2024-07-01,Religious,Transit,1
2024-07-01,Shopping,Cityscape,1
2024-07-01,Transit,Cityscape,2
2024-07-01,Transit,Entertainment,4
2024-07-01,Transit,Transit,3
2024-07-01,Transit,area,3
2024-07-01,area,Cityscape,2
2024-07-01,area,Transit,2
2024-07-01,area,area,2
2024-07-02,Cityscape,Cityscape,1
2024-07-02,Cityscape,Cultural,2
2024-07-02,Cityscape,Entertainment,5
2024-07-02,Cityscape,Hotel,1
2024-07-02,Cityscape,Natural,3
2024-07-02,Cityscape,Shopping,2
2024-07-02,Cityscape,area,2
2024-07-02,Cultural,Cityscape,1
2024-07-02,Cultural,Natural,1
2024-07-02,Cultural,Shopping,1
2024-07-02,Cultural,area,1
2024-07-02,Dining,School,1
2024-07-02,Dining,Shopping,1
2024-07-02,Dining,Transit,2
2024-07-02,Dining,area,1
2024-07-02,Entertainment,Cityscape,9
2024-07-02,Entertainment,Entertainment,14
2024-07-02,Entertainment,Hotel,3
2024-07-02,Entertainment,Natural,3
2024-07-02,Entertainment,Shopping,1
2024-07-02,Entertainment,Transit,3
2024-07-02,Entertainment,area,1
2024-07-02,Hotel,Entertainment,3
2024-07-02,Hotel,Shopping,1
2024-07-02,Hotel,Transit,1
2024-07-02,Natural,Cityscape,1
2024-07-02,Natural,Entertainment,3
2024-07-02,Natural,Hotel,1
2024-07-02,Natural,Outdoor,1
2024-07-02,Natural,Religious,1
2024-07-02,Natural,area,1
2024-07-02,Outdoor,Cityscape,1
2024-07-02,Religious,Natural,1
2024-07-02,Religious,Religious,1
2024-07-02,Shopping,Cityscape,1
2024-07-02,Shopping,Dining,1
2024-07-02,Shopping,Hotel,1
2024-07-02,Shopping,Shopping,1
2024-07-02,Shopping,Transit,1
2024-07-02,Shopping,area,2
2024-07-02,Transit,Cityscape,1
2024-07-02,Transit,Cultural,2
2024-07-02,Transit,Dining,2
2024-07-02,Transit,Entertainment,6
2024-07-02,Transit,Natural,1
2024-07-02,Transit,Shopping,1
2024-07-02,Transit,Transit,2
2024-07-02,Transit,area,4
2024-07-02,area,Cityscape,2
2024-07-02,area,Cultural,1
2024-07-02,area,Dining,3
2024-07-02,area,Natural,1
2024-07-02,area,Shopping,2
2024-07-02,area,Transit,4
2024-07-02,area,area,7
2024-07-03,Cityscape,Cityscape,4
2024-07-03,Cityscape,Cultural,2
2024-07-03,Cityscape,Entertainment,3
2024-07-03,Cityscape,Natural,2
2024-07-03,Cityscape,Religious,1
2024-07-03,Cityscape,Shopping,2
2024-07-03,Cityscape,Transit,2
2024-07-03,Cityscape,area,3
2024-07-03,Cultural,Cityscape,1
2024-07-03,Cultural,Cultural,1
2024-07-03,Cultural,Entertainment,1
2024-07-03,Cultural,Shopping,1
2024-07-03,Cultural,Transit,1
2024-07-03,Dining,Dining,2
2024-07-03,Dining,Entertainment,1
2024-07-03,Dining,Shopping,1
2024-07-03,Entertainment,Cityscape,7
2024-07-03,Entertainment,Entertainment,4
2024-07-03,Entertainment,Hotel,1
2024-07-03,Entertainment,Transit,1
2024-07-03,Entertainment,area,3
2024-07-03,Hotel,Entertainment,2
2024-07-03,Natural,Cityscape,1
2024-07-03,Natural,Entertainment,2
2024-07-03,Natural,Natural,1
2024-07-03,Natural,Shopping,1
2024-07-03,Natural,area,1
2024-07-03,Outdoor,Natural,1
2024-07-03,Religious,Religious,2
2024-07-03,Religious,area,1
2024-07-03,Shopping,Cityscape,2
2024-07-03,Shopping,Entertainment,3
2024-07-03,Shopping,Shopping,1
2024-07-03,Shopping,area,1
2024-07-03,Transit,Dining,1
2024-07-03,Transit,Entertainment,2
2024-07-03,Transit,Religious,1
2024-07-03,Transit,Transit,1
2024-07-03,Transit,area,2
2024-07-03,area,Cityscape,3
2024-07-03,area,Cultural,2
2024-07-03,area,Dining,1
2024-07-03,area,Entertainment,3
2024-07-03,area,Outdoor,1
2024-07-03,area,Religious,1
2024-07-03,area,Transit,2
2024-07-03,area,area,3
2024-07-04,Cityscape,Cityscape,3
2024-07-04,Cityscape,Dining,1
2024-07-04,Cityscape,Entertainment,4
2024-07-04,Cityscape,Religious,1
2024-07-04,Cityscape,Shopping,2
2024-07-04,Cityscape,Transit,1
2024-07-04,Cityscape,area,2
2024-07-04,Cultural,Cityscape,3
2024-07-04,Cultural,Natural,1
2024-07-04,Cultural,Religious,1
2024-07-04,Dining,Dining,1
2024-07-04,Dining,Entertainment,1
2024-07-04,Dining,Transit,1
2024-07-04,Dining,area,1
2024-07-04,Entertainment,Cityscape,4
2024-07-04,Entertainment,Dining,1
2024-07-04,Entertainment,Entertainment,15
2024-07-04,Entertainment,Hotel,1
2024-07-04,Entertainment,Natural,3
2024-07-04,Entertainment,Outdoor,2
2024-07-04,Entertainment,Religious,1
2024-07-04,Entertainment,Transit,1
2024-07-04,Entertainment,area,2
2024-07-04,Hotel,Cityscape,1
2024-07-04,Hotel,Entertainment,1
2024-07-04,Natural,Outdoor,1
2024-07-04,Natural,Religious,3
2024-07-04,Natural,Transit,1
2024-07-04,Natural,area,2
2024-07-04,Outdoor,Entertainment,3
2024-07-04,Outdoor,Natural,1
2024-07-04,Outdoor,area,1
2024-07-04,Religious,Cityscape,1
2024-07-04,Religious,Entertainment,2
2024-07-04,Religious,Natural,1
2024-07-04,Religious,Outdoor,1
2024-07-04,Religious,Religious,3
2024-07-04,Religious,Shopping,1
2024-07-04,Shopping,Cityscape,2
2024-07-04,Shopping,Cultural,1
2024-07-04,Shopping,Entertainment,1
2024-07-04,Shopping,Religious,1
2024-07-04,Shopping,Shopping,1
2024-07-04,Shopping,Transit,3
2024-07-04,Shopping,area,3
2024-07-04,Transit,Cityscape,2
2024-07-04,Transit,Cultural,1
2024-07-04,Transit,Entertainment,1
2024-07-04,Transit,Hotel,1
2024-07-04,Transit,Shopping,1
2024-07-04,Transit,area,1
2024-07-04,area,Cityscape,2
2024-07-04,area,Dining,1
2024-07-04,area,Entertainment,1
2024-07-04,area,Hotel,1
2024-07-04,area,Natural,1
2024-07-04,area,Outdoor,1
2024-07-04,area,Religious,1
2024-07-04,area,Shopping,5
2024-07-04,area,area,1
2024-07-05,Cityscape,Cityscape,1
2024-07-05,Cityscape,Cultural,2
2024-07-05,Cityscape,Entertainment,3
2024-07-05,Cityscape,Hotel,1
2024-07-05,Cityscape,Natural,2
2024-07-05,Cityscape,Shopping,3
2024-07-05,Cityscape,Transit,1
2024-07-05,Cityscape,area,1
2024-07-05,Cultural,Dining,2
2024-07-05,Cultural,Entertainment,1
2024-07-05,Cultural,Hotel,1
2024-07-05,Cultural,Natural,1
2024-07-05,Cultural,Religious,1
2024-07-05,Cultural,Shopping,1
2024-07-05,Dining,Cityscape,1
2024-07-05,Dining,Dining,2
2024-07-05,Dining,Entertainment,2
2024-07-05,Entertainment,Cityscape,6
2024-07-05,Entertainment,Cultural,1
2024-07-05,Entertainment,Entertainment,21
2024-07-05,Entertainment,Natural,1
2024-07-05,Entertainment,Shopping,3
2024-07-05,Entertainment,Transit,2
2024-07-05,Hotel,Cultural,1
2024-07-05,Hotel,Entertainment,1
2024-07-05,Natural,Cityscape,1
2024-07-05,Natural,Cultural,2
2024-07-05,Natural,Entertainment,2
2024-07-05,Natural,Outdoor,1
2024-07-05,Natural,Religious,2
2024-07-05,Natural,area,1
2024-07-05,Outdoor,Natural,1
2024-07-05,Outdoor,Outdoor,4
2024-07-05,Religious,Natural,2
2024-07-05,Religious,area,2
2024-07-05,Shopping,Dining,1
2024-07-05,Shopping,Shopping,1
2024-07-05,Shopping,Transit,2
2024-07-05,Shopping,area,2
2024-07-05,Transit,Cityscape,1
2024-07-05,Transit,Cultural,2
2024-07-05,Transit,Entertainment,4
2024-07-05,Transit,Natural,1
2024-07-05,Transit,Transit,1
2024-07-05,Transit,area,1
2024-07-05,area,Cityscape,1
2024-07-05,area,Cultural,1
2024-07-05,area,Entertainment,2
2024-07-05,area,Natural,1
2024-07-05,area,Religious,1
2024-07-05,area,Shopping,1
2024-07-05,area,Transit,1
2024-07-05,area,area,1
2024-07-06,Cityscape,Cityscape,2
2024-07-06,Cityscape,Entertainment,1
2024-07-06,Cultural,Entertainment,1
2024-07-06,Entertainment,Cityscape,1
2024-07-06,Entertainment,Cultural,2
2024-07-06,Entertainment,Dining,1
2024-07-06,Entertainment,Entertainment,3
2024-07-06,Entertainment,Hotel,2
2024-07-06,Entertainment,Transit,1
2024-07-06,Hotel,Entertainment,2
2024-07-06,Hotel,School,1
2024-07-06,Transit,Entertainment,1
2024-07-07,Cityscape,Natural,1
2024-07-07,Religious,Natural,1
2024-07-07,Transit,Entertainment,1
2024-07-07,area,Religious,1
2024-07-09,Cityscape,Cityscape,2
2024-07-09,Entertainment,Entertainment,1
2024-07-09,Entertainment,Transit,1
2024-07-09,Transit,Entertainment,1
2024-07-10,Entertainment,Cityscape,1
2024-07-11,area,Shopping,1
2024-07-12,Cityscape,Cultural,1
2024-07-12,Cityscape,Hotel,1
2024-07-12,Cultural,Dining,1
2024-07-12,Dining,Cityscape,2
2024-07-13,Cityscape,Entertainment,1
2024-07-13,Cultural,Natural,1
2024-07-13,Cultural,Transit,1
2024-07-13,Dining,Cultural,1
2024-07-13,Entertainment,Cityscape,1
2024-07-13,Entertainment,Entertainment,6
2024-07-13,Transit,Cultural,1
2024-07-13,Transit,Dining,1
2024-07-13,Transit,Transit,1
2024-07-14,Cityscape,Hotel,1
2024-07-14,Cityscape,Shopping,1
2024-07-14,Cultural,Entertainment,1
2024-07-14,Entertainment,Entertainment,2
2024-07-14,Entertainment,Shopping,1
2024-07-14,Entertainment,area,1
2024-07-14,Hotel,Cityscape,1
2024-07-14,Shopping,Cultural,1
2024-07-14,Transit,Entertainment,1
2024-07-14,area,Cityscape,1
2024-07-15,Cityscape,area,1
2024-07-15,Entertainment,Cityscape,1
2024-07-15,Entertainment,Entertainment,1
2024-07-15,Entertainment,Transit,1
2024-07-15,Transit,Entertainment,1
2024-07-15,area,Entertainment,1
2024-07-16,Dining,area,1
2024-07-16,Hotel,Cityscape,1
2024-07-16,area,area,1
2024-07-17,Cityscape,Shopping,1
2024-07-17,Dining,Cityscape,1
2024-07-17,Dining,Dining,2
2024-07-17,Transit,Religious,1
2024-07-18,Dining,Religious,1
2024-07-18,Dining,area,1
2024-07-18,Religious,Shopping,1
2024-07-18,Shopping,Dining,1
2024-07-18,area,Entertainment,1
2024-07-19,Cityscape,Cityscape,1
2024-07-19,Cityscape,Dining,1
2024-07-19,Cultural,School,1
2024-07-19,Cultural,area,1
2024-07-19,Entertainment,Transit,1
2024-07-19,Hotel,Cityscape,1
2024-07-19,Hotel,Shopping,1
2024-07-19,School,Cityscape,1
2024-07-19,Shopping,area,1
2024-07-19,Transit,area,1
2024-07-19,area,Cultural,2
2024-07-19,area,Entertainment,1
2024-07-19,area,Hotel,1
2024-07-21,Cityscape,area,1
2024-07-21,Transit,Cityscape,1
2024-07-21,area,Transit,1
2024-07-21,area,area,1
2024-07-22,Cityscape,Entertainment,1
2024-07-22,Cityscape,Shopping,1
2024-07-22,Entertainment,Natural,1
2024-07-23,Cityscape,Entertainment,1
2024-07-23,Entertainment,Transit,1
2024-07-23,Entertainment,area,1
2024-07-23,area,Cityscape,1
2024-07-23,area,area,2
2024-07-24,Cityscape,Natural,1
2024-07-24,Natural,Outdoor,1
2024-07-27,Cityscape,Cityscape,1
2024-07-27,Cityscape,Natural,1
2024-07-27,Cityscape,Religious,2
2024-07-27,Natural,Cityscape,1
2024-07-27,Religious,Cityscape,1
2024-07-29,Cityscape,Entertainment,1
2024-07-29,Entertainment,area,1
2024-07-29,Natural,area,1
2024-07-29,Shopping,Entertainment,1
2024-07-29,Transit,area,1
2024-07-29,area,Entertainment,1
2024-07-29,area,Natural,1
2024-07-29,area,Transit,2
2024-07-29,area,area,9
2024-07-30,Cityscape,Cityscape,5
2024-07-30,Cityscape,Cultural,1
2024-07-30,Cultural,Cityscape,1
2024-07-30,Cultural,Entertainment,1
2024-07-30,Dining,Cityscape,1
2024-07-30,Hotel,Dining,1
2024-07-31,Entertainment,Transit,1
2024-07-31,Transit,Cultural,1
2024-08-01,Cityscape,Cityscape,5
2024-08-01,Cityscape,Cultural,3
2024-08-01,Cityscape,Dining,1
2024-08-01,Cityscape,Entertainment,2
2024-08-01,Cityscape,Natural,1
2024-08-01,Cityscape,Outdoor,1
2024-08-01,Cityscape,Transit,3
2024-08-01,Cityscape,area,4
2024-08-01,Cultural,Cityscape,3
2024-08-01,Cultural,Cultural,2
2024-08-01,Cultural,Dining,1
2024-08-01,Cultural,Entertainment,6
2024-08-01,Cultural,Religious,1
2024-08-01,Cultural,area,1
2024-08-01,Dining,Cultural,1
2024-08-01,Dining,Dining,2
2024-08-01,Dining,Entertainment,1
2024-08-01,Dining,Shopping,1
2024-08-01,Dining,area,3
2024-08-01,Entertainment,Cityscape,2
2024-08-01,Entertainment,Cultural,4
2024-08-01,Entertainment,Entertainment,11
2024-08-01,Entertainment,Hotel,2
2024-08-01,Entertainment,Natural,1
2024-08-01,Entertainment,Transit,1
2024-08-01,Entertainment,area,3
2024-08-01,Hotel,Cultural,1
2024-08-01,Hotel,Entertainment,2
2024-08-01,Natural,Cityscape,1
2024-08-01,Natural,Entertainment,1
2024-08-01,Natural,Religious,3
2024-08-01,Natural,area,2
2024-08-01,Outdoor,Cultural,1
2024-08-01,Outdoor,Natural,1
2024-08-01,Religious,Cultural,1
2024-08-01,Religious,Natural,2
2024-08-01,Religious,Outdoor,1
2024-08-01,Religious,Religious,1
2024-08-01,Shopping,area,1
2024-08-01,Transit,Cityscape,2
2024-08-01,Transit,Cultural,3
2024-08-01,Transit,Entertainment,1
2024-08-01,Transit,Transit,2
2024-08-01,area,Cityscape,2
2024-08-01,area,Cultural,2
2024-08-01,area,Dining,2
2024-08-01,area,Entertainment,2
2024-08-01,area,Natural,3
2024-08-01,area,Religious,2
2024-08-01,area,Shopping,1
2024-08-01,area,Transit,1
2024-08-01,area,area,6
2024-08-02,Cityscape,Cityscape,3
2024-08-02,Cityscape,Cultural,1
2024-08-02,Cityscape,Entertainment,3
2024-08-02,Cityscape,Hotel,1
2024-08-02,Cultural,Entertainment,1
2024-08-02,Cultural,Outdoor,1
2024-08-02,Cultural,area,1
2024-08-02,Dining,Dining,3
2024-08-02,Entertainment,Cityscape,3
2024-08-02,Entertainment,Cultural,1
2024-08-02,Entertainment,Entertainment,15
2024-08-02,Entertainment,Hotel,3
2024-08-02,Entertainment,Natural,1
2024-08-02,Entertainment,Transit,1
2024-08-02,Hotel,Cityscape,1
2024-08-02,Hotel,Entertainment,4
2024-08-02,Natural,Cityscape,1
2024-08-02,Outdoor,area,1
2024-08-02,Religious,Religious,1
2024-08-02,Religious,Shopping,1
2024-08-02,Transit,Cityscape,1
2024-08-02,Transit,Entertainment,1
2024-08-02,Transit,Outdoor,1
2024-08-02,Transit,Shopping,1
2024-08-02,area,Cityscape,1
2024-08-02,area,Entertainment,2
2024-08-03,Cityscape,Cityscape,4
2024-08-03,Cityscape,Cultural,3
2024-08-03,Cityscape,Entertainment,3
2024-08-03,Cityscape,Hotel,1
2024-08-03,Cityscape,Natural,1
2024-08-03,Cityscape,Transit,2
2024-08-03,Cityscape,area,2
2024-08-03,Cultural,Cityscape,1
2024-08-03,Cultural,Dining,1
2024-08-03,Cultural,Entertainment,1
2024-08-03,Cultural,Transit,1
2024-08-03,Cultural,area,1
2024-08-03,Dining,Entertainment,2
2024-08-03,Entertainment,Cityscape,6
2024-08-03,Entertainment,Cultural,1
2024-08-03,Entertainment,Dining,1
2024-08-03,Entertainment,Entertainment,15
2024-08-03,Entertainment,Hotel,1
2024-08-03,Hotel,Entertainment,3
2024-08-03,Hotel,Shopping,1
2024-08-03,Outdoor,Natural,1
2024-08-03,Religious,Outdoor,1
2024-08-03,Shopping,Transit,1
2024-08-03,Transit,Cityscape,1
2024-08-03,Transit,Entertainment,3
2024-08-03,Transit,Religious,1
2024-08-03,Transit,Transit,2
2024-08-03,Transit,area,1
2024-08-03,area,Cityscape,3
2024-08-03,area,Cultural,2
2024-08-03,area,Entertainment,1
2024-08-03,area,Transit,1
2024-08-03,area,area,6
2024-08-04,Cityscape,Cityscape,5
2024-08-04,Cityscape,Cultural,1
2024-08-04,Cityscape,Dining,1
2024-08-04,Cityscape,Entertainment,6
2024-08-04,Cityscape,Outdoor,1
2024-08-04,Cityscape,Shopping,2
2024-08-04,Cityscape,area,1
2024-08-04,Cultural,Cityscape,1
2024-08-04,Cultural,Dining,1
2024-08-04,Cultural,Natural,3
2024-08-04,Cultural,Religious,1
2024-08-04,Cultural,Transit,1
2024-08-04,Dining,Cityscape,1
2024-08-04,Dining,Cultural,1
2024-08-04,Dining,Dining,2
2024-08-04,Dining,Entertainment,1
2024-08-04,Dining,Transit,1
2024-08-04,Dining,area,3
2024-08-04,Entertainment,Cityscape,2
2024-08-04,Entertainment,Dining,1
2024-08-04,Entertainment,Entertainment,5
2024-08-04,Entertainment,Hotel,5
2024-08-04,Entertainment,Outdoor,1
2024-08-04,Entertainment,Religious,1
2024-08-04,Entertainment,area,5
2024-08-04,Hotel,Entertainment,5
2024-08-04,Natural,Dining,2
2024-08-04,Natural,Entertainment,1
2024-08-04,Natural,Religious,1
2024-08-04,Outdoor,Cultural,1
2024-08-04,Religious,Natural,1
2024-08-04,Religious,Religious,2
2024-08-04,Religious,area,1
2024-08-04,Shopping,Cityscape,2
2024-08-04,Transit,Cityscape,1
2024-08-04,Transit,Dining,1
2024-08-04,Transit,Entertainment,1
2024-08-04,area,Cultural,4
2024-08-04,area,Entertainment,3
2024-08-04,area,Natural,1
2024-08-04,area,Religious,1
2024-08-04,area,Shopping,1
2024-08-04,area,area,1
2024-08-05,Cityscape,Cityscape,3
2024-08-05,Cityscape,Cultural,2
2024-08-05,Cityscape,Dining,1
2024-08-05,Cityscape,Entertainment,2
2024-08-05,Cityscape,Hotel,1
2024-08-05,Cityscape,Natural,1
2024-08-05,Cityscape,Religious,1
2024-08-05,Cityscape,Shopping,1
2024-08-05,Cityscape,Transit,1
2024-08-05,Cityscape,area,2
2024-08-05,Cultural,Cityscape,1
2024-08-05,Cultural,Dining,1
2024-08-05,Cultural,Entertainment,1
2024-08-05,Cultural,Shopping,1
2024-08-05,Dining,Transit,1
2024-08-05,Entertainment,Cityscape,5
2024-08-05,Entertainment,Cultural,3
2024-08-05,Entertainment,Entertainment,9
2024-08-05,Entertainment,Hotel,1
2024-08-05,Entertainment,Transit,1
2024-08-05,Hotel,Transit,1
2024-08-05,Natural,Cityscape,1
2024-08-05,Natural,Cultural,1
2024-08-05,Natural,Outdoor,1
2024-08-05,Natural,Religious,2
2024-08-05,Natural,area,1
2024-08-05,Outdoor,Natural,1
2024-08-05,Outdoor,Transit,1
2024-08-05,Religious,Cityscape,2
2024-08-05,Religious,Natural,1
2024-08-05,Religious,Shopping,1
2024-08-05,Religious,Transit,1
2024-08-05,Religious,area,1
2024-08-05,Shopping,Cityscape,1
2024-08-05,Shopping,Entertainment,1
2024-08-05,Shopping,Shopping,1
2024-08-05,Shopping,area,1
2024-08-05,Transit,Cityscape,3
2024-08-05,Transit,Entertainment,5
2024-08-05,Transit,Natural,1
2024-08-05,Transit,Outdoor,1
2024-08-05,Transit,area,1
2024-08-05,area,Entertainment,1
2024-08-05,area,Natural,1
2024-08-05,area,Religious,1
2024-08-05,area,Transit,1
2024-08-06,Cityscape,Cityscape,5
2024-08-06,Cityscape,Dining,2
2024-08-06,Cityscape,Entertainment,4
2024-08-06,Cityscape,Hotel,3
2024-08-06,Cityscape,Transit,1
2024-08-06,Cityscape,area,5
2024-08-06,Cultural,Cityscape,1
2024-08-06,Cultural,Cultural,1
2024-08-06,Cultural,Religious,1
2024-08-06,Cultural,area,2
2024-08-06,Dining,Cityscape,1
2024-08-06,Dining,Dining,4
2024-08-06,Dining,area,1
2024-08-06,Entertainment,Cityscape,5
2024-08-06,Entertainment,Entertainment,2
2024-08-06,Entertainment,Natural,1
2024-08-06,Entertainment,Transit,2
2024-08-06,Entertainment,area,1
2024-08-06,Hotel,Cityscape,2
2024-08-06,Natural,Cultural,1
2024-08-06,Natural,Entertainment,2
2024-08-06,Natural,Religious,1
2024-08-06,Natural,Transit,1
2024-08-06,Religious,Cityscape,1
2024-08-06,Religious,Cultural,1
2024-08-06,Religious,Dining,1
2024-08-06,Religious,Religious,1
2024-08-06,Religious,area,1
2024-08-06,Transit,Entertainment,2
2024-08-06,Transit,Natural,1
2024-08-06,Transit,area,1
2024-08-06,area,Cityscape,3
2024-08-06,area,Cultural,2
2024-08-06,area,Dining,1
2024-08-06,area,Entertainment,1
2024-08-06,area,Natural,1
2024-08-06,area,Religious,1
2024-08-06,area,area,1
2024-08-07,Cityscape,Cityscape,1
2024-08-07,Cityscape,Cultural,2
2024-08-07,Cityscape,Entertainment,4
2024-08-07,Cityscape,Hotel,1
2024-08-07,Cityscape,Natural,1
2024-08-07,Cityscape,Religious,1
2024-08-07,Cityscape,Shopping,1
2024-08-07,Cityscape,Transit,2
2024-08-07,Cultural,Cityscape,1
2024-08-07,Cultural,Entertainment,2
2024-08-07,Cultural,Hotel,1
2024-08-07,Cultural,Transit,2
2024-08-07,Dining,area,1
2024-08-07,Entertainment,Cityscape,3
2024-08-07,Entertainment,Cultural,1
2024-08-07,Entertainment,Entertainment,10
2024-08-07,Entertainment,Shopping,1
2024-08-07,Hotel,Cityscape,1
2024-08-07,Hotel,Entertainment,1
2024-08-07,Hotel,Hotel,1
2024-08-07,Hotel,Transit,1
2024-08-07,Hotel,area,1
2024-08-07,Natural,Cityscape,1
2024-08-07,Natural,Religious,3
2024-08-07,Natural,area,2
2024-08-07,Outdoor,Cityscape,1
2024-08-07,Religious,Cityscape,2
2024-08-07,Religious,Hotel,1
2024-08-07,Religious,Natural,1
2024-08-07,Religious,Religious,1
2024-08-07,Religious,Shopping,1
2024-08-07,Shopping,Cityscape,1
2024-08-07,Shopping,Religious,1
2024-08-07,Shopping,Shopping,1
2024-08-07,Shopping,Transit,1
2024-08-07,Transit,Cityscape,3
2024-08-07,Transit,Cultural,2
2024-08-07,Transit,Natural,1
2024-08-07,Transit,area,1
2024-08-07,area,Cultural,1
2024-08-07,area,Dining,1
2024-08-07,area,Natural,3
2024-08-07,area,Religious,2
2024-08-07,area,Transit,2
2024-08-08,Cityscape,Cityscape,2
2024-08-08,Cityscape,Cultural,1
2024-08-08,Cityscape,Outdoor,1
2024-08-08,Cityscape,Religious,1
2024-08-08,Cityscape,Transit,1
2024-08-08,Cityscape,area,1
2024-08-08,Cultural,Entertainment,3
2024-08-08,Cultural,Religious,1
2024-08-08,Cultural,Shopping,1
2024-08-08,Dining,Cultural,1
2024-08-08,Dining,Dining,6
2024-08-08,Dining,Entertainment,1
2024-08-08,Entertainment,Cityscape,2
2024-08-08,Entertainment,Dining,1
2024-08-08,Entertainment,Entertainment,3
2024-08-08,Entertainment,Religious,1
2024-08-08,Hotel,Hotel,2
2024-08-08,Natural,Entertainment,1
2024-08-08,Natural,Religious,2
2024-08-08,Natural,Transit,1
2024-08-08,Outdoor,Natural,1
2024-08-08,Religious,Cultural,1
2024-08-08,Religious,Natural,1
2024-08-08,Religious,Religious,4
2024-08-08,Religious,area,2
2024-08-08,Shopping,Cultural,1
2024-08-08,Shopping,Dining,1
2024-08-08,Transit,Cityscape,2
2024-08-08,Transit,Cultural,1
2024-08-08,Transit,area,1
2024-08-08,area,Cityscape,1
2024-08-08,area,Natural,1
2024-08-08,area,Religious,2
2024-08-08,area,Transit,1
2024-08-08,area,area,1
2024-08-09,Cityscape,Cityscape,1
2024-08-09,Cityscape,Cultural,2
2024-08-09,Cityscape,Entertainment,3
2024-08-09,Cityscape,Natural,1
2024-08-09,Cityscape,Shopping,3
2024-08-09,Cityscape,Transit,1
2024-08-09,Cityscape,area,1
2024-08-09,Cultural,Cultural,1
2024-08-09,Cultural,Entertainment,3
2024-08-09,Dining,Cityscape,1
2024-08-09,Entertainment,Cityscape,2
2024-08-09,Entertainment,Cultural,1
2024-08-09,Entertainment,Entertainment,11
2024-08-09,Entertainment,Hotel,3
2024-08-09,Entertainment,Natural,1
2024-08-09,Entertainment,Religious,1
2024-08-09,Entertainment,Shopping,1
2024-08-09,Hotel,Entertainment,2
2024-08-09,Hotel,Religious,1
2024-08-09,Natural,Cityscape,2
2024-08-09,Natural,Natural,1
2024-08-09,Religious,Entertainment,2
2024-08-09,Religious,Natural,1
2024-08-09,Religious,Religious,2
2024-08-09,Religious,area,1
2024-08-09,Shopping,Cityscape,2
2024-08-09,Shopping,Dining,1
2024-08-09,Transit,Transit,1
2024-08-09,Transit,area,2
2024-08-09,area,Cityscape,2
2024-08-09,area,Transit,1
2024-08-09,area,area,2
2024-08-10,Cityscape,Cityscape,1
2024-08-10,Cityscape,Entertainment,5
2024-08-10,Cityscape,Outdoor,1
2024-08-10,Cityscape,Shopping,1
2024-08-10,Cultural,Religious,1
2024-08-10,Dining,Dining,1
2024-08-10,Dining,Entertainment,1
2024-08-10,Dining,area,1
2024-08-10,Entertainment,Cityscape,7
2024-08-10,Entertainment,Cultural,1
2024-08-10,Entertainment,Dining,1
2024-08-10,Entertainment,Entertainment,22
2024-08-10,Entertainment,Hotel,1
2024-08-10,Entertainment,Shopping,1
2024-08-10,Entertainment,Transit,2
2024-08-10,Entertainment,area,6
2024-08-10,Hotel,Entertainment,1
2024-08-10,Natural,Cityscape,2
2024-08-10,Natural,Outdoor,1
2024-08-10,Natural,Religious,1
2024-08-10,Natural,area,2
2024-08-10,Outdoor,Cityscape,1
2024-08-10,Outdoor,Outdoor,1
2024-08-10,Outdoor,area,1
2024-08-10,Religious,Natural,2
2024-08-10,Religious,Religious,2
2024-08-10,Religious,area,2
2024-08-10,Shopping,Entertainment,2
2024-08-10,Shopping,Shopping,1
2024-08-10,Shopping,area,1
2024-08-10,Transit,Cultural,1
2024-08-10,Transit,Entertainment,4
2024-08-10,Transit,Shopping,1
2024-08-10,Transit,Transit,1
2024-08-10,Transit,area,1
2024-08-10,area,Cultural,2
2024-08-10,area,Dining,1
2024-08-10,area,Entertainment,5
2024-08-10,area,Natural,2
2024-08-10,area,Outdoor,2
2024-08-10,area,Religious,1
2024-08-10,area,Shopping,1
2024-08-10,area,Transit,2
2024-08-10,area,area,8
2024-08-11,Cityscape,Cityscape,8
2024-08-11,Cityscape,Dining,1
2024-08-11,Cityscape,Entertainment,5
2024-08-11,Cityscape,Outdoor,2
2024-08-11,Cityscape,area,3
2024-08-11,Cultural,Cityscape,1
2024-08-11,Cultural,Cultural,1
2024-08-11,Cultural,Entertainment,2
2024-08-11,Cultural,Transit,1
2024-08-11,Dining,Dining,2
2024-08-11,Dining,Entertainment,1
2024-08-11,Entertainment,Cityscape,4
2024-08-11,Entertainment,Cultural,2
2024-08-11,Entertainment,Dining,2
2024-08-11,Entertainment,Entertainment,18
2024-08-11,Entertainment,Hotel,1
2024-08-11,Entertainment,Natural,1
2024-08-11,Entertainment,Outdoor,1
2024-08-11,Entertainment,Shopping,1
2024-08-11,Entertainment,Transit,4
2024-08-11,Entertainment,area,2
2024-08-11,Hotel,Dining,1
2024-08-11,Natural,Cityscape,1
2024-08-11,Natural,Religious,1
2024-08-11,Natural,Shopping,1
2024-08-11,Outdoor,Cityscape,1
2024-08-11,Outdoor,area,1
2024-08-11,Religious,Natural,2
2024-08-11,Shopping,Cityscape,2
2024-08-11,Shopping,Shopping,1
2024-08-11,Shopping,area,1
2024-08-11,Transit,Cityscape,2
2024-08-11,Transit,Entertainment,4
2024-08-11,Transit,Shopping,1
2024-08-11,Transit,area,1
2024-08-11,area,Cityscape,3
2024-08-11,area,Cultural,1
2024-08-11,area,Entertainment,3
2024-08-11,area,Shopping,1
2024-08-11,area,Transit,1
2024-08-12,Cityscape,Cityscape,1
2024-08-12,Cityscape,Cultural,1
2024-08-12,Cityscape,Entertainment,3
2024-08-12,Cityscape,Transit,1
2024-08-12,Cultural,Cityscape,1
2024-08-12,Cultural,area,1
2024-08-12,Dining,Dining,3
2024-08-12,Dining,Entertainment,1
2024-08-12,Dining,Outdoor,1
2024-08-12,Dining,Shopping,1
2024-08-12,Dining,Transit,1
2024-08-12,Entertainment,Cityscape,1
2024-08-12,Entertainment,Cultural,1
2024-08-12,Entertainment,Dining,1
2024-08-12,Entertainment,Entertainment,11
2024-08-12,Entertainment,Natural,2
2024-08-12,Entertainment,Shopping,1
2024-08-12,Entertainment,Transit,1
2024-08-12,Entertainment,area,1
2024-08-12,Natural,Cityscape,1
2024-08-12,Natural,area,1
2024-08-12,Outdoor,Dining,1
2024-08-12,Outdoor,Outdoor,1
2024-08-12,Religious,Religious,1
2024-08-12,Shopping,Dining,1
2024-08-12,Shopping,Entertainment,1
2024-08-12,Transit,Cityscape,1
2024-08-12,Transit,Entertainment,2
2024-08-12,area,Cultural,1
2024-08-12,area,Dining,1
2024-08-12,area,area,3
2024-08-13,Cityscape,Cityscape,1
2024-08-13,Cityscape,Cultural,1
2024-08-13,Cityscape,Entertainment,1
2024-08-13,Cityscape,Natural,1
2024-08-13,Cityscape,Religious,1
2024-08-13,Cityscape,Shopping,1
2024-08-13,Cityscape,Transit,2
2024-08-13,Cityscape,area,1
2024-08-13,Cultural,Transit,2
2024-08-13,Dining,Dining,3
2024-08-13,Entertainment,Entertainment,6
2024-08-13,Entertainment,Hotel,2
2024-08-13,Entertainment,Natural,3
2024-08-13,Entertainment,Transit,2
2024-08-13,Hotel,Entertainment,2
2024-08-13,Hotel,area,1
2024-08-13,Natural,Entertainment,1
2024-08-13,Natural,Religious,2
2024-08-13,Outdoor,Religious,1
2024-08-13,Religious,Cityscape,2
2024-08-13,Religious,Outdoor,1
2024-08-13,Religious,Religious,1
2024-08-13,Religious,Shopping,1
2024-08-13,Religious,Transit,1
2024-08-13,Shopping,Cityscape,1
2024-08-13,Shopping,Religious,1
2024-08-13,Shopping,Shopping,1
2024-08-13,Transit,Cityscape,2
2024-08-13,Transit,Entertainment,1
2024-08-13,Transit,Hotel,1
2024-08-13,Transit,Natural,1
2024-08-13,Transit,Shopping,1
2024-08-13,Transit,area,3
2024-08-13,area,Cityscape,2
2024-08-13,area,Dining,1
2024-08-13,area,Religious,1
2024-08-14,Cityscape,Cityscape,3
2024-08-14,Cityscape,Cultural,2
2024-08-14,Cityscape,Entertainment,5
2024-08-14,Cityscape,Hotel,1
2024-08-14,Cityscape,Natural,1
2024-08-14,Cityscape,Religious,2
2024-08-14,Cityscape,Transit,4
2024-08-14,Cityscape,area,2
2024-08-14,Cultural,Cityscape,1
2024-08-14,Cultural,Transit,1
2024-08-14,Dining,Dining,1
2024-08-14,Dining,area,1
2024-08-14,Entertainment,Cityscape,4
2024-08-14,Entertainment,Cultural,1
2024-08-14,Entertainment,Entertainment,4
2024-08-14,Entertainment,Hotel,1
2024-08-14,Entertainment,Natural,1
2024-08-14,Entertainment,Shopping,2
2024-08-14,Entertainment,area,2
2024-08-14,Hotel,Cityscape,1
2024-08-14,Natural,Entertainment,2
2024-08-14,Natural,Outdoor,1
2024-08-14,Natural,area,1
2024-08-14,Outdoor,Cityscape,1
2024-08-14,Religious,Religious,3
2024-08-14,Religious,area,1
2024-08-14,Shopping,Cityscape,1
2024-08-14,Shopping,Entertainment,1
2024-08-14,Transit,Cityscape,3
2024-08-14,Transit,Entertainment,3
2024-08-14,Transit,Natural,1
2024-08-14,area,Cityscape,2
2024-08-14,area,Entertainment,2
2024-08-14,area,Natural,2
2024-08-14,area,Religious,1
2024-08-14,area,area,3
2024-08-15,Cityscape,Cityscape,2
2024-08-15,Cityscape,Cultural,1
2024-08-15,Cityscape,Entertainment,2
2024-08-15,Cityscape,Hotel,1
2024-08-15,Cityscape,Natural,2
2024-08-15,Cityscape,Shopping,1
2024-08-15,Cityscape,Transit,2
2024-08-15,Dining,Entertainment,1
2024-08-15,Dining,area,1
2024-08-15,Entertainment,Cityscape,5
2024-08-15,Entertainment,Dining,1
2024-08-15,Entertainment,Entertainment,8
2024-08-15,Entertainment,Natural,1
2024-08-15,Entertainment,Religious,1
2024-08-15,Entertainment,Shopping,1
2024-08-15,Entertainment,Transit,1
2024-08-15,Natural,Cityscape,1
2024-08-15,Natural,Entertainment,1
2024-08-15,Natural,Natural,2
2024-08-15,Natural,Religious,2
2024-08-15,Outdoor,Religious,1
2024-08-15,Religious,Cityscape,1
2024-08-15,Religious,Entertainment,1
2024-08-15,Religious,Natural,2
2024-08-15,Religious,Religious,3
2024-08-15,Religious,Shopping,2
2024-08-15,Religious,area,1
2024-08-15,Shopping,Cityscape,1
2024-08-15,Transit,Cityscape,2
2024-08-15,Transit,Entertainment,2
2024-08-16,Cityscape,Cityscape,1
2024-08-16,Cityscape,Cultural,2
2024-08-16,Cityscape,Dining,1
2024-08-16,Cityscape,Entertainment,2
2024-08-16,Cityscape,Transit,1
2024-08-16,Cityscape,area,1
2024-08-16,Cultural,Cityscape,1
2024-08-16,Cultural,Cultural,1
2024-08-16,Dining,area,1
2024-08-16,Entertainment,Cityscape,1
2024-08-16,Entertainment,Entertainment,5
2024-08-16,Entertainment,Hotel,1
2024-08-16,Entertainment,Religious,3
2024-08-16,Entertainment,Transit,2
2024-08-16,Entertainment,area,2
2024-08-16,Hotel,Entertainment,1
2024-08-16,Natural,Entertainment,1
2024-08-16,Outdoor,Natural,1
2024-08-16,Religious,Entertainment,2
2024-08-16,Religious,Natural,1
2024-08-16,Religious,Religious,5
2024-08-16,Religious,Transit,1
2024-08-16,Religious,area,1
2024-08-16,Transit,Cityscape,4
2024-08-16,Transit,Dining,1
2024-08-16,Transit,Religious,1
2024-08-16,Transit,Transit,1
2024-08-16,Transit,area,2
2024-08-16,area,Cityscape,1
2024-08-16,area,Dining,1
2024-08-16,area,Entertainment,1
2024-08-16,area,Natural,1
2024-08-16,area,Religious,1
2024-08-16,area,area,1
2024-08-17,Cityscape,Cityscape,1
2024-08-17,Cityscape,Entertainment,1
2024-08-17,Cityscape,Outdoor,1
2024-08-17,Cityscape,Shopping,2
2024-08-17,Cityscape,area,1
2024-08-17,Cultural,Entertainment,2
2024-08-17,Cultural,Shopping,1
2024-08-17,Cultural,Transit,1
2024-08-17,Cultural,area,1
2024-08-17,Dining,Dining,2
2024-08-17,Dining,Transit,1
2024-08-17,Entertainment,Cityscape,1
2024-08-17,Entertainment,Cultural,3
2024-08-17,Entertainment,Dining,1
2024-08-17,Entertainment,Entertainment,14
2024-08-17,Entertainment,Natural,2
2024-08-17,Entertainment,Transit,2
2024-08-17,Entertainment,area,1
2024-08-17,Natural,Cultural,1
2024-08-17,Natural,Religious,1
2024-08-17,Natural,Shopping,1
2024-08-17,Natural,area,1
2024-08-17,Outdoor,Natural,1
2024-08-17,Outdoor,area,1
2024-08-17,Shopping,Cityscape,1
2024-08-17,Shopping,Cultural,1
2024-08-17,Shopping,Entertainment,1
2024-08-17,Shopping,Shopping,1
2024-08-17,Shopping,area,1
2024-08-17,Transit,Cityscape,1
2024-08-17,Transit,Cultural,1
2024-08-17,Transit,Entertainment,4
2024-08-17,Transit,Shopping,1
2024-08-17,Transit,Transit,1
2024-08-17,Transit,area,1
2024-08-17,area,Cityscape,3
2024-08-17,area,Entertainment,2
2024-08-17,area,Natural,1
2024-08-17,area,area,3
2024-08-18,Cityscape,Cityscape,2
2024-08-18,Cityscape,Cultural,4
2024-08-18,Cityscape,Entertainment,3
2024-08-18,Cityscape,Hotel,1
2024-08-18,Cityscape,Natural,1
2024-08-18,Cityscape,Religious,1
2024-08-18,Cityscape,Shopping,1
2024-08-18,Cityscape,Transit,1
2024-08-18,Cultural,Cityscape,1
2024-08-18,Cultural,Cultural,3
2024-08-18,Cultural,Natural,1
2024-08-18,Cultural,area,2
2024-08-18,Dining,Dining,1
2024-08-18,Dining,Entertainment,1
2024-08-18,Entertainment,Cityscape,5
2024-08-18,Entertainment,Cultural,1
2024-08-18,Entertainment,Entertainment,25
2024-08-18,Entertainment,Hotel,1
2024-08-18,Entertainment,Natural,1
2024-08-18,Entertainment,Shopping,2
2024-08-18,Entertainment,area,1
2024-08-18,Hotel,Cityscape,1
2024-08-18,Hotel,Entertainment,1
2024-08-18,Natural,Entertainment,3
2024-08-18,Natural,Religious,2
2024-08-18,Natural,area,3
2024-08-18,Outdoor,Entertainment,1
2024-08-18,Outdoor,Natural,1
2024-08-18,Religious,Natural,2
2024-08-18,Religious,Religious,5
2024-08-18,Religious,Shopping,1
2024-08-18,Religious,Transit,1
2024-08-18,Shopping,Entertainment,1
2024-08-18,Shopping,Religious,1
2024-08-18,Shopping,Transit,1
2024-08-18,Shopping,area,2
2024-08-18,Transit,Entertainment,2
2024-08-18,Transit,area,1
2024-08-18,area,Cityscape,2
2024-08-18,area,Cultural,3
2024-08-18,area,Dining,1
2024-08-18,area,Natural,4
2024-08-18,area,Shopping,1
2024-08-18,area,area,2
2024-08-19,Cityscape,Cityscape,3
2024-08-19,Cityscape,Cultural,3
2024-08-19,Cityscape,Entertainment,1
2024-08-19,Cityscape,Hotel,1
2024-08-19,Cityscape,Religious,1
2024-08-19,Cityscape,Shopping,1
2024-08-19,Cityscape,Transit,3
2024-08-19,Cityscape,area,4
2024-08-19,Cultural,Cityscape,2
2024-08-19,Cultural,Entertainment,3
2024-08-19,Cultural,Hotel,1
2024-08-19,Cultural,area,1
2024-08-19,Entertainment,Cityscape,3
2024-08-19,Entertainment,Cultural,1
2024-08-19,Entertainment,Dining,1
2024-08-19,Entertainment,Entertainment,16
2024-08-19,Entertainment,Hotel,1
2024-08-19,Entertainment,Transit,1
2024-08-19,Hotel,Cityscape,2
2024-08-19,Hotel,Entertainment,1
2024-08-19,Hotel,Transit,1
2024-08-19,Hotel,area,1
2024-08-19,Natural,Outdoor,2
2024-08-19,Natural,Religious,3
2024-08-19,Natural,area,1
2024-08-19,Outdoor,Natural,1
2024-08-19,Outdoor,Religious,1
2024-08-19,Religious,Cityscape,1
2024-08-19,Religious,Cultural,1
2024-08-19,Religious,Natural,1
2024-08-19,Religious,Outdoor,1
2024-08-19,Shopping,Cityscape,1
2024-08-19,Shopping,Hotel,1
2024-08-19,Shopping,Transit,1
2024-08-19,Transit,Cityscape,3
2024-08-19,Transit,Cultural,1
2024-08-19,Transit,Entertainment,6
2024-08-19,Transit,Natural,1
2024-08-19,Transit,Shopping,1
2024-08-19,area,Cityscape,3
2024-08-19,area,Hotel,1
2024-08-19,area,Natural,1
2024-08-19,area,Religious,1
2024-08-19,area,Shopping,1
2024-08-19,area,Transit,2
2024-08-19,area,area,1
2024-08-20,Cityscape,Cityscape,2
2024-08-20,Cityscape,Cultural,1
2024-08-20,Cityscape,Entertainment,3
2024-08-20,Cityscape,Transit,1
2024-08-20,Cityscape,area,1
2024-08-20,Cultural,Entertainment,1
2024-08-20,Dining,Dining,2
2024-08-20,Dining,Entertainment,1
2024-08-20,Entertainment,Cityscape,2
2024-08-20,Entertainment,Cultural,2
2024-08-20,Entertainment,Dining,1
2024-08-20,Entertainment,Entertainment,13
2024-08-20,Hotel,Cityscape,1
2024-08-20,Hotel,Entertainment,1
2024-08-20,Natural,Natural,3
2024-08-20,Natural,Transit,1
2024-08-20,Natural,area,1
2024-08-20,Religious,Religious,1
2024-08-20,Religious,area,1
2024-08-20,Shopping,Shopping,2
2024-08-20,Shopping,area,1
2024-08-20,Transit,Cityscape,2
2024-08-20,Transit,Hotel,2
2024-08-20,Transit,Transit,1
2024-08-20,Transit,area,2
2024-08-20,area,Cityscape,1
2024-08-20,area,Entertainment,1
2024-08-20,area,Natural,2
2024-08-20,area,Religious,4
2024-08-20,area,Shopping,1
2024-08-20,area,Transit,1
2024-08-20,area,area,1
2024-08-21,Cityscape,Cityscape,2
2024-08-21,Cityscape,Entertainment,5
2024-08-21,Cityscape,Natural,2
2024-08-21,Cityscape,area,2
2024-08-21,Cultural,Entertainment,1
2024-08-21,Dining,Dining,1
2024-08-21,Entertainment,Cityscape,2
2024-08-21,Entertainment,Cultural,1
2024-08-21,Entertainment,Entertainment,5
2024-08-21,Entertainment,Hotel,1
2024-08-21,Entertainment,Natural,1
2024-08-21,Entertainment,Religious,1
2024-08-21,Entertainment,Transit,2
2024-08-21,Entertainment,area,2
2024-08-21,Hotel,Entertainment,2
2024-08-21,Natural,Entertainment,1
2024-08-21,Natural,Natural,1
2024-08-21,Natural,Religious,1
2024-08-21,Natural,area,2
2024-08-21,Religious,Cityscape,1
2024-08-21,Religious,Entertainment,1
2024-08-21,Religious,Religious,1
2024-08-21,Religious,area,1
2024-08-21,Shopping,Cityscape,1
2024-08-21,Shopping,Dining,1
2024-08-21,Shopping,Entertainment,1
2024-08-21,Shopping,Religious,1
2024-08-21,Shopping,Shopping,1
2024-08-21,Transit,Cityscape,4
2024-08-21,Transit,Entertainment,3
2024-08-21,Transit,Natural,1
2024-08-21,Transit,area,2
2024-08-21,area,Cityscape,1
2024-08-21,area,Entertainment,1
2024-08-21,area,Religious,2
2024-08-21,area,Shopping,2
2024-08-21,area,area,3
2024-08-22,Cityscape,Cityscape,4
2024-08-22,Cityscape,Cultural,2
2024-08-22,Cityscape,Dining,1
2024-08-22,Cityscape,Entertainment,2
2024-08-22,Cityscape,Natural,1
2024-08-22,Cityscape,Religious,1
2024-08-22,Cityscape,Shopping,3
2024-08-22,Cityscape,Transit,1
2024-08-22,Cityscape,area,2
2024-08-22,Cultural,Cityscape,1
2024-08-22,Cultural,Entertainment,2
2024-08-22,Cultural,Shopping,1
2024-08-22,Dining,Cityscape,2
2024-08-22,Dining,Dining,2
2024-08-22,Dining,Natural,1
2024-08-22,Dining,Religious,1
2024-08-22,Dining,Shopping,1
2024-08-22,Entertainment,Cityscape,2
2024-08-22,Entertainment,Dining,1
2024-08-22,Entertainment,Entertainment,6
2024-08-22,Entertainment,Hotel,1
2024-08-22,Entertainment,Natural,2
2024-08-22,Entertainment,Shopping,1
2024-08-22,Entertainment,Transit,3
2024-08-22,Entertainment,area,1
2024-08-22,Hotel,Entertainment,1
2024-08-22,Hotel,Transit,1
2024-08-22,Natural,Religious,2
2024-08-22,Natural,Shopping,4
2024-08-22,Natural,area,1
2024-08-22,Religious,Entertainment,2
2024-08-22,Religious,Natural,2
2024-08-22,Religious,area,1
2024-08-22,Shopping,Cityscape,2
2024-08-22,Shopping,Cultural,2
2024-08-22,Shopping,Entertainment,1
2024-08-22,Shopping,Natural,1
2024-08-22,Shopping,Shopping,1
2024-08-22,Shopping,Transit,1
2024-08-22,Transit,Cityscape,1
2024-08-22,Transit,Cultural,1
2024-08-22,Transit,Dining,2
2024-08-22,Transit,Entertainment,1
2024-08-22,Transit,area,2
2024-08-22,area,Cityscape,2
2024-08-22,area,Entertainment,2
2024-08-22,area,Shopping,2
2024-08-22,area,Transit,2
2024-08-22,area,area,4
2024-08-23,Cityscape,Cityscape,3
2024-08-23,Cityscape,Cultural,4
2024-08-23,Cityscape,Dining,1
2024-08-23,Cityscape,Entertainment,4
2024-08-23,Cityscape,Outdoor,1
2024-08-23,Cityscape,Shopping,1
2024-08-23,Cityscape,Transit,1
2024-08-23,Cityscape,area,1
2024-08-23,Cultural,Cityscape,1
2024-08-23,Cultural,Cultural,1
2024-08-23,Cultural,Entertainment,4
2024-08-23,Cultural,Religious,1
2024-08-23,Cultural,area,2
2024-08-23,Dining,Entertainment,1
2024-08-23,Entertainment,Cityscape,4
2024-08-23,Entertainment,Cultural,1
2024-08-23,Entertainment,Entertainment,14
2024-08-23,Entertainment,Natural,1
2024-08-23,Entertainment,Transit,5
2024-08-23,Entertainment,area,2
2024-08-23,Hotel,Cityscape,2
2024-08-23,Natural,Cityscape,2
2024-08-23,Natural,Entertainment,1
2024-08-23,Natural,Outdoor,2
2024-08-23,Natural,Religious,1
2024-08-23,Natural,Shopping,1
2024-08-23,Natural,area,2
2024-08-23,Outdoor,Natural,1
2024-08-23,Outdoor,Religious,1
2024-08-23,Outdoor,area,1
2024-08-23,Religious,Cultural,1
2024-08-23,Religious,Hotel,1
2024-08-23,Religious,Natural,3
2024-08-23,Religious,Transit,1
2024-08-23,Religious,area,2
2024-08-23,Shopping,Cityscape,2
2024-08-23,Shopping,Dining,1
2024-08-23,Shopping,Shopping,3
2024-08-23,Shopping,area,2
2024-08-23,Transit,Cityscape,5
2024-08-23,Transit,Entertainment,3
2024-08-23,Transit,Hotel,1
2024-08-23,Transit,Natural,1
2024-08-23,Transit,Outdoor,1
2024-08-23,Transit,Religious,1
2024-08-23,Transit,Shopping,2
2024-08-23,Transit,Transit,1
2024-08-23,Transit,area,1
2024-08-23,area,Cultural,1
2024-08-23,area,Hotel,1
2024-08-23,area,Natural,1
2024-08-23,area,Religious,3
2024-08-23,area,Shopping,3
2024-08-23,area,Transit,3
2024-08-23,area,area,15
2024-08-24,Cityscape,Cityscape,3
2024-08-24,Cityscape,Cultural,3
2024-08-24,Cityscape,Entertainment,3
2024-08-24,Cityscape,Hotel,1
2024-08-24,Cityscape,Natural,3
2024-08-24,Cityscape,Religious,1
2024-08-24,Cityscape,Transit,1
2024-08-24,Cultural,Cityscape,5
2024-08-24,Cultural,Cultural,1
2024-08-24,Cultural,Entertainment,1
2024-08-24,Dining,Dining,2
2024-08-24,Dining,Religious,2
2024-08-24,Dining,area,2
2024-08-24,Entertainment,Cityscape,5
2024-08-24,Entertainment,Entertainment,22
2024-08-24,Entertainment,Natural,1
2024-08-24,Entertainment,Religious,1
2024-08-24,Entertainment,Transit,1
2024-08-24,Entertainment,area,1
2024-08-24,Hotel,Transit,1
2024-08-24,Natural,Cultural,1
2024-08-24,Natural,Dining,1
2024-08-24,Natural,Entertainment,1
2024-08-24,Natural,Religious,1
2024-08-24,Religious,Cityscape,1
2024-08-24,Religious,Dining,1
2024-08-24,Religious,Entertainment,2
2024-08-24,Religious,Religious,2
2024-08-24,Religious,Transit,1
2024-08-24,Religious,area,2
2024-08-24,Shopping,Cityscape,1
2024-08-24,Shopping,Dining,1
2024-08-24,Transit,Cultural,1
2024-08-24,Transit,Dining,1
2024-08-24,Transit,Entertainment,5
2024-08-24,Transit,Shopping,1
2024-08-24,Transit,area,1
2024-08-24,area,Cityscape,2
2024-08-24,area,Natural,1
2024-08-24,area,Religious,3
2024-08-24,area,Transit,2
2024-08-25,Cityscape,Dining,1
2024-08-25,Cityscape,Entertainment,3
2024-08-25,Cityscape,Natural,1
2024-08-25,Cityscape,Religious,1
2024-08-25,Cityscape,Shopping,1
2024-08-25,Cityscape,area,3
2024-08-25,Cultural,Cityscape,1
2024-08-25,Cultural,Entertainment,2
2024-08-25,Cultural,Hotel,1
2024-08-25,Dining,Cityscape,2
2024-08-25,Dining,Dining,3
2024-08-25,Dining,Entertainment,1
2024-08-25,Dining,area,1
2024-08-25,Entertainment,Cityscape,1
2024-08-25,Entertainment,Cultural,2
2024-08-25,Entertainment,Dining,2
2024-08-25,Entertainment,Entertainment,5
2024-08-25,Entertainment,Hotel,2
2024-08-25,Entertainment,Transit,3
2024-08-25,Entertainment,area,2
2024-08-25,Hotel,Entertainment,3
2024-08-25,Natural,Cultural,1
2024-08-25,Natural,Entertainment,1
2024-08-25,Natural,Outdoor,2
2024-08-25,Natural,Religious,3
2024-08-25,Natural,area,1
2024-08-25,Outdoor,Natural,1
2024-08-25,Outdoor,Outdoor,1
2024-08-25,Religious,Cityscape,1
2024-08-25,Religious,Entertainment,1
2024-08-25,Religious,Natural,3
2024-08-25,Religious,Religious,1
2024-08-25,Transit,Cultural,1
2024-08-25,Transit,Entertainment,4
2024-08-25,Transit,Hotel,2
2024-08-25,area,Cityscape,2
2024-08-25,area,Cultural,2
2024-08-25,area,Dining,2
2024-08-25,area,Entertainment,3
2024-08-25,area,area,1
2024-08-26,Cityscape,Cityscape,1
2024-08-26,Cityscape,Dining,1
2024-08-26,Cityscape,Entertainment,4
2024-08-26,Cityscape,Natural,1
2024-08-26,Cityscape,Transit,1
2024-08-26,Cityscape,area,2
2024-08-26,Cultural,Cityscape,1
2024-08-26,Cultural,Cultural,1
2024-08-26,Cultural,Entertainment,1
2024-08-26,Cultural,Natural,1
2024-08-26,Dining,Dining,1
2024-08-26,Dining,Shopping,1
2024-08-26,Entertainment,Cityscape,3
2024-08-26,Entertainment,Cultural,1
2024-08-26,Entertainment,Entertainment,18
2024-08-26,Entertainment,Natural,1
2024-08-26,Entertainment,area,2
2024-08-26,Hotel,Cityscape,1
2024-08-26,Natural,Cultural,1
2024-08-26,Natural,Entertainment,2
2024-08-26,Natural,Religious,2
2024-08-26,Outdoor,Cityscape,1
2024-08-26,Religious,Natural,1
2024-08-26,Religious,Religious,3
2024-08-26,Religious,area,2
2024-08-26,Shopping,Dining,1
2024-08-26,Shopping,Shopping,1
2024-08-26,Transit,Cityscape,2
2024-08-26,Transit,Entertainment,3
2024-08-26,Transit,Natural,2
2024-08-26,Transit,Shopping,1
2024-08-26,Transit,Transit,1
2024-08-26,area,Cityscape,2
2024-08-26,area,Entertainment,1
2024-08-26,area,Hotel,1
2024-08-26,area,Religious,2
2024-08-26,area,Transit,1
2024-08-27,Cityscape,Cityscape,2
2024-08-27,Cityscape,Cultural,1
2024-08-27,Cityscape,Entertainment,1
2024-08-27,Cityscape,Hotel,1
2024-08-27,Cityscape,Outdoor,1
2024-08-27,Cityscape,Shopping,1
2024-08-27,Cityscape,Transit,1
2024-08-27,Cityscape,area,1
2024-08-27,Dining,Dining,2
2024-08-27,Dining,area,1
2024-08-27,Entertainment,Cityscape,1
2024-08-27,Entertainment,Entertainment,13
2024-08-27,Entertainment,Hotel,1
2024-08-27,Entertainment,Natural,1
2024-08-27,Hotel,Cityscape,1
2024-08-27,Hotel,Entertainment,1
2024-08-27,Hotel,Transit,1
2024-08-27,Natural,Entertainment,1
2024-08-27,Natural,Outdoor,1
2024-08-27,Natural,Transit,2
2024-08-27,Religious,Dining,1
2024-08-27,Religious,Natural,2
2024-08-27,Shopping,Cityscape,1
2024-08-27,Shopping,Religious,1
2024-08-27,Transit,Entertainment,1
2024-08-27,Transit,Hotel,1
2024-08-27,Transit,Natural,2
2024-08-27,Transit,Shopping,1
2024-08-27,Transit,Transit,1
2024-08-27,area,Cityscape,1
2024-08-27,area,Shopping,1
2024-08-28,Cityscape,Cityscape,4
2024-08-28,Cityscape,Cultural,3
2024-08-28,Cityscape,Entertainment,3
2024-08-28,Cityscape,Natural,1
2024-08-28,Cityscape,Religious,1
2024-08-28,Cityscape,Shopping,2
2024-08-28,Cityscape,Transit,1
2024-08-28,Cityscape,area,3
2024-08-28,Cultural,Cityscape,1
2024-08-28,Cultural,Cultural,9
2024-08-28,Cultural,Entertainment,1
2024-08-28,Cultural,Hotel,1
2024-08-28,Cultural,Natural,2
2024-08-28,Cultural,Outdoor,1
2024-08-28,Cultural,Religious,2
2024-08-28,Cultural,Shopping,2
2024-08-28,Dining,Religious,1
2024-08-28,Dining,area,1
2024-08-28,Entertainment,Cityscape,5
2024-08-28,Entertainment,Cultural,1
2024-08-28,Entertainment,Dining,1
2024-08-28,Entertainment,Entertainment,16
2024-08-28,Entertainment,Hotel,2
2024-08-28,Entertainment,Natural,1
2024-08-28,Entertainment,Shopping,1
2024-08-28,Entertainment,area,1
2024-08-28,Hotel,Cultural,1
2024-08-28,Hotel,Entertainment,3
2024-08-28,Hotel,Shopping,1
2024-08-28,Hotel,Transit,1
2024-08-28,Hotel,area,1
2024-08-28,Natural,Cityscape,1
2024-08-28,Natural,Cultural,2
2024-08-28,Natural,Religious,2
2024-08-28,Natural,Transit,2
2024-08-28,Natural,area,1
2024-08-28,Outdoor,Cityscape,1
2024-08-28,Outdoor,Natural,1
2024-08-28,Religious,Cityscape,1
2024-08-28,Religious,Natural,2
2024-08-28,Religious,Religious,3
2024-08-28,Religious,area,4
2024-08-28,Shopping,Cityscape,3
2024-08-28,Shopping,Dining,1
2024-08-28,Shopping,Entertainment,1
2024-08-28,Shopping,Hotel,1
2024-08-28,Shopping,Shopping,2
2024-08-28,Shopping,Transit,1
2024-08-28,Shopping,area,1
2024-08-28,Transit,Cityscape,1
2024-08-28,Transit,Entertainment,3
2024-08-28,Transit,Hotel,2
2024-08-28,Transit,Religious,1
2024-08-28,Transit,Shopping,1
2024-08-28,Transit,Transit,1
2024-08-28,Transit,area,2
2024-08-28,area,Cityscape,4
2024-08-28,area,Cultural,2
2024-08-28,area,Entertainment,3
2024-08-28,area,Natural,2
2024-08-28,area,Outdoor,1
2024-08-28,area,Religious,1
2024-08-28,area,Shopping,1
2024-08-28,area,Transit,3
2024-08-28,area,area,3
2024-08-29,Cityscape,Cityscape,7
2024-08-29,Cityscape,Cultural,2
2024-08-29,Cityscape,Entertainment,1
2024-08-29,Cityscape,Natural,1
2024-08-29,Cityscape,Outdoor,1
2024-08-29,Cityscape,Religious,2
2024-08-29,Cityscape,Shopping,1
2024-08-29,Cityscape,Transit,3
2024-08-29,Cityscape,area,2
2024-08-29,Cultural,Cityscape,3
2024-08-29,Cultural,Entertainment,1
2024-08-29,Cultural,Natural,1
2024-08-29,Cultural,Transit,1
2024-08-29,Dining,Dining,1
2024-08-29,Dining,Entertainment,2
2024-08-29,Dining,area,1
2024-08-29,Entertainment,Cityscape,2
2024-08-29,Entertainment,Cultural,1
2024-08-29,Entertainment,Entertainment,8
2024-08-29,Entertainment,Hotel,1
2024-08-29,Entertainment,Natural,1
2024-08-29,Entertainment,Religious,1
2024-08-29,Entertainment,area,4
2024-08-29,Hotel,Entertainment,2
2024-08-29,Hotel,Religious,1
2024-08-29,Natural,Entertainment,2
2024-08-29,Natural,Outdoor,1
2024-08-29,Outdoor,Outdoor,1
2024-08-29,Outdoor,Religious,1
2024-08-29,Religious,Cultural,1
2024-08-29,Religious,Entertainment,1
2024-08-29,Religious,Natural,1
2024-08-29,Religious,Religious,6
2024-08-29,Religious,Transit,2
2024-08-29,Religious,area,2
2024-08-29,Shopping,Cityscape,1
2024-08-29,Shopping,Shopping,1
2024-08-29,Shopping,area,1
2024-08-29,Transit,Cityscape,2
2024-08-29,Transit,Entertainment,2
2024-08-29,Transit,Hotel,1
2024-08-29,Transit,Religious,2
2024-08-29,Transit,area,3
2024-08-29,area,Cityscape,2
2024-08-29,area,Cultural,1
2024-08-29,area,Entertainment,2
2024-08-29,area,Natural,1
2024-08-29,area,Religious,2
2024-08-29,area,area,3
2024-08-30,Cityscape,Cityscape,5
2024-08-30,Cityscape,Cultural,2
2024-08-30,Cityscape,Entertainment,4
2024-08-30,Cityscape,Hotel,1
2024-08-30,Cityscape,Shopping,1
2024-08-30,Cityscape,area,2
2024-08-30,Cultural,Cityscape,1
2024-08-30,Cultural,Cultural,2
2024-08-30,Cultural,Entertainment,1
2024-08-30,Cultural,Transit,2
2024-08-30,Dining,Dining,7
2024-08-30,Dining,Entertainment,1
2024-08-30,Entertainment,Cityscape,8
2024-08-30,Entertainment,Cultural,1
2024-08-30,Entertainment,Entertainment,7
2024-08-30,Entertainment,Outdoor,1
2024-08-30,Entertainment,Religious,2
2024-08-30,Entertainment,Shopping,1
2024-08-30,Entertainment,area,1
2024-08-30,Hotel,Entertainment,1
2024-08-30,Hotel,Natural,1
2024-08-30,Natural,Cityscape,1
2024-08-30,Natural,Religious,5
2024-08-30,Natural,area,2
2024-08-30,Outdoor,Cityscape,1
2024-08-30,Outdoor,Natural,2
2024-08-30,Outdoor,area,1
2024-08-30,Religious,Cityscape,1
2024-08-30,Religious,Natural,3
2024-08-30,Religious,Outdoor,1
2024-08-30,Religious,Religious,2
2024-08-30,Religious,Transit,1
2024-08-30,Religious,area,2
2024-08-30,Shopping,Entertainment,1
2024-08-30,Shopping,Natural,1
2024-08-30,Transit,Cityscape,1
2024-08-30,Transit,Dining,1
2024-08-30,Transit,Entertainment,3
2024-08-30,Transit,Transit,1
2024-08-30,Transit,area,1
2024-08-30,area,Cultural,1
2024-08-30,area,Dining,1
2024-08-30,area,Entertainment,1
2024-08-30,area,Natural,1
2024-08-30,area,Religious,1
2024-08-31,Cityscape,Cityscape,6
2024-08-31,Cityscape,Cultural,3
2024-08-31,Cityscape,Entertainment,3
2024-08-31,Cityscape,Hotel,2
2024-08-31,Cityscape,Natural,1
2024-08-31,Cultural,Cityscape,3
2024-08-31,Cultural,Cultural,2
2024-08-31,Cultural,Entertainment,3
2024-08-31,Cultural,Religious,1
2024-08-31,Dining,Cityscape,2
2024-08-31,Dining,Cultural,1
2024-08-31,Dining,Dining,4
2024-08-31,Dining,Entertainment,3
2024-08-31,Dining,area,1
2024-08-31,Entertainment,Cityscape,6
2024-08-31,Entertainment,Cultural,2
2024-08-31,Entertainment,Dining,3
2024-08-31,Entertainment,Entertainment,15
2024-08-31,Entertainment,Hotel,4
2024-08-31,Entertainment,Natural,1
2024-08-31,Entertainment,Outdoor,1
2024-08-31,Entertainment,Shopping,1
2024-08-31,Entertainment,area,2
2024-08-31,Hotel,Cityscape,1
2024-08-31,Hotel,Dining,1
2024-08-31,Hotel,Entertainment,7
2024-08-31,Hotel,Transit,1
2024-08-31,Natural,Dining,1
2024-08-31,Natural,Hotel,1
2024-08-31,Natural,Religious,1
2024-08-31,Natural,area,1
2024-08-31,Outdoor,Entertainment,2
2024-08-31,Religious,Entertainment,1
2024-08-31,Religious,Natural,1
2024-08-31,Shopping,Cityscape,1
2024-08-31,Shopping,Entertainment,1
2024-08-31,Shopping,Outdoor,1
2024-08-31,Transit,Cityscape,2
2024-08-31,Transit,Entertainment,3
2024-08-31,Transit,area,1
2024-08-31,area,Cityscape,1
2024-08-31,area,Dining,2
2024-08-31,area,Natural,1
2024-08-31,area,area,2
2024-09-01,Cityscape,Cityscape,2
2024-09-01,Cityscape,Cultural,1
2024-09-01,Cityscape,Entertainment,9
2024-09-01,Cityscape,Hotel,1
2024-09-01,Cityscape,Religious,1
2024-09-01,Cityscape,Shopping,1
2024-09-01,Cityscape,area,1
2024-09-01,Cultural,Cityscape,3
2024-09-01,Cultural,Entertainment,1
2024-09-01,Cultural,Natural,1
2024-09-01,Cultural,area,2
2024-09-01,Dining,Entertainment,1
2024-09-01,Dining,area,1
2024-09-01,Entertainment,Cityscape,3
2024-09-01,Entertainment,Cultural,2
2024-09-01,Entertainment,Dining,3
2024-09-01,Entertainment,Entertainment,5
2024-09-01,Entertainment,Hotel,1
2024-09-01,Entertainment,Natural,2
2024-09-01,Entertainment,Transit,2
2024-09-01,Entertainment,area,3
2024-09-01,Hotel,Cityscape,1
2024-09-01,Hotel,Transit,1
2024-09-01,Natural,Cityscape,3
2024-09-01,Natural,Cultural,1
2024-09-01,Natural,Entertainment,1
2024-09-01,Natural,Natural,1
2024-09-01,Natural,Outdoor,1
2024-09-01,Natural,Religious,1
2024-09-01,Natural,Transit,1
2024-09-01,Religious,Cityscape,2
2024-09-01,Religious,Natural,1
2024-09-01,Religious,Religious,1
2024-09-01,Religious,Transit,1
2024-09-01,Religious,area,2
2024-09-01,Shopping,Cityscape,1
2024-09-01,Shopping,Religious,1
2024-09-01,Shopping,Shopping,4
2024-09-01,Shopping,Transit,1
2024-09-01,Shopping,area,2
2024-09-01,Transit,Cityscape,2
2024-09-01,Transit,Cultural,1
2024-09-01,Transit,Entertainment,3
2024-09-01,Transit,Shopping,1
2024-09-01,area,Cityscape,3
2024-09-01,area,Cultural,2
2024-09-01,area,Entertainment,3
2024-09-01,area,Hotel,1
2024-09-01,area,Natural,2
2024-09-01,area,Shopping,1
2024-09-01,area,area,2
2024-09-02,Cityscape,Cityscape,6
2024-09-02,Cityscape,Dining,1
2024-09-02,Cityscape,Entertainment,5
2024-09-02,Cityscape,Religious,1
2024-09-02,Cityscape,Shopping,1
2024-09-02,Cityscape,Transit,1
2024-09-02,Cultural,Cultural,1
2024-09-02,Cultural,area,2
2024-09-02,Dining,Dining,3
2024-09-02,Dining,area,1
2024-09-02,Entertainment,Cityscape,4
2024-09-02,Entertainment,Entertainment,5
2024-09-02,Entertainment,Hotel,1
2024-09-02,Entertainment,Natural,3
2024-09-02,Entertainment,Outdoor,1
2024-09-02,Entertainment,Shopping,2
2024-09-02,Entertainment,Transit,5
2024-09-02,Hotel,Entertainment,1
2024-09-02,Natural,Cityscape,1
2024-09-02,Natural,Cultural,1
2024-09-02,Natural,Entertainment,2
2024-09-02,Natural,Outdoor,1
2024-09-02,Natural,Religious,2
2024-09-02,Natural,Transit,1
2024-09-02,Natural,area,3
2024-09-02,Outdoor,Cityscape,2
2024-09-02,Outdoor,Dining,1
2024-09-02,Outdoor,Entertainment,1
2024-09-02,Outdoor,Natural,1
2024-09-02,Religious,Entertainment,2
2024-09-02,Religious,Natural,2
2024-09-02,Religious,Outdoor,1
2024-09-02,Religious,Religious,7
2024-09-02,Religious,area,3
2024-09-02,Shopping,Cityscape,1
2024-09-02,Shopping,Hotel,1
2024-09-02,Shopping,Transit,1
2024-09-02,Shopping,area,1
2024-09-02,Transit,Cityscape,1
2024-09-02,Transit,Entertainment,3
2024-09-02,Transit,Hotel,2
2024-09-02,Transit,Natural,2
2024-09-02,Transit,Religious,2
2024-09-02,Transit,Transit,2
2024-09-02,area,Cultural,1
2024-09-02,area,Dining,1
2024-09-02,area,Entertainment,1
2024-09-02,area,Natural,3
2024-09-02,area,Transit,1
2024-09-02,area,area,1
2024-09-03,Cityscape,Cityscape,1
2024-09-03,Cityscape,Entertainment,1
2024-09-03,Cityscape,Natural,1
2024-09-03,Cityscape,Shopping,1
2024-09-03,Cityscape,Transit,2
2024-09-03,Cultural,Cityscape,1
2024-09-03,Cultural,Entertainment,1
2024-09-03,Cultural,Natural,1
2024-09-03,Cultural,Shopping,1
2024-09-03,Cultural,area,2
2024-09-03,Dining,Entertainment,3
2024-09-03,Dining,Hotel,1
2024-09-03,Dining,Transit,1
2024-09-03,Entertainment,Cityscape,1
2024-09-03,Entertainment,Cultural,2
2024-09-03,Entertainment,Dining,3
2024-09-03,Entertainment,Entertainment,1
2024-09-03,Entertainment,Natural,3
2024-09-03,Entertainment,Outdoor,1
2024-09-03,Entertainment,Shopping,1
2024-09-03,Entertainment,area,1
2024-09-03,Hotel,Entertainment,1
2024-09-03,Natural,Cityscape,1
2024-09-03,Natural,Cultural,1
2024-09-03,Natural,Religious,1
2024-09-03,Natural,area,2
2024-09-03,Outdoor,Entertainment,1
2024-09-03,Religious,Natural,1
2024-09-03,Religious,Outdoor,1
2024-09-03,Religious,Religious,1
2024-09-03,Shopping,Entertainment,1
2024-09-03,Shopping,Hotel,1
2024-09-03,Shopping,area,1
2024-09-03,Transit,Dining,1
2024-09-03,Transit,area,2
2024-09-03,area,Cityscape,1
2024-09-03,area,Dining,1
2024-09-03,area,Entertainment,1
2024-09-03,area,Natural,1
2024-09-03,area,Religious,1
2024-09-03,area,Transit,1
2024-09-03,area,area,2
2024-09-04,Cityscape,Cityscape,4
2024-09-04,Cityscape,Dining,1
2024-09-04,Cityscape,Entertainment,3
2024-09-04,Cityscape,Natural,2
2024-09-04,Cityscape,Transit,1
2024-09-04,Cultural,Cityscape,1
2024-09-04,Cultural,Entertainment,1
2024-09-04,Cultural,Religious,1
2024-09-04,Dining,Dining,4
2024-09-04,Dining,Natural,1
2024-09-04,Entertainment,Cityscape,3
2024-09-04,Entertainment,Cultural,1
2024-09-04,Entertainment,Dining,2
2024-09-04,Entertainment,Entertainment,8
2024-09-04,Entertainment,Religious,1
2024-09-04,Entertainment,Transit,1
2024-09-04,Entertainment,area,1
2024-09-04,Natural,Cultural,1
2024-09-04,Natural,Entertainment,1
2024-09-04,Natural,Outdoor,1
2024-09-04,Natural,area,2
2024-09-04,Outdoor,Cityscape,1
2024-09-04,Outdoor,Cultural,1
2024-09-04,Outdoor,Natural,1
2024-09-04,Religious,Natural,2
2024-09-04,Religious,Outdoor,1
2024-09-04,Religious,Religious,5
2024-09-04,Religious,Transit,1
2024-09-04,Religious,area,1
2024-09-04,Shopping,Dining,1
2024-09-04,Shopping,Entertainment,1
2024-09-04,Shopping,Transit,1
2024-09-04,Transit,Cityscape,1
2024-09-04,Transit,Entertainment,2
2024-09-04,Transit,area,1
2024-09-04,area,Cityscape,1
2024-09-04,area,Entertainment,1
2024-09-05,Cityscape,Cityscape,1
2024-09-05,Cityscape,Cultural,1
2024-09-05,Cityscape,Entertainment,2
2024-09-05,Cityscape,Natural,2
2024-09-05,Cityscape,Religious,1
2024-09-05,Cityscape,area,1
2024-09-05,Cultural,Entertainment,2
2024-09-05,Cultural,Natural,1
2024-09-05,Cultural,Shopping,1
2024-09-05,Cultural,Transit,1
2024-09-05,Cultural,area,1
2024-09-05,Entertainment,Cityscape,2
2024-09-05,Entertainment,Cultural,1
2024-09-05,Entertainment,Entertainment,10
2024-09-05,Entertainment,Hotel,1
2024-09-05,Entertainment,Natural,3
2024-09-05,Entertainment,Religious,1
2024-09-05,Entertainment,Transit,1
2024-09-05,Entertainment,area,1
2024-09-05,Hotel,Cityscape,1
2024-09-05,Hotel,Entertainment,1
2024-09-05,Hotel,Hotel,1
2024-09-05,Natural,Cityscape,1
2024-09-05,Natural,Entertainment,3
2024-09-05,Natural,Natural,2
2024-09-05,Natural,Shopping,2
2024-09-05,Natural,Transit,1
2024-09-05,Natural,area,1
2024-09-05,Outdoor,Cultural,1
2024-09-05,Religious,Cityscape,1
2024-09-05,Religious,Cultural,1
2024-09-05,Shopping,Cityscape,1
2024-09-05,Shopping,Entertainment,1
2024-09-05,Shopping,Transit,1
2024-09-05,Transit,Entertainment,1
2024-09-05,Transit,Natural,2
2024-09-05,Transit,area,5
2024-09-05,area,Cultural,1
2024-09-05,area,Entertainment,2
2024-09-05,area,Hotel,1
2024-09-05,area,Outdoor,1
2024-09-05,area,Religious,1
2024-09-05,area,Transit,1
2024-09-05,area,area,9
2024-09-06,Cityscape,Cityscape,2
2024-09-06,Cityscape,Cultural,1
2024-09-06,Cityscape,Dining,1
2024-09-06,Cityscape,Entertainment,1
2024-09-06,Cityscape,Hotel,1
2024-09-06,Cityscape,Transit,1
2024-09-06,Cityscape,area,3
2024-09-06,Cultural,Cityscape,1
2024-09-06,Cultural,Natural,1
2024-09-06,Cultural,area,1
2024-09-06,Dining,Religious,1
2024-09-06,Dining,area,1
2024-09-06,Entertainment,Cityscape,2
2024-09-06,Entertainment,Entertainment,7
2024-09-06,Entertainment,Hotel,1
2024-09-06,Entertainment,Transit,1
2024-09-06,Hotel,Shopping,1
2024-09-06,Natural,area,2
2024-09-06,Outdoor,Cityscape,1
2024-09-06,Outdoor,area,1
2024-09-06,Religious,Cultural,1
2024-09-06,Religious,Dining,1
2024-09-06,Religious,Natural,1
2024-09-06,Religious,Outdoor,1
2024-09-06,Shopping,Cityscape,1
2024-09-06,Shopping,Shopping,2
2024-09-06,Transit,Entertainment,2
2024-09-06,area,Cityscape,3
2024-09-06,area,Cultural,1
2024-09-06,area,Natural,2
2024-09-06,area,Religious,2
2024-09-06,area,Shopping,1
2024-09-06,area,Transit,1
2024-09-06,area,area,2
2024-09-07,Cityscape,Cityscape,5
2024-09-07,Cityscape,Dining,2
2024-09-07,Cityscape,Entertainment,3
2024-09-07,Cityscape,Hotel,1
2024-09-07,Cityscape,Natural,2
2024-09-07,Cityscape,area,2
2024-09-07,Cultural,Cityscape,1
2024-09-07,Dining,Transit,1
2024-09-07,Dining,area,1
2024-09-07,Entertainment,Cityscape,4
2024-09-07,Entertainment,Entertainment,2
2024-09-07,Entertainment,Hotel,3
2024-09-07,Entertainment,Natural,2
2024-09-07,Entertainment,Shopping,2
2024-09-07,Entertainment,Transit,3
2024-09-07,Entertainment,area,1
2024-09-07,Hotel,Entertainment,2
2024-09-07,Hotel,area,1
2024-09-07,Natural,Cityscape,2
2024-09-07,Natural,Entertainment,1
2024-09-07,Natural,Natural,1
2024-09-07,Natural,Religious,1
2024-09-07,Natural,area,1
2024-09-07,Outdoor,Natural,1
2024-09-07,Outdoor,Outdoor,4
2024-09-07,Religious,Entertainment,1
2024-09-07,Religious,Transit,1
2024-09-07,Religious,area,1
2024-09-07,Shopping,Cityscape,1
2024-09-07,Shopping,Cultural,1
2024-09-07,Shopping,Dining,1
2024-09-07,Shopping,Entertainment,2
2024-09-07,Shopping,Transit,1
2024-09-07,Transit,Cityscape,3
2024-09-07,Transit,Entertainment,2
2024-09-07,Transit,Religious,1
2024-09-07,Transit,Shopping,3
2024-09-07,Transit,area,1
2024-09-07,area,Cityscape,2
2024-09-07,area,Natural,1
2024-09-07,area,Shopping,2
2024-09-07,area,area,4
2024-09-08,Cityscape,Cityscape,3
2024-09-08,Cityscape,Cultural,1
2024-09-08,Cityscape,Dining,1
2024-09-08,Cityscape,Entertainment,6
2024-09-08,Cityscape,Outdoor,1
2024-09-08,Cityscape,Transit,4
2024-09-08,Cityscape,area,1
2024-09-08,Cultural,Cultural,2
2024-09-08,Cultural,Dining,1
2024-09-08,Cultural,Entertainment,1
2024-09-08,Cultural,Transit,1
2024-09-08,Cultural,area,1
2024-09-08,Dining,Cityscape,2
2024-09-08,Dining,Dining,1
2024-09-08,Dining,Entertainment,1
2024-09-08,Dining,Religious,2
2024-09-08,Dining,area,1
2024-09-08,Entertainment,Cityscape,6
2024-09-08,Entertainment,Cultural,1
2024-09-08,Entertainment,Entertainment,12
2024-09-08,Entertainment,Hotel,1
2024-09-08,Entertainment,Natural,1
2024-09-08,Entertainment,Religious,1
2024-09-08,Entertainment,Shopping,1
2024-09-08,Entertainment,Transit,1
2024-09-08,Entertainment,area,1
2024-09-08,Hotel,Entertainment,2
2024-09-08,Natural,Outdoor,1
2024-09-08,Natural,Religious,2
2024-09-08,Natural,Shopping,1
2024-09-08,Outdoor,area,1
2024-09-08,Religious,Cityscape,1
2024-09-08,Religious,Dining,1
2024-09-08,Religious,Entertainment,1
2024-09-08,Religious,Natural,2
2024-09-08,Religious,Religious,3
2024-09-08,Religious,area,1
2024-09-08,Shopping,Cityscape,1
2024-09-08,Shopping,Entertainment,1
2024-09-08,Shopping,Shopping,1
2024-09-08,Transit,Cityscape,5
2024-09-08,Transit,Dining,1
2024-09-08,Transit,Entertainment,3
2024-09-08,Transit,Shopping,2
2024-09-08,area,Cityscape,1
2024-09-08,area,Cultural,1
2024-09-08,area,Dining,1
2024-09-08,area,Entertainment,2
2024-09-08,area,Natural,1
2024-09-08,area,Transit,2
2024-09-08,area,area,3
2024-09-09,Cityscape,Cityscape,5
2024-09-09,Cityscape,Cultural,3
2024-09-09,Cityscape,Entertainment,2
2024-09-09,Cityscape,Hotel,1
2024-09-09,Cityscape,Natural,2
2024-09-09,Cityscape,Shopping,1
2024-09-09,Cityscape,Transit,2
2024-09-09,Cityscape,area,2
2024-09-09,Cultural,Cityscape,2
2024-09-09,Cultural,Cultural,8
2024-09-09,Cultural,Dining,1
2024-09-09,Cultural,Entertainment,2
2024-09-09,Cultural,Shopping,1
2024-09-09,Cultural,area,3
2024-09-09,Dining,Cityscape,1
2024-09-09,Dining,Cultural,1
2024-09-09,Dining,Dining,1
2024-09-09,Dining,Hotel,1
2024-09-09,Dining,Shopping,1
2024-09-09,Dining,area,1
2024-09-09,Entertainment,Cityscape,6
2024-09-09,Entertainment,Entertainment,4
2024-09-09,Entertainment,Religious,2
2024-09-09,Entertainment,Shopping,1
2024-09-09,Entertainment,area,2
2024-09-09,Hotel,Cityscape,1
2024-09-09,Hotel,Entertainment,1
2024-09-09,Natural,Entertainment,1
2024-09-09,Natural,Transit,1
2024-09-09,Religious,Religious,1
2024-09-09,Shopping,Cityscape,1
2024-09-09,Shopping,Cultural,2
2024-09-09,Shopping,Dining,1
2024-09-09,Shopping,Entertainment,1
2024-09-09,Transit,Cityscape,2
2024-09-09,Transit,Cultural,1
2024-09-09,Transit,Dining,2
2024-09-09,Transit,Transit,1
2024-09-09,Transit,area,2
2024-09-09,area,Cityscape,2
2024-09-09,area,Cultural,2
2024-09-09,area,Entertainment,1
2024-09-09,area,Shopping,1
2024-09-09,area,Transit,1
2024-09-09,area,area,1
2024-09-10,Cityscape,Cityscape,2
2024-09-10,Cityscape,Cultural,3
2024-09-10,Cityscape,Dining,1
2024-09-10,Cityscape,Entertainment,1
2024-09-10,Cityscape,Religious,1
2024-09-10,Cityscape,Transit,1
2024-09-10,Cityscape,area,3
2024-09-10,Cultural,Cityscape,1
2024-09-10,Cultural,Cultural,2
2024-09-10,Cultural,Entertainment,1
2024-09-10,Cultural,Natural,1
2024-09-10,Dining,Cityscape,1
2024-09-10,Dining,Dining,1
2024-09-10,Dining,Transit,2
2024-09-10,Entertainment,Cityscape,5
2024-09-10,Entertainment,Entertainment,7
2024-09-10,Entertainment,area,1
2024-09-10,Hotel,Entertainment,2
2024-09-10,Hotel,Hotel,1
2024-09-10,Natural,Religious,1
2024-09-10,Natural,area,1
2024-09-10,Religious,Cultural,1
2024-09-10,Religious,Natural,1
2024-09-10,Religious,area,1
2024-09-10,Shopping,Entertainment,1
2024-09-10,Transit,Cityscape,1
2024-09-10,Transit,Dining,1
2024-09-10,Transit,Entertainment,4
2024-09-10,Transit,Natural,1
2024-09-10,area,Cityscape,2
2024-09-10,area,Dining,1
2024-09-10,area,Entertainment,1
2024-09-10,area,Natural,1
2024-09-10,area,Outdoor,1
2024-09-10,area,area,1
2024-09-11,Cityscape,Cityscape,2
2024-09-11,Cityscape,Cultural,2
2024-09-11,Cityscape,Entertainment,3
2024-09-11,Cityscape,Natural,1
2024-09-11,Cityscape,Religious,1
2024-09-11,Cityscape,Shopping,1
2024-09-11,Cityscape,Transit,1
2024-09-11,Cityscape,area,1
2024-09-11,Cultural,Cityscape,3
2024-09-11,Cultural,Cultural,1
2024-09-11,Cultural,Dining,1
2024-09-11,Cultural,Entertainment,1
2024-09-11,Cultural,Shopping,1
2024-09-11,Dining,Dining,1
2024-09-11,Dining,Entertainment,1
2024-09-11,Dining,Outdoor,1
2024-09-11,Dining,Shopping,1
2024-09-11,Dining,Transit,1
2024-09-11,Entertainment,Cityscape,3
2024-09-11,Entertainment,Cultural,2
2024-09-11,Entertainment,Dining,1
2024-09-11,Entertainment,Entertainment,15
2024-09-11,Entertainment,Hotel,3
2024-09-11,Entertainment,Natural,1
2024-09-11,Entertainment,Transit,5
2024-09-11,Entertainment,area,2
2024-09-11,Hotel,Entertainment,2
2024-09-11,Natural,Cultural,1
2024-09-11,Natural,Outdoor,1
2024-09-11,Natural,Religious,1
2024-09-11,Outdoor,Religious,1
2024-09-11,Religious,Dining,1
2024-09-11,Religious,Entertainment,2
2024-09-11,Religious,Religious,1
2024-09-11,Shopping,Cultural,1
2024-09-11,Shopping,Dining,1
2024-09-11,Shopping,Religious,1
2024-09-11,Shopping,Transit,1
2024-09-11,Shopping,area,2
2024-09-11,Transit,Cultural,1
2024-09-11,Transit,Entertainment,5
2024-09-11,Transit,Natural,1
2024-09-11,Transit,Shopping,1
2024-09-11,Transit,Transit,2
2024-09-11,Transit,area,2
2024-09-11,area,Cityscape,3
2024-09-11,area,Entertainment,3
2024-09-11,area,Transit,3
2024-09-11,area,area,1
2024-09-12,Cityscape,Cityscape,3
2024-09-12,Cityscape,Cultural,5
2024-09-12,Cityscape,Dining,1
2024-09-12,Cityscape,Entertainment,3
2024-09-12,Cityscape,Natural,1
2024-09-12,Cityscape,Outdoor,1
2024-09-12,Cultural,Cityscape,2
2024-09-12,Cultural,Dining,1
2024-09-12,Cultural,Natural,1
2024-09-12,Cultural,area,1
2024-09-12,Dining,Cityscape,1
2024-09-12,Dining,Entertainment,1
2024-09-12,Dining,Shopping,2
2024-09-12,Dining,area,1
2024-09-12,Entertainment,Cityscape,4
2024-09-12,Entertainment,Cultural,1
2024-09-12,Entertainment,Entertainment,8
2024-09-12,Entertainment,Hotel,6
2024-09-12,Entertainment,Shopping,1
2024-09-12,Entertainment,Transit,3
2024-09-12,Entertainment,area,3
2024-09-12,Hotel,Cityscape,1
2024-09-12,Hotel,Entertainment,4
2024-09-12,Natural,Cityscape,1
2024-09-12,Natural,Entertainment,3
2024-09-12,Natural,Natural,1
2024-09-12,Natural,Religious,1
2024-09-12,Outdoor,Cityscape,1
2024-09-12,Religious,Dining,1
2024-09-12,Religious,Natural,3
2024-09-12,Religious,Religious,1
2024-09-12,Shopping,Cultural,1
2024-09-12,Shopping,Dining,1
2024-09-12,Shopping,Entertainment,2
2024-09-12,Transit,Entertainment,1
2024-09-12,Transit,Religious,1
2024-09-12,Transit,Shopping,1
2024-09-12,Transit,area,2
2024-09-12,area,Cityscape,2
2024-09-12,area,Dining,2
2024-09-12,area,Entertainment,3
2024-09-12,area,Religious,1
2024-09-12,area,Transit,1
2024-09-13,Cityscape,Cityscape,1
2024-09-13,Cityscape,Dining,2
2024-09-13,Cityscape,Entertainment,5
2024-09-13,Cityscape,Natural,1
2024-09-13,Cityscape,Transit,2
2024-09-13,Cityscape,area,3
2024-09-13,Cultural,Cityscape,1
2024-09-13,Cultural,Entertainment,1
2024-09-13,Cultural,Hotel,1
2024-09-13,Cultural,Religious,1
2024-09-13,Dining,Cityscape,1
2024-09-13,Dining,Hotel,1
2024-09-13,Dining,area,1
2024-09-13,Entertainment,Cityscape,2
2024-09-13,Entertainment,Cultural,2
2024-09-13,Entertainment,Dining,1
2024-09-13,Entertainment,Entertainment,15
2024-09-13,Entertainment,Transit,3
2024-09-13,Entertainment,area,1
2024-09-13,Hotel,Dining,1
2024-09-13,Natural,Entertainment,1
2024-09-13,Natural,Natural,2
2024-09-13,Natural,Shopping,1
2024-09-13,Religious,Natural,1
2024-09-13,Transit,Cityscape,4
2024-09-13,Transit,Entertainment,5
2024-09-13,area,Cityscape,2
2024-09-13,area,Dining,2
2024-09-13,area,Entertainment,1
2024-09-13,area,area,2
2024-09-14,Cityscape,Cultural,2
2024-09-14,Cityscape,Entertainment,1
2024-09-14,Cityscape,Natural,3
2024-09-14,Cityscape,Outdoor,1
2024-09-14,Cityscape,Shopping,1
2024-09-14,Cityscape,Transit,2
2024-09-14,Cityscape,area,1
2024-09-14,Cultural,Cityscape,2
2024-09-14,Cultural,Entertainment,2
2024-09-14,Cultural,Transit,2
2024-09-14,Cultural,area,1
2024-09-14,Dining,Dining,3
2024-09-14,Dining,Entertainment,1
2024-09-14,Entertainment,Cityscape,2
2024-09-14,Entertainment,Cultural,3
2024-09-14,Entertainment,Dining,2
2024-09-14,Entertainment,Entertainment,11
2024-09-14,Entertainment,Hotel,6
2024-09-14,Entertainment,Natural,1
2024-09-14,Entertainment,Transit,1
2024-09-14,Entertainment,area,1
2024-09-14,Hotel,Entertainment,6
2024-09-14,Natural,Cityscape,1
2024-09-14,Natural,Natural,1
2024-09-14,Natural,Religious,1
2024-09-14,Natural,area,1
2024-09-14,Outdoor,Cultural,1
2024-09-14,Religious,Religious,2
2024-09-14,Shopping,Entertainment,1
2024-09-14,Shopping,Shopping,1
2024-09-14,Transit,Cityscape,5
2024-09-14,Transit,Cultural,2
2024-09-14,Transit,Entertainment,5
2024-09-14,area,Entertainment,2
2024-09-14,area,area,2
2024-09-15,Cityscape,Cityscape,1
2024-09-15,Cityscape,Entertainment,5
2024-09-15,Cityscape,Natural,1
2024-09-15,Cityscape,area,2
2024-09-15,Dining,area,1
2024-09-15,Entertainment,Cityscape,2
2024-09-15,Entertainment,Cultural,1
2024-09-15,Entertainment,Entertainment,7
2024-09-15,Entertainment,Transit,2
2024-09-15,Entertainment,area,1
2024-09-15,Hotel,Entertainment,1
2024-09-15,Natural,Religious,3
2024-09-15,Natural,Transit,1
2024-09-15,Natural,area,1
2024-09-15,Outdoor,area,1
2024-09-15,Religious,Cityscape,2
2024-09-15,Religious,Natural,4
2024-09-15,Religious,Religious,1
2024-09-15,Religious,Shopping,1
2024-09-15,Shopping,Religious,1
2024-09-15,Shopping,Transit,1
2024-09-15,Sport,Cityscape,1
2024-09-15,Transit,Cityscape,1
2024-09-15,Transit,Entertainment,4
2024-09-15,Transit,Religious,1
2024-09-15,Transit,Shopping,1
2024-09-15,Transit,area,3
2024-09-15,area,Cityscape,1
2024-09-15,area,Dining,1
2024-09-15,area,Outdoor,1
2024-09-15,area,Religious,1
2024-09-15,area,Transit,6
2024-09-15,area,area,8
2024-09-16,Cityscape,Cityscape,2
2024-09-16,Cityscape,Cultural,1
2024-09-16,Cityscape,Entertainment,2
2024-09-16,Cityscape,Natural,1
2024-09-16,Cityscape,area,2
2024-09-16,Cultural,Natural,1
2024-09-16,Cultural,area,1
2024-09-16,Dining,Dining,1
2024-09-16,Dining,area,1
2024-09-16,Entertainment,Cityscape,4
2024-09-16,Entertainment,Entertainment,4
2024-09-16,Entertainment,Hotel,3
2024-09-16,Hotel,Cultural,1
2024-09-16,Hotel,Entertainment,3
2024-09-16,Natural,Outdoor,1
2024-09-16,Outdoor,Outdoor,2
2024-09-16,Outdoor,area,1
2024-09-16,Transit,Cityscape,1
2024-09-16,Transit,Entertainment,1
2024-09-16,Transit,Transit,1
2024-09-16,Transit,area,2
2024-09-16,area,Cityscape,2
2024-09-16,area,Cultural,2
2024-09-16,area,Natural,1
2024-09-17,Cityscape,Cityscape,7
2024-09-17,Cityscape,Cultural,2
2024-09-17,Cityscape,Entertainment,5
2024-09-17,Cityscape,Natural,1
2024-09-17,Cityscape,Religious,1
2024-09-17,Cityscape,area,3
2024-09-17,Cultural,Cultural,2
2024-09-17,Cultural,Entertainment,2
2024-09-17,Cultural,Hotel,1
2024-09-17,Cultural,Natural,1
2024-09-17,Cultural,area,1
2024-09-17,Dining,Cityscape,1
2024-09-17,Dining,Entertainment,1
2024-09-17,Dining,area,1
2024-09-17,Entertainment,Cityscape,4
2024-09-17,Entertainment,Cultural,2
2024-09-17,Entertainment,Entertainment,8
2024-09-17,Entertainment,Hotel,7
2024-09-17,Entertainment,Natural,3
2024-09-17,Entertainment,Religious,2
2024-09-17,Entertainment,Transit,3
2024-09-17,Entertainment,area,1
2024-09-17,Hotel,Cityscape,1
2024-09-17,Hotel,Dining,1
2024-09-17,Hotel,Entertainment,8
2024-09-17,Hotel,Hotel,1
2024-09-17,Natural,Cityscape,1
2024-09-17,Natural,Cultural,1
2024-09-17,Natural,Entertainment,2
2024-09-17,Natural,Natural,2
2024-09-17,Natural,area,2
2024-09-17,Religious,Entertainment,2
2024-09-17,Religious,Transit,1
2024-09-17,Religious,area,1
2024-09-17,Shopping,Dining,1
2024-09-17,Transit,Cityscape,1
2024-09-17,Transit,Entertainment,3
2024-09-17,Transit,Hotel,2
2024-09-17,Transit,Natural,1
2024-09-17,Transit,area,4
2024-09-17,area,Cityscape,1
2024-09-17,area,Cultural,1
2024-09-17,area,Dining,2
2024-09-17,area,Entertainment,3
2024-09-17,area,Shopping,1
2024-09-17,area,Transit,3
2024-09-17,area,area,9
2024-09-18,Cityscape,Cityscape,4
2024-09-18,Cityscape,Cultural,3
2024-09-18,Cityscape,Entertainment,9
2024-09-18,Cityscape,Natural,4
2024-09-18,Cityscape,Religious,1
2024-09-18,Cityscape,Transit,3
2024-09-18,Cityscape,area,5
2024-09-18,Cultural,Cityscape,3
2024-09-18,Cultural,Cultural,1
2024-09-18,Cultural,Dining,1
2024-09-18,Cultural,Entertainment,1
2024-09-18,Cultural,Transit,1
2024-09-18,Dining,Cityscape,2
2024-09-18,Dining,Entertainment,1
2024-09-18,Dining,Hotel,1
2024-09-18,Dining,area,1
2024-09-18,Entertainment,Cityscape,9
2024-09-18,Entertainment,Cultural,5
2024-09-18,Entertainment,Dining,2
2024-09-18,Entertainment,Entertainment,17
2024-09-18,Entertainment,Hotel,3
2024-09-18,Entertainment,Natural,2
2024-09-18,Entertainment,Religious,1
2024-09-18,Entertainment,Shopping,1
2024-09-18,Entertainment,Transit,9
2024-09-18,Entertainment,area,3
2024-09-18,Hotel,Entertainment,4
2024-09-18,Hotel,Hotel,2
2024-09-18,Hotel,Transit,1
2024-09-18,Natural,Entertainment,1
2024-09-18,Natural,Religious,2
2024-09-18,Natural,Transit,1
2024-09-18,Religious,Religious,1
2024-09-18,Religious,Transit,1
2024-09-18,Shopping,Cityscape,2
2024-09-18,Shopping,Transit,1
2024-09-18,Transit,Cityscape,2
2024-09-18,Transit,Cultural,1
2024-09-18,Transit,Entertainment,9
2024-09-18,Transit,Hotel,4
2024-09-18,Transit,Natural,1
2024-09-18,Transit,Shopping,1
2024-09-18,Transit,Transit,5
2024-09-18,Transit,area,2
2024-09-18,area,Cityscape,5
2024-09-18,area,Dining,1
2024-09-18,area,Entertainment,5
2024-09-18,area,Shopping,1
2024-09-18,area,area,1
2024-09-19,Cityscape,Cityscape,14
2024-09-19,Cityscape,Cultural,3
2024-09-19,Cityscape,Entertainment,6
2024-09-19,Cityscape,Hotel,1
2024-09-19,Cityscape,Natural,1
2024-09-19,Cityscape,Religious,1
2024-09-19,Cityscape,Shopping,7
2024-09-19,Cityscape,Transit,6
2024-09-19,Cityscape,area,1
2024-09-19,Cultural,Cityscape,2
2024-09-19,Cultural,Cultural,3
2024-09-19,Cultural,Shopping,1
2024-09-19,Cultural,area,1
2024-09-19,Dining,Dining,2
2024-09-19,Dining,Natural,1
2024-09-19,Dining,area,1
2024-09-19,Entertainment,Cityscape,4
2024-09-19,Entertainment,Cultural,1
2024-09-19,Entertainment,Entertainment,11
2024-09-19,Entertainment,Hotel,1
2024-09-19,Entertainment,Religious,2
2024-09-19,Entertainment,Shopping,2
2024-09-19,Entertainment,area,1
2024-09-19,Natural,Dining,1
2024-09-19,Natural,Entertainment,1
2024-09-19,Natural,Outdoor,2
2024-09-19,Outdoor,Cityscape,2
2024-09-19,Religious,Cityscape,1
2024-09-19,Religious,Dining,1
2024-09-19,Religious,Natural,1
2024-09-19,Religious,Religious,2
2024-09-19,Shopping,Cityscape,4
2024-09-19,Shopping,Cultural,1
2024-09-19,Shopping,Entertainment,1
2024-09-19,Shopping,Hotel,1
2024-09-19,Shopping,Religious,2
2024-09-19,Shopping,area,1
2024-09-19,Transit,Cityscape,2
2024-09-19,Transit,Entertainment,3
2024-09-19,Transit,area,3
2024-09-19,area,Cityscape,6
2024-09-19,area,Cultural,1
2024-09-19,area,Dining,1
2024-09-19,area,Shopping,2
2024-09-20,Cityscape,Cityscape,4
2024-09-20,Cityscape,Cultural,1
2024-09-20,Cityscape,Entertainment,4
2024-09-20,Cityscape,Hotel,3
2024-09-20,Cityscape,Natural,1
2024-09-20,Cityscape,Shopping,1
2024-09-20,Cityscape,Transit,2
2024-09-20,Cityscape,area,2
2024-09-20,Cultural,Cityscape,1
2024-09-20,Cultural,Cultural,1
2024-09-20,Cultural,Natural,2
2024-09-20,Cultural,area,2
2024-09-20,Dining,Dining,1
2024-09-20,Dining,Entertainment,1
2024-09-20,Dining,area,3
2024-09-20,Entertainment,Cityscape,6
2024-09-20,Entertainment,Dining,2
2024-09-20,Entertainment,Entertainment,8
2024-09-20,Entertainment,area,2
2024-09-20,Hotel,Cityscape,1
2024-09-20,Hotel,Entertainment,1
2024-09-20,Hotel,Shopping,1
2024-09-20,Natural,Cultural,1
2024-09-20,Natural,Natural,1
2024-09-20,Natural,Outdoor,1
2024-09-20,Natural,Religious,3
2024-09-20,Natural,area,2
2024-09-20,Outdoor,Natural,1
2024-09-20,Religious,Entertainment,1
2024-09-20,Religious,Natural,3
2024-09-20,Religious,Religious,8
2024-09-20,Shopping,Entertainment,2
2024-09-20,Shopping,area,1
2024-09-20,Transit,Cityscape,2
2024-09-20,Transit,Entertainment,3
2024-09-20,area,Cityscape,2
2024-09-20,area,Cultural,3
2024-09-20,area,Dining,3
2024-09-20,area,Entertainment,1
2024-09-20,area,Natural,1
2024-09-20,area,Religious,1
2024-09-20,area,area,3
2024-09-21,Cityscape,Cityscape,3
2024-09-21,Cityscape,Cultural,1
2024-09-21,Cityscape,Dining,2
2024-09-21,Cityscape,Entertainment,6
2024-09-21,Cityscape,Transit,1
2024-09-21,Cityscape,area,2
2024-09-21,Cultural,Cityscape,1
2024-09-21,Cultural,Cultural,2
2024-09-21,Cultural,area,1
2024-09-21,Dining,Cityscape,1
2024-09-21,Dining,Dining,1
2024-09-21,Dining,Entertainment,1
2024-09-21,Dining,area,1
2024-09-21,Entertainment,Cityscape,7
2024-09-21,Entertainment,Cultural,1
2024-09-21,Entertainment,Dining,2
2024-09-21,Entertainment,Entertainment,17
2024-09-21,Entertainment,Natural,1
2024-09-21,Entertainment,Religious,2
2024-09-21,Hotel,area,1
2024-09-21,Natural,Religious,1
2024-09-21,Natural,area,1
2024-09-21,Outdoor,Cultural,1
2024-09-21,Outdoor,Natural,1
2024-09-21,Religious,Entertainment,1
2024-09-21,Religious,Outdoor,1
2024-09-21,Religious,Religious,2
2024-09-21,Shopping,area,1
2024-09-21,Transit,Cityscape,2
2024-09-21,Transit,Dining,1
2024-09-21,Transit,Entertainment,2
2024-09-21,Transit,Religious,1
2024-09-21,Transit,area,1
2024-09-21,area,Cityscape,1
2024-09-21,area,Cultural,1
2024-09-21,area,Dining,1
2024-09-21,area,Entertainment,1
2024-09-21,area,Hotel,1
2024-09-21,area,Natural,2
2024-09-21,area,Outdoor,1
2024-09-21,area,Shopping,1
2024-09-21,area,Transit,1
2024-09-22,Cityscape,Cityscape,7
2024-09-22,Cityscape,Cultural,1
2024-09-22,Cityscape,Entertainment,2
2024-09-22,Cityscape,Hotel,1
2024-09-22,Cityscape,Natural,1
2024-09-22,Cityscape,Transit,1
2024-09-22,Cityscape,area,3
2024-09-22,Cultural,Cityscape,2
2024-09-22,Cultural,Entertainment,2
2024-09-22,Cultural,Shopping,1
2024-09-22,Dining,Cityscape,1
2024-09-22,Dining,Dining,4
2024-09-22,Dining,Transit,1
2024-09-22,Entertainment,Cityscape,5
2024-09-22,Entertainment,Cultural,1
2024-09-22,Entertainment,Entertainment,8
2024-09-22,Entertainment,Hotel,6
2024-09-22,Entertainment,Natural,2
2024-09-22,Entertainment,Religious,2
2024-09-22,Entertainment,Transit,3
2024-09-22,Hotel,Entertainment,7
2024-09-22,Hotel,Hotel,1
2024-09-22,Natural,Entertainment,3
2024-09-22,Natural,Religious,1
2024-09-22,Outdoor,Cultural,1
2024-09-22,Outdoor,Outdoor,2
2024-09-22,Religious,Cultural,1
2024-09-22,Religious,Entertainment,1
2024-09-22,Religious,Natural,2
2024-09-22,Religious,Outdoor,1
2024-09-22,Religious,Religious,3
2024-09-22,Religious,area,1
2024-09-22,Shopping,Cityscape,2
2024-09-22,Shopping,Entertainment,1
2024-09-22,Shopping,Hotel,1
2024-09-22,Shopping,Shopping,1
2024-09-22,Transit,Cultural,1
2024-09-22,Transit,Entertainment,7
2024-09-22,Transit,Hotel,1
2024-09-22,Transit,Shopping,2
2024-09-22,Transit,area,2
2024-09-22,area,Cityscape,2
2024-09-22,area,Dining,2
2024-09-22,area,Entertainment,1
2024-09-22,area,Religious,1
2024-09-22,area,Shopping,1
2024-09-22,area,area,1
2024-09-23,Cityscape,Cityscape,10
2024-09-23,Cityscape,Dining,1
2024-09-23,Cityscape,Entertainment,10
2024-09-23,Cityscape,Hotel,1
2024-09-23,Cityscape,Natural,1
2024-09-23,Cityscape,Religious,1
2024-09-23,Cityscape,Shopping,1
2024-09-23,Cityscape,Transit,3
2024-09-23,Cityscape,area,5
2024-09-23,Cultural,Cultural,4
2024-09-23,Cultural,Dining,1
2024-09-23,Cultural,Entertainment,1
2024-09-23,Cultural,Natural,1
2024-09-23,Cultural,Shopping,2
2024-09-23,Dining,Cityscape,1
2024-09-23,Dining,Dining,1
2024-09-23,Dining,Entertainment,1
2024-09-23,Dining,area,3
2024-09-23,Entertainment,Cityscape,9
2024-09-23,Entertainment,Cultural,2
2024-09-23,Entertainment,Dining,1
2024-09-23,Entertainment,Entertainment,14
2024-09-23,Entertainment,Natural,2
2024-09-23,Entertainment,Religious,1
2024-09-23,Entertainment,Shopping,2
2024-09-23,Entertainment,area,2
2024-09-23,Hotel,Cityscape,1
2024-09-23,Natural,Cityscape,1
2024-09-23,Natural,Entertainment,2
2024-09-23,Natural,Natural,1
2024-09-23,Natural,Outdoor,4
2024-09-23,Natural,Religious,6
2024-09-23,Natural,Transit,2
2024-09-23,Natural,area,2
2024-09-23,Outdoor,Entertainment,1
2024-09-23,Outdoor,Natural,4
2024-09-23,Outdoor,Religious,1
2024-09-23,Religious,Cityscape,1
2024-09-23,Religious,Entertainment,2
2024-09-23,Religious,Natural,5
2024-09-23,Religious,Outdoor,1
2024-09-23,Religious,area,1
2024-09-23,Shopping,Cityscape,3
2024-09-23,Shopping,Cultural,1
2024-09-23,Shopping,Dining,1
2024-09-23,Shopping,Entertainment,1
2024-09-23,Shopping,Shopping,2
2024-09-23,Shopping,area,2
2024-09-23,Transit,Cityscape,2
2024-09-23,Transit,Entertainment,2
2024-09-23,Transit,Natural,1
2024-09-23,Transit,Transit,1
2024-09-23,area,Cityscape,3
2024-09-23,area,Cultural,1
2024-09-23,area,Dining,3
2024-09-23,area,Entertainment,3
2024-09-23,area,Natural,1
2024-09-23,area,Shopping,1
2024-09-23,area,area,2
2024-09-24,Cityscape,Cityscape,1
2024-09-24,Cityscape,Cultural,3
2024-09-24,Cityscape,Hotel,1
2024-09-24,Cityscape,Natural,1
2024-09-24,Cityscape,Outdoor,1
2024-09-24,Cityscape,Religious,3
2024-09-24,Cityscape,Transit,2
2024-09-24,Cultural,Cityscape,2
2024-09-24,Cultural,Cultural,1
2024-09-24,Cultural,Natural,2
2024-09-24,Cultural,Religious,1
2024-09-24,Cultural,Transit,1
2024-09-24,Cultural,area,1
2024-09-24,Dining,Cultural,1
2024-09-24,Dining,Dining,1
2024-09-24,Dining,Shopping,1
2024-09-24,Dining,area,1
2024-09-24,Entertainment,Cityscape,2
2024-09-24,Entertainment,Dining,1
2024-09-24,Entertainment,Entertainment,5
2024-09-24,Entertainment,Religious,1
2024-09-24,Entertainment,Shopping,1
2024-09-24,Entertainment,Transit,4
2024-09-24,Entertainment,area,1
2024-09-24,Hotel,Shopping,1
2024-09-24,Natural,Cityscape,2
2024-09-24,Natural,Cultural,1
2024-09-24,Natural,Entertainment,2
2024-09-24,Natural,Outdoor,1
2024-09-24,Natural,Religious,6
2024-09-24,Natural,area,2
2024-09-24,Outdoor,Cityscape,1
2024-09-24,Outdoor,Transit,1
2024-09-24,Outdoor,area,2
2024-09-24,Religious,Cityscape,1
2024-09-24,Religious,Cultural,1
2024-09-24,Religious,Dining,1
2024-09-24,Religious,Natural,5
2024-09-24,Religious,Religious,3
2024-09-24,Religious,area,3
2024-09-24,Shopping,Cityscape,2
2024-09-24,Shopping,Hotel,1
2024-09-24,Shopping,area,1
2024-09-24,Transit,Entertainment,5
2024-09-24,Transit,Natural,3
2024-09-24,Transit,Outdoor,1
2024-09-24,Transit,area,2
2024-09-24,area,Cityscape,3
2024-09-24,area,Cultural,3
2024-09-24,area,Dining,1
2024-09-24,area,Entertainment,1
2024-09-24,area,Natural,5
2024-09-24,area,Outdoor,1
2024-09-24,area,Shopping,2
2024-09-24,area,Transit,2
2024-09-25,Cityscape,Cityscape,4
2024-09-25,Cityscape,Cultural,2
2024-09-25,Cityscape,Entertainment,2
2024-09-25,Cityscape,Religious,1
2024-09-25,Cityscape,Transit,1
2024-09-25,Cityscape,area,2
2024-09-25,Cultural,Cityscape,1
2024-09-25,Cultural,Dining,1
2024-09-25,Cultural,Entertainment,1
2024-09-25,Cultural,Natural,1
2024-09-25,Cultural,area,1
2024-09-25,Dining,Shopping,1
2024-09-25,Dining,Transit,1
2024-09-25,Dining,area,3
2024-09-25,Entertainment,Cityscape,4
2024-09-25,Entertainment,Cultural,1
2024-09-25,Entertainment,Entertainment,16
2024-09-25,Entertainment,Religious,1
2024-09-25,Entertainment,area,2
2024-09-25,Hotel,Cityscape,1
2024-09-25,Natural,Cityscape,1
2024-09-25,Natural,Outdoor,1
2024-09-25,Natural,Transit,1
2024-09-25,Natural,area,1
2024-09-25,Outdoor,Entertainment,1
2024-09-25,Outdoor,Natural,1
2024-09-25,Religious,Cityscape,1
2024-09-25,Religious,Entertainment,1
2024-09-25,Religious,Natural,2
2024-09-25,Shopping,Cultural,1
2024-09-25,Shopping,Dining,1
2024-09-25,Shopping,area,1
2024-09-25,Transit,Cityscape,2
2024-09-25,Transit,Entertainment,2
2024-09-25,Transit,Hotel,1
2024-09-25,Transit,Natural,1
2024-09-25,Transit,Outdoor,1
2024-09-25,Transit,Religious,1
2024-09-25,Transit,area,1
2024-09-25,area,Cityscape,1
2024-09-25,area,Cultural,1
2024-09-25,area,Dining,2
2024-09-25,area,Religious,1
2024-09-25,area,Shopping,1
2024-09-25,area,Transit,3
2024-09-25,area,area,1
2024-09-26,Cityscape,Cityscape,5
2024-09-26,Cityscape,Cultural,1
2024-09-26,Cityscape,Entertainment,4
2024-09-26,Cityscape,Religious,1
2024-09-26,Cityscape,Shopping,2
2024-09-26,Cityscape,Transit,2
2024-09-26,Cityscape,area,2
2024-09-26,Cultural,Cityscape,2
2024-09-26,Cultural,Cultural,1
2024-09-26,Cultural,Religious,1
2024-09-26,Cultural,Sport,1
2024-09-26,Cultural,area,1
2024-09-26,Dining,Cityscape,1
2024-09-26,Dining,Dining,1
2024-09-26,Dining,area,1
2024-09-26,Entertainment,Cityscape,7
2024-09-26,Entertainment,Cultural,1
2024-09-26,Entertainment,Entertainment,7
2024-09-26,Entertainment,Transit,1
2024-09-26,Entertainment,area,4
2024-09-26,Natural,Cultural,1
2024-09-26,Natural,Religious,3
2024-09-26,Outdoor,Natural,1
2024-09-26,Religious,Natural,2
2024-09-26,Religious,Outdoor,1
2024-09-26,Shopping,Natural,1
2024-09-26,Transit,Cityscape,3
2024-09-26,Transit,Entertainment,4
2024-09-26,Transit,Shopping,1
2024-09-26,Transit,area,1
2024-09-26,area,Cityscape,3
2024-09-26,area,Dining,2
2024-09-26,area,Entertainment,2
2024-09-26,area,Transit,2
2024-09-26,area,area,2
2024-09-27,Cityscape,Cityscape,2
2024-09-27,Cityscape,Cultural,1
2024-09-27,Cityscape,Dining,3
2024-09-27,Cityscape,Entertainment,4
2024-09-27,Cityscape,Outdoor,1
2024-09-27,Cityscape,Shopping,2
2024-09-27,Cityscape,Transit,1
2024-09-27,Cityscape,area,4
2024-09-27,Cultural,Cityscape,1
2024-09-27,Cultural,Cultural,3
2024-09-27,Cultural,Dining,1
2024-09-27,Cultural,Entertainment,1
2024-09-27,Dining,Cityscape,1
2024-09-27,Dining,Cultural,1
2024-09-27,Dining,Dining,1
2024-09-27,Dining,Shopping,1
2024-09-27,Dining,Transit,1
2024-09-27,Dining,area,2
2024-09-27,Entertainment,Cityscape,1
2024-09-27,Entertainment,Cultural,2
2024-09-27,Entertainment,Dining,1
2024-09-27,Entertainment,Entertainment,3
2024-09-27,Entertainment,Transit,3
2024-09-27,Entertainment,area,5
2024-09-27,Hotel,Cityscape,1
2024-09-27,Hotel,Entertainment,1
2024-09-27,Hotel,Shopping,1
2024-09-27,Natural,Cityscape,2
2024-09-27,Natural,Outdoor,2
2024-09-27,Natural,Religious,6
2024-09-27,Natural,Transit,1
2024-09-27,Natural,area,1
2024-09-27,Outdoor,Natural,1
2024-09-27,Outdoor,area,1
2024-09-27,Religious,Entertainment,1
2024-09-27,Religious,Natural,6
2024-09-27,Religious,Religious,1
2024-09-27,Shopping,Cityscape,1
2024-09-27,Shopping,Transit,1
2024-09-27,Shopping,area,2
2024-09-27,Transit,Cityscape,2
2024-09-27,Transit,Entertainment,4
2024-09-27,area,Cityscape,4
2024-09-27,area,Cultural,1
2024-09-27,area,Dining,2
2024-09-27,area,Natural,4
2024-09-27,area,Religious,1
2024-09-27,area,Shopping,2
2024-09-27,area,Transit,1
2024-09-27,area,area,3
2024-09-28,Cityscape,Cityscape,5
2024-09-28,Cityscape,Cultural,4
2024-09-28,Cityscape,Dining,1
2024-09-28,Cityscape,Entertainment,10
2024-09-28,Cityscape,Hotel,1
2024-09-28,Cityscape,Natural,3
2024-09-28,Cityscape,Shopping,2
2024-09-28,Cityscape,Transit,2
2024-09-28,Cityscape,area,2
2024-09-28,Cultural,Cityscape,3
2024-09-28,Cultural,Cultural,6
2024-09-28,Cultural,Dining,1
2024-09-28,Cultural,Entertainment,2
2024-09-28,Cultural,Natural,1
2024-09-28,Cultural,Religious,1
2024-09-28,Cultural,area,1
2024-09-28,Dining,Dining,6
2024-09-28,Dining,Entertainment,1
2024-09-28,Dining,Religious,1
2024-09-28,Dining,Shopping,1
2024-09-28,Dining,area,1
2024-09-28,Entertainment,Cityscape,14
2024-09-28,Entertainment,Cultural,1
2024-09-28,Entertainment,Dining,2
2024-09-28,Entertainment,Entertainment,14
2024-09-28,Entertainment,Hotel,2
2024-09-28,Entertainment,Outdoor,1
2024-09-28,Entertainment,Transit,2
2024-09-28,Entertainment,area,1
2024-09-28,Hotel,Cultural,1
2024-09-28,Hotel,Entertainment,1
2024-09-28,Hotel,Religious,1
2024-09-28,Natural,Cityscape,4
2024-09-28,Natural,Entertainment,1
2024-09-28,Natural,Outdoor,2
2024-09-28,Natural,Religious,1
2024-09-28,Outdoor,Religious,2
2024-09-28,Religious,Natural,3
2024-09-28,Religious,Religious,1
2024-09-28,Religious,Shopping,1
2024-09-28,Religious,Transit,1
2024-09-28,Religious,area,1
2024-09-28,Shopping,Cityscape,1
2024-09-28,Shopping,Shopping,1
2024-09-28,Shopping,Transit,2
2024-09-28,Transit,Cityscape,1
2024-09-28,Transit,Entertainment,5
2024-09-28,Transit,Natural,1
2024-09-28,Transit,area,1
2024-09-28,area,Cityscape,2
2024-09-28,area,Entertainment,2
2024-09-28,area,Religious,1
2024-09-28,area,area,2
2024-09-29,Cityscape,Cityscape,4
2024-09-29,Cityscape,Cultural,1
2024-09-29,Cityscape,Entertainment,2
2024-09-29,Cityscape,Natural,1
2024-09-29,Cityscape,Shopping,1
2024-09-29,Cultural,Cityscape,1
2024-09-29,Cultural,Cultural,1
2024-09-29,Cultural,Entertainment,2
2024-09-29,Dining,Entertainment,1
2024-09-29,Dining,area,1
2024-09-29,Entertainment,Cityscape,3
2024-09-29,Entertainment,Entertainment,4
2024-09-29,Entertainment,Shopping,1
2024-09-29,Entertainment,Transit,1
2024-09-29,Entertainment,area,2
2024-09-29,Hotel,Religious,1
2024-09-29,Hotel,Transit,1
2024-09-29,Natural,Entertainment,1
2024-09-29,Natural,Religious,1
2024-09-29,Natural,area,1
2024-09-29,Outdoor,Outdoor,1
2024-09-29,Outdoor,area,1
2024-09-29,Religious,Dining,1
2024-09-29,Religious,Natural,1
2024-09-29,Religious,Outdoor,1
2024-09-29,Religious,Religious,2
2024-09-29,Shopping,area,1
2024-09-29,Transit,Cityscape,1
2024-09-29,Transit,Entertainment,2
2024-09-29,Transit,Natural,1
2024-09-29,area,Religious,1
2024-09-29,area,Transit,1
2024-09-30,Cityscape,Dining,1
2024-09-30,Dining,Cityscape,1
2024-09-30,Dining,Dining,7
2024-09-30,Dining,area,3
2024-09-30,Entertainment,Entertainment,2
2024-09-30,Entertainment,Transit,1
2024-09-30,area,Dining,2
2024-10-01,Cityscape,Cityscape,5
2024-10-01,Cityscape,Cultural,1
2024-10-01,Cityscape,Entertainment,2
2024-10-01,Cityscape,Shopping,2
2024-10-01,Cityscape,Transit,1
2024-10-01,Cityscape,area,1
2024-10-01,Cultural,Cityscape,1
2024-10-01,Cultural,Cultural,1
2024-10-01,Cultural,Entertainment,1
2024-10-01,Cultural,Natural,1
2024-10-01,Cultural,Shopping,1
2024-10-01,Dining,Dining,2
2024-10-01,Dining,area,1
2024-10-01,Entertainment,Cityscape,4
2024-10-01,Entertainment,Cultural,1
2024-10-01,Entertainment,Entertainment,5
2024-10-01,Entertainment,Hotel,3
2024-10-01,Entertainment,Natural,3
2024-10-01,Entertainment,Religious,1
2024-10-01,Entertainment,Shopping,1
2024-10-01,Entertainment,Transit,2
2024-10-01,Entertainment,area,4
2024-10-01,Hotel,Entertainment,3
2024-10-01,Natural,Entertainment,1
2024-10-01,Natural,Natural,1
2024-10-01,Natural,Outdoor,1
2024-10-01,Natural,Religious,1
2024-10-01,Natural,area,1
2024-10-01,Outdoor,Cityscape,1
2024-10-01,Shopping,Entertainment,2
2024-10-01,Shopping,Religious,1
2024-10-01,Shopping,Shopping,1
2024-10-01,Shopping,Transit,1
2024-10-01,Transit,Cityscape,1
2024-10-01,Transit,Cultural,1
2024-10-01,Transit,Entertainment,2
2024-10-01,Transit,Natural,1
2024-10-01,Transit,Shopping,1
2024-10-01,Transit,area,1
2024-10-01,area,Cityscape,2
2024-10-01,area,Cultural,2
2024-10-01,area,Entertainment,5
2024-10-01,area,area,2
2024-10-02,Cityscape,Cityscape,1
2024-10-02,Cityscape,Cultural,1
2024-10-02,Cityscape,Entertainment,3
2024-10-02,Cityscape,Natural,2
2024-10-02,Cityscape,area,1
2024-10-02,Cultural,Cultural,8
2024-10-02,Cultural,Dining,1
2024-10-02,Cultural,Shopping,1
2024-10-02,Entertainment,Cityscape,1
2024-10-02,Entertainment,Entertainment,13
2024-10-02,Entertainment,Transit,1
2024-10-02,Entertainment,area,1
2024-10-02,Hotel,Transit,1
2024-10-02,Natural,Entertainment,1
2024-10-02,Natural,Outdoor,1
2024-10-02,Natural,Religious,2
2024-10-02,Outdoor,Transit,1
2024-10-02,Religious,Cultural,1
2024-10-02,Religious,Natural,1
2024-10-02,Religious,Religious,6
2024-10-02,Religious,area,2
2024-10-02,Shopping,Cityscape,1
2024-10-02,Transit,Cityscape,4
2024-10-02,area,Dining,1
2024-10-02,area,Entertainment,2
2024-10-02,area,Hotel,1
2024-10-02,area,Natural,1
2024-10-02,area,Religious,1
2024-10-02,area,area,6
2024-10-03,Cityscape,Cityscape,7
2024-10-03,Cityscape,Cultural,1
2024-10-03,Cityscape,Dining,2
2024-10-03,Cityscape,Entertainment,8
2024-10-03,Cityscape,Hotel,1
2024-10-03,Cityscape,Natural,2
2024-10-03,Cityscape,Transit,4
2024-10-03,Cityscape,area,3
2024-10-03,Cultural,Cityscape,2
2024-10-03,Cultural,Cultural,3
2024-10-03,Cultural,Entertainment,1
2024-10-03,Cultural,Transit,1
2024-10-03,Dining,Cultural,1
2024-10-03,Dining,Dining,2
2024-10-03,Dining,area,2
2024-10-03,Entertainment,Cityscape,5
2024-10-03,Entertainment,Cultural,1
2024-10-03,Entertainment,Dining,2
2024-10-03,Entertainment,Entertainment,23
2024-10-03,Entertainment,Hotel,2
2024-10-03,Entertainment,Natural,1
2024-10-03,Entertainment,Religious,1
2024-10-03,Entertainment,Shopping,1
2024-10-03,Entertainment,Transit,4
2024-10-03,Entertainment,area,1
2024-10-03,Hotel,Cityscape,1
2024-10-03,Hotel,Entertainment,1
2024-10-03,Hotel,area,1
2024-10-03,Natural,Cityscape,1
2024-10-03,Natural,Entertainment,1
2024-10-03,Natural,area,1
2024-10-03,Outdoor,Cityscape,1
2024-10-03,Outdoor,Natural,1
2024-10-03,Religious,Cityscape,1
2024-10-03,Religious,Natural,1
2024-10-03,Shopping,Cityscape,1
2024-10-03,Shopping,area,1
2024-10-03,Transit,Cityscape,5
2024-10-03,Transit,Dining,1
2024-10-03,Transit,Entertainment,3
2024-10-03,Transit,Transit,1
2024-10-03,Transit,area,1
2024-10-03,area,Cityscape,5
2024-10-03,area,Cultural,1
2024-10-03,area,Entertainment,1
2024-10-03,area,Natural,1
2024-10-03,area,Outdoor,2
2024-10-03,area,Religious,1
2024-10-03,area,Shopping,1
2024-10-03,area,Sport,1
2024-10-03,area,area,3
2024-10-04,Cityscape,Cityscape,1
2024-10-04,Cityscape,Dining,1
2024-10-04,Cityscape,Entertainment,3
2024-10-04,Cityscape,Shopping,1
2024-10-04,Cultural,Cultural,2
2024-10-04,Cultural,Entertainment,2
2024-10-04,Cultural,Outdoor,1
2024-10-04,Dining,Dining,1
2024-10-04,Dining,Entertainment,1
2024-10-04,Dining,Shopping,1
2024-10-04,Dining,Transit,1
2024-10-04,Dining,area,3
2024-10-04,Entertainment,Cityscape,4
2024-10-04,Entertainment,Cultural,2
2024-10-04,Entertainment,Dining,2
2024-10-04,Entertainment,Entertainment,7
2024-10-04,Entertainment,Hotel,3
2024-10-04,Entertainment,Religious,1
2024-10-04,Entertainment,area,2
2024-10-04,Hotel,Entertainment,2
2024-10-04,Natural,Entertainment,1
2024-10-04,Natural,Religious,2
2024-10-04,Natural,Transit,1
2024-10-04,Natural,area,3
2024-10-04,Outdoor,Natural,1
2024-10-04,Religious,Natural,4
2024-10-04,Religious,area,1
2024-10-04,Shopping,Dining,1
2024-10-04,Shopping,Entertainment,1
2024-10-04,Shopping,Shopping,1
2024-10-04,Shopping,Transit,1
2024-10-04,Transit,Cityscape,1
2024-10-04,Transit,Dining,1
2024-10-04,Transit,Entertainment,5
2024-10-04,Transit,Shopping,2
2024-10-04,area,Cityscape,1
2024-10-04,area,Dining,2
2024-10-04,area,Entertainment,3
2024-10-04,area,Natural,2
2024-10-04,area,Shopping,1
2024-10-04,area,area,3
2024-10-05,Cityscape,Dining,1
2024-10-05,Cityscape,Entertainment,7
2024-10-05,Cityscape,Religious,1
2024-10-05,Cityscape,Shopping,1
2024-10-05,Cityscape,Transit,2
2024-10-05,Cultural,Entertainment,1
2024-10-05,Dining,Cityscape,1
2024-10-05,Dining,Cultural,1
2024-10-05,Dining,Dining,1
2024-10-05,Dining,Entertainment,1
2024-10-05,Entertainment,Cityscape,7
2024-10-05,Entertainment,Cultural,1
2024-10-05,Entertainment,Dining,1
2024-10-05,Entertainment,Entertainment,7
2024-10-05,Entertainment,Hotel,2
2024-10-05,Entertainment,Natural,1
2024-10-05,Entertainment,Outdoor,1
2024-10-05,Entertainment,Transit,2
2024-10-05,Entertainment,area,3
2024-10-05,Hotel,Entertainment,3
2024-10-05,Hotel,area,1
2024-10-05,Natural,Religious,1
2024-10-05,Natural,area,1
2024-10-05,Religious,Dining,1
2024-10-05,Shopping,Cultural,1
2024-10-05,Shopping,area,2
2024-10-05,Transit,Cityscape,1
2024-10-05,Transit,Entertainment,6
2024-10-05,Transit,Hotel,2
2024-10-05,Transit,Transit,1
2024-10-05,Transit,area,1
2024-10-05,area,Cityscape,1
2024-10-05,area,Entertainment,3
2024-10-05,area,Hotel,1
2024-10-05,area,Natural,1
2024-10-05,area,Shopping,3
2024-10-05,area,Transit,1
2024-10-05,area,area,1
2024-10-06,Cityscape,Cityscape,2
2024-10-06,Cityscape,Cultural,5
2024-10-06,Cityscape,Entertainment,8
2024-10-06,Cityscape,Shopping,1
2024-10-06,Cityscape,Transit,2
2024-10-06,Cityscape,area,1
2024-10-06,Cultural,Cultural,3
2024-10-06,Cultural,Dining,1
2024-10-06,Cultural,Entertainment,3
2024-10-06,Cultural,Natural,2
2024-10-06,Cultural,Shopping,1
2024-10-06,Dining,Cityscape,1
2024-10-06,Dining,Cultural,1
2024-10-06,Dining,Dining,1
2024-10-06,Dining,area,3
2024-10-06,Entertainment,Cityscape,4
2024-10-06,Entertainment,Cultural,1
2024-10-06,Entertainment,Dining,2
2024-10-06,Entertainment,Entertainment,24
2024-10-06,Entertainment,Natural,2
2024-10-06,Entertainment,Religious,3
2024-10-06,Entertainment,Shopping,1
2024-10-06,Entertainment,Transit,4
2024-10-06,Entertainment,area,1
2024-10-06,Hotel,Shopping,1
2024-10-06,Natural,Entertainment,2
2024-10-06,Natural,Outdoor,1
2024-10-06,Natural,Religious,1
2024-10-06,Natural,Transit,1
2024-10-06,Religious,Cityscape,2
2024-10-06,Religious,Entertainment,1
2024-10-06,Religious,Religious,6
2024-10-06,Shopping,Cityscape,3
2024-10-06,Transit,Cityscape,3
2024-10-06,Transit,Entertainment,3
2024-10-06,Transit,Religious,1
2024-10-06,area,Cityscape,1
2024-10-06,area,Cultural,1
2024-10-06,area,Dining,2
2024-10-06,area,Entertainment,1
2024-10-06,area,Natural,1
2024-10-06,area,Shopping,2
2024-10-06,area,Transit,1
2024-10-06,area,area,2
2024-10-07,Cityscape,Cityscape,2
2024-10-07,Cityscape,Cultural,1
2024-10-07,Cityscape,Dining,2
2024-10-07,Cityscape,Entertainment,2
2024-10-07,Cityscape,Natural,2
2024-10-07,Cityscape,Religious,2
2024-10-07,Cityscape,Shopping,1
2024-10-07,Cityscape,Transit,2
2024-10-07,Cityscape,area,1
2024-10-07,Cultural,Cityscape,2
2024-10-07,Cultural,Cultural,1
2024-10-07,Cultural,Dining,1
2024-10-07,Cultural,Natural,1
2024-10-07,Cultural,Outdoor,1
2024-10-07,Dining,Cityscape,1
2024-10-07,Dining,Dining,1
2024-10-07,Dining,Shopping,2
2024-10-07,Dining,Transit,2
2024-10-07,Dining,area,2
2024-10-07,Entertainment,Cityscape,3
2024-10-07,Entertainment,Cultural,2
2024-10-07,Entertainment,Dining,2
2024-10-07,Entertainment,Entertainment,13
2024-10-07,Entertainment,Hotel,2
2024-10-07,Entertainment,Religious,1
2024-10-07,Entertainment,Shopping,1
2024-10-07,Entertainment,Transit,1
2024-10-07,Hotel,Entertainment,1
2024-10-07,Hotel,area,2
2024-10-07,Natural,Cityscape,1
2024-10-07,Natural,Cultural,2
2024-10-07,Natural,Entertainment,1
2024-10-07,Natural,Religious,2
2024-10-07,Natural,Transit,1
2024-10-07,Natural,area,3
2024-10-07,Outdoor,Religious,1
2024-10-07,Religious,Cityscape,1
2024-10-07,Religious,Entertainment,1
2024-10-07,Religious,Natural,2
2024-10-07,Religious,Religious,2
2024-10-07,Religious,area,1
2024-10-07,Shopping,Dining,2
2024-10-07,Shopping,Entertainment,2
2024-10-07,Shopping,area,1
2024-10-07,Transit,Cityscape,3
2024-10-07,Transit,Entertainment,1
2024-10-07,area,Cityscape,1
2024-10-07,area,Cultural,1
2024-10-07,area,Dining,2
2024-10-07,area,Entertainment,3
2024-10-07,area,Natural,4
2024-10-07,area,Shopping,1
2024-10-07,area,area,7
2024-10-08,Cityscape,Dining,2
2024-10-08,Cityscape,Shopping,1
2024-10-08,Cultural,Dining,1
2024-10-08,Cultural,Transit,1
2024-10-08,Dining,Dining,1
2024-10-08,Dining,Entertainment,1
2024-10-08,Dining,Shopping,1
2024-10-08,Dining,area,2
2024-10-08,Entertainment,Cityscape,2
2024-10-08,Entertainment,Dining,1
2024-10-08,Entertainment,Entertainment,18
2024-10-08,Entertainment,Natural,1
2024-10-08,Entertainment,Transit,2
2024-10-08,Entertainment,area,1
2024-10-08,Natural,Entertainment,3
2024-10-08,Natural,Religious,1
2024-10-08,Religious,Natural,1
2024-10-08,Religious,Religious,3
2024-10-08,Religious,Transit,1
2024-10-08,Shopping,Cityscape,2
2024-10-08,Shopping,Cultural,1
2024-10-08,Shopping,Dining,1
2024-10-08,Transit,Cityscape,1
2024-10-08,Transit,Cultural,2
2024-10-08,Transit,Entertainment,1
2024-10-08,Transit,Natural,1
2024-10-08,Transit,Shopping,1
2024-10-08,Transit,area,1
2024-10-08,area,Cityscape,1
2024-10-08,area,Dining,1
2024-10-08,area,Entertainment,2
2024-10-09,Cityscape,Cityscape,2
2024-10-09,Cityscape,Dining,2
2024-10-09,Cityscape,Entertainment,3
2024-10-09,Cityscape,Natural,2
2024-10-09,Cityscape,Shopping,1
2024-10-09,Cityscape,Transit,1
2024-10-09,Cityscape,area,2
2024-10-09,Cultural,Cityscape,1
2024-10-09,Cultural,Religious,1
2024-10-09,Dining,Dining,1
2024-10-09,Dining,Hotel,1
2024-10-09,Dining,Transit,1
2024-10-09,Dining,area,3
2024-10-09,Entertainment,Cityscape,4
2024-10-09,Entertainment,Cultural,1
2024-10-09,Entertainment,Entertainment,17
2024-10-09,Entertainment,Natural,2
2024-10-09,Entertainment,Transit,1
2024-10-09,Entertainment,area,2
2024-10-09,Natural,Cityscape,1
2024-10-09,Natural,Shopping,1
2024-10-09,Natural,Transit,1
2024-10-09,Outdoor,Religious,1
2024-10-09,Religious,Natural,1
2024-10-09,Religious,Outdoor,1
2024-10-09,Religious,Religious,2
2024-10-09,Religious,area,1
2024-10-09,Shopping,Cityscape,1
2024-10-09,Shopping,Entertainment,2
2024-10-09,Shopping,Transit,1
2024-10-09,Transit,Cityscape,3
2024-10-09,Transit,Entertainment,4
2024-10-09,Transit,Shopping,1
2024-10-09,Transit,area,1
2024-10-09,area,Dining,1
2024-10-09,area,Entertainment,2
2024-10-09,area,Natural,1
2024-10-09,area,Transit,1
2024-10-09,area,area,1
2024-10-10,Cityscape,Cityscape,6
2024-10-10,Cityscape,Dining,2
2024-10-10,Cityscape,Entertainment,10
2024-10-10,Cityscape,Religious,2
2024-10-10,Cityscape,Shopping,2
2024-10-10,Cityscape,Transit,1
2024-10-10,Cityscape,area,3
2024-10-10,Cultural,Cultural,1
2024-10-10,Cultural,Dining,1
2024-10-10,Cultural,Entertainment,2
2024-10-10,Cultural,Shopping,1
2024-10-10,Cultural,area,2
2024-10-10,Dining,Cityscape,3
2024-10-10,Dining,Dining,3
2024-10-10,Dining,Shopping,1
2024-10-10,Dining,area,4
2024-10-10,Entertainment,Cityscape,8
2024-10-10,Entertainment,Cultural,3
2024-10-10,Entertainment,Entertainment,9
2024-10-10,Entertainment,Natural,1
2024-10-10,Entertainment,Transit,3
2024-10-10,Entertainment,area,1
2024-10-10,Hotel,Cityscape,1
2024-10-10,Natural,Cityscape,1
2024-10-10,Religious,Cityscape,1
2024-10-10,Religious,Cultural,1
2024-10-10,Religious,Entertainment,1
2024-10-10,Religious,Religious,2
2024-10-10,Religious,Shopping,1
2024-10-10,Shopping,Cityscape,1
2024-10-10,Shopping,Dining,2
2024-10-10,Shopping,Entertainment,1
2024-10-10,Shopping,Natural,1
2024-10-10,Shopping,Transit,2
2024-10-10,Shopping,area,1
2024-10-10,Transit,Cityscape,1
2024-10-10,Transit,Entertainment,2
2024-10-10,Transit,Hotel,1
2024-10-10,Transit,Transit,1
2024-10-10,Transit,area,3
2024-10-10,area,Cityscape,3
2024-10-10,area,Cultural,3
2024-10-10,area,Dining,2
2024-10-10,area,Entertainment,3
2024-10-10,area,Religious,1
2024-10-10,area,Shopping,3
2024-10-10,area,area,5
2024-10-11,Cityscape,Cityscape,2
2024-10-11,Cityscape,Dining,1
2024-10-11,Cityscape,Entertainment,5
2024-10-11,Cityscape,Natural,2
2024-10-11,Cityscape,Shopping,1
2024-10-11,Cityscape,Transit,2
2024-10-11,Cityscape,area,1
2024-10-11,Cultural,Cityscape,1
2024-10-11,Cultural,Entertainment,1
2024-10-11,Cultural,Religious,1
2024-10-11,Cultural,area,2
2024-10-11,Dining,Cityscape,1
2024-10-11,Entertainment,Cityscape,7
2024-10-11,Entertainment,Cultural,1
2024-10-11,Entertainment,Entertainment,5
2024-10-11,Entertainment,Hotel,1
2024-10-11,Entertainment,Natural,1
2024-10-11,Entertainment,Shopping,1
2024-10-11,Entertainment,Transit,3
2024-10-11,Entertainment,area,3
2024-10-11,Hotel,Cityscape,1
2024-10-11,Hotel,Entertainment,1
2024-10-11,Natural,Entertainment,1
2024-10-11,Natural,Outdoor,1
2024-10-11,Natural,Shopping,1
2024-10-11,Natural,area,1
2024-10-11,Outdoor,Entertainment,1
2024-10-11,Shopping,Cityscape,1
2024-10-11,Shopping,Cultural,2
2024-10-11,Transit,Cityscape,2
2024-10-11,Transit,Entertainment,2
2024-10-11,Transit,Transit,1
2024-10-11,Transit,area,4
2024-10-11,area,Cultural,2
2024-10-11,area,Entertainment,3
2024-10-11,area,Hotel,1
2024-10-11,area,Natural,1
2024-10-11,area,Shopping,1
2024-10-11,area,Transit,5
2024-10-11,area,area,3
2024-10-12,Cityscape,Entertainment,1
2024-10-12,Cityscape,Hotel,1
2024-10-12,Cityscape,Natural,1
2024-10-12,Cultural,Entertainment,2
2024-10-12,Cultural,Religious,1
2024-10-12,Cultural,area,1
2024-10-12,Dining,area,1
2024-10-12,Entertainment,Cityscape,1
2024-10-12,Entertainment,Cultural,2
2024-10-12,Entertainment,Entertainment,19
2024-10-12,Entertainment,Hotel,4
2024-10-12,Entertainment,Natural,2
2024-10-12,Entertainment,area,2
2024-10-12,Hotel,Entertainment,5
2024-10-12,Hotel,Natural,1
2024-10-12,Natural,Cityscape,1
2024-10-12,Natural,Dining,1
2024-10-12,Natural,Entertainment,2
2024-10-12,Natural,Outdoor,1
2024-10-12,Natural,Religious,5
2024-10-12,Natural,area,2
2024-10-12,Outdoor,Transit,1
2024-10-12,Religious,Entertainment,1
2024-10-12,Religious,Natural,3
2024-10-12,Religious,Religious,3
2024-10-12,Religious,Transit,1
2024-10-12,Religious,area,2
2024-10-12,Transit,Cityscape,3
2024-10-12,Transit,Cultural,1
2024-10-12,Transit,Entertainment,4
2024-10-12,Transit,area,1
2024-10-12,area,Natural,4
2024-10-12,area,Religious,1
2024-10-12,area,Transit,1
2024-10-13,Cityscape,Cityscape,1
2024-10-13,Cityscape,Cultural,4
2024-10-13,Cityscape,Entertainment,2
2024-10-13,Cityscape,Hotel,1
2024-10-13,Cityscape,Religious,1
2024-10-13,Cityscape,Transit,2
2024-10-13,Cityscape,area,2
2024-10-13,Cultural,Cityscape,2
2024-10-13,Cultural,Cultural,3
2024-10-13,Cultural,Entertainment,1
2024-10-13,Cultural,area,4
2024-10-13,Dining,Entertainment,1
2024-10-13,Dining,Shopping,1
2024-10-13,Entertainment,Cityscape,4
2024-10-13,Entertainment,Entertainment,9
2024-10-13,Entertainment,Hotel,2
2024-10-13,Entertainment,Natural,1
2024-10-13,Entertainment,Transit,1
2024-10-13,Entertainment,area,1
2024-10-13,Hotel,Cityscape,1
2024-10-13,Hotel,Cultural,1
2024-10-13,Hotel,Entertainment,2
2024-10-13,Hotel,Hotel,1
2024-10-13,Hotel,Shopping,1
2024-10-13,Natural,Natural,1
2024-10-13,Natural,Outdoor,1
2024-10-13,Natural,Religious,1
2024-10-13,Outdoor,Entertainment,1
2024-10-13,Outdoor,Natural,1
2024-10-13,Religious,Dining,1
2024-10-13,Religious,Entertainment,3
2024-10-13,Religious,Religious,2
2024-10-13,Religious,area,2
2024-10-13,Shopping,Entertainment,1
2024-10-13,Shopping,Hotel,1
2024-10-13,Shopping,Transit,1
2024-10-13,Shopping,area,1
2024-10-13,Transit,Entertainment,3
2024-10-13,Transit,Hotel,1
2024-10-13,Transit,Religious,2
2024-10-13,Transit,Shopping,2
2024-10-13,Transit,Transit,2
2024-10-13,Transit,area,3
2024-10-13,area,Cityscape,3
2024-10-13,area,Cultural,1
2024-10-13,area,Dining,1
2024-10-13,area,Natural,1
2024-10-13,area,Religious,3
2024-10-13,area,Shopping,1
2024-10-13,area,Transit,3
2024-10-13,area,area,3
2024-10-14,Cityscape,Cityscape,4
2024-10-14,Cityscape,Cultural,5
2024-10-14,Cityscape,Dining,1
2024-10-14,Cityscape,Entertainment,5
2024-10-14,Cityscape,Shopping,3
2024-10-14,Cityscape,Transit,2
2024-10-14,Cityscape,area,3
2024-10-14,Cultural,Cityscape,5
2024-10-14,Cultural,Cultural,2
2024-10-14,Cultural,Entertainment,1
2024-10-14,Cultural,Hotel,1
2024-10-14,Cultural,area,4
2024-10-14,Dining,Cityscape,1
2024-10-14,Dining,Dining,2
2024-10-14,Dining,Entertainment,2
2024-10-14,Dining,Natural,1
2024-10-14,Dining,Religious,1
2024-10-14,Dining,Transit,1
2024-10-14,Dining,area,2
2024-10-14,Entertainment,Cityscape,6
2024-10-14,Entertainment,Cultural,1
2024-10-14,Entertainment,Dining,2
2024-10-14,Entertainment,Entertainment,16
2024-10-14,Entertainment,Natural,2
2024-10-14,Entertainment,Outdoor,1
2024-10-14,Entertainment,Transit,1
2024-10-14,Hotel,Shopping,2
2024-10-14,Natural,Entertainment,3
2024-10-14,Natural,Religious,2
2024-10-14,Natural,area,2
2024-10-14,Religious,Dining,1
2024-10-14,Religious,Natural,2
2024-10-14,Religious,Religious,4
2024-10-14,Shopping,Cityscape,1
2024-10-14,Shopping,Transit,1
2024-10-14,Shopping,area,1
2024-10-14,Transit,Cityscape,2
2024-10-14,Transit,Dining,1
2024-10-14,Transit,Entertainment,2
2024-10-14,Transit,Transit,1
2024-10-14,area,Cityscape,2
2024-10-14,area,Cultural,1
2024-10-14,area,Dining,1
2024-10-14,area,Entertainment,1
2024-10-14,area,Hotel,1
2024-10-14,area,Natural,1
2024-10-14,area,Shopping,1
2024-10-14,area,Transit,1
2024-10-14,area,area,4
2024-10-15,Cityscape,Cityscape,6
2024-10-15,Cityscape,Cultural,1
2024-10-15,Cityscape,Dining,1
2024-10-15,Cityscape,Entertainment,3
2024-10-15,Cityscape,Natural,1
2024-10-15,Cityscape,Shopping,1
2024-10-15,Cityscape,Transit,3
2024-10-15,Cultural,Cityscape,1
2024-10-15,Cultural,Entertainment,2
2024-10-15,Dining,Cityscape,2
2024-10-15,Dining,Dining,4
2024-10-15,Dining,Transit,1
2024-10-15,Dining,area,1
2024-10-15,Entertainment,Cityscape,3
2024-10-15,Entertainment,Entertainment,31
2024-10-15,Entertainment,Hotel,2
2024-10-15,Entertainment,Natural,1
2024-10-15,Entertainment,Religious,1
2024-10-15,Entertainment,Shopping,1
2024-10-15,Entertainment,Transit,3
2024-10-15,Entertainment,area,3
2024-10-15,Hotel,Dining,1
2024-10-15,Hotel,Entertainment,1
2024-10-15,Hotel,area,1
2024-10-15,Natural,Religious,4
2024-10-15,Outdoor,Outdoor,2
2024-10-15,Outdoor,area,1
2024-10-15,Religious,Natural,2
2024-10-15,Religious,Religious,3
2024-10-15,Religious,area,2
2024-10-15,Shopping,Cityscape,1
2024-10-15,Shopping,Outdoor,1
2024-10-15,Shopping,Religious,1
2024-10-15,Transit,Cityscape,1
2024-10-15,Transit,Cultural,1
2024-10-15,Transit,Dining,1
2024-10-15,Transit,Hotel,2
2024-10-15,Transit,area,6
2024-10-15,area,Cityscape,2
2024-10-15,area,Dining,3
2024-10-15,area,Entertainment,3
2024-10-15,area,Religious,1
2024-10-15,area,Shopping,3
2024-10-15,area,Transit,1
2024-10-15,area,area,2
2024-10-16,Cityscape,Cityscape,3
2024-10-16,Cityscape,Cultural,2
2024-10-16,Cityscape,Dining,1
2024-10-16,Cityscape,Entertainment,7
2024-10-16,Cityscape,Natural,1
2024-10-16,Cityscape,Religious,1
2024-10-16,Cityscape,Shopping,1
2024-10-16,Cityscape,Transit,2
2024-10-16,Cultural,Cityscape,1
2024-10-16,Cultural,Cultural,3
2024-10-16,Cultural,Dining,1
2024-10-16,Cultural,Entertainment,5
2024-10-16,Cultural,Natural,1
2024-10-16,Dining,Dining,1
2024-10-16,Dining,Entertainment,4
2024-10-16,Dining,Natural,1
2024-10-16,Dining,area,2
2024-10-16,Entertainment,Cityscape,9
2024-10-16,Entertainment,Cultural,4
2024-10-16,Entertainment,Dining,1
2024-10-16,Entertainment,Entertainment,14
2024-10-16,Entertainment,Hotel,7
2024-10-16,Entertainment,Natural,2
2024-10-16,Entertainment,Shopping,1
2024-10-16,Entertainment,Transit,6
2024-10-16,Entertainment,area,2
2024-10-16,Hotel,Dining,1
2024-10-16,Hotel,Entertainment,5
2024-10-16,Hotel,Hotel,1
2024-10-16,Hotel,Natural,1
2024-10-16,Natural,Cityscape,3
2024-10-16,Natural,Entertainment,1
2024-10-16,Natural,Natural,1
2024-10-16,Natural,area,3
2024-10-16,Outdoor,area,1
2024-10-16,Religious,Cityscape,2
2024-10-16,Religious,Religious,2
2024-10-16,Shopping,Entertainment,1
2024-10-16,Shopping,Transit,1
2024-10-16,Transit,Cityscape,2
2024-10-16,Transit,Cultural,2
2024-10-16,Transit,Entertainment,7
2024-10-16,Transit,area,2
2024-10-16,area,Cityscape,3
2024-10-16,area,Cultural,1
2024-10-16,area,Dining,2
2024-10-16,area,Entertainment,1
2024-10-16,area,Natural,1
2024-10-16,area,Transit,1
2024-10-17,Cityscape,Cityscape,4
2024-10-17,Cityscape,Entertainment,8
2024-10-17,Cityscape,Hotel,1
2024-10-17,Cityscape,Shopping,2
2024-10-17,Cityscape,Transit,1
2024-10-17,Cityscape,area,3
2024-10-17,Cultural,Cityscape,3
2024-10-17,Cultural,Entertainment,1
2024-10-17,Cultural,Natural,1
2024-10-17,Dining,Dining,1
2024-10-17,Dining,Entertainment,1
2024-10-17,Dining,Hotel,1
2024-10-17,Dining,Natural,1
2024-10-17,Dining,area,1
2024-10-17,Entertainment,Cityscape,8
2024-10-17,Entertainment,Cultural,2
2024-10-17,Entertainment,Dining,3
2024-10-17,Entertainment,Entertainment,14
2024-10-17,Entertainment,Hotel,14
2024-10-17,Entertainment,Natural,2
2024-10-17,Entertainment,Religious,1
2024-10-17,Entertainment,Transit,6
2024-10-17,Hotel,Cityscape,1
2024-10-17,Hotel,Entertainment,14
2024-10-17,Hotel,Hotel,1
2024-10-17,Hotel,Transit,1
2024-10-17,Natural,Entertainment,2
2024-10-17,Natural,Religious,2
2024-10-17,Natural,area,3
2024-10-17,Religious,Natural,1
2024-10-17,Religious,Religious,2
2024-10-17,Religious,area,1
2024-10-17,Shopping,Entertainment,2
2024-10-17,Shopping,area,1
2024-10-17,Transit,Cityscape,1
2024-10-17,Transit,Entertainment,9
2024-10-17,Transit,Natural,1
2024-10-17,Transit,Transit,1
2024-10-17,Transit,area,1
2024-10-17,area,Cityscape,4
2024-10-17,area,Cultural,1
2024-10-17,area,Dining,1
2024-10-17,area,Entertainment,1
2024-10-17,area,Natural,1
2024-10-17,area,Religious,1
2024-10-17,area,Shopping,2
2024-10-17,area,area,1
2024-10-18,Cityscape,Cityscape,4
2024-10-18,Cityscape,Cultural,2
2024-10-18,Cityscape,Dining,1
2024-10-18,Cityscape,Entertainment,2
2024-10-18,Cityscape,Religious,1
2024-10-18,Cityscape,area,2
2024-10-18,Cultural,Cityscape,2
2024-10-18,Cultural,Dining,1
2024-10-18,Cultural,Entertainment,1
2024-10-18,Cultural,Natural,1
2024-10-18,Cultural,Religious,1
2024-10-18,Cultural,area,1
2024-10-18,Dining,Cityscape,1
2024-10-18,Dining,Cultural,1
2024-10-18,Dining,Dining,2
2024-10-18,Dining,Natural,1
2024-10-18,Entertainment,Cityscape,2
2024-10-18,Entertainment,Cultural,2
2024-10-18,Entertainment,Entertainment,8
2024-10-18,Entertainment,Hotel,1
2024-10-18,Entertainment,Natural,1
2024-10-18,Entertainment,Outdoor,1
2024-10-18,Entertainment,Transit,1
2024-10-18,Entertainment,area,1
2024-10-18,Hotel,Entertainment,1
2024-10-18,Hotel,Transit,1
2024-10-18,Natural,Cityscape,1
2024-10-18,Natural,Cultural,1
2024-10-18,Natural,Shopping,1
2024-10-18,Natural,Transit,1
2024-10-18,Natural,area,1
2024-10-18,Outdoor,Entertainment,1
2024-10-18,Outdoor,Religious,1
2024-10-18,Religious,Cultural,1
2024-10-18,Religious,Entertainment,1
2024-10-18,Religious,Outdoor,1
2024-10-18,Religious,Religious,5
2024-10-18,Shopping,Dining,1
2024-10-18,Transit,Cityscape,1
2024-10-18,Transit,Dining,1
2024-10-18,Transit,Entertainment,6
2024-10-18,Transit,area,2
2024-10-18,area,Cityscape,1
2024-10-18,area,Cultural,2
2024-10-18,area,Dining,1
2024-10-18,area,Shopping,3
2024-10-18,area,Transit,1
2024-10-19,Cityscape,Cityscape,2
2024-10-19,Cityscape,Cultural,2
2024-10-19,Cityscape,Entertainment,2
2024-10-19,Cityscape,Natural,4
2024-10-19,Cityscape,Shopping,1
2024-10-19,Cityscape,Transit,1
2024-10-19,Cityscape,area,1
2024-10-19,Cultural,Cityscape,3
2024-10-19,Cultural,Entertainment,1
2024-10-19,Cultural,area,2
2024-10-19,Dining,Cityscape,1
2024-10-19,Dining,Entertainment,1
2024-10-19,Dining,area,1
2024-10-19,Entertainment,Cityscape,3
2024-10-19,Entertainment,Dining,2
2024-10-19,Entertainment,Entertainment,14
2024-10-19,Entertainment,Hotel,6
2024-10-19,Entertainment,Outdoor,1
2024-10-19,Entertainment,Transit,1
2024-10-19,Hotel,Cityscape,1
2024-10-19,Hotel,Entertainment,6
2024-10-19,Natural,Cityscape,2
2024-10-19,Natural,Entertainment,2
2024-10-19,Natural,Religious,1
2024-10-19,Natural,Transit,1
2024-10-19,Religious,Cityscape,1
2024-10-19,Religious,Natural,1
2024-10-19,Religious,Religious,1
2024-10-19,Shopping,Natural,1
2024-10-19,Shopping,Shopping,1
2024-10-19,Shopping,area,1
2024-10-19,Transit,Cityscape,3
2024-10-19,Transit,Entertainment,2
2024-10-19,Transit,Transit,1
2024-10-19,Transit,area,3
2024-10-19,area,Cityscape,3
2024-10-19,area,Cultural,1
2024-10-19,area,Dining,1
2024-10-19,area,Entertainment,3
2024-10-19,area,Religious,1
2024-10-19,area,Shopping,1
2024-10-19,area,area,5
2024-10-20,Cityscape,Cityscape,5
2024-10-20,Cityscape,Cultural,2
2024-10-20,Cityscape,Dining,2
2024-10-20,Cityscape,Entertainment,7
2024-10-20,Cityscape,Religious,1
2024-10-20,Cityscape,Shopping,1
2024-10-20,Cityscape,Transit,1
2024-10-20,Cityscape,area,3
2024-10-20,Cultural,Cityscape,2
2024-10-20,Cultural,Natural,1
2024-10-20,Dining,Cityscape,2
2024-10-20,Dining,Dining,1
2024-10-20,Dining,area,1
2024-10-20,Entertainment,Cityscape,5
2024-10-20,Entertainment,Entertainment,10
2024-10-20,Entertainment,Natural,4
2024-10-20,Entertainment,Religious,4
2024-10-20,Entertainment,Transit,3
2024-10-20,Entertainment,area,1
2024-10-20,Hotel,Entertainment,1
2024-10-20,Natural,Cultural,2
2024-10-20,Natural,Entertainment,2
2024-10-20,Natural,Natural,1
2024-10-20,Natural,Religious,5
2024-10-20,Natural,Transit,1
2024-10-20,Natural,area,2
2024-10-20,Religious,Entertainment,1
2024-10-20,Religious,Hotel,1
2024-10-20,Religious,Natural,6
2024-10-20,Religious,Religious,3
2024-10-20,Religious,Transit,2
2024-10-20,Religious,area,1
2024-10-20,Shopping,Cityscape,1
2024-10-20,Shopping,Religious,1
2024-10-20,Shopping,area,1
2024-10-20,Transit,Cityscape,2
2024-10-20,Transit,Entertainment,6
2024-10-20,Transit,Religious,1
2024-10-20,Transit,area,3
2024-10-20,area,Cityscape,4
2024-10-20,area,Dining,1
2024-10-20,area,Entertainment,2
2024-10-20,area,Natural,1
2024-10-20,area,Religious,2
2024-10-20,area,Shopping,1
2024-10-20,area,Transit,2
2024-10-20,area,area,2
2024-10-21,Cityscape,Cityscape,4
2024-10-21,Cityscape,Cultural,2
2024-10-21,Cityscape,Dining,2
2024-10-21,Cityscape,Entertainment,6
2024-10-21,Cityscape,Natural,3
2024-10-21,Cityscape,Shopping,1
2024-10-21,Cityscape,area,3
2024-10-21,Cultural,Cityscape,3
2024-10-21,Cultural,Cultural,5
2024-10-21,Cultural,Entertainment,3
2024-10-21,Cultural,Hotel,1
2024-10-21,Cultural,Natural,1
2024-10-21,Cultural,area,1
2024-10-21,Dining,Entertainment,3
2024-10-21,Dining,Natural,1
2024-10-21,Dining,area,2
2024-10-21,Entertainment,Cityscape,4
2024-10-21,Entertainment,Cultural,3
2024-10-21,Entertainment,Dining,3
2024-10-21,Entertainment,Entertainment,31
2024-10-21,Entertainment,Hotel,1
2024-10-21,Entertainment,Religious,1
2024-10-21,Entertainment,Transit,4
2024-10-21,Entertainment,area,3
2024-10-21,Hotel,Cityscape,1
2024-10-21,Hotel,Entertainment,2
2024-10-21,Natural,Entertainment,2
2024-10-21,Natural,Natural,1
2024-10-21,Natural,Outdoor,2
2024-10-21,Natural,Religious,2
2024-10-21,Natural,Transit,1
2024-10-21,Outdoor,Cityscape,1
2024-10-21,Religious,Dining,1
2024-10-21,Religious,Religious,7
2024-10-21,Shopping,Cultural,1
2024-10-21,Shopping,Transit,1
2024-10-21,Transit,Cityscape,3
2024-10-21,Transit,Cultural,2
2024-10-21,Transit,Entertainment,7
2024-10-21,Transit,Natural,1
2024-10-21,Transit,Shopping,1
2024-10-21,Transit,area,1
2024-10-21,area,Cityscape,4
2024-10-21,area,Dining,3
2024-10-21,area,Entertainment,4
2024-10-21,area,Shopping,1
2024-10-21,area,area,1
2024-10-22,Cityscape,Cityscape,2
2024-10-22,Cityscape,Cultural,1
2024-10-22,Cityscape,Entertainment,5
2024-10-22,Cityscape,Natural,2
2024-10-22,Cityscape,Religious,1
2024-10-22,Cityscape,Transit,3
2024-10-22,Cityscape,area,3
2024-10-22,Cultural,Cultural,1
2024-10-22,Cultural,Religious,2
2024-10-22,Dining,Shopping,1
2024-10-22,Entertainment,Cityscape,7
2024-10-22,Entertainment,Cultural,2
2024-10-22,Entertainment,Entertainment,20
2024-10-22,Entertainment,Hotel,4
2024-10-22,Entertainment,Natural,1
2024-10-22,Entertainment,Religious,2
2024-10-22,Hotel,Entertainment,2
2024-10-22,Natural,Cityscape,2
2024-10-22,Natural,Religious,2
2024-10-22,Natural,area,1
2024-10-22,Outdoor,area,1
2024-10-22,Religious,Cityscape,1
2024-10-22,Religious,Natural,2
2024-10-22,Religious,Outdoor,1
2024-10-22,Religious,Religious,2
2024-10-22,Religious,Transit,1
2024-10-22,Religious,area,1
2024-10-22,Shopping,Cityscape,1
2024-10-22,Shopping,Dining,1
2024-10-22,Shopping,Entertainment,1
2024-10-22,Shopping,Shopping,1
2024-10-22,Transit,Cityscape,7
2024-10-22,Transit,Entertainment,4
2024-10-22,Transit,Shopping,1
2024-10-22,Transit,Transit,2
2024-10-22,Transit,area,1
2024-10-22,area,Cityscape,1
2024-10-22,area,Entertainment,1
2024-10-22,area,Natural,2
2024-10-22,area,Religious,1
2024-10-22,area,Transit,3
2024-10-22,area,area,7
2024-10-23,Cityscape,Cityscape,4
2024-10-23,Cityscape,Cultural,3
2024-10-23,Cityscape,Entertainment,8
2024-10-23,Cityscape,Outdoor,2
2024-10-23,Cityscape,Transit,2
2024-10-23,Cultural,Cityscape,1
2024-10-23,Cultural,Cultural,1
2024-10-23,Cultural,Entertainment,3
2024-10-23,Cultural,Religious,3
2024-10-23,Cultural,area,1
2024-10-23,Dining,area,1
2024-10-23,Entertainment,Cityscape,6
2024-10-23,Entertainment,Cultural,4
2024-10-23,Entertainment,Entertainment,13
2024-10-23,Entertainment,Natural,1
2024-10-23,Entertainment,Religious,2
2024-10-23,Entertainment,Shopping,1
2024-10-23,Natural,Cultural,1
2024-10-23,Natural,Entertainment,2
2024-10-23,Natural,Natural,1
2024-10-23,Natural,Outdoor,1
2024-10-23,Natural,Religious,3
2024-10-23,Natural,Transit,1
2024-10-23,Outdoor,Cityscape,2
2024-10-23,Outdoor,Religious,1
2024-10-23,Religious,Cityscape,2
2024-10-23,Religious,Entertainment,2
2024-10-23,Religious,Natural,3
2024-10-23,Religious,Religious,1
2024-10-23,Religious,area,1
2024-10-23,Shopping,Entertainment,1
2024-10-23,Shopping,area,1
2024-10-23,Transit,Cultural,1
2024-10-23,Transit,Entertainment,1
2024-10-23,Transit,Natural,1
2024-10-23,Transit,area,3
2024-10-23,area,Cityscape,2
2024-10-23,area,Dining,1
2024-10-23,area,Entertainment,3
2024-10-23,area,Natural,2
2024-10-23,area,Outdoor,2
2024-10-23,area,Shopping,1
2024-10-23,area,Transit,1
2024-10-23,area,area,1
2024-10-24,Cityscape,Cityscape,4
2024-10-24,Cityscape,Dining,3
2024-10-24,Cityscape,Entertainment,3
2024-10-24,Cityscape,Natural,2
2024-10-24,Cityscape,Outdoor,1
2024-10-24,Cityscape,Religious,1
2024-10-24,Cityscape,Shopping,2
2024-10-24,Cityscape,area,4
2024-10-24,Cultural,Entertainment,1
2024-10-24,Dining,Cityscape,2
2024-10-24,Dining,Dining,10
2024-10-24,Dining,area,3
2024-10-24,Entertainment,Cityscape,7
2024-10-24,Entertainment,Cultural,2
2024-10-24,Entertainment,Entertainment,8
2024-10-24,Entertainment,Transit,4
2024-10-24,Entertainment,area,5
2024-10-24,Hotel,Cityscape,1
2024-10-24,Hotel,Entertainment,1
2024-10-24,Natural,Cityscape,1
2024-10-24,Natural,Entertainment,1
2024-10-24,Natural,Shopping,1
2024-10-24,Natural,Transit,1
2024-10-24,Outdoor,Cityscape,2
2024-10-24,Outdoor,Natural,1
2024-10-24,Outdoor,area,1
2024-10-24,Religious,Natural,1
2024-10-24,Shopping,Cityscape,2
2024-10-24,Shopping,Dining,1
2024-10-24,Shopping,Entertainment,1
2024-10-24,Shopping,area,1
2024-10-24,Transit,Cityscape,3
2024-10-24,Transit,Cultural,1
2024-10-24,Transit,Entertainment,4
2024-10-24,Transit,Outdoor,1
2024-10-24,Transit,Transit,1
2024-10-24,Transit,area,4
2024-10-24,area,Cityscape,7
2024-10-24,area,Dining,2
2024-10-24,area,Entertainment,4
2024-10-24,area,Shopping,3
2024-10-24,area,Transit,2
2024-10-24,area,area,2
2024-10-25,Cityscape,Cityscape,5
2024-10-25,Cityscape,Entertainment,4
2024-10-25,Cityscape,Religious,1
2024-10-25,Cityscape,Transit,1
2024-10-25,Cityscape,area,1
2024-10-25,Cultural,Cityscape,1
2024-10-25,Cultural,Cultural,1
2024-10-25,Cultural,Entertainment,2
2024-10-25,Cultural,Natural,1
2024-10-25,Cultural,Religious,2
2024-10-25,Dining,Cityscape,1
2024-10-25,Dining,Dining,1
2024-10-25,Dining,Entertainment,2
2024-10-25,Entertainment,Cityscape,3
2024-10-25,Entertainment,Cultural,4
2024-10-25,Entertainment,Dining,2
2024-10-25,Entertainment,Entertainment,29
2024-10-25,Entertainment,Hotel,3
2024-10-25,Entertainment,Religious,1
2024-10-25,Entertainment,Transit,8
2024-10-25,Entertainment,area,5
2024-10-25,Hotel,Entertainment,3
2024-10-25,Hotel,area,1
2024-10-25,Natural,Entertainment,1
2024-10-25,Natural,Hotel,1
2024-10-25,Natural,Outdoor,1
2024-10-25,Outdoor,area,1
2024-10-25,Religious,Cultural,1
2024-10-25,Religious,Entertainment,1
2024-10-25,Religious,Shopping,1
2024-10-25,Religious,area,2
2024-10-25,Shopping,Dining,1
2024-10-25,Shopping,Shopping,2
2024-10-25,Shopping,Transit,1
2024-10-25,Shopping,area,1
2024-10-25,Transit,Cityscape,2
2024-10-25,Transit,Cultural,2
2024-10-25,Transit,Dining,1
2024-10-25,Transit,Entertainment,10
2024-10-25,Transit,Hotel,1
2024-10-25,area,Cityscape,1
2024-10-25,area,Cultural,1
2024-10-25,area,Dining,1
2024-10-25,area,Entertainment,4
2024-10-25,area,Natural,1
2024-10-25,area,Religious,1
2024-10-25,area,Shopping,2
2024-10-25,area,area,2
2024-10-26,Cityscape,Cityscape,3
2024-10-26,Cityscape,Dining,1
2024-10-26,Cityscape,Entertainment,5
2024-10-26,Cityscape,Natural,4
2024-10-26,Cityscape,Religious,1
2024-10-26,Cityscape,Shopping,1
2024-10-26,Cityscape,Transit,2
2024-10-26,Cultural,Cityscape,1
2024-10-26,Cultural,Entertainment,2
2024-10-26,Cultural,Natural,1
2024-10-26,Cultural,Religious,1
2024-10-26,Cultural,Shopping,1
2024-10-26,Dining,Dining,1
2024-10-26,Dining,Transit,1
2024-10-26,Dining,area,1
2024-10-26,Entertainment,Cityscape,6
2024-10-26,Entertainment,Cultural,4
2024-10-26,Entertainment,Entertainment,13
2024-10-26,Entertainment,Hotel,2
2024-10-26,Entertainment,Natural,1
2024-10-26,Entertainment,Outdoor,1
2024-10-26,Entertainment,Religious,2
2024-10-26,Entertainment,Shopping,2
2024-10-26,Entertainment,Transit,6
2024-10-26,Entertainment,area,2
2024-10-26,Hotel,Entertainment,2
2024-10-26,Natural,Cityscape,2
2024-10-26,Natural,Cultural,1
2024-10-26,Natural,Entertainment,2
2024-10-26,Natural,Religious,1
2024-10-26,Natural,area,1
2024-10-26,Outdoor,Entertainment,1
2024-10-26,Outdoor,Natural,1
2024-10-26,Outdoor,Religious,2
2024-10-26,Outdoor,area,1
2024-10-26,Religious,Dining,1
2024-10-26,Religious,Entertainment,2
2024-10-26,Religious,Natural,1
2024-10-26,Religious,Religious,1
2024-10-26,Religious,area,3
2024-10-26,Shopping,Cityscape,2
2024-10-26,Shopping,Cultural,1
2024-10-26,Shopping,Entertainment,2
2024-10-26,Shopping,Shopping,1
2024-10-26,Shopping,area,1
2024-10-26,Transit,Cityscape,4
2024-10-26,Transit,Entertainment,7
2024-10-26,Transit,Natural,2
2024-10-26,Transit,Religious,1
2024-10-26,Transit,Shopping,1
2024-10-26,Transit,area,1
2024-10-26,area,Entertainment,4
2024-10-26,area,Natural,1
2024-10-26,area,Outdoor,3
2024-10-26,area,Shopping,1
2024-10-26,area,Transit,1
2024-10-26,area,area,8
2024-10-27,Cityscape,Cityscape,9
2024-10-27,Cityscape,Cultural,1
2024-10-27,Cityscape,Entertainment,6
2024-10-27,Cityscape,Transit,1
2024-10-27,Cityscape,area,3
2024-10-27,Cultural,Cityscape,1
2024-10-27,Cultural,Dining,1
2024-10-27,Cultural,Entertainment,4
2024-10-27,Cultural,Natural,1
2024-10-27,Cultural,Religious,1
2024-10-27,Cultural,Shopping,1
2024-10-27,Cultural,Transit,1
2024-10-27,Dining,Dining,3
2024-10-27,Dining,area,2
2024-10-27,Entertainment,Cityscape,5
2024-10-27,Entertainment,Cultural,3
2024-10-27,Entertainment,Entertainment,21
2024-10-27,Entertainment,Hotel,3
2024-10-27,Entertainment,Natural,2
2024-10-27,Entertainment,Religious,1
2024-10-27,Entertainment,Transit,2
2024-10-27,Entertainment,area,2
2024-10-27,Hotel,Entertainment,5
2024-10-27,Natural,Cityscape,1
2024-10-27,Natural,Cultural,2
2024-10-27,Natural,Entertainment,2
2024-10-27,Natural,Outdoor,1
2024-10-27,Natural,Religious,2
2024-10-27,Natural,Transit,2
2024-10-27,Natural,area,3
2024-10-27,Outdoor,Cityscape,1
2024-10-27,Outdoor,Outdoor,2
2024-10-27,Religious,Cityscape,1
2024-10-27,Religious,Cultural,3
2024-10-27,Religious,Dining,1
2024-10-27,Religious,Entertainment,1
2024-10-27,Religious,Natural,3
2024-10-27,Religious,Religious,2
2024-10-27,Religious,Shopping,1
2024-10-27,Religious,area,2
2024-10-27,Shopping,Religious,1
2024-10-27,Shopping,Shopping,1
2024-10-27,Shopping,Transit,1
2024-10-27,Shopping,area,1
2024-10-27,Transit,Cityscape,2
2024-10-27,Transit,Cultural,1
2024-10-27,Transit,Dining,1
2024-10-27,Transit,Entertainment,2
2024-10-27,Transit,Hotel,1
2024-10-27,Transit,Natural,1
2024-10-27,Transit,Religious,1
2024-10-27,Transit,Transit,2
2024-10-27,area,Cityscape,1
2024-10-27,area,Dining,1
2024-10-27,area,Entertainment,2
2024-10-27,area,Natural,2
2024-10-27,area,Religious,4
2024-10-27,area,Shopping,2
2024-10-27,area,area,2
2024-10-28,Cityscape,Cityscape,6
2024-10-28,Cityscape,Cultural,1
2024-10-28,Cityscape,Dining,1
2024-10-28,Cityscape,Entertainment,3
2024-10-28,Cityscape,Hotel,1
2024-10-28,Cityscape,Natural,2
2024-10-28,Cityscape,Shopping,1
2024-10-28,Cityscape,area,2
2024-10-28,Cultural,Cityscape,2
2024-10-28,Cultural,Entertainment,1
2024-10-28,Cultural,Religious,1
2024-10-28,Cultural,Transit,1
2024-10-28,Cultural,area,2
2024-10-28,Dining,Entertainment,1
2024-10-28,Dining,Hotel,1
2024-10-28,Dining,area,1
2024-10-28,Entertainment,Cityscape,5
2024-10-28,Entertainment,Entertainment,13
2024-10-28,Entertainment,Hotel,2
2024-10-28,Entertainment,Natural,1
2024-10-28,Entertainment,Outdoor,1
2024-10-28,Entertainment,Shopping,2
2024-10-28,Entertainment,Transit,5
2024-10-28,Entertainment,area,1
2024-10-28,Natural,Cityscape,1
2024-10-28,Natural,Entertainment,1
2024-10-28,Natural,Outdoor,2
2024-10-28,Natural,Religious,3
2024-10-28,Outdoor,Cultural,1
2024-10-28,Outdoor,Natural,1
2024-10-28,Outdoor,Transit,1
2024-10-28,Religious,Cityscape,1
2024-10-28,Religious,Natural,3
2024-10-28,Religious,Outdoor,1
2024-10-28,Religious,Religious,2
2024-10-28,Religious,area,4
2024-10-28,Shopping,Cityscape,2
2024-10-28,Shopping,Cultural,1
2024-10-28,Shopping,Dining,1
2024-10-28,Shopping,Entertainment,1
2024-10-28,Shopping,Religious,1
2024-10-28,Shopping,Shopping,1
2024-10-28,Transit,Cityscape,1
2024-10-28,Transit,Cultural,1
2024-10-28,Transit,Entertainment,8
2024-10-28,Transit,Religious,1
2024-10-28,Transit,Transit,1
2024-10-28,Transit,area,2
2024-10-28,area,Cultural,1
2024-10-28,area,Dining,1
2024-10-28,area,Entertainment,2
2024-10-28,area,Religious,5
2024-10-28,area,Shopping,1
2024-10-28,area,Transit,3
2024-10-28,area,area,4
2024-10-29,Cityscape,Cityscape,5
2024-10-29,Cityscape,Cultural,1
2024-10-29,Cityscape,Entertainment,6
2024-10-29,Cityscape,Natural,1
2024-10-29,Cityscape,Outdoor,2
2024-10-29,Cityscape,Religious,1
2024-10-29,Cityscape,Transit,2
2024-10-29,Cityscape,area,4
2024-10-29,Cultural,Natural,1
2024-10-29,Cultural,area,1
2024-10-29,Dining,Cityscape,1
2024-10-29,Dining,Dining,5
2024-10-29,Dining,area,1
2024-10-29,Entertainment,Cityscape,5
2024-10-29,Entertainment,Entertainment,17
2024-10-29,Entertainment,Natural,1
2024-10-29,Entertainment,Transit,3
2024-10-29,Entertainment,area,3
2024-10-29,Hotel,Cityscape,1
2024-10-29,Hotel,Entertainment,1
2024-10-29,Natural,Cityscape,1
2024-10-29,Natural,Cultural,1
2024-10-29,Natural,Entertainment,1
2024-10-29,Natural,Transit,1
2024-10-29,Natural,area,2
2024-10-29,Outdoor,Cityscape,2
2024-10-29,Religious,Natural,2
2024-10-29,Religious,area,1
2024-10-29,Shopping,Dining,1
2024-10-29,Shopping,Shopping,1
2024-10-29,Shopping,Transit,1
2024-10-29,Shopping,area,1
2024-10-29,Transit,Cityscape,2
2024-10-29,Transit,Dining,3
2024-10-29,Transit,Entertainment,4
2024-10-29,Transit,area,4
2024-10-29,area,Cityscape,9
2024-10-29,area,Entertainment,3
2024-10-29,area,Natural,2
2024-10-29,area,Religious,2
2024-10-29,area,Shopping,4
2024-10-29,area,area,4
2024-10-30,Cityscape,Cityscape,2
2024-10-30,Cityscape,Cultural,2
2024-10-30,Cityscape,Entertainment,7
2024-10-30,Cityscape,Hotel,1
2024-10-30,Cityscape,Natural,1
2024-10-30,Cityscape,Religious,1
2024-10-30,Cityscape,Shopping,1
2024-10-30,Cityscape,Transit,1
2024-10-30,Cityscape,area,2
2024-10-30,Cultural,Cityscape,1
2024-10-30,Cultural,Cultural,1
2024-10-30,Cultural,Entertainment,1
2024-10-30,Cultural,Hotel,1
2024-10-30,Dining,Dining,1
2024-10-30,Dining,Entertainment,1
2024-10-30,Dining,Shopping,2
2024-10-30,Dining,area,1
2024-10-30,Entertainment,Cityscape,4
2024-10-30,Entertainment,Cultural,1
2024-10-30,Entertainment,Dining,1
2024-10-30,Entertainment,Entertainment,29
2024-10-30,Entertainment,Hotel,4
2024-10-30,Entertainment,Natural,1
2024-10-30,Entertainment,Shopping,1
2024-10-30,Entertainment,Transit,2
2024-10-30,Entertainment,area,1
2024-10-30,Hotel,Entertainment,3
2024-10-30,Hotel,Hotel,3
2024-10-30,Hotel,area,1
2024-10-30,Natural,Cityscape,1
2024-10-30,Natural,Outdoor,1
2024-10-30,Natural,area,2
2024-10-30,Outdoor,Entertainment,1
2024-10-30,Religious,Cityscape,1
2024-10-30,Religious,Religious,2
2024-10-30,Shopping,Cityscape,1
2024-10-30,Shopping,Cultural,1
2024-10-30,Shopping,Dining,2
2024-10-30,Shopping,Entertainment,1
2024-10-30,Shopping,Religious,1
2024-10-30,Shopping,Shopping,1
2024-10-30,Shopping,Transit,1
2024-10-30,Shopping,area,1
2024-10-30,Transit,Cityscape,2
2024-10-30,Transit,Entertainment,1
2024-10-30,Transit,Natural,3
2024-10-30,Transit,Shopping,1
2024-10-30,Transit,area,1
2024-10-30,area,Cityscape,2
2024-10-30,area,Entertainment,2
2024-10-30,area,Natural,1
2024-10-30,area,Religious,1
2024-10-30,area,Shopping,2
2024-10-30,area,area,5
2024-10-31,Cityscape,Cityscape,2
2024-10-31,Cityscape,Cultural,2
2024-10-31,Cityscape,Entertainment,3
2024-10-31,Cityscape,Hotel,2
2024-10-31,Cityscape,Natural,3
2024-10-31,Cityscape,Religious,1
2024-10-31,Cityscape,Shopping,1
2024-10-31,Cityscape,Transit,1
2024-10-31,Cityscape,area,1
2024-10-31,Cultural,Cityscape,1
2024-10-31,Cultural,Entertainment,5
2024-10-31,Cultural,area,2
2024-10-31,Dining,Cityscape,1
2024-10-31,Dining,Dining,1
2024-10-31,Dining,Entertainment,1
2024-10-31,Dining,Shopping,1
2024-10-31,Dining,area,2
2024-10-31,Entertainment,Cityscape,6
2024-10-31,Entertainment,Cultural,3
2024-10-31,Entertainment,Dining,2
2024-10-31,Entertainment,Entertainment,7
2024-10-31,Entertainment,Shopping,2
2024-10-31,Entertainment,Transit,3
2024-10-31,Entertainment,area,1
2024-10-31,Hotel,Cityscape,2
2024-10-31,Hotel,area,1
2024-10-31,Natural,Cityscape,2
2024-10-31,Natural,Dining,1
2024-10-31,Natural,Natural,1
2024-10-31,Natural,Religious,1
2024-10-31,Natural,Transit,1
2024-10-31,Natural,area,1
2024-10-31,Outdoor,Shopping,1
2024-10-31,Religious,Cityscape,3
2024-10-31,Religious,Natural,1
2024-10-31,Religious,Outdoor,1
2024-10-31,Shopping,Cultural,1
2024-10-31,Shopping,Entertainment,1
2024-10-31,Shopping,Hotel,1
2024-10-31,Shopping,Shopping,2
2024-10-31,Shopping,Transit,1
2024-10-31,Transit,Cityscape,3
2024-10-31,Transit,Entertainment,5
2024-10-31,Transit,Transit,1
2024-10-31,Transit,area,4
2024-10-31,area,Cityscape,2
2024-10-31,area,Dining,2
2024-10-31,area,Entertainment,2
2024-10-31,area,Religious,3
2024-10-31,area,Shopping,1
2024-10-31,area,Transit,3
2024-10-31,area,area,2
2024-11-01,Cityscape,Cityscape,2
2024-11-01,Cityscape,Cultural,3
2024-11-01,Cityscape,Dining,1
2024-11-01,Cityscape,Entertainment,4
2024-11-01,Cityscape,Religious,2
2024-11-01,Cityscape,area,2
2024-11-01,Cultural,Cityscape,2
2024-11-01,Cultural,Dining,1
2024-11-01,Cultural,Entertainment,2
2024-11-01,Cultural,Natural,1
2024-11-01,Cultural,Shopping,2
2024-11-01,Dining,Cityscape,1
2024-11-01,Dining,Cultural,1
2024-11-01,Dining,Dining,5
2024-11-01,Dining,Entertainment,1
2024-11-01,Dining,area,1
2024-11-01,Entertainment,Cityscape,4
2024-11-01,Entertainment,Cultural,3
2024-11-01,Entertainment,Entertainment,15
2024-11-01,Entertainment,Natural,3
2024-11-01,Entertainment,Transit,3
2024-11-01,Hotel,Natural,1
2024-11-01,Natural,Cityscape,1
2024-11-01,Natural,Entertainment,1
2024-11-01,Natural,Religious,1
2024-11-01,Natural,area,1
2024-11-01,Religious,Cultural,1
2024-11-01,Religious,Entertainment,3
2024-11-01,Shopping,Dining,1
2024-11-01,Shopping,Entertainment,1
2024-11-01,Transit,Cityscape,2
2024-11-01,Transit,Dining,1
2024-11-01,Transit,Entertainment,3
2024-11-01,Transit,Hotel,1
2024-11-01,Transit,Natural,1
2024-11-01,Transit,Transit,1
2024-11-01,area,Entertainment,1
2024-11-01,area,Religious,1
2024-11-02,Cityscape,Cityscape,2
2024-11-02,Cityscape,Dining,3
2024-11-02,Cityscape,Entertainment,5
2024-11-02,Cityscape,Natural,2
2024-11-02,Cityscape,Shopping,4
2024-11-02,Cityscape,Transit,1
2024-11-02,Cityscape,area,1
2024-11-02,Cultural,Entertainment,1
2024-11-02,Cultural,Natural,1
2024-11-02,Cultural,Shopping,1
2024-11-02,Dining,Cityscape,3
2024-11-02,Dining,Dining,9
2024-11-02,Dining,Entertainment,1
2024-11-02,Dining,Shopping,1
2024-11-02,Dining,area,1
2024-11-02,Entertainment,Cityscape,5
2024-11-02,Entertainment,Dining,1
2024-11-02,Entertainment,Entertainment,20
2024-11-02,Entertainment,Hotel,3
2024-11-02,Entertainment,Natural,2
2024-11-02,Entertainment,Shopping,1
2024-11-02,Entertainment,Transit,3
2024-11-02,Entertainment,area,1
2024-11-02,Hotel,Entertainment,3
2024-11-02,Hotel,Transit,1
2024-11-02,Natural,Cityscape,1
2024-11-02,Natural,Entertainment,2
2024-11-02,Natural,Outdoor,1
2024-11-02,Natural,Religious,2
2024-11-02,Natural,Shopping,1
2024-11-02,Natural,Transit,1
2024-11-02,Natural,area,2
2024-11-02,Outdoor,Natural,2
2024-11-02,Outdoor,Outdoor,2
2024-11-02,Religious,Entertainment,1
2024-11-02,Religious,Natural,1
2024-11-02,Religious,Religious,2
2024-11-02,Shopping,Cityscape,1
2024-11-02,Shopping,Dining,1
2024-11-02,Shopping,Entertainment,2
2024-11-02,Shopping,Natural,1
2024-11-02,Shopping,Religious,1
2024-11-02,Shopping,Shopping,1
2024-11-02,Shopping,area,1
2024-11-02,Transit,Cityscape,2
2024-11-02,Transit,Cultural,2
2024-11-02,Transit,Dining,1
2024-11-02,Transit,Entertainment,1
2024-11-02,Transit,Hotel,1
2024-11-02,Transit,Shopping,1
2024-11-02,Transit,area,1
2024-11-02,area,Cityscape,2
2024-11-02,area,Entertainment,2
2024-11-02,area,Natural,1
2024-11-02,area,Shopping,2
2024-11-02,area,Transit,1
2024-11-02,area,area,3
2024-11-03,Cityscape,Cityscape,4
2024-11-03,Cityscape,Cultural,4
2024-11-03,Cityscape,Entertainment,9
2024-11-03,Cityscape,Outdoor,1
2024-11-03,Cityscape,Shopping,2
2024-11-03,Cityscape,Transit,3
2024-11-03,Cityscape,area,3
2024-11-03,Cultural,Cityscape,3
2024-11-03,Cultural,Entertainment,2
2024-11-03,Cultural,Natural,1
2024-11-03,Cultural,Shopping,1
2024-11-03,Dining,Cityscape,1
2024-11-03,Dining,Dining,5
2024-11-03,Dining,Entertainment,1
2024-11-03,Dining,area,2
2024-11-03,Entertainment,Cityscape,10
2024-11-03,Entertainment,Cultural,2
2024-11-03,Entertainment,Entertainment,12
2024-11-03,Entertainment,Hotel,3
2024-11-03,Entertainment,Religious,2
2024-11-03,Entertainment,Shopping,1
2024-11-03,Entertainment,Transit,4
2024-11-03,Entertainment,area,3
2024-11-03,Hotel,Cultural,1
2024-11-03,Hotel,Entertainment,5
2024-11-03,Natural,Entertainment,1
2024-11-03,Natural,Outdoor,1
2024-11-03,Natural,Religious,3
2024-11-03,Natural,Shopping,1
2024-11-03,Natural,Transit,1
2024-11-03,Religious,Entertainment,1
2024-11-03,Religious,Hotel,1
2024-11-03,Religious,Natural,3
2024-11-03,Religious,Religious,2
2024-11-03,Religious,area,1
2024-11-03,Shopping,Cityscape,2
2024-11-03,Shopping,Hotel,1
2024-11-03,Shopping,Shopping,1
2024-11-03,Transit,Cityscape,3
2024-11-03,Transit,Entertainment,3
2024-11-03,Transit,Natural,2
2024-11-03,Transit,Shopping,1
2024-11-03,area,Cityscape,1
2024-11-03,area,Dining,1
2024-11-03,area,Entertainment,3
2024-11-03,area,Hotel,1
2024-11-03,area,Natural,1
2024-11-03,area,Religious,1
2024-11-03,area,area,3
2024-11-04,Cityscape,Cityscape,1
2024-11-04,Cityscape,Cultural,1
2024-11-04,Cityscape,Dining,1
2024-11-04,Cityscape,Entertainment,2
2024-11-04,Cityscape,Natural,1
2024-11-04,Cityscape,Outdoor,1
2024-11-04,Cityscape,Shopping,1
2024-11-04,Cityscape,area,1
2024-11-04,Cultural,Cityscape,1
2024-11-04,Cultural,Cultural,1
2024-11-04,Cultural,Entertainment,2
2024-11-04,Cultural,Religious,1
2024-11-04,Cultural,Shopping,1
2024-11-04,Cultural,area,2
2024-11-04,Dining,Dining,3
2024-11-04,Dining,Entertainment,2
2024-11-04,Dining,Shopping,1
2024-11-04,Dining,area,1
2024-11-04,Entertainment,Cityscape,4
2024-11-04,Entertainment,Cultural,3
2024-11-04,Entertainment,Entertainment,7
2024-11-04,Entertainment,Hotel,7
2024-11-04,Entertainment,Natural,2
2024-11-04,Entertainment,Transit,1
2024-11-04,Entertainment,area,1
2024-11-04,Hotel,Entertainment,6
2024-11-04,Hotel,Transit,1
2024-11-04,Natural,Cityscape,1
2024-11-04,Natural,Entertainment,2
2024-11-04,Natural,Outdoor,2
2024-11-04,Natural,Shopping,1
2024-11-04,Natural,area,3
2024-11-04,Outdoor,Cityscape,1
2024-11-04,Outdoor,Entertainment,1
2024-11-04,Outdoor,Religious,1
2024-11-04,Religious,Dining,1
2024-11-04,Religious,Entertainment,2
2024-11-04,Religious,Religious,7
2024-11-04,Shopping,Cultural,1
2024-11-04,Shopping,Transit,1
2024-11-04,Shopping,area,2
2024-11-04,Transit,Dining,1
2024-11-04,Transit,Entertainment,2
2024-11-04,Transit,area,5
2024-11-04,area,Cultural,2
2024-11-04,area,Dining,1
2024-11-04,area,Natural,1
2024-11-04,area,Religious,1
2024-11-04,area,Shopping,1
2024-11-04,area,Transit,4
2024-11-04,area,area,1
2024-11-05,Cityscape,Cityscape,4
2024-11-05,Cityscape,Entertainment,3
2024-11-05,Cityscape,Natural,1
2024-11-05,Cityscape,Shopping,1
2024-11-05,Cityscape,Transit,1
2024-11-05,Cityscape,area,3
2024-11-05,Cultural,Cityscape,3
2024-11-05,Cultural,Cultural,2
2024-11-05,Cultural,Entertainment,1
2024-11-05,Cultural,Natural,1
2024-11-05,Cultural,Religious,1
2024-11-05,Cultural,area,1
2024-11-05,Dining,Dining,14
2024-11-05,Dining,Entertainment,1
2024-11-05,Entertainment,Cityscape,4
2024-11-05,Entertainment,Dining,1
2024-11-05,Entertainment,Entertainment,25
2024-11-05,Entertainment,Hotel,1
2024-11-05,Entertainment,Natural,3
2024-11-05,Entertainment,Outdoor,1
2024-11-05,Entertainment,Religious,1
2024-11-05,Entertainment,Transit,3
2024-11-05,Hotel,Cultural,2
2024-11-05,Hotel,Entertainment,2
2024-11-05,Natural,Cityscape,4
2024-11-05,Natural,Entertainment,2
2024-11-05,Natural,Natural,3
2024-11-05,Natural,Religious,1
2024-11-05,Natural,area,2
2024-11-05,Outdoor,Natural,1
2024-11-05,Religious,Entertainment,2
2024-11-05,Shopping,Cityscape,1
2024-11-05,Shopping,Cultural,1
2024-11-05,Transit,Cultural,1
2024-11-05,Transit,Entertainment,5
2024-11-05,Transit,Hotel,2
2024-11-05,Transit,Religious,2
2024-11-05,Transit,area,2
2024-11-05,area,Entertainment,3
2024-11-05,area,Natural,1
2024-11-05,area,Shopping,1
2024-11-05,area,Transit,1
2024-11-05,area,area,1
2024-11-06,Cityscape,Cityscape,3
2024-11-06,Cityscape,Cultural,3
2024-11-06,Cityscape,Dining,1
2024-11-06,Cityscape,Entertainment,6
2024-11-06,Cityscape,Hotel,1
2024-11-06,Cityscape,area,2
2024-11-06,Cultural,Cityscape,1
2024-11-06,Cultural,Natural,1
2024-11-06,Cultural,Transit,2
2024-11-06,Cultural,area,1
2024-11-06,Dining,Entertainment,1
2024-11-06,Dining,Shopping,1
2024-11-06,Dining,Transit,1
2024-11-06,Dining,area,1
2024-11-06,Entertainment,Cityscape,7
2024-11-06,Entertainment,Dining,1
2024-11-06,Entertainment,Entertainment,24
2024-11-06,Entertainment,Hotel,4
2024-11-06,Entertainment,Natural,1
2024-11-06,Entertainment,Shopping,1
2024-11-06,Entertainment,Transit,3
2024-11-06,Entertainment,area,3
2024-11-06,Hotel,Entertainment,3
2024-11-06,Hotel,Shopping,2
2024-11-06,Natural,Cultural,1
2024-11-06,Natural,Natural,1
2024-11-06,Natural,Religious,1
2024-11-06,Natural,area,1
2024-11-06,Religious,Cultural,1
2024-11-06,Religious,area,1
2024-11-06,Shopping,Cityscape,2
2024-11-06,Shopping,Entertainment,1
2024-11-06,Shopping,area,1
2024-11-06,Transit,Cityscape,1
2024-11-06,Transit,Dining,1
2024-11-06,Transit,Entertainment,4
2024-11-06,Transit,Shopping,1
2024-11-06,Transit,area,4
2024-11-06,area,Cityscape,4
2024-11-06,area,Cultural,1
2024-11-06,area,Dining,1
2024-11-06,area,Entertainment,2
2024-11-06,area,Hotel,1
2024-11-06,area,Natural,1
2024-11-06,area,Religious,2
2024-11-06,area,Shopping,2
2024-11-06,area,Transit,3
2024-11-06,area,area,4
2024-11-07,Cityscape,Cityscape,3
2024-11-07,Cityscape,Cultural,1
2024-11-07,Cityscape,Entertainment,6
2024-11-07,Cityscape,Hotel,1
2024-11-07,Cityscape,Natural,1
2024-11-07,Cityscape,Outdoor,1
2024-11-07,Cityscape,Religious,1
2024-11-07,Cityscape,Shopping,1
2024-11-07,Cityscape,Transit,1
2024-11-07,Cityscape,area,3
2024-11-07,Cultural,Cityscape,1
2024-11-07,Cultural,Entertainment,2
2024-11-07,Cultural,Natural,1
2024-11-07,Cultural,Shopping,2
2024-11-07,Entertainment,Cityscape,8
2024-11-07,Entertainment,Entertainment,13
2024-11-07,Entertainment,Hotel,1
2024-11-07,Entertainment,Natural,1
2024-11-07,Entertainment,Religious,1
2024-11-07,Entertainment,Shopping,1
2024-11-07,Entertainment,Transit,3
2024-11-07,Entertainment,area,1
2024-11-07,Hotel,Entertainment,2
2024-11-07,Natural,Entertainment,2
2024-11-07,Natural,Natural,1
2024-11-07,Natural,Outdoor,1
2024-11-07,Natural,Religious,6
2024-11-07,Natural,Transit,1
2024-11-07,Natural,area,3
2024-11-07,Outdoor,Cityscape,1
2024-11-07,Religious,Entertainment,2
2024-11-07,Religious,Natural,5
2024-11-07,Religious,Religious,9
2024-11-07,Religious,area,1
2024-11-07,Shopping,Cultural,1
2024-11-07,Shopping,Entertainment,1
2024-11-07,Shopping,Hotel,1
2024-11-07,Shopping,Transit,1
2024-11-07,Shopping,area,1
2024-11-07,Sport,area,1
2024-11-07,Transit,Cityscape,2
2024-11-07,Transit,Cultural,1
2024-11-07,Transit,Entertainment,3
2024-11-07,Transit,Natural,2
2024-11-07,Transit,Shopping,1
2024-11-07,area,Cityscape,2
2024-11-07,area,Cultural,1
2024-11-07,area,Entertainment,2
2024-11-07,area,Natural,3
2024-11-07,area,Religious,1
2024-11-07,area,Shopping,2
2024-11-07,area,area,2
2024-11-08,Cityscape,Cityscape,1
2024-11-08,Cityscape,Cultural,1
2024-11-08,Cityscape,Dining,1
2024-11-08,Cityscape,Entertainment,1
2024-11-08,Cityscape,Natural,1
2024-11-08,Cityscape,Outdoor,1
2024-11-08,Cityscape,Religious,1
2024-11-08,Cityscape,Shopping,2
2024-11-08,Cityscape,Transit,3
2024-11-08,Cityscape,area,1
2024-11-08,Cultural,Cultural,1
2024-11-08,Cultural,Entertainment,4
2024-11-08,Cultural,Religious,1
2024-11-08,Dining,Cityscape,1
2024-11-08,Dining,Entertainment,1
2024-11-08,Dining,Shopping,1
2024-11-08,Entertainment,Cityscape,1
2024-11-08,Entertainment,Dining,1
2024-11-08,Entertainment,Entertainment,5
2024-11-08,Entertainment,Hotel,1
2024-11-08,Entertainment,Shopping,1
2024-11-08,Entertainment,Transit,2
2024-11-08,Entertainment,area,2
2024-11-08,Hotel,Entertainment,1
2024-11-08,Hotel,area,1
2024-11-08,Natural,Cityscape,1
2024-11-08,Religious,Cityscape,1
2024-11-08,Religious,Cultural,1
2024-11-08,Religious,Natural,1
2024-11-08,Religious,Transit,1
2024-11-08,Religious,area,1
2024-11-08,Shopping,Cityscape,4
2024-11-08,Shopping,Entertainment,1
2024-11-08,Shopping,Hotel,1
2024-11-08,Shopping,area,1
2024-11-08,Transit,Cityscape,1
2024-11-08,Transit,Cultural,2
2024-11-08,Transit,Dining,1
2024-11-08,Transit,Entertainment,3
2024-11-08,Transit,Religious,1
2024-11-08,Transit,Transit,1
2024-11-08,Transit,area,4
2024-11-08,area,Cityscape,2
2024-11-08,area,Cultural,2
2024-11-08,area,Entertainment,2
2024-11-08,area,Religious,1
2024-11-08,area,Shopping,2
2024-11-08,area,Transit,2
2024-11-08,area,area,3
2024-11-09,Cityscape,Cityscape,1
2024-11-09,Cityscape,Dining,1
2024-11-09,Cityscape,Entertainment,4
2024-11-09,Cityscape,Hotel,2
2024-11-09,Cityscape,Natural,1
2024-11-09,Cityscape,Outdoor,1
2024-11-09,Cityscape,Shopping,2
2024-11-09,Cityscape,Transit,1
2024-11-09,Cityscape,area,1
2024-11-09,Cultural,Cityscape,1
2024-11-09,Cultural,Cultural,2
2024-11-09,Cultural,Entertainment,1
2024-11-09,Cultural,Natural,1
2024-11-09,Cultural,Religious,1
2024-11-09,Dining,Entertainment,3
2024-11-09,Entertainment,Cityscape,5
2024-11-09,Entertainment,Cultural,3
2024-11-09,Entertainment,Dining,2
2024-11-09,Entertainment,Entertainment,45
2024-11-09,Entertainment,Hotel,1
2024-11-09,Entertainment,Natural,2
2024-11-09,Entertainment,Religious,1
2024-11-09,Entertainment,Transit,4
2024-11-09,Hotel,Entertainment,1
2024-11-09,Hotel,Shopping,1
2024-11-09,Natural,Cityscape,1
2024-11-09,Natural,Entertainment,1
2024-11-09,Natural,Religious,1
2024-11-09,Natural,Shopping,1
2024-11-09,Outdoor,Outdoor,1
2024-11-09,Outdoor,area,1
2024-11-09,Religious,Cultural,1
2024-11-09,Religious,Natural,1
2024-11-09,Religious,Outdoor,1
2024-11-09,Religious,Religious,1
2024-11-09,Religious,area,3
2024-11-09,Shopping,Entertainment,2
2024-11-09,Shopping,Religious,1
2024-11-09,Transit,Cityscape,4
2024-11-09,Transit,Entertainment,3
2024-11-09,Transit,Natural,1
2024-11-09,Transit,Religious,1
2024-11-09,Transit,area,2
2024-11-09,area,Entertainment,1
2024-11-09,area,Religious,2
2024-11-09,area,Transit,2
2024-11-09,area,area,5
2024-11-10,Cityscape,Cityscape,5
2024-11-10,Cityscape,Entertainment,5
2024-11-10,Cityscape,Transit,1
2024-11-10,Cityscape,area,1
2024-11-10,Cultural,Entertainment,2
2024-11-10,Cultural,area,1
2024-11-10,Dining,Entertainment,1
2024-11-10,Dining,Hotel,1
2024-11-10,Dining,Transit,1
2024-11-10,Dining,area,3
2024-11-10,Entertainment,Cityscape,5
2024-11-10,Entertainment,Cultural,2
2024-11-10,Entertainment,Entertainment,26
2024-11-10,Entertainment,Hotel,1
2024-11-10,Entertainment,Natural,2
2024-11-10,Entertainment,Outdoor,1
2024-11-10,Entertainment,Religious,2
2024-11-10,Entertainment,Transit,5
2024-11-10,Entertainment,area,2
2024-11-10,Hotel,Cityscape,1
2024-11-10,Hotel,Entertainment,3
2024-11-10,Hotel,Shopping,1
2024-11-10,Natural,Cityscape,1
2024-11-10,Natural,Entertainment,3
2024-11-10,Natural,Religious,1
2024-11-10,Natural,Transit,1
2024-11-10,Religious,Entertainment,1
2024-11-10,Religious,Natural,2
2024-11-10,Shopping,Cityscape,1
2024-11-10,Shopping,Entertainment,1
2024-11-10,Transit,Cityscape,2
2024-11-10,Transit,Dining,3
2024-11-10,Transit,Entertainment,4
2024-11-10,Transit,Hotel,1
2024-11-10,Transit,Natural,5
2024-11-10,Transit,Shopping,1
2024-11-10,Transit,area,1
2024-11-10,area,Cityscape,3
2024-11-10,area,Cultural,3
2024-11-10,area,Dining,2
2024-11-10,area,Entertainment,3
2024-11-10,area,Transit,1
2024-11-10,area,area,3
2024-11-11,Cityscape,Cityscape,1
2024-11-11,Cityscape,Cultural,1
2024-11-11,Cityscape,Dining,2
2024-11-11,Cityscape,Entertainment,3
2024-11-11,Cityscape,Hotel,1
2024-11-11,Cityscape,Natural,3
2024-11-11,Cityscape,Transit,1
2024-11-11,Cityscape,area,1
2024-11-11,Cultural,Cityscape,1
2024-11-11,Cultural,Entertainment,1
2024-11-11,Cultural,area,1
2024-11-11,Dining,Cityscape,1
2024-11-11,Dining,Cultural,2
2024-11-11,Dining,Dining,1
2024-11-11,Dining,Entertainment,1
2024-11-11,Dining,Natural,1
2024-11-11,Dining,Shopping,1
2024-11-11,Entertainment,Cityscape,9
2024-11-11,Entertainment,Cultural,1
2024-11-11,Entertainment,Dining,1
2024-11-11,Entertainment,Entertainment,10
2024-11-11,Entertainment,Hotel,1
2024-11-11,Entertainment,Natural,1
2024-11-11,Entertainment,Outdoor,1
2024-11-11,Entertainment,Transit,3
2024-11-11,Entertainment,area,3
2024-11-11,Hotel,Entertainment,1
2024-11-11,Hotel,Shopping,1
2024-11-11,Hotel,Transit,2
2024-11-11,Natural,Cityscape,1
2024-11-11,Natural,Entertainment,2
2024-11-11,Natural,Religious,1
2024-11-11,Natural,Transit,1
2024-11-11,Natural,area,1
2024-11-11,Outdoor,Entertainment,1
2024-11-11,Outdoor,Natural,1
2024-11-11,Outdoor,Outdoor,2
2024-11-11,Outdoor,Religious,1
2024-11-11,Outdoor,area,2
2024-11-11,Religious,Cultural,1
2024-11-11,Religious,Dining,1
2024-11-11,Religious,Entertainment,1
2024-11-11,Religious,Natural,1
2024-11-11,Religious,Religious,2
2024-11-11,Religious,Shopping,1
2024-11-11,Religious,Transit,1
2024-11-11,Shopping,Cityscape,1
2024-11-11,Shopping,Entertainment,2
2024-11-11,Shopping,Hotel,1
2024-11-11,Shopping,Shopping,2
2024-11-11,Transit,Cityscape,2
2024-11-11,Transit,Dining,1
2024-11-11,Transit,Entertainment,8
2024-11-11,Transit,Natural,2
2024-11-11,Transit,Religious,1
2024-11-11,Transit,Shopping,2
2024-11-11,Transit,Transit,1
2024-11-11,Transit,area,2
2024-11-11,area,Cityscape,2
2024-11-11,area,Entertainment,1
2024-11-11,area,Hotel,1
2024-11-11,area,Natural,1
2024-11-11,area,Outdoor,2
2024-11-11,area,Religious,2
2024-11-11,area,Transit,2
2024-11-11,area,area,4
2024-11-12,Cityscape,Cityscape,5
2024-11-12,Cityscape,Cultural,4
2024-11-12,Cityscape,Dining,1
2024-11-12,Cityscape,Entertainment,4
2024-11-12,Cityscape,Hotel,1
2024-11-12,Cityscape,Natural,1
2024-11-12,Cityscape,Outdoor,1
2024-11-12,Cityscape,Religious,1
2024-11-12,Cityscape,Shopping,2
2024-11-12,Cityscape,Transit,2
2024-11-12,Cityscape,area,3
2024-11-12,Cultural,Cultural,2
2024-11-12,Cultural,Entertainment,3
2024-11-12,Cultural,Natural,1
2024-11-12,Cultural,Shopping,1
2024-11-12,Dining,Entertainment,1
2024-11-12,Dining,area,1
2024-11-12,Entertainment,Cityscape,5
2024-11-12,Entertainment,Cultural,1
2024-11-12,Entertainment,Entertainment,9
2024-11-12,Entertainment,Hotel,1
2024-11-12,Entertainment,Natural,4
2024-11-12,Entertainment,Shopping,1
2024-11-12,Entertainment,Transit,5
2024-11-12,Entertainment,area,3
2024-11-12,Hotel,Cityscape,2
2024-11-12,Hotel,Entertainment,1
2024-11-12,Hotel,area,1
2024-11-12,Natural,Entertainment,4
2024-11-12,Natural,Natural,1
2024-11-12,Natural,Outdoor,2
2024-11-12,Natural,Religious,5
2024-11-12,Natural,area,3
2024-11-12,Outdoor,Outdoor,1
2024-11-12,Outdoor,Religious,1
2024-11-12,Outdoor,Shopping,1
2024-11-12,Outdoor,area,2
2024-11-12,Religious,Natural,5
2024-11-12,Religious,Outdoor,1
2024-11-12,Religious,Religious,4
2024-11-12,Religious,area,2
2024-11-12,Shopping,Cityscape,2
2024-11-12,Shopping,Cultural,1
2024-11-12,Shopping,Entertainment,1
2024-11-12,Shopping,Hotel,1
2024-11-12,Shopping,Shopping,1
2024-11-12,Shopping,area,1
2024-11-12,Transit,Cityscape,2
2024-11-12,Transit,Entertainment,6
2024-11-12,Transit,Shopping,2
2024-11-12,Transit,Transit,1
2024-11-12,area,Cityscape,5
2024-11-12,area,Dining,1
2024-11-12,area,Entertainment,2
2024-11-12,area,Natural,4
2024-11-12,area,Outdoor,2
2024-11-12,area,Transit,1
2024-11-12,area,area,11
2024-11-13,Cityscape,Cityscape,1
2024-11-13,Cityscape,Cultural,1
2024-11-13,Cityscape,Transit,1
2024-11-13,Cityscape,area,3
2024-11-13,Cultural,Cityscape,2
2024-11-13,Cultural,Outdoor,1
2024-11-13,Cultural,Religious,1
2024-11-13,Dining,Dining,1
2024-11-13,Dining,Entertainment,1
2024-11-13,Dining,Hotel,1
2024-11-13,Dining,area,1
2024-11-13,Entertainment,Cityscape,4
2024-11-13,Entertainment,Cultural,3
2024-11-13,Entertainment,Entertainment,18
2024-11-13,Entertainment,Hotel,4
2024-11-13,Entertainment,Sport,1
2024-11-13,Entertainment,Transit,1
2024-11-13,Hotel,Entertainment,3
2024-11-13,Natural,Cultural,1
2024-11-13,Natural,Entertainment,1
2024-11-13,Natural,Religious,2
2024-11-13,Natural,area,3
2024-11-13,Outdoor,Cityscape,1
2024-11-13,Religious,Dining,1
2024-11-13,Religious,Natural,6
2024-11-13,Religious,Religious,1
2024-11-13,Religious,area,1
2024-11-13,Shopping,Dining,1
2024-11-13,Sport,Entertainment,1
2024-11-13,Transit,Cityscape,1
2024-11-13,Transit,Entertainment,3
2024-11-13,Transit,Religious,1
2024-11-13,Transit,Transit,1
2024-11-13,Transit,area,2
2024-11-13,area,Cityscape,2
2024-11-13,area,Cultural,1
2024-11-13,area,Entertainment,2
2024-11-13,area,Natural,3
2024-11-13,area,Outdoor,1
2024-11-14,Cityscape,Cityscape,3
2024-11-14,Cityscape,Cultural,2
2024-11-14,Cityscape,Entertainment,7
2024-11-14,Cityscape,Shopping,2
2024-11-14,Cityscape,Transit,2
2024-11-14,Cityscape,area,1
2024-11-14,Cultural,Cityscape,1
2024-11-14,Cultural,Entertainment,1
2024-11-14,Cultural,Hotel,1
2024-11-14,Cultural,Religious,1
2024-11-14,Cultural,area,1
2024-11-14,Dining,Cityscape,2
2024-11-14,Dining,Dining,9
2024-11-14,Dining,area,3
2024-11-14,Entertainment,Cityscape,7
2024-11-14,Entertainment,Cultural,1
2024-11-14,Entertainment,Entertainment,13
2024-11-14,Entertainment,Hotel,1
2024-11-14,Entertainment,Religious,1
2024-11-14,Entertainment,Shopping,3
2024-11-14,Entertainment,Transit,1
2024-11-14,Entertainment,area,2
2024-11-14,Hotel,Cityscape,2
2024-11-14,Hotel,Entertainment,4
2024-11-14,Natural,Religious,2
2024-11-14,Natural,Transit,1
2024-11-14,Natural,area,1
2024-11-14,Outdoor,Transit,1
2024-11-14,Religious,Cityscape,1
2024-11-14,Religious,Cultural,1
2024-11-14,Religious,Entertainment,1
2024-11-14,Religious,Natural,2
2024-11-14,Religious,Religious,3
2024-11-14,Religious,area,1
2024-11-14,Shopping,Entertainment,1
2024-11-14,Shopping,Religious,1
2024-11-14,Shopping,Transit,2
2024-11-14,Shopping,area,2
2024-11-14,Transit,Cityscape,2
2024-11-14,Transit,Entertainment,4
2024-11-14,Transit,Shopping,1
2024-11-14,Transit,Transit,1
2024-11-14,Transit,area,3
2024-11-14,area,Cityscape,3
2024-11-14,area,Dining,3
2024-11-14,area,Entertainment,2
2024-11-14,area,Natural,2
2024-11-14,area,Outdoor,1
2024-11-14,area,Religious,2
2024-11-14,area,Shopping,1
2024-11-14,area,Transit,2
2024-11-14,area,area,3
2024-11-15,Cityscape,Cityscape,2
2024-11-15,Cityscape,Cultural,1
2024-11-15,Cityscape,Entertainment,5
2024-11-15,Cityscape,Hotel,1
2024-11-15,Cityscape,Religious,1
2024-11-15,Cityscape,Shopping,1
2024-11-15,Cityscape,Transit,1
2024-11-15,Cityscape,area,1
2024-11-15,Cultural,Cityscape,1
2024-11-15,Cultural,Cultural,1
2024-11-15,Cultural,Shopping,1
2024-11-15,Dining,Dining,2
2024-11-15,Dining,Entertainment,1
2024-11-15,Dining,Shopping,1
2024-11-15,Entertainment,Cityscape,6
2024-11-15,Entertainment,Cultural,1
2024-11-15,Entertainment,Entertainment,10
2024-11-15,Entertainment,Hotel,2
2024-11-15,Entertainment,Religious,3
2024-11-15,Entertainment,Shopping,1
2024-11-15,Entertainment,Transit,2
2024-11-15,Entertainment,area,2
2024-11-15,Hotel,Entertainment,1
2024-11-15,Hotel,Outdoor,1
2024-11-15,Natural,Religious,2
2024-11-15,Outdoor,Natural,1
2024-11-15,Outdoor,Outdoor,1
2024-11-15,Outdoor,Religious,1
2024-11-15,Outdoor,area,1
2024-11-15,Religious,Entertainment,3
2024-11-15,Religious,Hotel,1
2024-11-15,Religious,Religious,1
2024-11-15,Religious,area,2
2024-11-15,Shopping,Cityscape,1
2024-11-15,Shopping,Dining,1
2024-11-15,Shopping,Entertainment,2
2024-11-15,Shopping,area,1
2024-11-15,Transit,Cityscape,1
2024-11-15,Transit,Entertainment,2
2024-11-15,Transit,Religious,1
2024-11-15,Transit,Shopping,3
2024-11-15,Transit,area,2
2024-11-15,area,Cityscape,2
2024-11-15,area,Dining,1
2024-11-15,area,Entertainment,2
2024-11-15,area,Outdoor,2
2024-11-15,area,Transit,1
2024-11-15,area,area,2
2024-11-16,Cityscape,Cityscape,6
2024-11-16,Cityscape,Cultural,2
2024-11-16,Cityscape,Entertainment,3
2024-11-16,Cityscape,Shopping,4
2024-11-16,Cityscape,Transit,1
2024-11-16,Cityscape,area,1
2024-11-16,Cultural,Cityscape,1
2024-11-16,Cultural,Entertainment,2
2024-11-16,Cultural,Shopping,1
2024-11-16,Entertainment,Cityscape,4
2024-11-16,Entertainment,Cultural,2
2024-11-16,Entertainment,Entertainment,8
2024-11-16,Entertainment,Hotel,3
2024-11-16,Entertainment,Natural,1
2024-11-16,Entertainment,Transit,4
2024-11-16,Hotel,Entertainment,3
2024-11-16,Natural,Cultural,1
2024-11-16,Natural,Entertainment,2
2024-11-16,Natural,Religious,2
2024-11-16,Outdoor,area,1
2024-11-16,Religious,Natural,3
2024-11-16,Religious,Religious,1
2024-11-16,Religious,area,1
2024-11-16,Shopping,Cityscape,4
2024-11-16,Shopping,area,1
2024-11-16,Transit,Cityscape,1
2024-11-16,Transit,Entertainment,2
2024-11-16,Transit,Natural,1
2024-11-16,area,Cityscape,2
2024-11-16,area,Entertainment,1
2024-11-16,area,Religious,2
2024-11-16,area,Shopping,1
2024-11-16,area,area,7
2024-11-17,Cityscape,Cityscape,2
2024-11-17,Cityscape,Cultural,4
2024-11-17,Cityscape,Entertainment,6
2024-11-17,Cityscape,Natural,2
2024-11-17,Cityscape,Religious,2
2024-11-17,Cityscape,Transit,1
2024-11-17,Cityscape,area,1
2024-11-17,Cultural,Cityscape,3
2024-11-17,Cultural,Cultural,2
2024-11-17,Cultural,Entertainment,1
2024-11-17,Cultural,Natural,2
2024-11-17,Cultural,Outdoor,1
2024-11-17,Cultural,Religious,2
2024-11-17,Cultural,area,2
2024-11-17,Dining,Dining,3
2024-11-17,Dining,Entertainment,1
2024-11-17,Dining,area,3
2024-11-17,Entertainment,Cityscape,7
2024-11-17,Entertainment,Cultural,2
2024-11-17,Entertainment,Dining,2
2024-11-17,Entertainment,Entertainment,11
2024-11-17,Entertainment,Hotel,3
2024-11-17,Entertainment,Natural,2
2024-11-17,Entertainment,Transit,1
2024-11-17,Entertainment,area,3
2024-11-17,Hotel,Entertainment,5
2024-11-17,Natural,Cityscape,1
2024-11-17,Natural,Dining,1
2024-11-17,Natural,Entertainment,1
2024-11-17,Natural,Hotel,1
2024-11-17,Natural,Religious,3
2024-11-17,Natural,Transit,1
2024-11-17,Natural,area,1
2024-11-17,Religious,Cityscape,2
2024-11-17,Religious,Entertainment,3
2024-11-17,Religious,Natural,2
2024-11-17,Religious,Religious,4
2024-11-17,Religious,area,3
2024-11-17,Shopping,area,1
2024-11-17,Transit,Cityscape,1
2024-11-17,Transit,Entertainment,2
2024-11-17,Transit,Natural,1
2024-11-17,Transit,Religious,1
2024-11-17,Transit,Transit,1
2024-11-17,Transit,area,1
2024-11-17,area,Cultural,2
2024-11-17,area,Dining,2
2024-11-17,area,Entertainment,2
2024-11-17,area,Hotel,1
2024-11-17,area,Natural,2
2024-11-17,area,Shopping,2
2024-11-17,area,Transit,1
2024-11-17,area,area,2
2024-11-18,Cityscape,Cityscape,4
2024-11-18,Cityscape,Entertainment,3
2024-11-18,Cityscape,Hotel,3
2024-11-18,Cityscape,Natural,1
2024-11-18,Cityscape,Religious,2
2024-11-18,Cityscape,Shopping,1
2024-11-18,Cityscape,Transit,1
2024-11-18,Cultural,Cityscape,2
2024-11-18,Cultural,Entertainment,1
2024-11-18,Cultural,Transit,1
2024-11-18,Cultural,area,1
2024-11-18,Dining,Dining,1
2024-11-18,Dining,Religious,1
2024-11-18,Entertainment,Cityscape,3
2024-11-18,Entertainment,Cultural,1
2024-11-18,Entertainment,Dining,1
2024-11-18,Entertainment,Entertainment,14
2024-11-18,Entertainment,Hotel,4
2024-11-18,Entertainment,Natural,2
2024-11-18,Entertainment,Religious,1
2024-11-18,Hotel,Dining,1
2024-11-18,Hotel,Entertainment,4
2024-11-18,Hotel,Hotel,1
2024-11-18,Hotel,area,1
2024-11-18,Natural,Entertainment,1
2024-11-18,Natural,Religious,1
2024-11-18,Natural,Transit,1
2024-11-18,Religious,Cityscape,2
2024-11-18,Religious,Religious,1
2024-11-18,Religious,Shopping,3
2024-11-18,Religious,area,4
2024-11-18,Shopping,Cityscape,1
2024-11-18,Shopping,Entertainment,1
2024-11-18,Shopping,Religious,1
2024-11-18,Shopping,Transit,1
2024-11-18,Transit,Cityscape,2
2024-11-18,Transit,Entertainment,2
2024-11-18,Transit,Natural,1
2024-11-18,Transit,area,2
2024-11-18,area,Cityscape,1
2024-11-18,area,Cultural,2
2024-11-18,area,Religious,5
2024-11-18,area,Transit,1
2024-11-18,area,area,3
2024-11-19,Cityscape,Cityscape,5
2024-11-19,Cityscape,Cultural,2
2024-11-19,Cityscape,Dining,3
2024-11-19,Cityscape,Entertainment,4
2024-11-19,Cityscape,Natural,1
2024-11-19,Cityscape,Religious,3
2024-11-19,Cityscape,Shopping,2
2024-11-19,Cityscape,area,2
2024-11-19,Cultural,Dining,2
2024-11-19,Cultural,Entertainment,1
2024-11-19,Cultural,Natural,3
2024-11-19,Cultural,Religious,1
2024-11-19,Cultural,area,2
2024-11-19,Dining,Cityscape,4
2024-11-19,Dining,Cultural,1
2024-11-19,Dining,Dining,4
2024-11-19,Dining,Shopping,1
2024-11-19,Entertainment,Cityscape,6
2024-11-19,Entertainment,Cultural,1
2024-11-19,Entertainment,Entertainment,13
2024-11-19,Entertainment,Hotel,2
2024-11-19,Entertainment,Natural,3
2024-11-19,Entertainment,Outdoor,1
2024-11-19,Entertainment,Shopping,3
2024-11-19,Entertainment,Transit,7
2024-11-19,Entertainment,area,2
2024-11-19,Hotel,Cityscape,1
2024-11-19,Hotel,Entertainment,2
2024-11-19,Hotel,Hotel,1
2024-11-19,Hotel,Shopping,1
2024-11-19,Natural,Cityscape,2
2024-11-19,Natural,Cultural,3
2024-11-19,Natural,Entertainment,3
2024-11-19,Natural,Natural,1
2024-11-19,Natural,Outdoor,5
2024-11-19,Natural,Religious,1
2024-11-19,Natural,Transit,1
2024-11-19,Natural,area,3
2024-11-19,Outdoor,Natural,2
2024-11-19,Outdoor,Outdoor,4
2024-11-19,Outdoor,area,1
2024-11-19,Religious,Cityscape,1
2024-11-19,Religious,Cultural,2
2024-11-19,Religious,Entertainment,2
2024-11-19,Religious,Natural,2
2024-11-19,Religious,Religious,1
2024-11-19,Religious,area,1
2024-11-19,Shopping,Cityscape,1
2024-11-19,Shopping,Cultural,1
2024-11-19,Shopping,Entertainment,2
2024-11-19,Shopping,Religious,1
2024-11-19,Shopping,Shopping,1
2024-11-19,Shopping,area,1
2024-11-19,Transit,Cityscape,2
2024-11-19,Transit,Cultural,1
2024-11-19,Transit,Dining,1
2024-11-19,Transit,Entertainment,8
2024-11-19,Transit,Natural,1
2024-11-19,Transit,Transit,2
2024-11-19,Transit,area,2
2024-11-19,area,Cityscape,3
2024-11-19,area,Dining,1
2024-11-19,area,Entertainment,3
2024-11-19,area,Hotel,1
2024-11-19,area,Natural,5
2024-11-19,area,Religious,2
2024-11-19,area,Transit,1
2024-11-19,area,area,2
2024-11-20,Cityscape,Cityscape,7
2024-11-20,Cityscape,Cultural,2
2024-11-20,Cityscape,Dining,1
2024-11-20,Cityscape,Entertainment,9
2024-11-20,Cityscape,Natural,1
2024-11-20,Cityscape,Shopping,1
2024-11-20,Cityscape,Transit,1
2024-11-20,Cultural,Cityscape,2
2024-11-20,Cultural,Natural,1
2024-11-20,Dining,Cityscape,1
2024-11-20,Dining,Dining,2
2024-11-20,Entertainment,Cityscape,8
2024-11-20,Entertainment,Cultural,1
2024-11-20,Entertainment,Entertainment,16
2024-11-20,Entertainment,Hotel,3
2024-11-20,Entertainment,Religious,1
2024-11-20,Entertainment,Transit,3
2024-11-20,Hotel,Entertainment,2
2024-11-20,Hotel,Transit,1
2024-11-20,Natural,Entertainment,3
2024-11-20,Natural,Religious,1
2024-11-20,Natural,Shopping,1
2024-11-20,Natural,Transit,1
2024-11-20,Outdoor,Entertainment,1
2024-11-20,Religious,Cityscape,1
2024-11-20,Religious,Entertainment,2
2024-11-20,Religious,Religious,2
2024-11-20,Religious,Shopping,1
2024-11-20,Shopping,Cityscape,1
2024-11-20,Shopping,Entertainment,2
2024-11-20,Shopping,Religious,1
2024-11-20,Shopping,Shopping,1
2024-11-20,Shopping,area,1
2024-11-20,Transit,Dining,1
2024-11-20,Transit,Entertainment,3
2024-11-20,Transit,Shopping,1
2024-11-20,Transit,area,2
2024-11-20,area,Cityscape,3
2024-11-20,area,Dining,1
2024-11-20,area,Religious,1
2024-11-20,area,Shopping,1
2024-11-20,area,Transit,1
2024-11-20,area,area,9
2024-11-21,Cityscape,Cityscape,2
2024-11-21,Cityscape,Cultural,3
2024-11-21,Cityscape,Dining,1
2024-11-21,Cityscape,Entertainment,8
2024-11-21,Cityscape,Hotel,2
2024-11-21,Cityscape,Outdoor,1
2024-11-21,Cityscape,area,2
2024-11-21,Cultural,Cultural,2
2024-11-21,Cultural,Entertainment,1
2024-11-21,Cultural,Natural,1
2024-11-21,Dining,Dining,3
2024-11-21,Dining,Entertainment,2
2024-11-21,Dining,Shopping,1
2024-11-21,Entertainment,Cityscape,5
2024-11-21,Entertainment,Dining,3
2024-11-21,Entertainment,Entertainment,21
2024-11-21,Entertainment,Hotel,3
2024-11-21,Entertainment,Natural,4
2024-11-21,Entertainment,Religious,1
2024-11-21,Entertainment,Shopping,2
2024-11-21,Entertainment,Transit,3
2024-11-21,Hotel,Entertainment,3
2024-11-21,Hotel,Shopping,1
2024-11-21,Natural,Cultural,1
2024-11-21,Natural,Entertainment,3
2024-11-21,Natural,Outdoor,2
2024-11-21,Natural,Religious,2
2024-11-21,Natural,Transit,1
2024-11-21,Natural,area,1
2024-11-21,Outdoor,Religious,1
2024-11-21,Religious,Cityscape,1
2024-11-21,Religious,Natural,3
2024-11-21,Religious,area,2
2024-11-21,Shopping,Cityscape,1
2024-11-21,Shopping,Entertainment,2
2024-11-21,Shopping,Hotel,1
2024-11-21,Shopping,Transit,1
2024-11-21,Transit,Cityscape,2
2024-11-21,Transit,Entertainment,2
2024-11-21,Transit,Shopping,1
2024-11-21,area,Cityscape,3
2024-11-21,area,Dining,1
2024-11-21,area,Entertainment,2
2024-11-21,area,Natural,2
2024-11-22,Cityscape,Cityscape,3
2024-11-22,Cityscape,Cultural,2
2024-11-22,Cityscape,Dining,2
2024-11-22,Cityscape,Entertainment,8
2024-11-22,Cityscape,Natural,2
2024-11-22,Cityscape,Religious,2
2024-11-22,Cityscape,area,2
2024-11-22,Cultural,Cityscape,2
2024-11-22,Cultural,Cultural,1
2024-11-22,Cultural,Entertainment,3
2024-11-22,Cultural,area,3
2024-11-22,Dining,Cityscape,1
2024-11-22,Dining,Entertainment,1
2024-11-22,Dining,Religious,1
2024-11-22,Dining,Transit,1
2024-11-22,Entertainment,Cityscape,8
2024-11-22,Entertainment,Cultural,3
2024-11-22,Entertainment,Dining,1
2024-11-22,Entertainment,Entertainment,33
2024-11-22,Entertainment,Hotel,1
2024-11-22,Entertainment,Transit,2
2024-11-22,Entertainment,area,3
2024-11-22,Hotel,Hotel,1
2024-11-22,Hotel,Transit,1
2024-11-22,Natural,Entertainment,1
2024-11-22,Natural,Shopping,1
2024-11-22,Natural,area,1
2024-11-22,Outdoor,Entertainment,1
2024-11-22,Religious,Cultural,1
2024-11-22,Religious,Religious,3
2024-11-22,Religious,Shopping,1
2024-11-22,Religious,area,3
2024-11-22,Shopping,Cityscape,2
2024-11-22,Shopping,Natural,2
2024-11-22,Shopping,Shopping,1
2024-11-22,Shopping,area,2
2024-11-22,Transit,Cityscape,3
2024-11-22,Transit,Entertainment,1
2024-11-22,Transit,Hotel,1
2024-11-22,Transit,Religious,1
2024-11-22,Transit,Transit,2
2024-11-22,Transit,area,1
2024-11-22,area,Cityscape,5
2024-11-22,area,Cultural,3
2024-11-22,area,Entertainment,3
2024-11-22,area,Religious,2
2024-11-22,area,Shopping,1
2024-11-22,area,area,5
2024-11-23,Cityscape,Cityscape,7
2024-11-23,Cityscape,Cultural,2
2024-11-23,Cityscape,Entertainment,4
2024-11-23,Cityscape,Hotel,1
2024-11-23,Cityscape,Outdoor,1
2024-11-23,Cityscape,Transit,1
2024-11-23,Cityscape,area,2
2024-11-23,Cultural,Cityscape,1
2024-11-23,Cultural,Natural,2
2024-11-23,Cultural,Religious,1
2024-11-23,Cultural,Transit,1
2024-11-23,Dining,Entertainment,1
2024-11-23,Entertainment,Cityscape,5
2024-11-23,Entertainment,Entertainment,10
2024-11-23,Entertainment,Hotel,4
2024-11-23,Entertainment,Natural,3
2024-11-23,Entertainment,Shopping,2
2024-11-23,Entertainment,Transit,2
2024-11-23,Entertainment,area,2
2024-11-23,Hotel,Cultural,1
2024-11-23,Hotel,Entertainment,3
2024-11-23,Hotel,Hotel,3
2024-11-23,Natural,Entertainment,2
2024-11-23,Natural,Religious,3
2024-11-23,Natural,Transit,1
2024-11-23,Religious,Cityscape,2
2024-11-23,Religious,Cultural,1
2024-11-23,Religious,Religious,5
2024-11-23,Religious,area,4
2024-11-23,Shopping,Entertainment,2
2024-11-23,Shopping,Hotel,1
2024-11-23,Shopping,area,2
2024-11-23,Transit,Cityscape,4
2024-11-23,Transit,Entertainment,1
2024-11-23,Transit,Shopping,1
2024-11-23,Transit,Transit,2
2024-11-23,Transit,area,3
2024-11-23,area,Cityscape,3
2024-11-23,area,Dining,1
2024-11-23,area,Entertainment,2
2024-11-23,area,Religious,2
2024-11-23,area,Shopping,2
2024-11-23,area,Transit,2
2024-11-23,area,area,3
2024-11-24,Cityscape,Cityscape,6
2024-11-24,Cityscape,Cultural,2
2024-11-24,Cityscape,Dining,1
2024-11-24,Cityscape,Entertainment,2
2024-11-24,Cityscape,Natural,1
2024-11-24,Cityscape,Shopping,2
2024-11-24,Cityscape,Transit,1
2024-11-24,Cityscape,area,3
2024-11-24,Cultural,Cityscape,4
2024-11-24,Cultural,Cultural,1
2024-11-24,Cultural,Natural,1
2024-11-24,Cultural,area,2
2024-11-24,Dining,Dining,1
2024-11-24,Dining,Entertainment,1
2024-11-24,Dining,Transit,1
2024-11-24,Dining,area,1
2024-11-24,Entertainment,Cityscape,2
2024-11-24,Entertainment,Dining,2
2024-11-24,Entertainment,Entertainment,19
2024-11-24,Entertainment,Religious,2
2024-11-24,Entertainment,Transit,1
2024-11-24,Entertainment,area,1
2024-11-24,Natural,Cultural,3
2024-11-24,Natural,Entertainment,1
2024-11-24,Natural,Natural,1
2024-11-24,Natural,area,1
2024-11-24,Outdoor,Outdoor,1
2024-11-24,Outdoor,Religious,1
2024-11-24,Religious,Entertainment,2
2024-11-24,Religious,Natural,1
2024-11-24,Religious,Outdoor,1
2024-11-24,Shopping,Cityscape,2
2024-11-24,Shopping,Cultural,1
2024-11-24,Shopping,area,1
2024-11-24,Transit,Cityscape,2
2024-11-24,Transit,Entertainment,3
2024-11-24,Transit,Shopping,1
2024-11-24,Transit,Transit,2
2024-11-24,Transit,area,1
2024-11-24,area,Cityscape,5
2024-11-24,area,Cultural,1
2024-11-24,area,Dining,1
2024-11-24,area,Natural,2
2024-11-24,area,Religious,1
2024-11-24,area,Shopping,1
2024-11-24,area,Transit,3
2024-11-24,area,area,2
2024-11-25,Cityscape,Cityscape,9
2024-11-25,Cityscape,Cultural,2
2024-11-25,Cityscape,Entertainment,5
2024-11-25,Cityscape,Hotel,3
2024-11-25,Cityscape,Natural,2
2024-11-25,Cityscape,Transit,2
2024-11-25,Cityscape,area,3
2024-11-25,Cultural,Cityscape,3
2024-11-25,Cultural,Dining,1
2024-11-25,Cultural,Entertainment,2
2024-11-25,Cultural,Natural,1
2024-11-25,Cultural,Religious,1
2024-11-25,Dining,Cityscape,2
2024-11-25,Dining,Dining,8
2024-11-25,Dining,Entertainment,1
2024-11-25,Dining,Transit,1
2024-11-25,Dining,area,1
2024-11-25,Entertainment,Cityscape,3
2024-11-25,Entertainment,Dining,1
2024-11-25,Entertainment,Entertainment,14
2024-11-25,Entertainment,Hotel,10
2024-11-25,Entertainment,Religious,1
2024-11-25,Entertainment,Shopping,1
2024-11-25,Entertainment,Transit,2
2024-11-25,Entertainment,area,3
2024-11-25,Hotel,Cityscape,1
2024-11-25,Hotel,Cultural,2
2024-11-25,Hotel,Entertainment,9
2024-11-25,Hotel,Transit,1
2024-11-25,Natural,Cityscape,2
2024-11-25,Natural,Cultural,1
2024-11-25,Natural,area,1
2024-11-25,Religious,Cultural,1
2024-11-25,Religious,Entertainment,1
2024-11-25,Religious,Religious,1
2024-11-25,Religious,area,1
2024-11-25,Shopping,Shopping,3
2024-11-25,Shopping,Transit,1
2024-11-25,Transit,Cityscape,6
2024-11-25,Transit,Entertainment,2
2024-11-25,Transit,Natural,2
2024-11-25,Transit,Shopping,2
2024-11-25,Transit,Transit,4
2024-11-25,Transit,area,1
2024-11-25,area,Cityscape,2
2024-11-25,area,Dining,2
2024-11-25,area,Natural,1
2024-11-25,area,Religious,2
2024-11-25,area,Transit,2
2024-11-25,area,area,1
2024-11-26,Cityscape,Cityscape,2
2024-11-26,Cityscape,Dining,1
2024-11-26,Cityscape,Entertainment,4
2024-11-26,Cityscape,Natural,1
2024-11-26,Cityscape,Religious,1
2024-11-26,Cityscape,Shopping,2
2024-11-26,Cultural,Cityscape,1
2024-11-26,Cultural,Cultural,1
2024-11-26,Cultural,Entertainment,1
2024-11-26,Cultural,Transit,1
2024-11-26,Dining,Dining,2
2024-11-26,Dining,Entertainment,1
2024-11-26,Dining,Religious,1
2024-11-26,Dining,area,1
2024-11-26,Entertainment,Cityscape,6
2024-11-26,Entertainment,Dining,1
2024-11-26,Entertainment,Entertainment,7
2024-11-26,Entertainment,Hotel,3
2024-11-26,Entertainment,Shopping,1
2024-11-26,Entertainment,Transit,3
2024-11-26,Entertainment,area,1
2024-11-26,Hotel,Cityscape,1
2024-11-26,Hotel,Entertainment,2
2024-11-26,Natural,Cityscape,1
2024-11-26,Natural,Entertainment,1
2024-11-26,Natural,area,1
2024-11-26,Outdoor,Natural,1
2024-11-26,Shopping,Cityscape,1
2024-11-26,Shopping,Cultural,1
2024-11-26,Shopping,Entertainment,1
2024-11-26,Shopping,Religious,1
2024-11-26,Shopping,Shopping,1
2024-11-26,Sport,Outdoor,1
2024-11-26,Transit,Cityscape,2
2024-11-26,Transit,Cultural,1
2024-11-26,Transit,Dining,1
2024-11-26,Transit,Entertainment,3
2024-11-26,Transit,Natural,1
2024-11-26,Transit,Transit,1
2024-11-26,Transit,area,3
2024-11-26,area,Dining,1
2024-11-26,area,Entertainment,2
2024-11-26,area,Religious,1
2024-11-26,area,Transit,2
2024-11-26,area,area,3
2024-11-27,Cityscape,Cityscape,3
2024-11-27,Cityscape,Dining,1
2024-11-27,Cityscape,Entertainment,9
2024-11-27,Cityscape,Hotel,1
2024-11-27,Cityscape,Natural,1
2024-11-27,Cityscape,Outdoor,1
2024-11-27,Cityscape,Religious,1
2024-11-27,Cityscape,Shopping,2
2024-11-27,Cityscape,area,1
2024-11-27,Cultural,Cityscape,2
2024-11-27,Cultural,Cultural,2
2024-11-27,Dining,Dining,2
2024-11-27,Dining,area,2
2024-11-27,Entertainment,Cityscape,3
2024-11-27,Entertainment,Dining,1
2024-11-27,Entertainment,Entertainment,11
2024-11-27,Entertainment,Hotel,1
2024-11-27,Entertainment,Natural,3
2024-11-27,Entertainment,Shopping,1
2024-11-27,Entertainment,Transit,1
2024-11-27,Entertainment,area,1
2024-11-27,Natural,Entertainment,1
2024-11-27,Natural,Religious,3
2024-11-27,Outdoor,Cityscape,1
2024-11-27,Outdoor,Religious,2
2024-11-27,Outdoor,area,1
2024-11-27,Religious,Cityscape,5
2024-11-27,Religious,Outdoor,1
2024-11-27,Religious,Religious,9
2024-11-27,Religious,Shopping,2
2024-11-27,Religious,area,4
2024-11-27,Shopping,Cityscape,1
2024-11-27,Shopping,Entertainment,1
2024-11-27,Shopping,Hotel,1
2024-11-27,Shopping,Outdoor,1
2024-11-27,Shopping,Transit,2
2024-11-27,Transit,Cityscape,1
2024-11-27,Transit,Entertainment,2
2024-11-27,Transit,Shopping,2
2024-11-27,Transit,area,1
2024-11-27,area,Cityscape,1
2024-11-27,area,Dining,1
2024-11-27,area,Natural,1
2024-11-27,area,Outdoor,1
2024-11-27,area,Religious,2
2024-11-27,area,Transit,1
2024-11-27,area,area,5
2024-11-28,Cityscape,Cityscape,2
2024-11-28,Cityscape,Cultural,1
2024-11-28,Cityscape,Dining,1
2024-11-28,Cityscape,Entertainment,2
2024-11-28,Cityscape,Natural,1
2024-11-28,Cityscape,Religious,1
2024-11-28,Cityscape,Shopping,1
2024-11-28,Cityscape,Transit,1
2024-11-28,Cityscape,area,3
2024-11-28,Cultural,Cityscape,1
2024-11-28,Cultural,Dining,1
2024-11-28,Cultural,Entertainment,2
2024-11-28,Dining,Cityscape,1
2024-11-28,Dining,Dining,2
2024-11-28,Dining,Hotel,1
2024-11-28,Dining,area,3
2024-11-28,Entertainment,Cityscape,2
2024-11-28,Entertainment,Cultural,2
2024-11-28,Entertainment,Entertainment,2
2024-11-28,Entertainment,Hotel,1
2024-11-28,Entertainment,Natural,2
2024-11-28,Entertainment,Shopping,1
2024-11-28,Entertainment,Transit,4
2024-11-28,Hotel,Entertainment,2
2024-11-28,Hotel,area,2
2024-11-28,Natural,Cultural,1
2024-11-28,Natural,Entertainment,1
2024-11-28,Natural,Natural,1
2024-11-28,Natural,area,2
2024-11-28,Outdoor,Religious,1
2024-11-28,Shopping,Cityscape,1
2024-11-28,Shopping,Entertainment,2
2024-11-28,Transit,Cityscape,1
2024-11-28,Transit,Cultural,1
2024-11-28,Transit,Entertainment,6
2024-11-28,Transit,Shopping,1
2024-11-28,area,Cityscape,1
2024-11-28,area,Cultural,2
2024-11-28,area,Dining,4
2024-11-28,area,Entertainment,2
2024-11-28,area,Hotel,2
2024-11-28,area,Shopping,3
2024-11-28,area,Transit,1
2024-11-28,area,area,1
2024-11-29,Cityscape,Cityscape,7
2024-11-29,Cityscape,Cultural,1
2024-11-29,Cityscape,Entertainment,4
2024-11-29,Cityscape,Natural,2
2024-11-29,Cityscape,Religious,1
2024-11-29,Cityscape,Shopping,1
2024-11-29,Cityscape,area,1
2024-11-29,Cultural,Cityscape,1
2024-11-29,Cultural,Cultural,1
2024-11-29,Cultural,Entertainment,2
2024-11-29,Cultural,Religious,1
2024-11-29,Cultural,Transit,1
2024-11-29,Cultural,area,1
2024-11-29,Dining,Dining,1
2024-11-29,Dining,Hotel,1
2024-11-29,Entertainment,Cityscape,5
2024-11-29,Entertainment,Cultural,1
2024-11-29,Entertainment,Dining,1
2024-11-29,Entertainment,Entertainment,17
2024-11-29,Entertainment,Natural,1
2024-11-29,Entertainment,Religious,1
2024-11-29,Entertainment,Shopping,1
2024-11-29,Entertainment,Transit,4
2024-11-29,Entertainment,area,2
2024-11-29,Hotel,Entertainment,2
2024-11-29,Hotel,Hotel,2
2024-11-29,Natural,Entertainment,2
2024-11-29,Natural,Religious,2
2024-11-29,Outdoor,Entertainment,1
2024-11-29,Religious,Cityscape,1
2024-11-29,Religious,Cultural,1
2024-11-29,Religious,Natural,1
2024-11-29,Religious,Outdoor,1
2024-11-29,Religious,area,1
2024-11-29,Shopping,Cityscape,1
2024-11-29,Transit,Cityscape,1
2024-11-29,Transit,Entertainment,6
2024-11-29,Transit,Hotel,2
2024-11-29,Transit,Natural,1
2024-11-29,Transit,area,2
2024-11-29,area,Cityscape,3
2024-11-29,area,Cultural,2
2024-11-29,area,Dining,2
2024-11-29,area,Entertainment,5
2024-11-29,area,Transit,1
2024-11-30,Cityscape,Cityscape,2
2024-11-30,Cityscape,Cultural,2
2024-11-30,Cityscape,Entertainment,2
2024-11-30,Cityscape,Religious,3
2024-11-30,Cityscape,Shopping,4
2024-11-30,Cityscape,Transit,1
2024-11-30,Cityscape,area,2
2024-11-30,Cultural,Cityscape,1
2024-11-30,Cultural,Entertainment,2
2024-11-30,Cultural,Natural,1
2024-11-30,Cultural,Shopping,1
2024-11-30,Entertainment,Cityscape,2
2024-11-30,Entertainment,Entertainment,9
2024-11-30,Entertainment,Hotel,1
2024-11-30,Entertainment,Natural,1
2024-11-30,Entertainment,Shopping,3
2024-11-30,Entertainment,Transit,2
2024-11-30,Entertainment,area,3
2024-11-30,Hotel,Cityscape,1
2024-11-30,Natural,Cityscape,1
2024-11-30,Natural,Outdoor,1
2024-11-30,Natural,Religious,1
2024-11-30,Natural,Shopping,1
2024-11-30,Natural,area,1
2024-11-30,Outdoor,area,1
2024-11-30,Religious,Cityscape,2
2024-11-30,Religious,Natural,1
2024-11-30,Religious,Shopping,1
2024-11-30,Religious,area,1
2024-11-30,Shopping,Cityscape,3
2024-11-30,Shopping,Cultural,1
2024-11-30,Shopping,Entertainment,3
2024-11-30,Shopping,Religious,1
2024-11-30,Shopping,Shopping,1
2024-11-30,Shopping,area,2
2024-11-30,Transit,Cityscape,2
2024-11-30,Transit,Entertainment,4
2024-11-30,Transit,Shopping,1
2024-11-30,Transit,area,1
2024-11-30,area,Cityscape,2
2024-11-30,area,Natural,2
2024-11-30,area,Shopping,3
2024-11-30,area,Sport,1
2024-11-30,area,Transit,3
2024-11-30,area,area,3
2024-12-01,Cityscape,Cityscape,7
2024-12-01,Cityscape,Cultural,2
2024-12-01,Cityscape,Entertainment,5
2024-12-01,Cityscape,Natural,2
2024-12-01,Cityscape,Outdoor,1
2024-12-01,Cityscape,Shopping,4
2024-12-01,Cityscape,Transit,1
2024-12-01,Cityscape,area,1
2024-12-01,Cultural,Cityscape,5
2024-12-01,Cultural,Natural,1
2024-12-01,Cultural,Shopping,3
2024-12-01,Cultural,area,2
2024-12-01,Dining,Entertainment,2
2024-12-01,Entertainment,Cityscape,3
2024-12-01,Entertainment,Entertainment,8
2024-12-01,Entertainment,Hotel,1
2024-12-01,Entertainment,Natural,2
2024-12-01,Entertainment,Outdoor,1
2024-12-01,Entertainment,Shopping,2
2024-12-01,Entertainment,Transit,2
2024-12-01,Entertainment,area,1
2024-12-01,Hotel,Cityscape,1
2024-12-01,Hotel,Cultural,6
2024-12-01,Hotel,Entertainment,1
2024-12-01,Hotel,Transit,1
2024-12-01,Natural,Cityscape,1
2024-12-01,Natural,Entertainment,4
2024-12-01,Natural,Religious,1
2024-12-01,Religious,Cityscape,1
2024-12-01,Religious,Religious,4
2024-12-01,Religious,Shopping,1
2024-12-01,Religious,Transit,1
2024-12-01,Shopping,Cultural,1
2024-12-01,Shopping,Entertainment,1
2024-12-01,Shopping,Shopping,5
2024-12-01,Shopping,area,2
2024-12-01,Transit,Cityscape,2
2024-12-01,Transit,Entertainment,1
2024-12-01,Transit,Hotel,1
2024-12-01,Transit,Natural,1
2024-12-01,Transit,area,2
2024-12-01,area,Cityscape,2
2024-12-01,area,Cultural,1
2024-12-01,area,Dining,2
2024-12-01,area,Entertainment,5
2024-12-01,area,Hotel,1
2024-12-01,area,Shopping,2
2024-12-01,area,area,4
2024-12-02,Cityscape,Cityscape,6
2024-12-02,Cityscape,Cultural,1
2024-12-02,Cityscape,Entertainment,7
2024-12-02,Cityscape,Hotel,1
2024-12-02,Cityscape,Natural,2
2024-12-02,Cityscape,Outdoor,1
2024-12-02,Cityscape,Transit,2
2024-12-02,Cityscape,area,2
2024-12-02,Cultural,Cityscape,2
2024-12-02,Cultural,Entertainment,1
2024-12-02,Cultural,Natural,1
2024-12-02,Dining,Cityscape,1
2024-12-02,Dining,Dining,3
2024-12-02,Dining,Entertainment,6
2024-12-02,Entertainment,Cityscape,11
2024-12-02,Entertainment,Cultural,1
2024-12-02,Entertainment,Dining,7
2024-12-02,Entertainment,Entertainment,31
2024-12-02,Entertainment,Hotel,1
2024-12-02,Entertainment,Natural,1
2024-12-02,Entertainment,Religious,2
2024-12-02,Entertainment,Shopping,3
2024-12-02,Entertainment,Transit,1
2024-12-02,Entertainment,area,3
2024-12-02,Hotel,Entertainment,3
2024-12-02,Hotel,Transit,1
2024-12-02,Hotel,area,1
2024-12-02,Natural,Cityscape,1
2024-12-02,Natural,Cultural,2
2024-12-02,Natural,Entertainment,1
2024-12-02,Natural,Outdoor,2
2024-12-02,Natural,Religious,1
2024-12-02,Natural,area,2
2024-12-02,Outdoor,Natural,1
2024-12-02,Outdoor,Religious,1
2024-12-02,Religious,Entertainment,3
2024-12-02,Religious,Hotel,1
2024-12-02,Religious,Natural,2
2024-12-02,Religious,Outdoor,1
2024-12-02,Religious,Religious,1
2024-12-02,Shopping,Entertainment,2
2024-12-02,Shopping,Hotel,1
2024-12-02,Shopping,Religious,1
2024-12-02,Transit,Cultural,1
2024-12-02,Transit,Entertainment,5
2024-12-02,Transit,Hotel,1
2024-12-02,Transit,area,1
2024-12-02,area,Cityscape,1
2024-12-02,area,Cultural,2
2024-12-02,area,Hotel,1
2024-12-02,area,Natural,4
2024-12-02,area,Outdoor,1
2024-12-02,area,Religious,1
2024-12-02,area,Transit,1
2024-12-03,Cityscape,Cityscape,4
2024-12-03,Cityscape,Cultural,1
2024-12-03,Cityscape,Entertainment,7
2024-12-03,Cityscape,Natural,1
2024-12-03,Cityscape,Religious,2
2024-12-03,Cityscape,Transit,1
2024-12-03,Cityscape,area,2
2024-12-03,Cultural,Cityscape,3
2024-12-03,Cultural,Cultural,2
2024-12-03,Cultural,Entertainment,2
2024-12-03,Cultural,Natural,1
2024-12-03,Cultural,Religious,1
2024-12-03,Cultural,area,1
2024-12-03,Dining,Cityscape,1
2024-12-03,Dining,Dining,1
2024-12-03,Dining,Religious,1
2024-12-03,Entertainment,Cityscape,6
2024-12-03,Entertainment,Cultural,2
2024-12-03,Entertainment,Dining,1
2024-12-03,Entertainment,Entertainment,14
2024-12-03,Entertainment,Hotel,4
2024-12-03,Entertainment,Natural,4
2024-12-03,Entertainment,Transit,1
2024-12-03,Entertainment,area,2
2024-12-03,Hotel,Cityscape,1
2024-12-03,Hotel,Entertainment,8
2024-12-03,Hotel,Transit,1
2024-12-03,Natural,Cityscape,1
2024-12-03,Natural,Outdoor,1
2024-12-03,Natural,Religious,3
2024-12-03,Natural,Transit,1
2024-12-03,Outdoor,Natural,1
2024-12-03,Outdoor,area,1
2024-12-03,Religious,Cultural,2
2024-12-03,Religious,Entertainment,3
2024-12-03,Religious,Natural,2
2024-12-03,Transit,Cityscape,2
2024-12-03,Transit,Cultural,1
2024-12-03,Transit,Dining,1
2024-12-03,Transit,Entertainment,8
2024-12-03,Transit,Hotel,1
2024-12-03,Transit,Natural,1
2024-12-03,Transit,Religious,1
2024-12-03,Transit,area,3
2024-12-03,area,Cityscape,1
2024-12-03,area,Cultural,3
2024-12-03,area,Dining,1
2024-12-03,area,Entertainment,2
2024-12-03,area,Natural,2
2024-12-03,area,Outdoor,1
2024-12-03,area,Religious,1
2024-12-03,area,Shopping,1
2024-12-04,Cityscape,Cityscape,7
2024-12-04,Cityscape,Entertainment,6
2024-12-04,Cityscape,Religious,1
2024-12-04,Cityscape,Shopping,1
2024-12-04,Cityscape,Transit,6
2024-12-04,Cityscape,area,1
2024-12-04,Cultural,Cityscape,4
2024-12-04,Cultural,Cultural,1
2024-12-04,Cultural,Natural,1
2024-12-04,Cultural,Religious,1
2024-12-04,Cultural,Shopping,1
2024-12-04,Cultural,area,1
2024-12-04,Dining,Cityscape,1
2024-12-04,Dining,Dining,2
2024-12-04,Dining,Entertainment,2
2024-12-04,Entertainment,Cityscape,7
2024-12-04,Entertainment,Cultural,3
2024-12-04,Entertainment,Dining,1
2024-12-04,Entertainment,Entertainment,12
2024-12-04,Entertainment,Hotel,4
2024-12-04,Entertainment,Natural,2
2024-12-04,Entertainment,Religious,1
2024-12-04,Entertainment,Shopping,2
2024-12-04,Entertainment,Transit,3
2024-12-04,Entertainment,area,2
2024-12-04,Hotel,Entertainment,4
2024-12-04,Hotel,Hotel,1
2024-12-04,Natural,Cityscape,2
2024-12-04,Natural,Natural,1
2024-12-04,Natural,Outdoor,2
2024-12-04,Natural,area,2
2024-12-04,Outdoor,Cultural,1
2024-12-04,Outdoor,Natural,1
2024-12-04,Outdoor,Transit,1
2024-12-04,Religious,Cultural,1
2024-12-04,Religious,Entertainment,1
2024-12-04,Religious,Natural,1
2024-12-04,Religious,Religious,1
2024-12-04,Shopping,Cityscape,1
2024-12-04,Shopping,Cultural,2
2024-12-04,Shopping,Entertainment,1
2024-12-04,Shopping,Transit,1
2024-12-04,Shopping,area,1
2024-12-04,Transit,Cityscape,2
2024-12-04,Transit,Entertainment,6
2024-12-04,Transit,Shopping,1
2024-12-04,Transit,Transit,2
2024-12-04,Transit,area,1
2024-12-04,area,Cityscape,1
2024-12-04,area,Cultural,1
2024-12-04,area,Entertainment,3
2024-12-04,area,Natural,2
2024-12-04,area,Transit,1
2024-12-04,area,area,5
2024-12-05,Cityscape,Cityscape,9
2024-12-05,Cityscape,Entertainment,13
2024-12-05,Cityscape,Natural,1
2024-12-05,Cityscape,Outdoor,2
2024-12-05,Cityscape,Transit,2
2024-12-05,Cityscape,area,2
2024-12-05,Cultural,Cityscape,1
2024-12-05,Cultural,Cultural,1
2024-12-05,Cultural,Entertainment,1
2024-12-05,Dining,area,2
2024-12-05,Entertainment,Cityscape,9
2024-12-05,Entertainment,Entertainment,8
2024-12-05,Entertainment,Hotel,1
2024-12-05,Entertainment,Natural,1
2024-12-05,Entertainment,Outdoor,1
2024-12-05,Entertainment,Religious,1
2024-12-05,Entertainment,Shopping,1
2024-12-05,Entertainment,Transit,3
2024-12-05,Entertainment,area,1
2024-12-05,Hotel,Cityscape,1
2024-12-05,Hotel,Entertainment,1
2024-12-05,Natural,Cityscape,2
2024-12-05,Natural,Dining,1
2024-12-05,Natural,Religious,3
2024-12-05,Natural,area,1
2024-12-05,Outdoor,Cityscape,1
2024-12-05,Outdoor,area,2
2024-12-05,Religious,Entertainment,1
2024-12-05,Religious,Natural,2
2024-12-05,Religious,Religious,1
2024-12-05,Religious,area,3
2024-12-05,Shopping,Entertainment,1
2024-12-05,Shopping,area,1
2024-12-05,Transit,Cityscape,4
2024-12-05,Transit,Entertainment,4
2024-12-05,Transit,Transit,1
2024-12-05,Transit,area,2
2024-12-05,area,Cityscape,4
2024-12-05,area,Cultural,1
2024-12-05,area,Dining,1
2024-12-05,area,Entertainment,1
2024-12-05,area,Natural,2
2024-12-05,area,Outdoor,2
2024-12-05,area,Religious,3
2024-12-05,area,Shopping,1
2024-12-05,area,area,9
2024-12-06,Cityscape,Dining,1
2024-12-06,Cityscape,Hotel,1
2024-12-06,Cityscape,area,1
2024-12-06,Cultural,Entertainment,1
2024-12-06,Cultural,Natural,1
2024-12-06,Dining,Cityscape,1
2024-12-06,Entertainment,Cityscape,2
2024-12-06,Entertainment,Entertainment,7
2024-12-06,Entertainment,Natural,1
2024-12-06,Entertainment,Religious,2
2024-12-06,Entertainment,Shopping,1
2024-12-06,Entertainment,Transit,3
2024-12-06,Hotel,Entertainment,1
2024-12-06,Natural,Cultural,1
2024-12-06,Natural,Dining,1
2024-12-06,Natural,Religious,1
2024-12-06,Religious,Cityscape,1
2024-12-06,Religious,Dining,1
2024-12-06,Religious,Entertainment,2
2024-12-06,Religious,Religious,3
2024-12-06,Shopping,area,1
2024-12-06,Transit,Entertainment,4
2024-12-06,Transit,area,1
2024-12-06,area,Cityscape,1
2024-12-06,area,Entertainment,1
2024-12-06,area,Shopping,1
2024-12-06,area,Transit,1
2024-12-06,area,area,2
2024-12-07,Cityscape,Cityscape,4
2024-12-07,Cityscape,Cultural,2
2024-12-07,Cityscape,Entertainment,5
2024-12-07,Cityscape,Natural,2
2024-12-07,Cityscape,Religious,1
2024-12-07,Cityscape,Shopping,2
2024-12-07,Cityscape,Transit,2
2024-12-07,Cityscape,area,2
2024-12-07,Cultural,Cityscape,3
2024-12-07,Cultural,Cultural,1
2024-12-07,Cultural,Religious,1
2024-12-07,Cultural,area,1
2024-12-07,Dining,Cityscape,1
2024-12-07,Dining,Entertainment,1
2024-12-07,Entertainment,Cityscape,7
2024-12-07,Entertainment,Dining,1
2024-12-07,Entertainment,Entertainment,5
2024-12-07,Entertainment,Natural,1
2024-12-07,Entertainment,area,3
2024-12-07,Hotel,Shopping,1
2024-12-07,Hotel,area,1
2024-12-07,Natural,Cityscape,1
2024-12-07,Natural,Entertainment,1
2024-12-07,Natural,Natural,1
2024-12-07,Natural,area,2
2024-12-07,Outdoor,Outdoor,2
2024-12-07,Outdoor,area,3
2024-12-07,Religious,Cityscape,1
2024-12-07,Religious,Religious,3
2024-12-07,Religious,Shopping,2
2024-12-07,Religious,area,2
2024-12-07,Shopping,Dining,1
2024-12-07,Shopping,Entertainment,2
2024-12-07,Shopping,Natural,2
2024-12-07,Shopping,Religious,1
2024-12-07,Shopping,Transit,1
2024-12-07,Shopping,area,1
2024-12-07,Transit,Cityscape,4
2024-12-07,Transit,Cultural,1
2024-12-07,Transit,Entertainment,3
2024-12-07,Transit,Religious,1
2024-12-07,Transit,Shopping,2
2024-12-07,Transit,Transit,1
2024-12-07,Transit,area,1
2024-12-07,area,Cityscape,2
2024-12-07,area,Cultural,1
2024-12-07,area,Dining,1
2024-12-07,area,Entertainment,4
2024-12-07,area,Natural,1
2024-12-07,area,Outdoor,3
2024-12-07,area,Transit,2
2024-12-08,Cityscape,Cityscape,2
2024-12-08,Cityscape,Entertainment,5
2024-12-08,Cityscape,Religious,1
2024-12-08,Cityscape,Shopping,1
2024-12-08,Cityscape,Transit,3
2024-12-08,Cityscape,area,2
2024-12-08,Cultural,area,1
2024-12-08,Dining,Cityscape,1
2024-12-08,Dining,Shopping,1
2024-12-08,Dining,Transit,1
2024-12-08,Dining,area,2
2024-12-08,Entertainment,Cityscape,2
2024-12-08,Entertainment,Cultural,1
2024-12-08,Entertainment,Entertainment,13
2024-12-08,Entertainment,Natural,4
2024-12-08,Entertainment,Religious,1
2024-12-08,Entertainment,Shopping,2
2024-12-08,Entertainment,Transit,1
2024-12-08,Entertainment,area,1
2024-12-08,Hotel,Entertainment,2
2024-12-08,Hotel,Shopping,1
2024-12-08,Natural,Cityscape,1
2024-12-08,Natural,Dining,1
2024-12-08,Natural,Entertainment,1
2024-12-08,Natural,Natural,1
2024-12-08,Natural,Religious,1
2024-12-08,Religious,Entertainment,3
2024-12-08,Religious,Natural,1
2024-12-08,Religious,Religious,1
2024-12-08,Shopping,Cityscape,1
2024-12-08,Shopping,Entertainment,2
2024-12-08,Shopping,Shopping,1
2024-12-08,Shopping,Transit,1
2024-12-08,Shopping,area,2
2024-12-08,Transit,Cityscape,2
2024-12-08,Transit,Dining,1
2024-12-08,Transit,Entertainment,1
2024-12-08,Transit,Hotel,1
2024-12-08,Transit,Natural,1
2024-12-08,Transit,Religious,1
2024-12-08,area,Cityscape,2
2024-12-08,area,Cultural,1
2024-12-08,area,Dining,1
2024-12-08,area,Entertainment,4
2024-12-08,area,area,3
2024-12-09,Cityscape,Cityscape,8
2024-12-09,Cityscape,Cultural,1
2024-12-09,Cityscape,Entertainment,4
2024-12-09,Cityscape,Hotel,2
2024-12-09,Cityscape,Religious,1
2024-12-09,Cityscape,area,1
2024-12-09,Cultural,Cityscape,1
2024-12-09,Cultural,area,1
2024-12-09,Dining,Dining,2
2024-12-09,Dining,Entertainment,1
2024-12-09,Dining,Sport,1
2024-12-09,Entertainment,Cityscape,5
2024-12-09,Entertainment,Dining,2
2024-12-09,Entertainment,Entertainment,18
2024-12-09,Entertainment,Hotel,1
2024-12-09,Entertainment,Natural,2
2024-12-09,Entertainment,Religious,2
2024-12-09,Entertainment,Shopping,3
2024-12-09,Entertainment,Transit,6
2024-12-09,Entertainment,area,1
2024-12-09,Hotel,Cityscape,1
2024-12-09,Hotel,Entertainment,1
2024-12-09,Hotel,Hotel,2
2024-12-09,Hotel,area,1
2024-12-09,Natural,Cityscape,1
2024-12-09,Natural,Entertainment,2
2024-12-09,Natural,Outdoor,1
2024-12-09,Outdoor,Religious,1
2024-12-09,Religious,Cityscape,1
2024-12-09,Religious,Entertainment,1
2024-12-09,Religious,Natural,1
2024-12-09,Religious,area,1
2024-12-09,Shopping,Entertainment,4
2024-12-09,Shopping,Shopping,1
2024-12-09,Transit,Cityscape,2
2024-12-09,Transit,Entertainment,3
2024-12-09,Transit,Hotel,1
2024-12-09,Transit,Natural,1
2024-12-09,Transit,Religious,1
2024-12-09,Transit,area,1
2024-12-09,area,Cityscape,3
2024-12-09,area,Entertainment,3
2024-12-09,area,Hotel,1
2024-12-09,area,Religious,1
2024-12-09,area,Shopping,1
2024-12-09,area,area,1
2024-12-10,Cityscape,Cityscape,1
2024-12-10,Cityscape,Cultural,2
2024-12-10,Cityscape,Entertainment,6
2024-12-10,Cityscape,Hotel,1
2024-12-10,Cityscape,Natural,1
2024-12-10,Cityscape,Shopping,3
2024-12-10,Cityscape,Transit,1
2024-12-10,Cityscape,area,2
2024-12-10,Cultural,Cityscape,2
2024-12-10,Cultural,Cultural,1
2024-12-10,Cultural,Dining,1
2024-12-10,Cultural,Entertainment,1
2024-12-10,Cultural,Natural,1
2024-12-10,Cultural,area,1
2024-12-10,Dining,Cityscape,1
2024-12-10,Dining,Cultural,2
2024-12-10,Entertainment,Cityscape,5
2024-12-10,Entertainment,Cultural,1
2024-12-10,Entertainment,Dining,1
2024-12-10,Entertainment,Entertainment,25
2024-12-10,Entertainment,Hotel,3
2024-12-10,Entertainment,Natural,5
2024-12-10,Entertainment,Religious,2
2024-12-10,Entertainment,Shopping,1
2024-12-10,Entertainment,Transit,2
2024-12-10,Hotel,Cityscape,1
2024-12-10,Hotel,Entertainment,3
2024-12-10,Natural,Cityscape,2
2024-12-10,Natural,Dining,1
2024-12-10,Natural,Entertainment,3
2024-12-10,Natural,Religious,2
2024-12-10,Natural,Shopping,1
2024-12-10,Natural,Transit,1
2024-12-10,Religious,Cultural,1
2024-12-10,Religious,Entertainment,2
2024-12-10,Religious,Natural,2
2024-12-10,Shopping,Cityscape,1
2024-12-10,Shopping,Entertainment,1
2024-12-10,Shopping,Hotel,1
2024-12-10,Shopping,Religious,1
2024-12-10,Shopping,Shopping,1
2024-12-10,Shopping,Transit,1
2024-12-10,Shopping,area,1
2024-12-10,Transit,Cityscape,3
2024-12-10,Transit,Dining,1
2024-12-10,Transit,Entertainment,4
2024-12-10,Transit,Transit,1
2024-12-10,Transit,area,1
2024-12-10,area,Cityscape,1
2024-12-10,area,Cultural,1
2024-12-10,area,Religious,1
2024-12-11,Cityscape,Cityscape,4
2024-12-11,Cityscape,Cultural,3
2024-12-11,Cityscape,Entertainment,6
2024-12-11,Cityscape,Hotel,2
2024-12-11,Cityscape,Outdoor,2
2024-12-11,Cityscape,Religious,1
2024-12-11,Cityscape,Shopping,2
2024-12-11,Cityscape,Transit,3
2024-12-11,Cityscape,area,5
2024-12-11,Cultural,Cityscape,3
2024-12-11,Cultural,Cultural,4
2024-12-11,Cultural,Dining,1
2024-12-11,Cultural,Entertainment,1
2024-12-11,Cultural,Hotel,1
2024-12-11,Cultural,Religious,1
2024-12-11,Cultural,Transit,1
2024-12-11,Cultural,area,1
2024-12-11,Dining,Cityscape,1
2024-12-11,Dining,Dining,5
2024-12-11,Dining,Entertainment,4
2024-12-11,Dining,Shopping,1
2024-12-11,Dining,area,1
2024-12-11,Entertainment,Cityscape,8
2024-12-11,Entertainment,Cultural,1
2024-12-11,Entertainment,Dining,1
2024-12-11,Entertainment,Entertainment,18
2024-12-11,Entertainment,Hotel,3
2024-12-11,Entertainment,Natural,1
2024-12-11,Entertainment,Religious,2
2024-12-11,Entertainment,Transit,6
2024-12-11,Hotel,Dining,3
2024-12-11,Hotel,Entertainment,3
2024-12-11,Natural,Entertainment,2
2024-12-11,Natural,Religious,1
2024-12-11,Natural,Transit,1
2024-12-11,Natural,area,2
2024-12-11,Outdoor,Cityscape,1
2024-12-11,Outdoor,Entertainment,1
2024-12-11,Outdoor,area,2
2024-12-11,Religious,Cityscape,2
2024-12-11,Religious,Entertainment,2
2024-12-11,Religious,Hotel,1
2024-12-11,Religious,Natural,1
2024-12-11,Religious,Outdoor,1
2024-12-11,Religious,Religious,1
2024-12-11,Religious,area,2
2024-12-11,Shopping,Cityscape,2
2024-12-11,Shopping,Shopping,1
2024-12-11,Shopping,area,3
2024-12-11,Transit,Cityscape,3
2024-12-11,Transit,Entertainment,9
2024-12-11,Transit,Hotel,1
2024-12-11,Transit,Natural,2
2024-12-11,Transit,Shopping,1
2024-12-11,Transit,Transit,3
2024-12-11,Transit,area,4
2024-12-11,area,Cityscape,3
2024-12-11,area,Cultural,3
2024-12-11,area,Dining,4
2024-12-11,area,Entertainment,2
2024-12-11,area,Natural,2
2024-12-11,area,Outdoor,1
2024-12-11,area,Religious,2
2024-12-11,area,Shopping,3
2024-12-11,area,Transit,3
2024-12-11,area,area,3
2024-12-12,Cityscape,Cityscape,4
2024-12-12,Cityscape,Cultural,4
2024-12-12,Cityscape,Dining,1
2024-12-12,Cityscape,Entertainment,4
2024-12-12,Cityscape,Shopping,1
2024-12-12,Cityscape,area,2
2024-12-12,Cultural,Cityscape,3
2024-12-12,Cultural,Entertainment,2
2024-12-12,Cultural,Shopping,1
2024-12-12,Cultural,area,2
2024-12-12,Dining,Dining,1
2024-12-12,Dining,Shopping,2
2024-12-12,Entertainment,Cityscape,5
2024-12-12,Entertainment,Cultural,1
2024-12-12,Entertainment,Entertainment,6
2024-12-12,Entertainment,Hotel,1
2024-12-12,Entertainment,Natural,1
2024-12-12,Entertainment,Outdoor,1
2024-12-12,Entertainment,Religious,1
2024-12-12,Entertainment,Shopping,1
2024-12-12,Entertainment,Transit,2
2024-12-12,Entertainment,area,4
2024-12-12,Hotel,Cityscape,1
2024-12-12,Hotel,Cultural,1
2024-12-12,Hotel,Entertainment,3
2024-12-12,Hotel,Hotel,1
2024-12-12,Natural,Entertainment,3
2024-12-12,Natural,Transit,1
2024-12-12,Natural,area,1
2024-12-12,Outdoor,Natural,1
2024-12-12,Outdoor,Transit,1
2024-12-12,Religious,Cityscape,1
2024-12-12,Religious,Entertainment,2
2024-12-12,Religious,Religious,1
2024-12-12,Religious,area,1
2024-12-12,Shopping,Cityscape,1
2024-12-12,Shopping,Cultural,1
2024-12-12,Shopping,Entertainment,2
2024-12-12,Shopping,Shopping,1
2024-12-12,Shopping,area,1
2024-12-12,Transit,Cityscape,1
2024-12-12,Transit,Entertainment,1
2024-12-12,Transit,Natural,2
2024-12-12,Transit,Religious,1
2024-12-12,area,Cityscape,2
2024-12-12,area,Dining,2
2024-12-12,area,Entertainment,1
2024-12-12,area,Natural,1
2024-12-12,area,Outdoor,2
2024-12-12,area,Transit,1
2024-12-12,area,area,1
2024-12-13,Cityscape,Cultural,1
2024-12-13,Cityscape,Entertainment,4
2024-12-13,Cityscape,Shopping,2
2024-12-13,Cityscape,Transit,1
2024-12-13,Cityscape,area,1
2024-12-13,Dining,Dining,2
2024-12-13,Dining,Entertainment,1
2024-12-13,Dining,area,2
2024-12-13,Entertainment,Cityscape,2
2024-12-13,Entertainment,Dining,2
2024-12-13,Entertainment,Entertainment,17
2024-12-13,Entertainment,Hotel,1
2024-12-13,Entertainment,Transit,1
2024-12-13,Entertainment,area,1
2024-12-13,Hotel,Cityscape,1
2024-12-13,Hotel,Entertainment,1
2024-12-13,Hotel,Outdoor,1
2024-12-13,Hotel,area,1
2024-12-13,Natural,Cityscape,1
2024-12-13,Natural,Entertainment,1
2024-12-13,Natural,Religious,1
2024-12-13,Religious,Natural,1
2024-12-13,Religious,Religious,1
2024-12-13,Religious,area,2
2024-12-13,Shopping,Hotel,1
2024-12-13,Shopping,Religious,1
2024-12-13,Transit,Entertainment,2
2024-12-13,Transit,Hotel,1
2024-12-13,Transit,Shopping,1
2024-12-13,area,Cityscape,2
2024-12-13,area,Dining,1
2024-12-13,area,Entertainment,1
2024-12-13,area,area,2
2024-12-14,Cityscape,Cityscape,8
2024-12-14,Cityscape,Cultural,2
2024-12-14,Cityscape,Dining,1
2024-12-14,Cityscape,Entertainment,9
2024-12-14,Cityscape,Outdoor,1
2024-12-14,Cityscape,Shopping,1
2024-12-14,Cityscape,Transit,2
2024-12-14,Cityscape,area,3
2024-12-14,Cultural,Entertainment,1
2024-12-14,Cultural,Hotel,1
2024-12-14,Cultural,Natural,1
2024-12-14,Cultural,Religious,1
2024-12-14,Dining,Cultural,1
2024-12-14,Dining,Dining,3
2024-12-14,Dining,Religious,1
2024-12-14,Dining,Transit,2
2024-12-14,Entertainment,Cityscape,8
2024-12-14,Entertainment,Cultural,2
2024-12-14,Entertainment,Entertainment,14
2024-12-14,Entertainment,Hotel,3
2024-12-14,Entertainment,Shopping,3
2024-12-14,Entertainment,Transit,1
2024-12-14,Entertainment,area,2
2024-12-14,Hotel,Entertainment,4
2024-12-14,Hotel,Shopping,2
2024-12-14,Hotel,area,1
2024-12-14,Natural,Cultural,1
2024-12-14,Natural,Entertainment,1
2024-12-14,Natural,Outdoor,1
2024-12-14,Natural,Religious,1
2024-12-14,Outdoor,Natural,1
2024-12-14,Outdoor,Outdoor,2
2024-12-14,Religious,Religious,1
2024-12-14,Religious,area,2
2024-12-14,Shopping,Cityscape,2
2024-12-14,Shopping,Entertainment,4
2024-12-14,Shopping,area,1
2024-12-14,Transit,Entertainment,4
2024-12-14,Transit,Hotel,1
2024-12-14,Transit,Shopping,1
2024-12-14,Transit,Transit,1
2024-12-14,Transit,area,1
2024-12-14,area,Cityscape,1
2024-12-14,area,Dining,3
2024-12-14,area,Entertainment,1
2024-12-14,area,Natural,2
2024-12-14,area,Transit,1
2024-12-14,area,area,3
2024-12-15,Cityscape,Cityscape,3
2024-12-15,Cityscape,Entertainment,3
2024-12-15,Cityscape,Natural,1
2024-12-15,Cityscape,Transit,1
2024-12-15,Cityscape,area,1
2024-12-15,Cultural,Cityscape,2
2024-12-15,Cultural,Cultural,1
2024-12-15,Cultural,Natural,1
2024-12-15,Cultural,Religious,2
2024-12-15,Dining,Dining,1
2024-12-15,Dining,area,2
2024-12-15,Entertainment,Cityscape,1
2024-12-15,Entertainment,Entertainment,11
2024-12-15,Entertainment,Natural,4
2024-12-15,Entertainment,Religious,1
2024-12-15,Entertainment,Shopping,1
2024-12-15,Entertainment,Transit,1
2024-12-15,Entertainment,area,2
2024-12-15,Hotel,Cityscape,2
2024-12-15,Hotel,Hotel,1
2024-12-15,Natural,Cultural,4
2024-12-15,Natural,Natural,1
2024-12-15,Natural,Outdoor,2
2024-12-15,Natural,Religious,5
2024-12-15,Outdoor,Entertainment,1
2024-12-15,Religious,Natural,5
2024-12-15,Religious,Religious,2
2024-12-15,Shopping,Entertainment,2
2024-12-15,Transit,Entertainment,2
2024-12-15,Transit,area,1
2024-12-15,area,Cityscape,1
2024-12-15,area,Cultural,1
2024-12-15,area,Dining,1
2024-12-15,area,Religious,1
2024-12-15,area,Transit,2
2024-12-16,Cityscape,Cityscape,11
2024-12-16,Cityscape,Cultural,3
2024-12-16,Cityscape,Dining,2
2024-12-16,Cityscape,Entertainment,9
2024-12-16,Cityscape,Hotel,1
2024-12-16,Cityscape,Outdoor,1
2024-12-16,Cityscape,Shopping,1
2024-12-16,Cityscape,Transit,2
2024-12-16,Cityscape,area,1
2024-12-16,Cultural,Cityscape,1
2024-12-16,Cultural,Entertainment,1
2024-12-16,Cultural,Natural,1
2024-12-16,Cultural,Shopping,1
2024-12-16,Cultural,Transit,1
2024-12-16,Cultural,area,3
2024-12-16,Dining,Cityscape,1
2024-12-16,Dining,Dining,1
2024-12-16,Dining,Entertainment,1
2024-12-16,Entertainment,Cityscape,6
2024-12-16,Entertainment,Cultural,4
2024-12-16,Entertainment,Entertainment,6
2024-12-16,Entertainment,Natural,1
2024-12-16,Entertainment,Religious,1
2024-12-16,Entertainment,Shopping,1
2024-12-16,Entertainment,Transit,4
2024-12-16,Entertainment,area,4
2024-12-16,Hotel,Cityscape,2
2024-12-16,Hotel,Entertainment,1
2024-12-16,Hotel,Shopping,1
2024-12-16,Hotel,area,1
2024-12-16,Natural,Cityscape,1
2024-12-16,Natural,Dining,1
2024-12-16,Natural,Entertainment,2
2024-12-16,Natural,Natural,1
2024-12-16,Natural,Outdoor,1
2024-12-16,Natural,Religious,2
2024-12-16,Natural,area,1
2024-12-16,Outdoor,Cultural,2
2024-12-16,Outdoor,Entertainment,1
2024-12-16,Outdoor,Outdoor,2
2024-12-16,Outdoor,area,1
2024-12-16,Religious,Cityscape,1
2024-12-16,Religious,Outdoor,1
2024-12-16,Religious,Religious,1
2024-12-16,Religious,Transit,1
2024-12-16,Religious,area,2
2024-12-16,Shopping,Cityscape,2
2024-12-16,Shopping,Dining,1
2024-12-16,Shopping,Entertainment,1
2024-12-16,Shopping,Natural,1
2024-12-16,Shopping,area,1
2024-12-16,Transit,Cityscape,3
2024-12-16,Transit,Entertainment,4
2024-12-16,Transit,Hotel,1
2024-12-16,Transit,Natural,1
2024-12-16,Transit,area,2
2024-12-16,area,Cityscape,6
2024-12-16,area,Entertainment,3
2024-12-16,area,Hotel,1
2024-12-16,area,Natural,1
2024-12-16,area,Outdoor,1
2024-12-16,area,Religious,2
2024-12-16,area,Shopping,2
2024-12-16,area,area,3
2024-12-17,Cityscape,Cityscape,1
2024-12-17,Cityscape,Dining,1
2024-12-17,Cityscape,Entertainment,6
2024-12-17,Cityscape,Outdoor,1
2024-12-17,Cityscape,Religious,1
2024-12-17,Cityscape,Transit,3
2024-12-17,Cityscape,area,2
2024-12-17,Cultural,Cityscape,2
2024-12-17,Cultural,Cultural,2
2024-12-17,Cultural,Entertainment,4
2024-12-17,Cultural,Natural,1
2024-12-17,Dining,Cityscape,2
2024-12-17,Dining,Dining,1
2024-12-17,Dining,Entertainment,2
2024-12-17,Dining,Religious,1
2024-12-17,Entertainment,Cityscape,8
2024-12-17,Entertainment,Cultural,4
2024-12-17,Entertainment,Entertainment,15
2024-12-17,Entertainment,Hotel,2
2024-12-17,Entertainment,Religious,1
2024-12-17,Entertainment,Shopping,2
2024-12-17,Entertainment,Transit,2
2024-12-17,Entertainment,area,2
2024-12-17,Hotel,Dining,1
2024-12-17,Hotel,Entertainment,3
2024-12-17,Hotel,Transit,2
2024-12-17,Natural,Cityscape,1
2024-12-17,Natural,Cultural,1
2024-12-17,Natural,Outdoor,1
2024-12-17,Natural,Religious,3
2024-12-17,Outdoor,School,1
2024-12-17,Outdoor,area,1
2024-12-17,Religious,Cityscape,2
2024-12-17,Religious,Dining,1
2024-12-17,Religious,Natural,6
2024-12-17,Religious,Religious,2
2024-12-17,Religious,area,1
2024-12-17,School,Entertainment,1
2024-12-17,Shopping,Cultural,1
2024-12-17,Shopping,Entertainment,3
2024-12-17,Transit,Cityscape,3
2024-12-17,Transit,Cultural,2
2024-12-17,Transit,Entertainment,2
2024-12-17,Transit,Hotel,1
2024-12-17,Transit,Religious,1
2024-12-17,Transit,Shopping,1
2024-12-17,Transit,area,3
2024-12-17,area,Cityscape,2
2024-12-17,area,Dining,2
2024-12-17,area,Religious,1
2024-12-17,area,Shopping,1
2024-12-17,area,Transit,4
2024-12-17,area,area,3
2024-12-18,Cityscape,Cityscape,5
2024-12-18,Cityscape,Cultural,1
2024-12-18,Cityscape,Dining,2
2024-12-18,Cityscape,Entertainment,4
2024-12-18,Cityscape,Hotel,1
2024-12-18,Cityscape,Religious,1
2024-12-18,Cityscape,Transit,2
2024-12-18,Cityscape,area,5
2024-12-18,Cultural,Cityscape,2
2024-12-18,Cultural,Cultural,1
2024-12-18,Cultural,Entertainment,2
2024-12-18,Cultural,area,1
2024-12-18,Dining,Cityscape,2
2024-12-18,Dining,Dining,1
2024-12-18,Dining,Entertainment,4
2024-12-18,Dining,Transit,1
2024-12-18,Dining,area,1
2024-12-18,Entertainment,Cityscape,6
2024-12-18,Entertainment,Cultural,1
2024-12-18,Entertainment,Dining,3
2024-12-18,Entertainment,Entertainment,12
2024-12-18,Entertainment,Hotel,2
2024-12-18,Entertainment,Natural,2
2024-12-18,Entertainment,Shopping,2
2024-12-18,Entertainment,Transit,3
2024-12-18,Entertainment,area,2
2024-12-18,Hotel,Entertainment,6
2024-12-18,Natural,Cityscape,1
2024-12-18,Natural,Entertainment,1
2024-12-18,Natural,Religious,1
2024-12-18,Outdoor,Natural,1
2024-12-18,Outdoor,area,1
2024-12-18,Religious,Cityscape,1
2024-12-18,Religious,Entertainment,1
2024-12-18,Religious,Religious,1
2024-12-18,Shopping,Entertainment,1
2024-12-18,Transit,Cityscape,2
2024-12-18,Transit,Entertainment,8
2024-12-18,Transit,Hotel,1
2024-12-18,Transit,Religious,1
2024-12-18,Transit,area,2
2024-12-18,area,Cityscape,4
2024-12-18,area,Cultural,1
2024-12-18,area,Dining,1
2024-12-18,area,Entertainment,2
2024-12-18,area,Hotel,2
2024-12-18,area,Outdoor,2
2024-12-18,area,Transit,3
2024-12-18,area,area,1
2024-12-19,Cityscape,Cityscape,1
2024-12-19,Cityscape,Cultural,1
2024-12-19,Cityscape,Entertainment,5
2024-12-19,Cityscape,Hotel,1
2024-12-19,Cityscape,area,2
2024-12-19,Cultural,Cityscape,2
2024-12-19,Cultural,Dining,1
2024-12-19,Cultural,Natural,1
2024-12-19,Cultural,Religious,1
2024-12-19,Cultural,Shopping,1
2024-12-19,Dining,Cultural,1
2024-12-19,Dining,Dining,8
2024-12-19,Dining,Entertainment,1
2024-12-19,Dining,Shopping,1
2024-12-19,Dining,Transit,1
2024-12-19,Dining,area,2
2024-12-19,Entertainment,Cityscape,4
2024-12-19,Entertainment,Cultural,1
2024-12-19,Entertainment,Entertainment,25
2024-12-19,Entertainment,Hotel,4
2024-12-19,Entertainment,Natural,3
2024-12-19,Entertainment,Shopping,1
2024-12-19,Entertainment,Transit,3
2024-12-19,Entertainment,area,1
2024-12-19,Hotel,Cityscape,1
2024-12-19,Hotel,Dining,1
2024-12-19,Hotel,Entertainment,3
2024-12-19,Hotel,Hotel,1
2024-12-19,Natural,Entertainment,2
2024-12-19,Natural,Natural,2
2024-12-19,Natural,Outdoor,1
2024-12-19,Religious,Cityscape,1
2024-12-19,Religious,Natural,2
2024-12-19,Shopping,Cityscape,1
2024-12-19,Shopping,Dining,1
2024-12-19,Shopping,Entertainment,1
2024-12-19,Shopping,Religious,1
2024-12-19,Shopping,Shopping,2
2024-12-19,Shopping,area,1
2024-12-19,Transit,Cityscape,3
2024-12-19,Transit,Cultural,1
2024-12-19,Transit,Dining,2
2024-12-19,Transit,Entertainment,3
2024-12-19,Transit,Hotel,1
2024-12-19,Transit,Shopping,1
2024-12-19,Transit,Transit,1
2024-12-19,Transit,area,2
2024-12-19,area,Cityscape,3
2024-12-19,area,Dining,2
2024-12-19,area,Entertainment,4
2024-12-19,area,Religious,1
2024-12-19,area,Shopping,1
2024-12-19,area,Transit,2
2024-12-19,area,area,2
2024-12-20,Cityscape,Cityscape,2
2024-12-20,Cityscape,Cultural,4
2024-12-20,Cityscape,Entertainment,5
2024-12-20,Cityscape,Hotel,1
2024-12-20,Cityscape,Natural,1
2024-12-20,Cityscape,Outdoor,1
2024-12-20,Cityscape,Religious,2
2024-12-20,Cityscape,Shopping,1
2024-12-20,Cityscape,Transit,1
2024-12-20,Cityscape,area,2
2024-12-20,Cultural,Cityscape,1
2024-12-20,Cultural,Cultural,1
2024-12-20,Cultural,Dining,1
2024-12-20,Cultural,Entertainment,2
2024-12-20,Cultural,Natural,2
2024-12-20,Cultural,area,2
2024-12-20,Dining,Cityscape,1
2024-12-20,Dining,Entertainment,1
2024-12-20,Dining,area,1
2024-12-20,Entertainment,Cityscape,6
2024-12-20,Entertainment,Entertainment,5
2024-12-20,Entertainment,Hotel,4
2024-12-20,Entertainment,Natural,2
2024-12-20,Entertainment,Religious,1
2024-12-20,Entertainment,School,1
2024-12-20,Entertainment,Shopping,2
2024-12-20,Entertainment,Transit,2
2024-12-20,Entertainment,area,2
2024-12-20,Hotel,Cityscape,3
2024-12-20,Hotel,Dining,1
2024-12-20,Hotel,Entertainment,3
2024-12-20,Natural,Hotel,1
2024-12-20,Natural,Religious,2
2024-12-20,Outdoor,Shopping,1
2024-12-20,Religious,area,2
2024-12-20,School,Cityscape,1
2024-12-20,Shopping,Dining,1
2024-12-20,Shopping,Entertainment,1
2024-12-20,Shopping,Hotel,1
2024-12-20,Shopping,Shopping,2
2024-12-20,Shopping,Transit,1
2024-12-20,Shopping,area,1
2024-12-20,Transit,Cityscape,3
2024-12-20,Transit,Entertainment,6
2024-12-20,Transit,Shopping,1
2024-12-20,Transit,Transit,1
2024-12-20,Transit,area,2
2024-12-20,area,Cityscape,6
2024-12-20,area,Dining,1
2024-12-20,area,Entertainment,2
2024-12-20,area,Religious,1
2024-12-20,area,School,1
2024-12-20,area,Shopping,1
2024-12-20,area,Transit,1
2024-12-20,area,area,3
2024-12-21,Cityscape,Cityscape,2
2024-12-21,Cityscape,Cultural,4
2024-12-21,Cityscape,Dining,1
2024-12-21,Cityscape,Entertainment,3
2024-12-21,Cityscape,Hotel,2
2024-12-21,Cityscape,Religious,1
2024-12-21,Cityscape,Shopping,2
2024-12-21,Cityscape,area,1
2024-12-21,Cultural,Cityscape,4
2024-12-21,Cultural,Cultural,2
2024-12-21,Cultural,Dining,1
2024-12-21,Cultural,Hotel,1
2024-12-21,Cultural,Religious,1
2024-12-21,Dining,Dining,6
2024-12-21,Dining,Transit,1
2024-12-21,Dining,area,2
2024-12-21,Entertainment,Cityscape,4
2024-12-21,Entertainment,Cultural,1
2024-12-21,Entertainment,Entertainment,10
2024-12-21,Entertainment,Natural,1
2024-12-21,Entertainment,Shopping,1
2024-12-21,Hotel,Cityscape,2
2024-12-21,Hotel,Dining,1
2024-12-21,Hotel,Entertainment,1
2024-12-21,Natural,Cultural,1
2024-12-21,Natural,Entertainment,1
2024-12-21,Natural,Outdoor,1
2024-12-21,Natural,Religious,3
2024-12-21,Natural,area,1
2024-12-21,Outdoor,Natural,1
2024-12-21,Religious,Cityscape,1
2024-12-21,Religious,Natural,2
2024-12-21,Religious,Religious,3
2024-12-21,Religious,area,2
2024-12-21,Shopping,Cityscape,1
2024-12-21,Shopping,Dining,1
2024-12-21,Shopping,Entertainment,1
2024-12-21,Sport,Entertainment,1
2024-12-21,Transit,Hotel,1
2024-12-21,area,Cityscape,2
2024-12-21,area,Cultural,2
2024-12-21,area,Natural,3
2024-12-21,area,area,1
2024-12-22,Cityscape,Cityscape,3
2024-12-22,Cityscape,Cultural,1
2024-12-22,Cityscape,Dining,1
2024-12-22,Cityscape,Entertainment,4
2024-12-22,Cityscape,Natural,1
2024-12-22,Cityscape,Transit,2
2024-12-22,Cityscape,area,3
2024-12-22,Cultural,Natural,1
2024-12-22,Cultural,Shopping,1
2024-12-22,Cultural,area,1
2024-12-22,Dining,Cityscape,1
2024-12-22,Dining,Dining,3
2024-12-22,Dining,Entertainment,1
2024-12-22,Dining,Religious,1
2024-12-22,Dining,area,1
2024-12-22,Entertainment,Cityscape,3
2024-12-22,Entertainment,Dining,2
2024-12-22,Entertainment,Entertainment,33
2024-12-22,Entertainment,Hotel,5
2024-12-22,Entertainment,Natural,1
2024-12-22,Entertainment,Religious,1
2024-12-22,Entertainment,Transit,2
2024-12-22,Hotel,Cityscape,1
2024-12-22,Hotel,Entertainment,4
2024-12-22,Hotel,Shopping,2
2024-12-22,Hotel,area,1
2024-12-22,Natural,Entertainment,2
2024-12-22,Natural,Religious,1
2024-12-22,Natural,Transit,2
2024-12-22,Outdoor,Cityscape,1
2024-12-22,Religious,Cityscape,1
2024-12-22,Religious,Natural,1
2024-12-22,Religious,Religious,1
2024-12-22,Religious,Transit,1
2024-12-22,Shopping,Cityscape,3
2024-12-22,Shopping,Shopping,1
2024-12-22,Shopping,area,1
2024-12-22,Transit,Cityscape,3
2024-12-22,Transit,Cultural,1
2024-12-22,Transit,Dining,1
2024-12-22,Transit,Entertainment,3
2024-12-22,Transit,Transit,1
2024-12-22,Transit,area,1
2024-12-22,area,Cityscape,1
2024-12-22,area,Cultural,1
2024-12-22,area,Hotel,2
2024-12-22,area,Natural,1
2024-12-22,area,Religious,1
2024-12-22,area,Shopping,1
2024-12-22,area,Transit,2
2024-12-22,area,area,1
2024-12-23,Cityscape,Cityscape,3
2024-12-23,Cityscape,Cultural,1
2024-12-23,Cityscape,Entertainment,5
2024-12-23,Cityscape,Hotel,1
2024-12-23,Cityscape,Religious,1
2024-12-23,Cityscape,Shopping,2
2024-12-23,Cityscape,Transit,1
2024-12-23,Cityscape,area,2
2024-12-23,Cultural,Entertainment,1
2024-12-23,Cultural,Transit,1
2024-12-23,Dining,Dining,3
2024-12-23,Dining,Entertainment,2
2024-12-23,Dining,Shopping,1
2024-12-23,Entertainment,Cityscape,4
2024-12-23,Entertainment,Dining,2
2024-12-23,Entertainment,Entertainment,8
2024-12-23,Entertainment,Hotel,4
2024-12-23,Entertainment,Natural,4
2024-12-23,Entertainment,Religious,1
2024-12-23,Entertainment,Shopping,1
2024-12-23,Entertainment,Transit,3
2024-12-23,Entertainment,area,5
2024-12-23,Hotel,Cityscape,3
2024-12-23,Hotel,Entertainment,2
2024-12-23,Hotel,Outdoor,1
2024-12-23,Hotel,Shopping,1
2024-12-23,Hotel,Transit,1
2024-12-23,Natural,Entertainment,3
2024-12-23,Natural,Outdoor,1
2024-12-23,Natural,Religious,1
2024-12-23,Natural,area,1
2024-12-23,Outdoor,Natural,1
2024-12-23,Religious,Cityscape,3
2024-12-23,Religious,Entertainment,2
2024-12-23,Religious,Natural,2
2024-12-23,Religious,Religious,1
2024-12-23,Shopping,Entertainment,2
2024-12-23,Shopping,Hotel,2
2024-12-23,Shopping,Religious,1
2024-12-23,Shopping,area,1
2024-12-23,Transit,Cityscape,1
2024-12-23,Transit,Dining,1
2024-12-23,Transit,Entertainment,2
2024-12-23,Transit,Hotel,1
2024-12-23,Transit,Shopping,1
2024-12-23,Transit,Transit,1
2024-12-23,Transit,area,2
2024-12-23,area,Cityscape,3
2024-12-23,area,Dining,1
2024-12-23,area,Entertainment,3
2024-12-23,area,Hotel,2
2024-12-23,area,Religious,2
2024-12-23,area,Transit,1
2024-12-23,area,area,1
2024-12-24,Cityscape,Cityscape,5
2024-12-24,Cityscape,Cultural,1
2024-12-24,Cityscape,Entertainment,3
2024-12-24,Cityscape,Transit,3
2024-12-24,Cultural,Cultural,1
2024-12-24,Cultural,Entertainment,1
2024-12-24,Cultural,Hotel,1
2024-12-24,Cultural,Shopping,2
2024-12-24,Dining,Dining,3
2024-12-24,Dining,Entertainment,1
2024-12-24,Dining,Religious,1
2024-12-24,Dining,area,1
2024-12-24,Entertainment,Cityscape,4
2024-12-24,Entertainment,Cultural,2
2024-12-24,Entertainment,Entertainment,24
2024-12-24,Entertainment,Hotel,4
2024-12-24,Entertainment,Natural,3
2024-12-24,Entertainment,Religious,2
2024-12-24,Entertainment,Shopping,1
2024-12-24,Entertainment,Transit,1
2024-12-24,Entertainment,area,2
2024-12-24,Hotel,Cityscape,1
2024-12-24,Hotel,Dining,1
2024-12-24,Hotel,Entertainment,3
2024-12-24,Hotel,Natural,1
2024-12-24,Hotel,Shopping,1
2024-12-24,Natural,Cultural,1
2024-12-24,Natural,Entertainment,1
2024-12-24,Natural,Natural,2
2024-12-24,Natural,Outdoor,2
2024-12-24,Natural,Religious,1
2024-12-24,Natural,area,1
2024-12-24,Outdoor,Natural,1
2024-12-24,Outdoor,Religious,1
2024-12-24,Outdoor,area,1
2024-12-24,Religious,Cityscape,1
2024-12-24,Religious,Cultural,1
2024-12-24,Religious,Dining,1
2024-12-24,Religious,Entertainment,2
2024-12-24,Religious,Natural,1
2024-12-24,Religious,Shopping,1
2024-12-24,Shopping,Cityscape,1
2024-12-24,Shopping,Entertainment,2
2024-12-24,Shopping,Hotel,1
2024-12-24,Shopping,Transit,2
2024-12-24,Shopping,area,1
2024-12-24,Transit,Cityscape,4
2024-12-24,Transit,Entertainment,4
2024-12-24,Transit,Hotel,1
2024-12-24,Transit,Religious,1
2024-12-24,Transit,Shopping,1
2024-12-24,Transit,Transit,1
2024-12-24,Transit,area,2
2024-12-24,area,Cityscape,1
2024-12-24,area,Entertainment,3
2024-12-24,area,Hotel,1
2024-12-24,area,Outdoor,1
2024-12-24,area,Shopping,1
2024-12-24,area,Transit,1
2024-12-25,Cityscape,Cityscape,9
2024-12-25,Cityscape,Cultural,2
2024-12-25,Cityscape,Entertainment,6
2024-12-25,Cityscape,Religious,3
2024-12-25,Cityscape,Shopping,3
2024-12-25,Cityscape,Transit,2
2024-12-25,Cityscape,area,1
2024-12-25,Cultural,Cityscape,2
2024-12-25,Cultural,Entertainment,5
2024-12-25,Cultural,Hotel,1
2024-12-25,Cultural,Natural,1
2024-12-25,Dining,Cityscape,2
2024-12-25,Dining,Cultural,1
2024-12-25,Dining,Dining,4
2024-12-25,Dining,Entertainment,2
2024-12-25,Entertainment,Cityscape,5
2024-12-25,Entertainment,Cultural,3
2024-12-25,Entertainment,Dining,1
2024-12-25,Entertainment,Entertainment,18
2024-12-25,Entertainment,Hotel,2
2024-12-25,Entertainment,Religious,3
2024-12-25,Entertainment,Shopping,1
2024-12-25,Entertainment,Transit,1
2024-12-25,Entertainment,area,4
2024-12-25,Hotel,Cityscape,2
2024-12-25,Hotel,Dining,1
2024-12-25,Hotel,Entertainment,3
2024-12-25,Hotel,area,1
2024-12-25,Natural,Cityscape,1
2024-12-25,Natural,Dining,1
2024-12-25,Natural,Religious,2
2024-12-25,Natural,area,1
2024-12-25,Outdoor,Entertainment,1
2024-12-25,Religious,Cultural,2
2024-12-25,Religious,Entertainment,2
2024-12-25,Religious,Natural,4
2024-12-25,Religious,Religious,5
2024-12-25,Religious,area,3
2024-12-25,Shopping,Cultural,1
2024-12-25,Shopping,Dining,1
2024-12-25,Shopping,Outdoor,1
2024-12-25,Shopping,Shopping,2
2024-12-25,Shopping,Transit,1
2024-12-25,Transit,Cityscape,3
2024-12-25,Transit,Cultural,1
2024-12-25,Transit,Entertainment,2
2024-12-25,Transit,Hotel,1
2024-12-25,area,Cityscape,2
2024-12-25,area,Cultural,2
2024-12-25,area,Dining,1
2024-12-25,area,Entertainment,2
2024-12-25,area,Religious,2
2024-12-26,Cityscape,Cityscape,1
2024-12-26,Cityscape,Dining,1
2024-12-26,Cityscape,Entertainment,3
2024-12-26,Cityscape,Natural,1
2024-12-26,Cityscape,Transit,1
2024-12-26,Cityscape,area,3
2024-12-26,Dining,Entertainment,2
2024-12-26,Dining,Natural,1
2024-12-26,Dining,Transit,1
2024-12-26,Dining,area,3
2024-12-26,Entertainment,Cityscape,3
2024-12-26,Entertainment,Dining,2
2024-12-26,Entertainment,Entertainment,15
2024-12-26,Entertainment,Natural,1
2024-12-26,Entertainment,Transit,1
2024-12-26,Entertainment,area,1
2024-12-26,Hotel,Cityscape,2
2024-12-26,Hotel,Entertainment,1
2024-12-26,Hotel,area,3
2024-12-26,Natural,Cityscape,2
2024-12-26,Natural,Entertainment,1
2024-12-26,Natural,Religious,2
2024-12-26,Natural,area,2
2024-12-26,Outdoor,Natural,1
2024-12-26,Religious,Natural,1
2024-12-26,Religious,Outdoor,1
2024-12-26,Religious,Religious,1
2024-12-26,Religious,Shopping,1
2024-12-26,Shopping,Cityscape,1
2024-12-26,Shopping,Entertainment,2
2024-12-26,Shopping,Religious,1
2024-12-26,Shopping,Shopping,1
2024-12-26,Transit,Cityscape,1
2024-12-26,Transit,Dining,1
2024-12-26,Transit,Entertainment,1
2024-12-26,Transit,Hotel,4
2024-12-26,Transit,Shopping,1
2024-12-26,area,Cityscape,1
2024-12-26,area,Cultural,1
2024-12-26,area,Dining,3
2024-12-26,area,Entertainment,1
2024-12-26,area,Hotel,1
2024-12-26,area,Natural,3
2024-12-26,area,Shopping,1
2024-12-26,area,Transit,3
2024-12-26,area,area,3
2024-12-27,Cityscape,Cityscape,1
2024-12-27,Cityscape,Cultural,1
2024-12-27,Cityscape,Dining,1
2024-12-27,Cityscape,Entertainment,5
2024-12-27,Cityscape,Hotel,1
2024-12-27,Cityscape,Natural,2
2024-12-27,Cityscape,Shopping,2
2024-12-27,Cultural,Entertainment,1
2024-12-27,Cultural,area,1
2024-12-27,Dining,Cityscape,1
2024-12-27,Dining,Dining,1
2024-12-27,Dining,Entertainment,2
2024-12-27,Dining,area,2
2024-12-27,Entertainment,Cityscape,3
2024-12-27,Entertainment,Cultural,3
2024-12-27,Entertainment,Dining,1
2024-12-27,Entertainment,Entertainment,7
2024-12-27,Entertainment,Hotel,2
2024-12-27,Entertainment,Natural,5
2024-12-27,Entertainment,Religious,1
2024-12-27,Entertainment,Shopping,2
2024-12-27,Entertainment,Transit,1
2024-12-27,Entertainment,area,1
2024-12-27,Hotel,Cityscape,2
2024-12-27,Hotel,Cultural,1
2024-12-27,Hotel,Entertainment,3
2024-12-27,Hotel,Shopping,1
2024-12-27,Hotel,area,1
2024-12-27,Natural,Cityscape,2
2024-12-27,Natural,Entertainment,2
2024-12-27,Natural,Outdoor,1
2024-12-27,Natural,Religious,3
2024-12-27,Natural,area,1
2024-12-27,Outdoor,Natural,1
2024-12-27,Religious,Entertainment,1
2024-12-27,Religious,Religious,2
2024-12-27,Religious,Shopping,1
2024-12-27,Religious,area,1
2024-12-27,Shopping,Cityscape,1
2024-12-27,Shopping,Entertainment,1
2024-12-27,Shopping,Hotel,1
2024-12-27,Shopping,Shopping,1
2024-12-27,Shopping,area,2
2024-12-27,Transit,Cityscape,2
2024-12-27,Transit,Entertainment,3
2024-12-27,Transit,Hotel,1
2024-12-27,Transit,area,1
2024-12-27,area,Cityscape,3
2024-12-27,area,Dining,3
2024-12-27,area,Hotel,1
2024-12-27,area,Natural,5
2024-12-27,area,Religious,1
2024-12-27,area,Transit,1
2024-12-27,area,area,2
2024-12-28,Cityscape,Cityscape,4
2024-12-28,Cityscape,Cultural,3
2024-12-28,Cityscape,Entertainment,8
2024-12-28,Cityscape,Hotel,2
2024-12-28,Cityscape,Natural,2
2024-12-28,Cityscape,Religious,2
2024-12-28,Cityscape,Transit,5
2024-12-28,Cityscape,area,4
2024-12-28,Cultural,Cityscape,4
2024-12-28,Cultural,Cultural,1
2024-12-28,Cultural,Hotel,1
2024-12-28,Cultural,Natural,3
2024-12-28,Cultural,Religious,2
2024-12-28,Cultural,Transit,3
2024-12-28,Cultural,area,2
2024-12-28,Dining,Cityscape,1
2024-12-28,Dining,Dining,7
2024-12-28,Dining,Entertainment,5
2024-12-28,Dining,Shopping,2
2024-12-28,Dining,Transit,1
2024-12-28,Dining,area,3
2024-12-28,Entertainment,Cityscape,4
2024-12-28,Entertainment,Cultural,1
2024-12-28,Entertainment,Dining,4
2024-12-28,Entertainment,Entertainment,14
2024-12-28,Entertainment,Hotel,1
2024-12-28,Entertainment,Natural,3
2024-12-28,Entertainment,Outdoor,1
2024-12-28,Entertainment,Religious,4
2024-12-28,Entertainment,Shopping,2
2024-12-28,Entertainment,Transit,7
2024-12-28,Entertainment,area,2
2024-12-28,Hotel,Cityscape,1
2024-12-28,Hotel,Cultural,1
2024-12-28,Hotel,Dining,2
2024-12-28,Natural,Cityscape,3
2024-12-28,Natural,Cultural,2
2024-12-28,Natural,Entertainment,5
2024-12-28,Natural,Outdoor,2
2024-12-28,Natural,Religious,2
2024-12-28,Natural,area,5
2024-12-28,Outdoor,Entertainment,1
2024-12-28,Outdoor,Natural,4
2024-12-28,Outdoor,Religious,1
2024-12-28,Outdoor,area,1
2024-12-28,Religious,Cityscape,5
2024-12-28,Religious,Cultural,1
2024-12-28,Religious,Natural,4
2024-12-28,Religious,Outdoor,5
2024-12-28,Religious,Religious,4
2024-12-28,Religious,Shopping,1
2024-12-28,Religious,Transit,1
2024-12-28,Religious,area,1
2024-12-28,Shopping,Dining,1
2024-12-28,Shopping,Entertainment,2
2024-12-28,Shopping,Religious,1
2024-12-28,Shopping,area,1
2024-12-28,Sport,Entertainment,1
2024-12-28,Transit,Cityscape,6
2024-12-28,Transit,Cultural,1
2024-12-28,Transit,Dining,2
2024-12-28,Transit,Entertainment,9
2024-12-28,Transit,Hotel,2
2024-12-28,Transit,Natural,2
2024-12-28,Transit,Religious,3
2024-12-28,Transit,Shopping,2
2024-12-28,Transit,Sport,1
2024-12-28,Transit,Transit,5
2024-12-28,Transit,area,3
2024-12-28,area,Cityscape,3
2024-12-28,area,Cultural,5
2024-12-28,area,Dining,5
2024-12-28,area,Entertainment,2
2024-12-28,area,Hotel,1
2024-12-28,area,Natural,1
2024-12-28,area,Religious,3
2024-12-28,area,Transit,2
2024-12-28,area,area,3
2024-12-29,Cityscape,Cityscape,3
2024-12-29,Cityscape,Cultural,2
2024-12-29,Cityscape,Entertainment,1
2024-12-29,Cityscape,Hotel,2
2024-12-29,Cityscape,Natural,1
2024-12-29,Cityscape,Religious,1
2024-12-29,Cityscape,Shopping,1
2024-12-29,Cultural,Cityscape,1
2024-12-29,Cultural,Dining,1
2024-12-29,Cultural,Entertainment,2
2024-12-29,Cultural,Hotel,1
2024-12-29,Cultural,Natural,1
2024-12-29,Cultural,Outdoor,1
2024-12-29,Cultural,Shopping,1
2024-12-29,Dining,Dining,3
2024-12-29,Dining,Entertainment,2
2024-12-29,Entertainment,Cityscape,3
2024-12-29,Entertainment,Dining,1
2024-12-29,Entertainment,Entertainment,20
2024-12-29,Entertainment,Hotel,2
2024-12-29,Entertainment,Transit,5
2024-12-29,Entertainment,area,1
2024-12-29,Hotel,Cityscape,1
2024-12-29,Hotel,Entertainment,3
2024-12-29,Hotel,Natural,1
2024-12-29,Hotel,Transit,2
2024-12-29,Natural,Cityscape,3
2024-12-29,Natural,Outdoor,1
2024-12-29,Natural,Religious,4
2024-12-29,Natural,Transit,2
2024-12-29,Outdoor,Natural,1
2024-12-29,Outdoor,area,1
2024-12-29,Religious,Cityscape,2
2024-12-29,Religious,Cultural,1
2024-12-29,Religious,Entertainment,1
2024-12-29,Religious,Hotel,1
2024-12-29,Religious,Natural,1
2024-12-29,Religious,Religious,1
2024-12-29,Religious,area,2
2024-12-29,Shopping,Hotel,1
2024-12-29,Shopping,Religious,1
2024-12-29,Shopping,Transit,3
2024-12-29,Shopping,area,1
2024-12-29,Transit,Cityscape,1
2024-12-29,Transit,Cultural,1
2024-12-29,Transit,Entertainment,7
2024-12-29,Transit,Natural,1
2024-12-29,Transit,Shopping,1
2024-12-29,Transit,Transit,1
2024-12-29,Transit,area,2
2024-12-29,area,Cityscape,1
2024-12-29,area,Entertainment,2
2024-12-29,area,Hotel,1
2024-12-29,area,Natural,3
2024-12-29,area,Religious,1
2024-12-29,area,Transit,1
2024-12-29,area,area,1
2024-12-30,Cityscape,Cityscape,5
2024-12-30,Cityscape,Cultural,1
2024-12-30,Cityscape,Dining,1
2024-12-30,Cityscape,Entertainment,7
2024-12-30,Cityscape,Shopping,1
2024-12-30,Cityscape,area,1
2024-12-30,Cultural,Cultural,4
2024-12-30,Cultural,Entertainment,2
2024-12-30,Cultural,Hotel,1
2024-12-30,Cultural,area,1
2024-12-30,Dining,Dining,6
2024-12-30,Dining,Entertainment,3
2024-12-30,Entertainment,Cityscape,5
2024-12-30,Entertainment,Cultural,2
2024-12-30,Entertainment,Dining,2
2024-12-30,Entertainment,Entertainment,13
2024-12-30,Entertainment,Hotel,4
2024-12-30,Entertainment,Natural,1
2024-12-30,Entertainment,Transit,3
2024-12-30,Entertainment,area,2
2024-12-30,Hotel,Cityscape,1
2024-12-30,Hotel,Entertainment,3
2024-12-30,Hotel,School,1
2024-12-30,Hotel,area,2
2024-12-30,Natural,Entertainment,1
2024-12-30,Natural,Hotel,1
2024-12-30,Religious,Hotel,1
2024-12-30,Religious,Natural,1
2024-12-30,Religious,Religious,5
2024-12-30,Religious,Transit,1
2024-12-30,Religious,area,1
2024-12-30,Shopping,Cityscape,1
2024-12-30,Shopping,area,1
2024-12-30,Transit,Cityscape,1
2024-12-30,Transit,Entertainment,2
2024-12-30,Transit,Religious,2
2024-12-30,Transit,Shopping,2
2024-12-30,Transit,area,2
2024-12-30,area,Cityscape,4
2024-12-30,area,Cultural,1
2024-12-30,area,Dining,2
2024-12-30,area,Entertainment,2
2024-12-30,area,Transit,2
2024-12-30,area,area,2
2024-12-31,Cityscape,Cityscape,3
2024-12-31,Cityscape,Cultural,2
2024-12-31,Cityscape,Dining,1
2024-12-31,Cityscape,Entertainment,3
2024-12-31,Cityscape,Natural,1
2024-12-31,Cityscape,Outdoor,1
2024-12-31,Cityscape,Shopping,3
2024-12-31,Cityscape,area,1
2024-12-31,Cultural,Cityscape,1
2024-12-31,Cultural,Cultural,1
2024-12-31,Cultural,Entertainment,1
2024-12-31,Cultural,Hotel,1
2024-12-31,Cultural,Religious,3
2024-12-31,Cultural,Transit,1
2024-12-31,Dining,Dining,2
2024-12-31,Dining,Entertainment,3
2024-12-31,Dining,Religious,1
2024-12-31,Entertainment,Cityscape,6
2024-12-31,Entertainment,Cultural,1
2024-12-31,Entertainment,Dining,1
2024-12-31,Entertainment,Entertainment,13
2024-12-31,Entertainment,Natural,2
2024-12-31,Entertainment,Religious,1
2024-12-31,Entertainment,Shopping,2
2024-12-31,Entertainment,Transit,1
2024-12-31,Entertainment,area,1
2024-12-31,Hotel,Cultural,1
2024-12-31,Natural,Cityscape,1
2024-12-31,Natural,Entertainment,3
2024-12-31,Natural,Religious,3
2024-12-31,Natural,area,1
2024-12-31,Outdoor,Natural,1
2024-12-31,Religious,Cityscape,2
2024-12-31,Religious,Dining,1
2024-12-31,Religious,Natural,3
2024-12-31,Religious,Outdoor,1
2024-12-31,Religious,Religious,3
2024-12-31,Religious,area,3
2024-12-31,Shopping,Cityscape,4
2024-12-31,Shopping,Entertainment,1
2024-12-31,Shopping,Hotel,1
2024-12-31,Shopping,Transit,1
2024-12-31,Transit,Entertainment,3
2024-12-31,Transit,Natural,1
2024-12-31,Transit,Religious,1
2024-12-31,area,Cityscape,2
2024-12-31,area,Religious,2
2024-12-31,area,Shopping,2
2025-01-01,Cityscape,Cityscape,2
2025-01-01,Cityscape,Cultural,3
2025-01-01,Cityscape,Entertainment,8
2025-01-01,Cityscape,Hotel,2
2025-01-01,Cityscape,Natural,1
2025-01-01,Cityscape,Religious,1
2025-01-01,Cityscape,Shopping,1
2025-01-01,Cityscape,area,3
2025-01-01,Cultural,Cityscape,4
2025-01-01,Cultural,Cultural,5
2025-01-01,Cultural,Entertainment,1
2025-01-01,Cultural,Religious,1
2025-01-01,Cultural,Shopping,1
2025-01-01,Cultural,area,1
2025-01-01,Dining,Entertainment,2
2025-01-01,Dining,Shopping,1
2025-01-01,Entertainment,Cityscape,3
2025-01-01,Entertainment,Cultural,1
2025-01-01,Entertainment,Entertainment,11
2025-01-01,Entertainment,Natural,4
2025-01-01,Entertainment,Outdoor,1
2025-01-01,Entertainment,Religious,3
2025-01-01,Entertainment,Shopping,1
2025-01-01,Entertainment,Transit,1
2025-01-01,Hotel,Transit,1
2025-01-01,Natural,Cityscape,1
2025-01-01,Natural,Cultural,1
2025-01-01,Natural,Entertainment,3
2025-01-01,Natural,Religious,2
2025-01-01,Natural,Transit,1
2025-01-01,Natural,area,1
2025-01-01,Outdoor,Entertainment,1
2025-01-01,Outdoor,Religious,1
2025-01-01,Religious,Cityscape,2
2025-01-01,Religious,Natural,2
2025-01-01,Religious,Outdoor,1
2025-01-01,Religious,Religious,4
2025-01-01,Religious,Shopping,1
2025-01-01,Religious,area,4
2025-01-01,Shopping,Cityscape,1
2025-01-01,Shopping,Cultural,1
2025-01-01,Shopping,Dining,1
2025-01-01,Shopping,Entertainment,1
2025-01-01,Shopping,Shopping,1
2025-01-01,Shopping,Transit,1
2025-01-01,Shopping,area,1
2025-01-01,Transit,Cityscape,4
2025-01-01,Transit,Entertainment,2
2025-01-01,Transit,Natural,1
2025-01-01,area,Cityscape,3
2025-01-01,area,Entertainment,1
2025-01-01,area,Religious,4
2025-01-01,area,Shopping,1
2025-01-01,area,Transit,1
2025-01-01,area,area,1
2025-01-02,Cityscape,Cityscape,4
2025-01-02,Cityscape,Cultural,3
2025-01-02,Cityscape,Dining,1
2025-01-02,Cityscape,Entertainment,8
2025-01-02,Cityscape,Hotel,1
2025-01-02,Cityscape,Natural,1
2025-01-02,Cityscape,Outdoor,1
2025-01-02,Cityscape,Religious,3
2025-01-02,Cityscape,Shopping,5
2025-01-02,Cityscape,Transit,3
2025-01-02,Cityscape,area,1
2025-01-02,Cultural,Cityscape,4
2025-01-02,Cultural,Cultural,2
2025-01-02,Cultural,Entertainment,3
2025-01-02,Cultural,Natural,1
2025-01-02,Cultural,Religious,1
2025-01-02,Cultural,Transit,1
2025-01-02,Cultural,area,1
2025-01-02,Dining,Dining,5
2025-01-02,Dining,Entertainment,1
2025-01-02,Dining,area,2
2025-01-02,Entertainment,Cityscape,10
2025-01-02,Entertainment,Cultural,5
2025-01-02,Entertainment,Dining,1
2025-01-02,Entertainment,Entertainment,21
2025-01-02,Entertainment,Hotel,1
2025-01-02,Entertainment,Natural,2
2025-01-02,Entertainment,Shopping,1
2025-01-02,Entertainment,Transit,4
2025-01-02,Entertainment,area,3
2025-01-02,Hotel,Cityscape,2
2025-01-02,Hotel,Cultural,1
2025-01-02,Hotel,Natural,1
2025-01-02,Hotel,area,2
2025-01-02,Natural,Cityscape,2
2025-01-02,Natural,Religious,2
2025-01-02,Natural,Shopping,1
2025-01-02,Natural,area,1
2025-01-02,Outdoor,Cityscape,1
2025-01-02,Outdoor,Natural,1
2025-01-02,Outdoor,Shopping,1
2025-01-02,Religious,Cityscape,1
2025-01-02,Religious,Cultural,1
2025-01-02,Religious,Entertainment,2
2025-01-02,Religious,Natural,1
2025-01-02,Religious,Religious,2
2025-01-02,Religious,Shopping,1
2025-01-02,Religious,Transit,1
2025-01-02,Religious,area,5
2025-01-02,Shopping,Cityscape,2
2025-01-02,Shopping,Cultural,1
2025-01-02,Shopping,Dining,1
2025-01-02,Shopping,Entertainment,1
2025-01-02,Shopping,Shopping,1
2025-01-02,Shopping,Transit,1
2025-01-02,Shopping,area,3
2025-01-02,Transit,Cityscape,5
2025-01-02,Transit,Cultural,1
2025-01-02,Transit,Entertainment,3
2025-01-02,Transit,Religious,1
2025-01-02,Transit,area,4
2025-01-02,area,Cityscape,1
2025-01-02,area,Cultural,1
2025-01-02,area,Dining,1
2025-01-02,area,Entertainment,6
2025-01-02,area,Hotel,3
2025-01-02,area,Outdoor,1
2025-01-02,area,Religious,4
2025-01-02,area,Shopping,3
2025-01-02,area,Transit,3
2025-01-02,area,area,8
2025-01-03,Cityscape,Cityscape,3
2025-01-03,Cityscape,Entertainment,6
2025-01-03,Cityscape,Natural,1
2025-01-03,Cityscape,Outdoor,1
2025-01-03,Cultural,Entertainment,1
2025-01-03,Cultural,Natural,1
2025-01-03,Cultural,Religious,1
2025-01-03,Dining,Entertainment,5
2025-01-03,Dining,area,1
2025-01-03,Entertainment,Cityscape,5
2025-01-03,Entertainment,Cultural,2
2025-01-03,Entertainment,Dining,5
2025-01-03,Entertainment,Entertainment,21
2025-01-03,Entertainment,Natural,1
2025-01-03,Entertainment,Shopping,1
2025-01-03,Entertainment,Transit,2
2025-01-03,Entertainment,area,1
2025-01-03,Hotel,area,1
2025-01-03,Natural,Cityscape,1
2025-01-03,Natural,Entertainment,2
2025-01-03,Natural,Outdoor,3
2025-01-03,Natural,Religious,2
2025-01-03,Natural,area,1
2025-01-03,Outdoor,Cityscape,1
2025-01-03,Outdoor,Hotel,1
2025-01-03,Outdoor,Natural,2
2025-01-03,Outdoor,Religious,1
2025-01-03,Religious,Cityscape,1
2025-01-03,Religious,Entertainment,1
2025-01-03,Religious,Natural,2
2025-01-03,Religious,Outdoor,1
2025-01-03,Religious,Religious,3
2025-01-03,Religious,Shopping,1
2025-01-03,Shopping,Entertainment,2
2025-01-03,Shopping,Natural,1
2025-01-03,Transit,Cityscape,1
2025-01-03,Transit,Dining,1
2025-01-03,Transit,Entertainment,3
2025-01-03,Transit,Shopping,3
2025-01-03,area,Entertainment,1
2025-01-03,area,Hotel,1
2025-01-03,area,Natural,1
2025-01-03,area,Shopping,1
2025-01-03,area,area,2
2025-01-04,Cityscape,Cityscape,4
2025-01-04,Cityscape,Cultural,3
2025-01-04,Cityscape,Entertainment,9
2025-01-04,Cityscape,Natural,1
2025-01-04,Cityscape,Shopping,2
2025-01-04,Cityscape,Transit,1
2025-01-04,Cityscape,area,3
2025-01-04,Cultural,Cityscape,4
2025-01-04,Cultural,Entertainment,1
2025-01-04,Cultural,Transit,2
2025-01-04,Dining,Dining,2
2025-01-04,Dining,Entertainment,3
2025-01-04,Dining,Shopping,1
2025-01-04,Entertainment,Cityscape,9
2025-01-04,Entertainment,Cultural,1
2025-01-04,Entertainment,Dining,2
2025-01-04,Entertainment,Entertainment,36
2025-01-04,Entertainment,Hotel,8
2025-01-04,Entertainment,Religious,1
2025-01-04,Entertainment,Shopping,3
2025-01-04,Entertainment,Transit,3
2025-01-04,Hotel,Cityscape,2
2025-01-04,Hotel,Entertainment,8
2025-01-04,Hotel,Hotel,1
2025-01-04,Hotel,Transit,1
2025-01-04,Natural,Entertainment,1
2025-01-04,Religious,Cityscape,1
2025-01-04,Religious,Natural,1
2025-01-04,Religious,Religious,1
2025-01-04,Religious,Transit,1
2025-01-04,Shopping,Cityscape,1
2025-01-04,Shopping,Entertainment,3
2025-01-04,Transit,Cityscape,4
2025-01-04,Transit,Cultural,2
2025-01-04,Transit,Dining,1
2025-01-04,Transit,Entertainment,2
2025-01-04,Transit,Hotel,3
2025-01-04,Transit,Religious,1
2025-01-04,Transit,area,1
2025-01-04,area,Cityscape,1
2025-01-04,area,Cultural,1
2025-01-04,area,Dining,1
2025-01-04,area,Entertainment,2
2025-01-04,area,area,3
2025-01-05,Cityscape,Cityscape,3
2025-01-05,Cityscape,Cultural,2
2025-01-05,Cityscape,Entertainment,6
2025-01-05,Cityscape,Hotel,5
2025-01-05,Cityscape,Natural,4
2025-01-05,Cityscape,Shopping,1
2025-01-05,Cityscape,Transit,5
2025-01-05,Cityscape,area,1
2025-01-05,Cultural,Cityscape,1
2025-01-05,Cultural,Cultural,1
2025-01-05,Cultural,Entertainment,5
2025-01-05,Cultural,Hotel,1
2025-01-05,Cultural,Natural,1
2025-01-05,Cultural,Outdoor,1
2025-01-05,Cultural,Shopping,1
2025-01-05,Dining,Cityscape,1
2025-01-05,Dining,Dining,2
2025-01-05,Dining,Entertainment,1
2025-01-05,Entertainment,Cityscape,11
2025-01-05,Entertainment,Cultural,4
2025-01-05,Entertainment,Entertainment,25
2025-01-05,Entertainment,Hotel,5
2025-01-05,Entertainment,Natural,2
2025-01-05,Entertainment,Religious,2
2025-01-05,Entertainment,Shopping,2
2025-01-05,Entertainment,Transit,4
2025-01-05,Entertainment,area,4
2025-01-05,Hotel,Cityscape,1
2025-01-05,Hotel,Dining,1
2025-01-05,Hotel,Entertainment,7
2025-01-05,Hotel,Hotel,5
2025-01-05,Hotel,Natural,1
2025-01-05,Hotel,Shopping,1
2025-01-05,Hotel,area,1
2025-01-05,Natural,Cultural,2
2025-01-05,Natural,Entertainment,4
2025-01-05,Natural,Religious,8
2025-01-05,Natural,area,3
2025-01-05,Outdoor,Natural,3
2025-01-05,Outdoor,Religious,2
2025-01-05,Religious,Cityscape,1
2025-01-05,Religious,Natural,6
2025-01-05,Religious,Outdoor,2
2025-01-05,Religious,Religious,10
2025-01-05,Religious,Shopping,1
2025-01-05,Religious,area,1
2025-01-05,Shopping,Cityscape,1
2025-01-05,Shopping,Entertainment,3
2025-01-05,Shopping,Natural,1
2025-01-05,Shopping,area,2
2025-01-05,Transit,Cityscape,3
2025-01-05,Transit,Cultural,3
2025-01-05,Transit,Entertainment,2
2025-01-05,Transit,Hotel,1
2025-01-05,Transit,Outdoor,2
2025-01-05,Transit,Religious,4
2025-01-05,Transit,Shopping,1
2025-01-05,Transit,Transit,3
2025-01-05,Transit,area,5
2025-01-05,area,Cityscape,2
2025-01-05,area,Cultural,1
2025-01-05,area,Entertainment,1
2025-01-05,area,Hotel,1
2025-01-05,area,Natural,2
2025-01-05,area,Religious,2
2025-01-05,area,Transit,2
2025-01-05,area,area,4
2025-01-06,Cityscape,Cityscape,4
2025-01-06,Cityscape,Cultural,2
2025-01-06,Cityscape,Dining,2
2025-01-06,Cityscape,Entertainment,15
2025-01-06,Cityscape,Natural,5
2025-01-06,Cityscape,Outdoor,3
2025-01-06,Cityscape,Religious,3
2025-01-06,Cityscape,Shopping,1
2025-01-06,Cityscape,Transit,1
2025-01-06,Cityscape,area,1
2025-01-06,Cultural,Cultural,4
2025-01-06,Cultural,Dining,1
2025-01-06,Cultural,Entertainment,2
2025-01-06,Cultural,Natural,3
2025-01-06,Cultural,Shopping,1
2025-01-06,Cultural,area,1
2025-01-06,Dining,Cultural,1
2025-01-06,Dining,Dining,5
2025-01-06,Dining,Religious,1
2025-01-06,Dining,Shopping,1
2025-01-06,Dining,Transit,1
2025-01-06,Dining,area,3
2025-01-06,Entertainment,Cityscape,16
2025-01-06,Entertainment,Cultural,2
2025-01-06,Entertainment,Dining,1
2025-01-06,Entertainment,Entertainment,17
2025-01-06,Entertainment,Natural,1
2025-01-06,Entertainment,Religious,2
2025-01-06,Entertainment,Shopping,2
2025-01-06,Entertainment,Transit,2
2025-01-06,Entertainment,area,3
2025-01-06,Hotel,Entertainment,1
2025-01-06,Natural,Cityscape,1
2025-01-06,Natural,Cultural,2
2025-01-06,Natural,Dining,1
2025-01-06,Natural,Entertainment,2
2025-01-06,Natural,Natural,1
2025-01-06,Natural,Outdoor,1
2025-01-06,Natural,Religious,3
2025-01-06,Natural,Shopping,1
2025-01-06,Natural,area,3
2025-01-06,Outdoor,Religious,1
2025-01-06,Religious,Cityscape,2
2025-01-06,Religious,Dining,2
2025-01-06,Religious,Entertainment,1
2025-01-06,Religious,Natural,6
2025-01-06,Religious,Religious,3
2025-01-06,Religious,Shopping,2
2025-01-06,Religious,area,1
2025-01-06,Shopping,Cityscape,1
2025-01-06,Shopping,Dining,1
2025-01-06,Shopping,Entertainment,4
2025-01-06,Shopping,Shopping,5
2025-01-06,Shopping,Transit,1
2025-01-06,Shopping,area,2
2025-01-06,Transit,Cityscape,4
2025-01-06,Transit,Entertainment,3
2025-01-06,Transit,Shopping,1
2025-01-06,area,Cityscape,2
2025-01-06,area,Cultural,1
2025-01-06,area,Dining,3
2025-01-06,area,Entertainment,3
2025-01-06,area,Natural,1
2025-01-06,area,Religious,3
2025-01-06,area,area,1
2025-01-07,Cityscape,Cityscape,5
2025-01-07,Cityscape,Cultural,2
2025-01-07,Cityscape,Dining,1
2025-01-07,Cityscape,Entertainment,4
2025-01-07,Cityscape,Hotel,1
2025-01-07,Cityscape,Natural,1
2025-01-07,Cityscape,Shopping,1
2025-01-07,Cityscape,Transit,2
2025-01-07,Cityscape,area,4
2025-01-07,Cultural,Cityscape,2
2025-01-07,Cultural,Cultural,4
2025-01-07,Cultural,Entertainment,3
2025-01-07,Cultural,Hotel,1
2025-01-07,Cultural,Natural,1
2025-01-07,Cultural,Religious,1
2025-01-07,Cultural,area,2
2025-01-07,Dining,Dining,5
2025-01-07,Dining,Shopping,1
2025-01-07,Dining,area,3
2025-01-07,Entertainment,Cityscape,7
2025-01-07,Entertainment,Cultural,5
2025-01-07,Entertainment,Entertainment,18
2025-01-07,Entertainment,Hotel,5
2025-01-07,Entertainment,Natural,1
2025-01-07,Entertainment,Outdoor,1
2025-01-07,Entertainment,Religious,5
2025-01-07,Entertainment,Shopping,2
2025-01-07,Entertainment,Transit,2
2025-01-07,Entertainment,area,2
2025-01-07,Hotel,Dining,1
2025-01-07,Hotel,Entertainment,3
2025-01-07,Natural,Cityscape,1
2025-01-07,Natural,Cultural,1
2025-01-07,Natural,Entertainment,3
2025-01-07,Natural,Outdoor,2
2025-01-07,Natural,Religious,5
2025-01-07,Natural,area,2
2025-01-07,Outdoor,Entertainment,2
2025-01-07,Outdoor,Natural,1
2025-01-07,Outdoor,Religious,2
2025-01-07,Religious,Cultural,2
2025-01-07,Religious,Entertainment,3
2025-01-07,Religious,Natural,7
2025-01-07,Religious,Outdoor,1
2025-01-07,Religious,area,3
2025-01-07,Shopping,Cultural,2
2025-01-07,Shopping,Entertainment,1
2025-01-07,Shopping,Religious,1
2025-01-07,Transit,Cityscape,4
2025-01-07,Transit,Entertainment,7
2025-01-07,Transit,Shopping,2
2025-01-07,Transit,Transit,2
2025-01-07,Transit,area,1
2025-01-07,area,Cityscape,5
2025-01-07,area,Cultural,2
2025-01-07,area,Dining,2
2025-01-07,area,Entertainment,4
2025-01-07,area,Natural,4
2025-01-07,area,Outdoor,1
2025-01-07,area,Religious,1
2025-01-07,area,Shopping,1
2025-01-07,area,Transit,1
2025-01-07,area,area,8
2025-01-08,Cityscape,Cityscape,2
2025-01-08,Cityscape,Cultural,3
2025-01-08,Cityscape,Dining,2
2025-01-08,Cityscape,Entertainment,8
2025-01-08,Cityscape,Hotel,1
2025-01-08,Cityscape,Natural,3
2025-01-08,Cityscape,Religious,1
2025-01-08,Cityscape,Shopping,3
2025-01-08,Cityscape,Transit,8
2025-01-08,Cityscape,area,5
2025-01-08,Cultural,Cityscape,1
2025-01-08,Cultural,Cultural,6
2025-01-08,Cultural,Dining,1
2025-01-08,Cultural,Entertainment,3
2025-01-08,Cultural,Religious,4
2025-01-08,Dining,Cityscape,1
2025-01-08,Dining,Dining,12
2025-01-08,Dining,Entertainment,1
2025-01-08,Dining,Natural,1
2025-01-08,Dining,Religious,1
2025-01-08,Dining,area,3
2025-01-08,Entertainment,Cityscape,8
2025-01-08,Entertainment,Cultural,4
2025-01-08,Entertainment,Dining,1
2025-01-08,Entertainment,Entertainment,30
2025-01-08,Entertainment,Hotel,5
2025-01-08,Entertainment,Natural,2
2025-01-08,Entertainment,Outdoor,1
2025-01-08,Entertainment,Religious,3
2025-01-08,Entertainment,Shopping,1
2025-01-08,Entertainment,Transit,3
2025-01-08,Entertainment,area,2
2025-01-08,Hotel,Cityscape,2
2025-01-08,Hotel,Cultural,1
2025-01-08,Hotel,Entertainment,3
2025-01-08,Hotel,Religious,1
2025-01-08,Natural,Cultural,1
2025-01-08,Natural,Entertainment,1
2025-01-08,Natural,Natural,1
2025-01-08,Natural,Religious,4
2025-01-08,Natural,Transit,4
2025-01-08,Outdoor,Entertainment,1
2025-01-08,Religious,Cityscape,1
2025-01-08,Religious,Entertainment,2
2025-01-08,Religious,Natural,4
2025-01-08,Religious,Religious,5
2025-01-08,Religious,Transit,1
2025-01-08,Religious,area,3
2025-01-08,Shopping,Cultural,1
2025-01-08,Shopping,Entertainment,2
2025-01-08,Shopping,Natural,1
2025-01-08,Shopping,Outdoor,1
2025-01-08,Shopping,Transit,1
2025-01-08,Transit,Cityscape,10
2025-01-08,Transit,Cultural,1
2025-01-08,Transit,Entertainment,3
2025-01-08,Transit,Hotel,2
2025-01-08,Transit,area,2
2025-01-08,area,Cityscape,3
2025-01-08,area,Cultural,1
2025-01-08,area,Entertainment,3
2025-01-08,area,Hotel,1
2025-01-08,area,Natural,3
2025-01-08,area,Shopping,2
2025-01-08,area,area,6
2025-01-09,Cityscape,Cityscape,4
2025-01-09,Cityscape,Cultural,2
2025-01-09,Cityscape,Dining,2
2025-01-09,Cityscape,Entertainment,11
2025-01-09,Cityscape,Natural,2
2025-01-09,Cityscape,Outdoor,1
2025-01-09,Cityscape,Shopping,2
2025-01-09,Cityscape,Transit,4
2025-01-09,Cultural,Cityscape,3
2025-01-09,Cultural,Cultural,2
2025-01-09,Cultural,Entertainment,1
2025-01-09,Cultural,Natural,2
2025-01-09,Cultural,area,3
2025-01-09,Dining,Cityscape,1
2025-01-09,Dining,Dining,1
2025-01-09,Dining,Entertainment,2
2025-01-09,Dining,Religious,1
2025-01-09,Dining,area,3
2025-01-09,Entertainment,Cityscape,9
2025-01-09,Entertainment,Cultural,2
2025-01-09,Entertainment,Dining,3
2025-01-09,Entertainment,Entertainment,7
2025-01-09,Entertainment,Hotel,6
2025-01-09,Entertainment,Natural,1
2025-01-09,Entertainment,Religious,3
2025-01-09,Entertainment,Shopping,1
2025-01-09,Entertainment,Transit,6
2025-01-09,Entertainment,area,1
2025-01-09,Hotel,Cultural,1
2025-01-09,Hotel,Entertainment,5
2025-01-09,Hotel,Shopping,1
2025-01-09,Natural,Cityscape,2
2025-01-09,Natural,Religious,3
2025-01-09,Natural,Transit,1
2025-01-09,Natural,area,4
2025-01-09,Outdoor,Natural,2
2025-01-09,Religious,Cityscape,1
2025-01-09,Religious,Entertainment,1
2025-01-09,Religious,Natural,2
2025-01-09,Religious,Religious,1
2025-01-09,Religious,Shopping,1
2025-01-09,Religious,area,2
2025-01-09,Shopping,Cityscape,1
2025-01-09,Shopping,Cultural,2
2025-01-09,Shopping,Entertainment,2
2025-01-09,Shopping,Transit,1
2025-01-09,Transit,Cityscape,3
2025-01-09,Transit,Cultural,1
2025-01-09,Transit,Entertainment,3
2025-01-09,Transit,Hotel,2
2025-01-09,Transit,Natural,1
2025-01-09,Transit,area,3
2025-01-09,area,Cultural,1
2025-01-09,area,Dining,2
2025-01-09,area,Entertainment,4
2025-01-09,area,Hotel,1
2025-01-09,area,Natural,5
2025-01-09,area,Religious,1
2025-01-09,area,Shopping,1
2025-01-09,area,area,2
2025-01-10,Cityscape,Cityscape,11
2025-01-10,Cityscape,Cultural,4
2025-01-10,Cityscape,Entertainment,14
2025-01-10,Cityscape,Hotel,1
2025-01-10,Cityscape,Natural,3
2025-01-10,Cityscape,Shopping,3
2025-01-10,Cityscape,Transit,5
2025-01-10,Cityscape,area,3
2025-01-10,Cultural,Cityscape,2
2025-01-10,Cultural,Entertainment,1
2025-01-10,Cultural,Religious,1
2025-01-10,Cultural,Shopping,1
2025-01-10,Cultural,area,1
2025-01-10,Dining,Cityscape,2
2025-01-10,Dining,Dining,3
2025-01-10,Dining,Entertainment,2
2025-01-10,Dining,Shopping,1
2025-01-10,Dining,Transit,2
2025-01-10,Dining,area,1
2025-01-10,Entertainment,Cityscape,9
2025-01-10,Entertainment,Cultural,1
2025-01-10,Entertainment,Dining,3
2025-01-10,Entertainment,Entertainment,27
2025-01-10,Entertainment,Hotel,7
2025-01-10,Entertainment,Natural,6
2025-01-10,Entertainment,Outdoor,2
2025-01-10,Entertainment,Religious,1
2025-01-10,Entertainment,Shopping,1
2025-01-10,Entertainment,Transit,6
2025-01-10,Entertainment,area,3
2025-01-10,Hotel,Cityscape,1
2025-01-10,Hotel,Entertainment,7
2025-01-10,Natural,Cityscape,2
2025-01-10,Natural,Dining,2
2025-01-10,Natural,Entertainment,3
2025-01-10,Natural,Hotel,1
2025-01-10,Natural,Natural,1
2025-01-10,Natural,Outdoor,2
2025-01-10,Natural,Religious,5
2025-01-10,Natural,Shopping,1
2025-01-10,Natural,Transit,5
2025-01-10,Natural,area,2
2025-01-10,Outdoor,Cityscape,2
2025-01-10,Outdoor,Natural,2
2025-01-10,Outdoor,Religious,1
2025-01-10,Religious,Cityscape,1
2025-01-10,Religious,Entertainment,1
2025-01-10,Religious,Natural,6
2025-01-10,Religious,Outdoor,1
2025-01-10,Religious,Religious,1
2025-01-10,Religious,Shopping,1
2025-01-10,Religious,area,1
2025-01-10,Shopping,Cityscape,1
2025-01-10,Shopping,Dining,1
2025-01-10,Shopping,Entertainment,6
2025-01-10,Shopping,Hotel,1
2025-01-10,Shopping,Religious,1
2025-01-10,Transit,Cityscape,8
2025-01-10,Transit,Entertainment,6
2025-01-10,Transit,Natural,6
2025-01-10,Transit,Religious,2
2025-01-10,Transit,Shopping,1
2025-01-10,Transit,area,4
2025-01-10,area,Cityscape,5
2025-01-10,area,Dining,3
2025-01-10,area,Entertainment,2
2025-01-10,area,Hotel,1
2025-01-10,area,Natural,1
2025-01-10,area,Transit,1
2025-01-10,area,area,3
2025-01-11,Cityscape,Cityscape,7
2025-01-11,Cityscape,Cultural,1
2025-01-11,Cityscape,Dining,1
2025-01-11,Cityscape,Entertainment,7
2025-01-11,Cityscape,Hotel,1
2025-01-11,Cityscape,Natural,2
2025-01-11,Cityscape,Outdoor,1
2025-01-11,Cityscape,Religious,1
2025-01-11,Cityscape,Shopping,2
2025-01-11,Cityscape,Transit,3
2025-01-11,Cityscape,area,3
2025-01-11,Cultural,Cityscape,1
2025-01-11,Cultural,Entertainment,1
2025-01-11,Cultural,Religious,1
2025-01-11,Cultural,Shopping,1
2025-01-11,Cultural,area,1
2025-01-11,Dining,Cityscape,1
2025-01-11,Dining,Dining,4
2025-01-11,Dining,Entertainment,2
2025-01-11,Dining,Hotel,1
2025-01-11,Dining,Shopping,1
2025-01-11,Entertainment,Cityscape,4
2025-01-11,Entertainment,Cultural,1
2025-01-11,Entertainment,Dining,2
2025-01-11,Entertainment,Entertainment,12
2025-01-11,Entertainment,Religious,2
2025-01-11,Entertainment,Transit,2
2025-01-11,Entertainment,area,2
2025-01-11,Hotel,Cityscape,1
2025-01-11,Hotel,Dining,1
2025-01-11,Hotel,Hotel,2
2025-01-11,Hotel,Transit,3
2025-01-11,Natural,area,4
2025-01-11,Outdoor,Entertainment,1
2025-01-11,Religious,Cultural,2
2025-01-11,Religious,Natural,2
2025-01-11,Religious,Religious,2
2025-01-11,Religious,Shopping,1
2025-01-11,Religious,area,1
2025-01-11,Shopping,Cityscape,3
2025-01-11,Shopping,Cultural,1
2025-01-11,Shopping,Hotel,1
2025-01-11,Shopping,area,1
2025-01-11,Transit,Cityscape,7
2025-01-11,Transit,Cultural,1
2025-01-11,Transit,Entertainment,1
2025-01-11,Transit,Hotel,2
2025-01-11,Transit,area,1
2025-01-11,area,Cityscape,5
2025-01-11,area,Dining,3
2025-01-11,area,Entertainment,3
2025-01-11,area,Hotel,2
2025-01-11,area,Natural,2
2025-01-11,area,Religious,1
2025-01-11,area,Shopping,2
2025-01-11,area,area,5
2025-01-12,Cityscape,Cityscape,4
2025-01-12,Cityscape,Cultural,2
2025-01-12,Cityscape,Entertainment,6
2025-01-12,Cityscape,Hotel,3
2025-01-12,Cityscape,Transit,2
2025-01-12,Cityscape,area,3
2025-01-12,Cultural,Cityscape,2
2025-01-12,Cultural,Cultural,2
2025-01-12,Cultural,Religious,1
2025-01-12,Dining,Dining,2
2025-01-12,Dining,Entertainment,2
2025-01-12,Dining,area,2
2025-01-12,Entertainment,Cityscape,5
2025-01-12,Entertainment,Dining,2
2025-01-12,Entertainment,Entertainment,28
2025-01-12,Entertainment,Hotel,2
2025-01-12,Entertainment,Natural,2
2025-01-12,Entertainment,Transit,1
2025-01-12,Hotel,Cityscape,1
2025-01-12,Hotel,Cultural,3
2025-01-12,Hotel,Entertainment,2
2025-01-12,Natural,Cityscape,1
2025-01-12,Natural,Dining,1
2025-01-12,Natural,Entertainment,1
2025-01-12,Natural,Religious,1
2025-01-12,Natural,Transit,1
2025-01-12,Natural,area,3
2025-01-12,Outdoor,Transit,1
2025-01-12,Outdoor,area,1
2025-01-12,Religious,Natural,2
2025-01-12,Religious,area,1
2025-01-12,Shopping,Dining,1
2025-01-12,Transit,Cityscape,3
2025-01-12,Transit,Dining,1
2025-01-12,Transit,Entertainment,4
2025-01-12,Transit,Hotel,1
2025-01-12,Transit,Outdoor,1
2025-01-12,Transit,Transit,1
2025-01-12,Transit,area,1
2025-01-12,area,Cityscape,3
2025-01-12,area,Dining,3
2025-01-12,area,Entertainment,1
2025-01-12,area,Natural,2
2025-01-12,area,Outdoor,1
2025-01-12,area,Transit,2
2025-01-12,area,area,6
2025-01-13,Cityscape,Cityscape,4
2025-01-13,Cityscape,Cultural,1
2025-01-13,Cityscape,Dining,1
2025-01-13,Cityscape,Entertainment,5
2025-01-13,Cityscape,Natural,2
2025-01-13,Cityscape,Shopping,3
2025-01-13,Cityscape,Transit,2
2025-01-13,Cityscape,area,1
2025-01-13,Cultural,area,1
2025-01-13,Dining,Cityscape,1
2025-01-13,Dining,Dining,2
2025-01-13,Dining,Entertainment,1
2025-01-13,Dining,Religious,1
2025-01-13,Dining,Transit,1
2025-01-13,Dining,area,3
2025-01-13,Entertainment,Cityscape,3
2025-01-13,Entertainment,Dining,1
2025-01-13,Entertainment,Entertainment,16
2025-01-13,Entertainment,Hotel,1
2025-01-13,Entertainment,Natural,3
2025-01-13,Entertainment,Transit,1
2025-01-13,Entertainment,area,2
2025-01-13,Hotel,Cityscape,2
2025-01-13,Natural,Entertainment,4
2025-01-13,Natural,Religious,6
2025-01-13,Natural,Transit,1
2025-01-13,Religious,Dining,1
2025-01-13,Religious,Entertainment,1
2025-01-13,Religious,Hotel,1
2025-01-13,Religious,Natural,3
2025-01-13,Religious,Religious,2
2025-01-13,Religious,area,2
2025-01-13,Shopping,Dining,1
2025-01-13,Shopping,Entertainment,1
2025-01-13,Shopping,Shopping,1
2025-01-13,Shopping,area,3
2025-01-13,Transit,Cityscape,1
2025-01-13,Transit,Entertainment,1
2025-01-13,Transit,Natural,3
2025-01-13,Transit,Religious,2
2025-01-13,Transit,Shopping,1
2025-01-13,Transit,area,2
2025-01-13,area,Cityscape,6
2025-01-13,area,Dining,2
2025-01-13,area,Entertainment,2
2025-01-13,area,Hotel,1
2025-01-13,area,Natural,1
2025-01-13,area,Shopping,2
2025-01-13,area,Transit,1
2025-01-13,area,area,5
2025-01-14,Cityscape,Cityscape,11
2025-01-14,Cityscape,Entertainment,6
2025-01-14,Cityscape,Shopping,2
2025-01-14,Cityscape,Transit,3
2025-01-14,Cityscape,area,1
2025-01-14,Cultural,Cityscape,2
2025-01-14,Cultural,Cultural,3
2025-01-14,Cultural,Dining,2
2025-01-14,Cultural,Entertainment,2
2025-01-14,Cultural,area,1
2025-01-14,Dining,Dining,1
2025-01-14,Dining,Religious,1
2025-01-14,Dining,area,3
2025-01-14,Entertainment,Cityscape,4
2025-01-14,Entertainment,Cultural,1
2025-01-14,Entertainment,Dining,1
2025-01-14,Entertainment,Entertainment,3
2025-01-14,Entertainment,Hotel,4
2025-01-14,Entertainment,Natural,2
2025-01-14,Entertainment,Religious,2
2025-01-14,Entertainment,Sport,1
2025-01-14,Entertainment,Transit,1
2025-01-14,Entertainment,area,1
2025-01-14,Hotel,Cityscape,1
2025-01-14,Hotel,Entertainment,5
2025-01-14,Hotel,Natural,1
2025-01-14,Hotel,Religious,1
2025-01-14,Natural,Cultural,1
2025-01-14,Natural,Dining,1
2025-01-14,Natural,Entertainment,1
2025-01-14,Natural,Religious,1
2025-01-14,Outdoor,Entertainment,1
2025-01-14,Outdoor,Transit,1
2025-01-14,Outdoor,area,1
2025-01-14,Religious,Cultural,2
2025-01-14,Religious,Entertainment,1
2025-01-14,Religious,Natural,2
2025-01-14,Religious,Religious,4
2025-01-14,Religious,area,3
2025-01-14,Shopping,Entertainment,1
2025-01-14,Shopping,Religious,1
2025-01-14,Transit,Cityscape,4
2025-01-14,Transit,Cultural,1
2025-01-14,Transit,Entertainment,3
2025-01-14,Transit,Hotel,2
2025-01-14,Transit,Natural,1
2025-01-14,Transit,Outdoor,2
2025-01-14,Transit,Transit,2
2025-01-14,Transit,area,1
2025-01-14,area,Cityscape,1
2025-01-14,area,Cultural,2
2025-01-14,area,Entertainment,2
2025-01-14,area,Hotel,1
2025-01-14,area,Natural,1
2025-01-14,area,Religious,3
2025-01-15,Cityscape,Cityscape,4
2025-01-15,Cityscape,Cultural,3
2025-01-15,Cityscape,Dining,2
2025-01-15,Cityscape,Entertainment,13
2025-01-15,Cityscape,Natural,1
2025-01-15,Cityscape,Outdoor,2
2025-01-15,Cityscape,Religious,1
2025-01-15,Cityscape,Shopping,3
2025-01-15,Cityscape,Transit,1
2025-01-15,Cityscape,area,2
2025-01-15,Cultural,Cityscape,1
2025-01-15,Cultural,Cultural,5
2025-01-15,Cultural,Entertainment,1
2025-01-15,Cultural,Natural,1
2025-01-15,Cultural,Shopping,1
2025-01-15,Cultural,Transit,1
2025-01-15,Cultural,area,2
2025-01-15,Dining,Cityscape,1
2025-01-15,Dining,Dining,2
2025-01-15,Dining,Entertainment,1
2025-01-15,Dining,area,2
2025-01-15,Entertainment,Cityscape,11
2025-01-15,Entertainment,Cultural,2
2025-01-15,Entertainment,Entertainment,17
2025-01-15,Entertainment,Hotel,4
2025-01-15,Entertainment,Natural,3
2025-01-15,Entertainment,Religious,2
2025-01-15,Entertainment,Shopping,1
2025-01-15,Entertainment,area,2
2025-01-15,Hotel,Cityscape,1
2025-01-15,Hotel,Entertainment,4
2025-01-15,Hotel,Natural,1
2025-01-15,Natural,Cityscape,2
2025-01-15,Natural,Cultural,1
2025-01-15,Natural,Entertainment,4
2025-01-15,Natural,Hotel,1
2025-01-15,Natural,Transit,2
2025-01-15,Natural,area,1
2025-01-15,Outdoor,Cityscape,1
2025-01-15,Outdoor,Natural,1
2025-01-15,Religious,Cityscape,3
2025-01-15,Religious,Entertainment,1
2025-01-15,Religious,Hotel,1
2025-01-15,Religious,Natural,2
2025-01-15,Religious,Religious,2
2025-01-15,Religious,area,1
2025-01-15,Shopping,Cityscape,3
2025-01-15,Shopping,Entertainment,1
2025-01-15,Shopping,Religious,3
2025-01-15,Shopping,Shopping,1
2025-01-15,Shopping,Transit,1
2025-01-15,Transit,Cityscape,6
2025-01-15,Transit,Cultural,1
2025-01-15,Transit,Entertainment,5
2025-01-15,Transit,Natural,1
2025-01-15,Transit,Shopping,3
2025-01-15,area,Cityscape,2
2025-01-15,area,Cultural,1
2025-01-15,area,Dining,2
2025-01-15,area,Entertainment,2
2025-01-15,area,Natural,3
2025-01-15,area,Religious,1
2025-01-15,area,Shopping,2
2025-01-15,area,area,6
2025-01-16,Cityscape,Cityscape,4
2025-01-16,Cityscape,Cultural,1
2025-01-16,Cityscape,Dining,1
2025-01-16,Cityscape,Entertainment,4
2025-01-16,Cityscape,Religious,1
2025-01-16,Cityscape,Shopping,1
2025-01-16,Cityscape,Transit,1
2025-01-16,Cityscape,area,2
2025-01-16,Cultural,Cityscape,2
2025-01-16,Cultural,Natural,2
2025-01-16,Cultural,Shopping,1
2025-01-16,Dining,Cityscape,1
2025-01-16,Dining,Dining,2
2025-01-16,Dining,Entertainment,4
2025-01-16,Dining,Natural,1
2025-01-16,Dining,area,2
2025-01-16,Entertainment,Cityscape,6
2025-01-16,Entertainment,Cultural,3
2025-01-16,Entertainment,Dining,4
2025-01-16,Entertainment,Entertainment,22
2025-01-16,Entertainment,Hotel,2
2025-01-16,Entertainment,Natural,2
2025-01-16,Entertainment,Outdoor,1
2025-01-16,Entertainment,Shopping,2
2025-01-16,Entertainment,Transit,2
2025-01-16,Entertainment,area,1
2025-01-16,Hotel,Entertainment,2
2025-01-16,Natural,Cultural,1
2025-01-16,Natural,Natural,1
2025-01-16,Natural,Outdoor,1
2025-01-16,Natural,area,2
2025-01-16,Outdoor,Entertainment,1
2025-01-16,Religious,Cityscape,1
2025-01-16,Shopping,Dining,1
2025-01-16,Shopping,Hotel,1
2025-01-16,Shopping,Outdoor,1
2025-01-16,Shopping,area,2
2025-01-16,Transit,Cityscape,3
2025-01-16,Transit,Entertainment,4
2025-01-16,Transit,area,1
2025-01-16,area,Cityscape,4
2025-01-16,area,Cultural,1
2025-01-16,area,Natural,1
2025-01-16,area,Shopping,1
2025-01-16,area,Transit,2
2025-01-16,area,area,1
2025-01-17,Cityscape,Cityscape,9
2025-01-17,Cityscape,Cultural,3
2025-01-17,Cityscape,Entertainment,4
2025-01-17,Cityscape,Hotel,1
2025-01-17,Cityscape,Natural,2
2025-01-17,Cityscape,Outdoor,1
2025-01-17,Cityscape,Transit,1
2025-01-17,Cityscape,area,2
2025-01-17,Cultural,Cityscape,1
2025-01-17,Cultural,Cultural,4
2025-01-17,Cultural,Entertainment,2
2025-01-17,Cultural,Outdoor,1
2025-01-17,Cultural,Religious,1
2025-01-17,Cultural,Shopping,1
2025-01-17,Cultural,area,3
2025-01-17,Dining,Entertainment,2
2025-01-17,Dining,Shopping,1
2025-01-17,Dining,area,1
2025-01-17,Entertainment,Cityscape,6
2025-01-17,Entertainment,Cultural,2
2025-01-17,Entertainment,Dining,1
2025-01-17,Entertainment,Entertainment,12
2025-01-17,Entertainment,Hotel,2
2025-01-17,Entertainment,Shopping,2
2025-01-17,Entertainment,area,4
2025-01-17,Hotel,Cityscape,1
2025-01-17,Hotel,Dining,1
2025-01-17,Hotel,Entertainment,1
2025-01-17,Hotel,Hotel,1
2025-01-17,Hotel,Transit,1
2025-01-17,Natural,Cityscape,2
2025-01-17,Natural,Entertainment,3
2025-01-17,Natural,Religious,1
2025-01-17,Outdoor,Cityscape,1
2025-01-17,Outdoor,Entertainment,1
2025-01-17,Outdoor,Religious,1
2025-01-17,Religious,Entertainment,1
2025-01-17,Religious,Outdoor,1
2025-01-17,Religious,area,1
2025-01-17,Shopping,Cultural,1
2025-01-17,Shopping,Dining,2
2025-01-17,Shopping,Natural,2
2025-01-17,Shopping,area,2
2025-01-17,Transit,Cityscape,3
2025-01-17,Transit,Hotel,1
2025-01-17,Transit,Natural,2
2025-01-17,Transit,Shopping,2
2025-01-17,Transit,area,1
2025-01-17,area,Cityscape,3
2025-01-17,area,Cultural,4
2025-01-17,area,Dining,1
2025-01-17,area,Entertainment,3
2025-01-17,area,Natural,1
2025-01-17,area,Shopping,1
2025-01-17,area,Transit,2
2025-01-17,area,area,13
2025-01-18,Cityscape,Cityscape,3
2025-01-18,Cityscape,Dining,2
2025-01-18,Cityscape,Entertainment,10
2025-01-18,Cityscape,Natural,5
2025-01-18,Cityscape,Transit,4
2025-01-18,Cityscape,area,5
2025-01-18,Cultural,Entertainment,1
2025-01-18,Cultural,Hotel,1
2025-01-18,Cultural,Shopping,1
2025-01-18,Cultural,area,1
2025-01-18,Dining,Cultural,1
2025-01-18,Dining,Dining,5
2025-01-18,Dining,Entertainment,1
2025-01-18,Dining,Hotel,1
2025-01-18,Dining,Natural,1
2025-01-18,Dining,Religious,1
2025-01-18,Dining,Shopping,1
2025-01-18,Entertainment,Cityscape,9
2025-01-18,Entertainment,Entertainment,9
2025-01-18,Entertainment,Religious,1
2025-01-18,Entertainment,Shopping,1
2025-01-18,Entertainment,Transit,3
2025-01-18,Entertainment,area,3
2025-01-18,Hotel,Cityscape,1
2025-01-18,Hotel,Entertainment,2
2025-01-18,Hotel,Shopping,1
2025-01-18,Hotel,Transit,1
2025-01-18,Natural,Cityscape,7
2025-01-18,Natural,Entertainment,2
2025-01-18,Natural,Transit,2
2025-01-18,Natural,area,1
2025-01-18,Religious,Cityscape,1
2025-01-18,Religious,Dining,1
2025-01-18,Religious,Entertainment,1
2025-01-18,Religious,Natural,1
2025-01-18,Religious,Religious,3
2025-01-18,Religious,Shopping,1
2025-01-18,Shopping,Cityscape,1
2025-01-18,Shopping,Entertainment,1
2025-01-18,Shopping,Natural,1
2025-01-18,Shopping,Transit,1
2025-01-18,Shopping,area,1
2025-01-18,Transit,Cityscape,2
2025-01-18,Transit,Cultural,2
2025-01-18,Transit,Entertainment,1
2025-01-18,Transit,Hotel,2
2025-01-18,Transit,Natural,4
2025-01-18,Transit,Religious,1
2025-01-18,Transit,Shopping,2
2025-01-18,area,Cityscape,3
2025-01-18,area,Cultural,2
2025-01-18,area,Dining,1
2025-01-18,area,Entertainment,2
2025-01-18,area,Hotel,1
2025-01-18,area,area,1
2025-01-19,Cityscape,Cityscape,9
2025-01-19,Cityscape,Cultural,1
2025-01-19,Cityscape,Dining,5
2025-01-19,Cityscape,Entertainment,9
2025-01-19,Cityscape,Natural,3
2025-01-19,Cityscape,Shopping,2
2025-01-19,Cityscape,Transit,2
2025-01-19,Cityscape,area,4
2025-01-19,Cultural,Cityscape,2
2025-01-19,Cultural,Cultural,1
2025-01-19,Cultural,Entertainment,2
2025-01-19,Cultural,Natural,1
2025-01-19,Cultural,Shopping,1
2025-01-19,Dining,Cityscape,3
2025-01-19,Dining,Natural,1
2025-01-19,Entertainment,Cityscape,13
2025-01-19,Entertainment,Cultural,1
2025-01-19,Entertainment,Entertainment,43
2025-01-19,Entertainment,Natural,1
2025-01-19,Entertainment,Outdoor,1
2025-01-19,Entertainment,Religious,2
2025-01-19,Entertainment,Shopping,1
2025-01-19,Entertainment,Transit,3
2025-01-19,Entertainment,area,2
2025-01-19,Hotel,Cityscape,1
2025-01-19,Hotel,Cultural,2
2025-01-19,Hotel,Entertainment,1
2025-01-19,Hotel,Shopping,1
2025-01-19,Hotel,area,1
2025-01-19,Natural,Entertainment,4
2025-01-19,Natural,Natural,1
2025-01-19,Natural,Outdoor,1
2025-01-19,Natural,Religious,5
2025-01-19,Natural,Transit,1
2025-01-19,Natural,area,1
2025-01-19,Outdoor,Entertainment,1
2025-01-19,Outdoor,Natural,2
2025-01-19,Outdoor,area,2
2025-01-19,Religious,Cityscape,2
2025-01-19,Religious,Entertainment,1
2025-01-19,Religious,Natural,1
2025-01-19,Religious,Outdoor,1
2025-01-19,Religious,Shopping,1
2025-01-19,Shopping,Cityscape,1
2025-01-19,Shopping,Entertainment,3
2025-01-19,Shopping,Hotel,2
2025-01-19,Shopping,Transit,1
2025-01-19,Transit,Cityscape,5
2025-01-19,Transit,Entertainment,5
2025-01-19,Transit,Religious,1
2025-01-19,Transit,Shopping,1
2025-01-19,Transit,Transit,2
2025-01-19,Transit,area,2
2025-01-19,area,Cityscape,3
2025-01-19,area,Cultural,2
2025-01-19,area,Entertainment,3
2025-01-19,area,Hotel,1
2025-01-19,area,Outdoor,1
2025-01-19,area,area,2
2025-01-20,Cityscape,Cityscape,3
2025-01-20,Cityscape,Dining,2
2025-01-20,Cityscape,Entertainment,3
2025-01-20,Cityscape,Hotel,2
2025-01-20,Cityscape,Natural,1
2025-01-20,Cityscape,Religious,2
2025-01-20,Cityscape,Transit,1
2025-01-20,Cityscape,area,1
2025-01-20,Cultural,Cityscape,1
2025-01-20,Cultural,Entertainment,3
2025-01-20,Dining,area,1
2025-01-20,Entertainment,Cityscape,3
2025-01-20,Entertainment,Cultural,3
2025-01-20,Entertainment,Entertainment,16
2025-01-20,Entertainment,Hotel,3
2025-01-20,Entertainment,Religious,2
2025-01-20,Entertainment,Shopping,3
2025-01-20,Entertainment,Transit,5
2025-01-20,Hotel,Entertainment,5
2025-01-20,Hotel,Shopping,1
2025-01-20,Natural,Entertainment,3
2025-01-20,Natural,Religious,3
2025-01-20,Natural,Transit,2
2025-01-20,Natural,area,1
2025-01-20,Religious,Cityscape,1
2025-01-20,Religious,Entertainment,3
2025-01-20,Religious,Hotel,1
2025-01-20,Religious,Natural,3
2025-01-20,Religious,Religious,2
2025-01-20,Religious,area,2
2025-01-20,Shopping,Cityscape,1
2025-01-20,Shopping,Entertainment,2
2025-01-20,Shopping,Natural,1
2025-01-20,Transit,Cityscape,2
2025-01-20,Transit,Entertainment,7
2025-01-20,Transit,Hotel,1
2025-01-20,Transit,Natural,3
2025-01-20,Transit,Religious,1
2025-01-20,Transit,area,2
2025-01-20,area,Cityscape,2
2025-01-20,area,Hotel,2
2025-01-20,area,Natural,2
2025-01-20,area,Religious,1
2025-01-20,area,area,1
2025-01-21,Cityscape,Cityscape,7
2025-01-21,Cityscape,Cultural,3
2025-01-21,Cityscape,Entertainment,10
2025-01-21,Cityscape,Natural,3
2025-01-21,Cityscape,Religious,1
2025-01-21,Cityscape,Shopping,3
2025-01-21,Cityscape,Transit,1
2025-01-21,Cultural,Cityscape,1
2025-01-21,Cultural,Cultural,1
2025-01-21,Cultural,Natural,2
2025-01-21,Cultural,Religious,1
2025-01-21,Cultural,area,2
2025-01-21,Dining,Dining,2
2025-01-21,Dining,Entertainment,1
2025-01-21,Entertainment,Cityscape,12
2025-01-21,Entertainment,Cultural,2
2025-01-21,Entertainment,Dining,1
2025-01-21,Entertainment,Entertainment,22
2025-01-21,Entertainment,Hotel,3
2025-01-21,Entertainment,Natural,1
2025-01-21,Entertainment,Outdoor,2
2025-01-21,Entertainment,Religious,1
2025-01-21,Entertainment,Shopping,2
2025-01-21,Entertainment,Transit,7
2025-01-21,Entertainment,area,1
2025-01-21,Hotel,Entertainment,6
2025-01-21,Hotel,Religious,1
2025-01-21,Hotel,area,2
2025-01-21,Natural,Cultural,1
2025-01-21,Natural,Dining,1
2025-01-21,Natural,Entertainment,1
2025-01-21,Natural,Hotel,1
2025-01-21,Natural,Outdoor,1
2025-01-21,Natural,Transit,2
2025-01-21,Natural,area,1
2025-01-21,Outdoor,Entertainment,2
2025-01-21,Outdoor,Hotel,1
2025-01-21,Outdoor,Natural,2
2025-01-21,Religious,Entertainment,1
2025-01-21,Religious,Natural,2
2025-01-21,Religious,Outdoor,2
2025-01-21,Religious,Religious,5
2025-01-21,Religious,area,2
2025-01-21,Shopping,Cityscape,2
2025-01-21,Shopping,Entertainment,3
2025-01-21,Shopping,Shopping,4
2025-01-21,Transit,Cityscape,6
2025-01-21,Transit,Entertainment,5
2025-01-21,Transit,Hotel,2
2025-01-21,area,Cityscape,2
2025-01-21,area,Dining,1
2025-01-21,area,Entertainment,4
2025-01-21,area,area,1
2025-01-22,Cityscape,Cityscape,5
2025-01-22,Cityscape,Cultural,2
2025-01-22,Cityscape,Dining,2
2025-01-22,Cityscape,Entertainment,7
2025-01-22,Cityscape,Hotel,1
2025-01-22,Cityscape,Natural,1
2025-01-22,Cityscape,Outdoor,1
2025-01-22,Cityscape,Religious,1
2025-01-22,Cityscape,Shopping,4
2025-01-22,Cityscape,Transit,3
2025-01-22,Cityscape,area,2
2025-01-22,Cultural,Cityscape,3
2025-01-22,Cultural,Cultural,1
2025-01-22,Cultural,Entertainment,2
2025-01-22,Cultural,Religious,1
2025-01-22,Cultural,Shopping,1
2025-01-22,Cultural,area,1
2025-01-22,Dining,Cityscape,2
2025-01-22,Dining,Cultural,1
2025-01-22,Dining,Dining,1
2025-01-22,Dining,Entertainment,1
2025-01-22,Dining,Transit,2
2025-01-22,Entertainment,Cityscape,8
2025-01-22,Entertainment,Cultural,1
2025-01-22,Entertainment,Dining,4
2025-01-22,Entertainment,Entertainment,16
2025-01-22,Entertainment,Hotel,4
2025-01-22,Entertainment,Natural,3
2025-01-22,Entertainment,Religious,3
2025-01-22,Entertainment,Shopping,1
2025-01-22,Entertainment,Transit,4
2025-01-22,Entertainment,area,4
2025-01-22,Hotel,Entertainment,3
2025-01-22,Hotel,Hotel,1
2025-01-22,Hotel,Shopping,1
2025-01-22,Natural,Cityscape,1
2025-01-22,Natural,Entertainment,2
2025-01-22,Natural,Outdoor,1
2025-01-22,Natural,Religious,3
2025-01-22,Natural,area,1
2025-01-22,Outdoor,Cityscape,1
2025-01-22,Religious,Cityscape,2
2025-01-22,Religious,Cultural,1
2025-01-22,Religious,Entertainment,3
2025-01-22,Religious,Natural,2
2025-01-22,Religious,Religious,4
2025-01-22,Shopping,Cityscape,2
2025-01-22,Shopping,Cultural,2
2025-01-22,Shopping,Entertainment,1
2025-01-22,Sport,Transit,1
2025-01-22,Transit,Cityscape,4
2025-01-22,Transit,Cultural,1
2025-01-22,Transit,Entertainment,6
2025-01-22,Transit,Natural,1
2025-01-22,Transit,Sport,1
2025-01-22,Transit,area,4
2025-01-22,area,Cityscape,6
2025-01-22,area,Entertainment,4
2025-01-22,area,Religious,2
2025-01-22,area,Shopping,1
2025-01-22,area,Transit,1
2025-01-22,area,area,8
2025-01-23,Cityscape,Cityscape,2
2025-01-23,Cityscape,Dining,1
2025-01-23,Cityscape,Entertainment,5
2025-01-23,Cityscape,Hotel,1
2025-01-23,Cityscape,Natural,1
2025-01-23,Cityscape,Outdoor,1
2025-01-23,Cityscape,Shopping,3
2025-01-23,Cityscape,area,3
2025-01-23,Cultural,Cultural,1
2025-01-23,Cultural,Religious,1
2025-01-23,Cultural,Shopping,1
2025-01-23,Cultural,Transit,1
2025-01-23,Cultural,area,2
2025-01-23,Dining,Dining,2
2025-01-23,Dining,Transit,1
2025-01-23,Entertainment,Cityscape,5
2025-01-23,Entertainment,Cultural,1
2025-01-23,Entertainment,Entertainment,12
2025-01-23,Entertainment,Hotel,2
2025-01-23,Entertainment,Natural,1
2025-01-23,Entertainment,area,1
2025-01-23,Hotel,Entertainment,2
2025-01-23,Hotel,Transit,2
2025-01-23,Natural,Cityscape,1
2025-01-23,Natural,Entertainment,2
2025-01-23,Natural,Outdoor,1
2025-01-23,Natural,Religious,3
2025-01-23,Natural,Transit,1
2025-01-23,Natural,area,1
2025-01-23,Outdoor,Transit,1
2025-01-23,Religious,Natural,1
2025-01-23,Religious,Religious,1
2025-01-23,Religious,area,3
2025-01-23,Shopping,Entertainment,1
2025-01-23,Shopping,area,1
2025-01-23,Transit,Cityscape,2
2025-01-23,Transit,Dining,1
2025-01-23,Transit,Entertainment,3
2025-01-23,Transit,Hotel,1
2025-01-23,Transit,area,2
2025-01-23,area,Cityscape,1
2025-01-23,area,Cultural,2
2025-01-23,area,Entertainment,1
2025-01-23,area,Natural,5
2025-01-23,area,Religious,1
2025-01-23,area,Shopping,1
2025-01-23,area,Transit,2
2025-01-23,area,area,13
2025-01-24,Cityscape,Cityscape,5
2025-01-24,Cityscape,Cultural,4
2025-01-24,Cityscape,Dining,3
2025-01-24,Cityscape,Entertainment,9
2025-01-24,Cityscape,Natural,1
2025-01-24,Cityscape,Religious,3
2025-01-24,Cityscape,Shopping,2
2025-01-24,Cityscape,Transit,2
2025-01-24,Cityscape,area,3
2025-01-24,Cultural,Cityscape,2
2025-01-24,Cultural,Cultural,1
2025-01-24,Cultural,Hotel,3
2025-01-24,Cultural,Religious,1
2025-01-24,Cultural,Shopping,1
2025-01-24,Cultural,Transit,1
2025-01-24,Cultural,area,2
2025-01-24,Dining,Cityscape,1
2025-01-24,Dining,Dining,5
2025-01-24,Dining,Entertainment,2
2025-01-24,Dining,Natural,3
2025-01-24,Entertainment,Cityscape,11
2025-01-24,Entertainment,Cultural,1
2025-01-24,Entertainment,Dining,4
2025-01-24,Entertainment,Entertainment,21
2025-01-24,Entertainment,Hotel,3
2025-01-24,Entertainment,Natural,1
2025-01-24,Entertainment,Religious,1
2025-01-24,Entertainment,Shopping,2
2025-01-24,Entertainment,Transit,1
2025-01-24,Entertainment,area,1
2025-01-24,Hotel,Cultural,2
2025-01-24,Hotel,Entertainment,2
2025-01-24,Hotel,Hotel,1
2025-01-24,Hotel,Shopping,1
2025-01-24,Hotel,area,2
2025-01-24,Natural,Entertainment,2
2025-01-24,Natural,Natural,2
2025-01-24,Natural,Outdoor,1
2025-01-24,Natural,Religious,6
2025-01-24,Outdoor,Natural,1
2025-01-24,Religious,Cityscape,1
2025-01-24,Religious,Cultural,1
2025-01-24,Religious,Entertainment,2
2025-01-24,Religious,Natural,2
2025-01-24,Religious,Religious,11
2025-01-24,Religious,Transit,1
2025-01-24,Religious,area,4
2025-01-24,Shopping,Entertainment,2
2025-01-24,Shopping,Natural,1
2025-01-24,Shopping,Shopping,3
2025-01-24,Shopping,area,3
2025-01-24,Transit,Cityscape,6
2025-01-24,Transit,Entertainment,6
2025-01-24,Transit,Hotel,1
2025-01-24,Transit,Religious,1
2025-01-24,Transit,Transit,2
2025-01-24,Transit,area,1
2025-01-24,area,Cityscape,4
2025-01-24,area,Cultural,1
2025-01-24,area,Dining,1
2025-01-24,area,Entertainment,1
2025-01-24,area,Hotel,1
2025-01-24,area,Outdoor,1
2025-01-24,area,Religious,2
2025-01-24,area,Shopping,2
2025-01-24,area,Transit,1
2025-01-24,area,area,2
2025-01-25,Cityscape,Cityscape,10
2025-01-25,Cityscape,Cultural,2
2025-01-25,Cityscape,Dining,2
2025-01-25,Cityscape,Entertainment,6
2025-01-25,Cityscape,Hotel,1
2025-01-25,Cityscape,Natural,1
2025-01-25,Cityscape,Outdoor,1
2025-01-25,Cityscape,Religious,4
2025-01-25,Cityscape,Shopping,2
2025-01-25,Cityscape,Transit,3
2025-01-25,Cityscape,area,1
2025-01-25,Cultural,Cityscape,3
2025-01-25,Cultural,Cultural,2
2025-01-25,Cultural,Natural,3
2025-01-25,Cultural,Transit,2
2025-01-25,Cultural,area,2
2025-01-25,Dining,Cityscape,2
2025-01-25,Dining,Dining,13
2025-01-25,Dining,Entertainment,1
2025-01-25,Dining,Religious,1
2025-01-25,Dining,Transit,1
2025-01-25,Dining,area,2
2025-01-25,Entertainment,Cityscape,5
2025-01-25,Entertainment,Cultural,4
2025-01-25,Entertainment,Entertainment,21
2025-01-25,Entertainment,Hotel,3
2025-01-25,Entertainment,Natural,1
2025-01-25,Entertainment,Shopping,1
2025-01-25,Entertainment,Transit,3
2025-01-25,Entertainment,area,1
2025-01-25,Hotel,Cityscape,3
2025-01-25,Hotel,Entertainment,4
2025-01-25,Natural,Cultural,1
2025-01-25,Natural,Entertainment,1
2025-01-25,Natural,Outdoor,1
2025-01-25,Natural,Religious,4
2025-01-25,Natural,Transit,1
2025-01-25,Natural,area,1
2025-01-25,Outdoor,Cityscape,1
2025-01-25,Outdoor,Outdoor,2
2025-01-25,Outdoor,Religious,1
2025-01-25,Outdoor,area,2
2025-01-25,Religious,Cityscape,1
2025-01-25,Religious,Cultural,1
2025-01-25,Religious,Entertainment,1
2025-01-25,Religious,Natural,1
2025-01-25,Religious,Religious,2
2025-01-25,Religious,area,1
2025-01-25,Shopping,Cityscape,2
2025-01-25,Shopping,Entertainment,2
2025-01-25,Shopping,Shopping,2
2025-01-25,Shopping,area,1
2025-01-25,Transit,Cityscape,2
2025-01-25,Transit,Cultural,1
2025-01-25,Transit,Entertainment,4
2025-01-25,Transit,Religious,1
2025-01-25,Transit,Transit,1
2025-01-25,Transit,area,3
2025-01-25,area,Cityscape,3
2025-01-25,area,Cultural,1
2025-01-25,area,Dining,3
2025-01-25,area,Entertainment,2
2025-01-25,area,Hotel,1
2025-01-25,area,Natural,2
2025-01-25,area,Transit,2
2025-01-25,area,area,5
2025-01-26,Cityscape,Cityscape,5
2025-01-26,Cityscape,Cultural,5
2025-01-26,Cityscape,Dining,2
2025-01-26,Cityscape,Entertainment,12
2025-01-26,Cityscape,Natural,1
2025-01-26,Cityscape,Shopping,3
2025-01-26,Cityscape,Transit,3
2025-01-26,Cityscape,area,2
2025-01-26,Cultural,Cityscape,3
2025-01-26,Cultural,Entertainment,2
2025-01-26,Cultural,Shopping,2
2025-01-26,Cultural,area,3
2025-01-26,Dining,Cityscape,1
2025-01-26,Dining,Dining,3
2025-01-26,Dining,Shopping,1
2025-01-26,Dining,Transit,1
2025-01-26,Dining,area,1
2025-01-26,Entertainment,Cityscape,11
2025-01-26,Entertainment,Cultural,1
2025-01-26,Entertainment,Entertainment,8
2025-01-26,Entertainment,Hotel,2
2025-01-26,Entertainment,Natural,2
2025-01-26,Entertainment,Religious,2
2025-01-26,Entertainment,Transit,8
2025-01-26,Entertainment,area,2
2025-01-26,Hotel,Cityscape,2
2025-01-26,Hotel,Entertainment,3
2025-01-26,Hotel,Hotel,1
2025-01-26,Hotel,area,1
2025-01-26,Natural,Cityscape,1
2025-01-26,Natural,Religious,2
2025-01-26,Natural,area,4
2025-01-26,Outdoor,Entertainment,1
2025-01-26,Outdoor,Natural,1
2025-01-26,Religious,Cityscape,2
2025-01-26,Religious,Entertainment,1
2025-01-26,Religious,Natural,2
2025-01-26,Religious,Religious,1
2025-01-26,Religious,area,1
2025-01-26,Shopping,Dining,1
2025-01-26,Shopping,Entertainment,1
2025-01-26,Shopping,Hotel,1
2025-01-26,Shopping,Outdoor,1
2025-01-26,Shopping,Religious,1
2025-01-26,Shopping,Shopping,1
2025-01-26,Shopping,Transit,1
2025-01-26,Shopping,area,3
2025-01-26,Transit,Cityscape,3
2025-01-26,Transit,Cultural,1
2025-01-26,Transit,Entertainment,9
2025-01-26,Transit,Hotel,1
2025-01-26,Transit,Natural,1
2025-01-26,Transit,area,4
2025-01-26,area,Cityscape,5
2025-01-26,area,Cultural,3
2025-01-26,area,Dining,1
2025-01-26,area,Entertainment,4
2025-01-26,area,Hotel,1
2025-01-26,area,Natural,2
2025-01-26,area,Religious,4
2025-01-26,area,Shopping,4
2025-01-26,area,area,2
2025-01-27,Cityscape,Cityscape,9
2025-01-27,Cityscape,Cultural,2
2025-01-27,Cityscape,Dining,1
2025-01-27,Cityscape,Entertainment,14
2025-01-27,Cityscape,Hotel,2
2025-01-27,Cityscape,Natural,1
2025-01-27,Cityscape,Shopping,2
2025-01-27,Cityscape,Transit,5
2025-01-27,Cityscape,area,2
2025-01-27,Cultural,Cityscape,2
2025-01-27,Cultural,Cultural,1
2025-01-27,Cultural,Entertainment,2
2025-01-27,Cultural,Natural,1
2025-01-27,Cultural,Outdoor,1
2025-01-27,Cultural,Shopping,1
2025-01-27,Dining,Cityscape,2
2025-01-27,Dining,Entertainment,2
2025-01-27,Dining,Hotel,1
2025-01-27,Entertainment,Cityscape,10
2025-01-27,Entertainment,Dining,1
2025-01-27,Entertainment,Entertainment,25
2025-01-27,Entertainment,Hotel,4
2025-01-27,Entertainment,Natural,3
2025-01-27,Entertainment,Religious,1
2025-01-27,Entertainment,Shopping,2
2025-01-27,Entertainment,Sport,1
2025-01-27,Entertainment,Transit,4
2025-01-27,Entertainment,area,5
2025-01-27,Hotel,Cityscape,4
2025-01-27,Hotel,Dining,1
2025-01-27,Hotel,Entertainment,4
2025-01-27,Hotel,Hotel,1
2025-01-27,Hotel,area,2
2025-01-27,Natural,Cityscape,2
2025-01-27,Natural,Entertainment,3
2025-01-27,Natural,Outdoor,1
2025-01-27,Natural,Religious,1
2025-01-27,Natural,area,1
2025-01-27,Outdoor,Religious,1
2025-01-27,Religious,Natural,1
2025-01-27,Religious,Religious,1
2025-01-27,Religious,area,1
2025-01-27,Shopping,Cityscape,2
2025-01-27,Shopping,Cultural,1
2025-01-27,Shopping,Entertainment,1
2025-01-27,Shopping,Hotel,1
2025-01-27,Shopping,Transit,1
2025-01-27,Transit,Cityscape,7
2025-01-27,Transit,Cultural,1
2025-01-27,Transit,Entertainment,5
2025-01-27,Transit,Hotel,2
2025-01-27,Transit,Shopping,1
2025-01-27,Transit,Transit,1
2025-01-27,area,Cultural,2
2025-01-27,area,Entertainment,7
2025-01-27,area,Natural,2
2025-01-27,area,Religious,1
2025-01-27,area,Transit,1
2025-01-28,Cityscape,Cityscape,6
2025-01-28,Cityscape,Cultural,2
2025-01-28,Cityscape,Entertainment,7
2025-01-28,Cityscape,Natural,5
2025-01-28,Cityscape,Religious,1
2025-01-28,Cityscape,Shopping,3
2025-01-28,Cityscape,area,4
2025-01-28,Cultural,Cityscape,3
2025-01-28,Cultural,Cultural,2
2025-01-28,Cultural,Entertainment,2
2025-01-28,Cultural,Natural,1
2025-01-28,Cultural,Outdoor,1
2025-01-28,Cultural,Transit,1
2025-01-28,Cultural,area,2
2025-01-28,Dining,Cityscape,1
2025-01-28,Dining,Entertainment,2
2025-01-28,Entertainment,Cityscape,5
2025-01-28,Entertainment,Entertainment,21
2025-01-28,Entertainment,Natural,3
2025-01-28,Entertainment,Religious,1
2025-01-28,Entertainment,Shopping,3
2025-01-28,Entertainment,Transit,4
2025-01-28,Entertainment,area,3
2025-01-28,Hotel,Cityscape,1
2025-01-28,Hotel,Entertainment,1
2025-01-28,Natural,Cityscape,2
2025-01-28,Natural,Cultural,4
2025-01-28,Natural,Dining,1
2025-01-28,Natural,Entertainment,3
2025-01-28,Natural,Religious,5
2025-01-28,Natural,Transit,2
2025-01-28,Natural,area,2
2025-01-28,Outdoor,Natural,1
2025-01-28,Outdoor,area,1
2025-01-28,Religious,Cityscape,1
2025-01-28,Religious,Cultural,1
2025-01-28,Religious,Natural,3
2025-01-28,Religious,Religious,6
2025-01-28,Religious,Transit,1
2025-01-28,Religious,area,3
2025-01-28,Shopping,Cityscape,2
2025-01-28,Shopping,Entertainment,1
2025-01-28,Shopping,Hotel,1
2025-01-28,Shopping,Religious,1
2025-01-28,Shopping,Sport,1
2025-01-28,Shopping,area,1
2025-01-28,Sport,Cultural,1
2025-01-28,Transit,Cityscape,3
2025-01-28,Transit,Cultural,1
2025-01-28,Transit,Entertainment,6
2025-01-28,Transit,Hotel,1
2025-01-28,Transit,Religious,1
2025-01-28,Transit,Shopping,2
2025-01-28,Transit,area,4
2025-01-28,area,Cityscape,3
2025-01-28,area,Cultural,3
2025-01-28,area,Dining,1
2025-01-28,area,Entertainment,4
2025-01-28,area,Natural,1
2025-01-28,area,Outdoor,2
2025-01-28,area,Religious,1
2025-01-28,area,Shopping,1
2025-01-28,area,Transit,3
2025-01-28,area,area,1
2025-01-29,Cityscape,Cityscape,10
2025-01-29,Cityscape,Cultural,4
2025-01-29,Cityscape,Dining,2
2025-01-29,Cityscape,Entertainment,9
2025-01-29,Cityscape,Hotel,1
2025-01-29,Cityscape,Outdoor,2
2025-01-29,Cityscape,Religious,2
2025-01-29,Cityscape,Transit,1
2025-01-29,Cityscape,area,2
2025-01-29,Cultural,Cultural,2
2025-01-29,Cultural,Entertainment,5
2025-01-29,Cultural,Natural,2
2025-01-29,Cultural,Outdoor,1
2025-01-29,Cultural,Transit,1
2025-01-29,Cultural,area,3
2025-01-29,Dining,Cityscape,2
2025-01-29,Dining,Cultural,1
2025-01-29,Dining,Dining,5
2025-01-29,Dining,Entertainment,2
2025-01-29,Dining,Religious,2
2025-01-29,Dining,Transit,1
2025-01-29,Dining,area,2
2025-01-29,Entertainment,Cityscape,9
2025-01-29,Entertainment,Cultural,5
2025-01-29,Entertainment,Dining,1
2025-01-29,Entertainment,Entertainment,10
2025-01-29,Entertainment,Natural,2
2025-01-29,Entertainment,Outdoor,1
2025-01-29,Entertainment,Religious,1
2025-01-29,Entertainment,Shopping,1
2025-01-29,Entertainment,Transit,4
2025-01-29,Entertainment,area,2
2025-01-29,Hotel,Cityscape,1
2025-01-29,Hotel,Entertainment,2
2025-01-29,Natural,Cultural,2
2025-01-29,Natural,Entertainment,2
2025-01-29,Natural,Religious,3
2025-01-29,Natural,Transit,1
2025-01-29,Natural,area,1
2025-01-29,Outdoor,Cityscape,2
2025-01-29,Outdoor,Entertainment,1
2025-01-29,Outdoor,Transit,2
2025-01-29,Religious,Cityscape,2
2025-01-29,Religious,Dining,3
2025-01-29,Religious,Natural,1
2025-01-29,Religious,Religious,4
2025-01-29,Religious,Transit,1
2025-01-29,Shopping,area,1
2025-01-29,Transit,Cityscape,4
2025-01-29,Transit,Cultural,1
2025-01-29,Transit,Entertainment,4
2025-01-29,Transit,Hotel,1
2025-01-29,Transit,Natural,2
2025-01-29,Transit,Religious,1
2025-01-29,Transit,Transit,1
2025-01-29,Transit,area,3
2025-01-29,area,Cityscape,1
2025-01-29,area,Cultural,2
2025-01-29,area,Dining,3
2025-01-29,area,Entertainment,4
2025-01-29,area,Outdoor,1
2025-01-29,area,Shopping,2
2025-01-29,area,Transit,1
2025-01-29,area,area,1
2025-01-30,Cityscape,Cityscape,4
2025-01-30,Cityscape,Cultural,6
2025-01-30,Cityscape,Entertainment,11
2025-01-30,Cityscape,Natural,3
2025-01-30,Cityscape,Shopping,2
2025-01-30,Cityscape,Transit,1
2025-01-30,Cityscape,area,3
2025-01-30,Cultural,Cityscape,5
2025-01-30,Cultural,Cultural,2
2025-01-30,Cultural,Entertainment,5
2025-01-30,Cultural,Natural,1
2025-01-30,Cultural,Religious,2
2025-01-30,Cultural,Shopping,1
2025-01-30,Dining,Cityscape,2
2025-01-30,Dining,Entertainment,2
2025-01-30,Dining,area,1
2025-01-30,Entertainment,Cityscape,12
2025-01-30,Entertainment,Cultural,5
2025-01-30,Entertainment,Dining,2
2025-01-30,Entertainment,Entertainment,20
2025-01-30,Entertainment,Hotel,2
2025-01-30,Entertainment,Natural,2
2025-01-30,Entertainment,Shopping,2
2025-01-30,Entertainment,Transit,4
2025-01-30,Entertainment,area,2
2025-01-30,Hotel,Cultural,1
2025-01-30,Hotel,Entertainment,2
2025-01-30,Hotel,Shopping,1
2025-01-30,Natural,Cityscape,4
2025-01-30,Natural,Cultural,1
2025-01-30,Natural,Entertainment,2
2025-01-30,Natural,Outdoor,1
2025-01-30,Natural,area,1
2025-01-30,Outdoor,Natural,1
2025-01-30,Outdoor,Religious,2
2025-01-30,Religious,Dining,2
2025-01-30,Religious,Natural,1
2025-01-30,Religious,Outdoor,1
2025-01-30,Shopping,Cityscape,3
2025-01-30,Shopping,Entertainment,1
2025-01-30,Shopping,Hotel,1
2025-01-30,Shopping,Natural,1
2025-01-30,Shopping,area,2
2025-01-30,Transit,Cityscape,1
2025-01-30,Transit,Entertainment,4
2025-01-30,Transit,Outdoor,1
2025-01-30,Transit,area,2
2025-01-30,area,Cityscape,2
2025-01-30,area,Cultural,3
2025-01-30,area,Dining,1
2025-01-30,area,Entertainment,3
2025-01-30,area,Natural,1
2025-01-30,area,Shopping,1
2025-01-30,area,Transit,2
2025-01-30,area,area,3
2025-01-31,Cityscape,Cityscape,10
2025-01-31,Cityscape,Cultural,2
2025-01-31,Cityscape,Entertainment,13
2025-01-31,Cityscape,Hotel,1
2025-01-31,Cityscape,Transit,1
2025-01-31,Cityscape,area,2
2025-01-31,Cultural,Cityscape,2
2025-01-31,Cultural,Cultural,2
2025-01-31,Cultural,Entertainment,1
2025-01-31,Cultural,Natural,3
2025-01-31,Cultural,Outdoor,1
2025-01-31,Cultural,Transit,1
2025-01-31,Dining,Dining,3
2025-01-31,Dining,Entertainment,1
2025-01-31,Dining,area,3
2025-01-31,Entertainment,Cityscape,6
2025-01-31,Entertainment,Cultural,4
2025-01-31,Entertainment,Entertainment,12
2025-01-31,Entertainment,Hotel,1
2025-01-31,Entertainment,Natural,2
2025-01-31,Entertainment,Religious,1
2025-01-31,Entertainment,Shopping,1
2025-01-31,Entertainment,Transit,3
2025-01-31,Entertainment,area,2
2025-01-31,Hotel,Entertainment,1
2025-01-31,Natural,Cityscape,1
2025-01-31,Natural,Cultural,1
2025-01-31,Natural,Natural,1
2025-01-31,Natural,Outdoor,3
2025-01-31,Natural,Religious,4
2025-01-31,Natural,area,2
2025-01-31,Outdoor,Natural,3
2025-01-31,Outdoor,Religious,2
2025-01-31,Religious,Cultural,3
2025-01-31,Religious,Natural,4
2025-01-31,Religious,Outdoor,1
2025-01-31,Religious,area,1
2025-01-31,Shopping,Entertainment,2
2025-01-31,Shopping,Transit,1
2025-01-31,Transit,Cityscape,4
2025-01-31,Transit,Entertainment,2
2025-01-31,Transit,Hotel,1
2025-01-31,Transit,Natural,1
2025-01-31,Transit,Transit,1
2025-01-31,Transit,area,4
2025-01-31,area,Cityscape,2
2025-01-31,area,Dining,2
2025-01-31,area,Entertainment,2
2025-01-31,area,Natural,1
2025-01-31,area,Religious,2
2025-01-31,area,Shopping,3
2025-01-31,area,Transit,3
2025-01-31,area,area,11
2025-02-01,Cityscape,Cityscape,3
2025-02-01,Cityscape,Cultural,1
2025-02-01,Cityscape,Entertainment,7
2025-02-01,Cityscape,Natural,2
2025-02-01,Cityscape,Shopping,5
2025-02-01,Cityscape,Transit,2
2025-02-01,Cultural,Cityscape,1
2025-02-01,Cultural,Entertainment,3
2025-02-01,Cultural,Religious,1
2025-02-01,Cultural,Shopping,1
2025-02-01,Entertainment,Cityscape,5
2025-02-01,Entertainment,Cultural,2
2025-02-01,Entertainment,Dining,1
2025-02-01,Entertainment,Entertainment,13
2025-02-01,Entertainment,Natural,3
2025-02-01,Entertainment,Transit,2
2025-02-01,Entertainment,area,2
2025-02-01,Hotel,Cityscape,1
2025-02-01,Hotel,Entertainment,3
2025-02-01,Natural,Cityscape,1
2025-02-01,Natural,Cultural,1
2025-02-01,Natural,Entertainment,3
2025-02-01,Natural,Religious,2
2025-02-01,Natural,area,1
2025-02-01,Religious,Natural,1
2025-02-01,Religious,Religious,3
2025-02-01,Shopping,Cityscape,2
2025-02-01,Shopping,Hotel,2
2025-02-01,Shopping,Shopping,3
2025-02-01,Transit,Cityscape,5
2025-02-01,Transit,Entertainment,5
2025-02-01,Transit,Shopping,1
2025-02-01,area,Cityscape,2
2025-02-01,area,Cultural,1
2025-02-01,area,Entertainment,1
2025-02-01,area,Natural,1
2025-02-02,Cityscape,Cityscape,2
2025-02-02,Cityscape,Cultural,2
2025-02-02,Cityscape,Entertainment,3
2025-02-02,Cityscape,Hotel,1
2025-02-02,Cityscape,Natural,1
2025-02-02,Cityscape,Religious,1
2025-02-02,Cityscape,Shopping,1
2025-02-02,Cityscape,Transit,1
2025-02-02,Cultural,Cityscape,4
2025-02-02,Cultural,Cultural,1
2025-02-02,Cultural,Shopping,1
2025-02-02,Cultural,area,1
2025-02-02,Dining,Cityscape,1
2025-02-02,Dining,Shopping,1
2025-02-02,Dining,area,1
2025-02-02,Entertainment,Cityscape,6
2025-02-02,Entertainment,Cultural,2
2025-02-02,Entertainment,Entertainment,14
2025-02-02,Entertainment,Hotel,3
2025-02-02,Entertainment,Natural,2
2025-02-02,Entertainment,Outdoor,1
2025-02-02,Entertainment,Religious,2
2025-02-02,Entertainment,Shopping,1
2025-02-02,Entertainment,Transit,1
2025-02-02,Entertainment,area,2
2025-02-02,Hotel,Entertainment,2
2025-02-02,Hotel,Transit,1
2025-02-02,Natural,Cityscape,2
2025-02-02,Natural,Entertainment,1
2025-02-02,Natural,Outdoor,1
2025-02-02,Natural,Religious,2
2025-02-02,Natural,Transit,1
2025-02-02,Natural,area,3
2025-02-02,Outdoor,Entertainment,1
2025-02-02,Outdoor,Natural,1
2025-02-02,Religious,Entertainment,2
2025-02-02,Religious,Hotel,1
2025-02-02,Religious,Natural,5
2025-02-02,Religious,Religious,4
2025-02-02,Religious,Shopping,1
2025-02-02,Shopping,Cityscape,2
2025-02-02,Shopping,Cultural,3
2025-02-02,Shopping,Entertainment,4
2025-02-02,Shopping,Shopping,1
2025-02-02,Shopping,area,1
2025-02-02,Transit,Cityscape,1
2025-02-02,Transit,Entertainment,2
2025-02-02,Transit,Religious,1
2025-02-02,Transit,area,3
2025-02-02,area,Cityscape,1
2025-02-02,area,Cultural,1
2025-02-02,area,Dining,2
2025-02-02,area,Entertainment,1
2025-02-02,area,Natural,1
2025-02-02,area,Religious,1
2025-02-02,area,Shopping,3
2025-02-02,area,Transit,2
2025-02-02,area,area,2
2025-02-03,Cityscape,Cityscape,3
2025-02-03,Cityscape,Entertainment,3
2025-02-03,Cityscape,Hotel,1
2025-02-03,Cityscape,Natural,3
2025-02-03,Cityscape,Outdoor,2
2025-02-03,Cityscape,Religious,1
2025-02-03,Cityscape,Shopping,4
2025-02-03,Cityscape,Transit,5
2025-02-03,Cityscape,area,3
2025-02-03,Cultural,Dining,1
2025-02-03,Cultural,Entertainment,3
2025-02-03,Cultural,area,1
2025-02-03,Dining,Cityscape,1
2025-02-03,Dining,Dining,2
2025-02-03,Dining,Transit,1
2025-02-03,Dining,area,1
2025-02-03,Entertainment,Cityscape,5
2025-02-03,Entertainment,Cultural,3
2025-02-03,Entertainment,Dining,1
2025-02-03,Entertainment,Entertainment,14
2025-02-03,Entertainment,Hotel,4
2025-02-03,Entertainment,Religious,1
2025-02-03,Entertainment,Transit,4
2025-02-03,Entertainment,area,1
2025-02-03,Hotel,Cityscape,2
2025-02-03,Hotel,Entertainment,4
2025-02-03,Hotel,Hotel,3
2025-02-03,Natural,Cityscape,1
2025-02-03,Natural,Cultural,2
2025-02-03,Natural,Entertainment,3
2025-02-03,Natural,Outdoor,2
2025-02-03,Natural,Religious,2
2025-02-03,Natural,area,2
2025-02-03,Outdoor,Cityscape,1
2025-02-03,Outdoor,Natural,1
2025-02-03,Outdoor,Outdoor,1
2025-02-03,Religious,Cultural,2
2025-02-03,Religious,Entertainment,1
2025-02-03,Religious,Natural,3
2025-02-03,Religious,area,1
2025-02-03,Shopping,Hotel,1
2025-02-03,Shopping,Natural,1
2025-02-03,Transit,Cityscape,4
2025-02-03,Transit,Dining,1
2025-02-03,Transit,Entertainment,2
2025-02-03,Transit,Hotel,1
2025-02-03,Transit,Natural,2
2025-02-03,Transit,Transit,2
2025-02-03,Transit,area,1
2025-02-03,area,Cityscape,2
2025-02-03,area,Cultural,1
2025-02-03,area,Dining,1
2025-02-03,area,Entertainment,2
2025-02-03,area,Hotel,1
2025-02-03,area,Natural,1
2025-02-03,area,Outdoor,1
2025-02-03,area,Religious,1
2025-02-03,area,Transit,1
2025-02-03,area,area,2
2025-02-04,Cityscape,Cityscape,9
2025-02-04,Cityscape,Cultural,3
2025-02-04,Cityscape,Dining,2
2025-02-04,Cityscape,Entertainment,11
2025-02-04,Cityscape,Hotel,1
2025-02-04,Cityscape,Natural,2
2025-02-04,Cityscape,Outdoor,1
2025-02-04,Cityscape,Shopping,2
2025-02-04,Cityscape,Transit,1
2025-02-04,Cityscape,area,7
2025-02-04,Cultural,Cultural,2
2025-02-04,Cultural,Entertainment,2
2025-02-04,Cultural,Religious,1
2025-02-04,Cultural,Transit,1
2025-02-04,Dining,Cityscape,2
2025-02-04,Dining,Dining,2
2025-02-04,Dining,Religious,2
2025-02-04,Dining,area,2
2025-02-04,Entertainment,Cityscape,11
2025-02-04,Entertainment,Dining,1
2025-02-04,Entertainment,Entertainment,25
2025-02-04,Entertainment,Hotel,3
2025-02-04,Entertainment,Natural,1
2025-02-04,Entertainment,Religious,2
2025-02-04,Entertainment,Shopping,1
2025-02-04,Entertainment,Transit,2
2025-02-04,Entertainment,area,3
2025-02-04,Hotel,Cityscape,2
2025-02-04,Hotel,Entertainment,3
2025-02-04,Hotel,Religious,1
2025-02-04,Hotel,Shopping,1
2025-02-04,Natural,Cityscape,2
2025-02-04,Natural,Entertainment,2
2025-02-04,Natural,Natural,2
2025-02-04,Natural,Outdoor,1
2025-02-04,Natural,Religious,6
2025-02-04,Outdoor,Entertainment,1
2025-02-04,Outdoor,Natural,1
2025-02-04,Religious,Cityscape,3
2025-02-04,Religious,Dining,2
2025-02-04,Religious,Entertainment,1
2025-02-04,Religious,Natural,3
2025-02-04,Religious,Religious,8
2025-02-04,Religious,Shopping,1
2025-02-04,Religious,Transit,1
2025-02-04,Religious,area,2
2025-02-04,Shopping,Cityscape,1
2025-02-04,Shopping,Entertainment,1
2025-02-04,Shopping,Shopping,2
2025-02-04,Shopping,Transit,2
2025-02-04,Sport,Entertainment,1
2025-02-04,Transit,Cityscape,3
2025-02-04,Transit,Cultural,1
2025-02-04,Transit,Dining,1
2025-02-04,Transit,Entertainment,3
2025-02-04,Transit,Natural,2
2025-02-04,Transit,Religious,1
2025-02-04,Transit,Shopping,2
2025-02-04,Transit,Sport,1
2025-02-04,Transit,Transit,2
2025-02-04,Transit,area,2
2025-02-04,area,Cityscape,4
2025-02-04,area,Dining,1
2025-02-04,area,Entertainment,9
2025-02-04,area,Natural,3
2025-02-04,area,Religious,3
2025-02-04,area,area,3
2025-02-05,Cityscape,Cityscape,1
2025-02-05,Cityscape,Cultural,3
2025-02-05,Cityscape,Entertainment,6
2025-02-05,Cityscape,Hotel,2
2025-02-05,Cityscape,Shopping,2
2025-02-05,Cityscape,Transit,3
2025-02-05,Cityscape,area,4
2025-02-05,Cultural,Cityscape,3
2025-02-05,Cultural,Cultural,1
2025-02-05,Cultural,Natural,1
2025-02-05,Cultural,Outdoor,1
2025-02-05,Cultural,area,3
2025-02-05,Dining,Cityscape,1
2025-02-05,Dining,Dining,5
2025-02-05,Dining,Entertainment,2
2025-02-05,Entertainment,Cityscape,5
2025-02-05,Entertainment,Entertainment,15
2025-02-05,Entertainment,Hotel,1
2025-02-05,Entertainment,Natural,5
2025-02-05,Entertainment,Religious,2
2025-02-05,Entertainment,Shopping,2
2025-02-05,Entertainment,Transit,2
2025-02-05,Entertainment,area,3
2025-02-05,Hotel,Entertainment,3
2025-02-05,Natural,Cityscape,1
2025-02-05,Natural,Entertainment,6
2025-02-05,Natural,Natural,1
2025-02-05,Natural,Outdoor,1
2025-02-05,Natural,Religious,1
2025-02-05,Natural,Transit,1
2025-02-05,Natural,area,2
2025-02-05,Outdoor,Cultural,1
2025-02-05,Outdoor,Entertainment,1
2025-02-05,Outdoor,Natural,1
2025-02-05,Religious,Cultural,1
2025-02-05,Religious,area,2
2025-02-05,Shopping,Cityscape,1
2025-02-05,Shopping,Dining,1
2025-02-05,Shopping,Entertainment,2
2025-02-05,Shopping,area,1
2025-02-05,Transit,Cityscape,3
2025-02-05,Transit,Cultural,1
2025-02-05,Transit,Entertainment,2
2025-02-05,Transit,Natural,2
2025-02-05,Transit,area,1
2025-02-05,area,Cityscape,4
2025-02-05,area,Cultural,1
2025-02-05,area,Entertainment,2
2025-02-05,area,Natural,2
2025-02-05,area,Outdoor,2
2025-02-05,area,area,1
2025-02-06,Cityscape,Cityscape,5
2025-02-06,Cityscape,Cultural,2
2025-02-06,Cityscape,Entertainment,10
2025-02-06,Cityscape,Hotel,1
2025-02-06,Cityscape,Religious,1
2025-02-06,Cityscape,Shopping,2
2025-02-06,Cityscape,Transit,5
2025-02-06,Cityscape,area,2
2025-02-06,Cultural,Cityscape,2
2025-02-06,Cultural,Entertainment,4
2025-02-06,Cultural,Hotel,1
2025-02-06,Cultural,Natural,1
2025-02-06,Cultural,Religious,1
2025-02-06,Cultural,area,2
2025-02-06,Dining,Cityscape,1
2025-02-06,Dining,Entertainment,1
2025-02-06,Dining,Natural,1
2025-02-06,Entertainment,Cityscape,10
2025-02-06,Entertainment,Cultural,5
2025-02-06,Entertainment,Dining,1
2025-02-06,Entertainment,Entertainment,13
2025-02-06,Entertainment,Natural,1
2025-02-06,Entertainment,Religious,1
2025-02-06,Entertainment,Transit,3
2025-02-06,Entertainment,area,1
2025-02-06,Hotel,Cityscape,1
2025-02-06,Hotel,Entertainment,1
2025-02-06,Hotel,area,1
2025-02-06,Natural,Cultural,2
2025-02-06,Natural,Entertainment,2
2025-02-06,Natural,Natural,1
2025-02-06,Natural,Religious,1
2025-02-06,Natural,area,1
2025-02-06,Outdoor,area,1
2025-02-06,Religious,Cityscape,1
2025-02-06,Religious,Natural,2
2025-02-06,Shopping,Cityscape,1
2025-02-06,Shopping,Entertainment,2
2025-02-06,Shopping,Shopping,1
2025-02-06,Transit,Cityscape,2
2025-02-06,Transit,Dining,1
2025-02-06,Transit,Entertainment,6
2025-02-06,Transit,Hotel,1
2025-02-06,Transit,area,1
2025-02-06,area,Cityscape,6
2025-02-06,area,Entertainment,2
2025-02-06,area,Natural,2
2025-02-06,area,Shopping,1
2025-02-06,area,area,3
2025-02-07,Cityscape,Cityscape,6
2025-02-07,Cityscape,Cultural,3
2025-02-07,Cityscape,Entertainment,6
2025-02-07,Cityscape,Hotel,4
2025-02-07,Cityscape,Natural,1
2025-02-07,Cityscape,Shopping,4
2025-02-07,Cityscape,area,2
2025-02-07,Cultural,Cityscape,2
2025-02-07,Cultural,Cultural,1
2025-02-07,Cultural,Entertainment,3
2025-02-07,Cultural,Hotel,1
2025-02-07,Cultural,Natural,1
2025-02-07,Cultural,Shopping,1
2025-02-07,Cultural,area,2
2025-02-07,Dining,Cityscape,2
2025-02-07,Dining,Dining,1
2025-02-07,Dining,Entertainment,2
2025-02-07,Entertainment,Cityscape,8
2025-02-07,Entertainment,Cultural,1
2025-02-07,Entertainment,Dining,2
2025-02-07,Entertainment,Entertainment,16
2025-02-07,Entertainment,Hotel,4
2025-02-07,Entertainment,Natural,1
2025-02-07,Entertainment,Outdoor,1
2025-02-07,Entertainment,Transit,1
2025-02-07,Entertainment,area,3
2025-02-07,Hotel,Cityscape,2
2025-02-07,Hotel,Cultural,1
2025-02-07,Hotel,Entertainment,5
2025-02-07,Hotel,Transit,1
2025-02-07,Natural,Cityscape,1
2025-02-07,Natural,Dining,1
2025-02-07,Natural,Entertainment,1
2025-02-07,Natural,Religious,2
2025-02-07,Natural,area,1
2025-02-07,Outdoor,Transit,1
2025-02-07,Religious,Cultural,1
2025-02-07,Religious,Entertainment,1
2025-02-07,Religious,Natural,2
2025-02-07,Religious,Religious,1
2025-02-07,Shopping,Cityscape,2
2025-02-07,Shopping,Cultural,2
2025-02-07,Shopping,Entertainment,3
2025-02-07,Shopping,Shopping,1
2025-02-07,Shopping,Transit,1
2025-02-07,Shopping,area,1
2025-02-07,Transit,Cityscape,3
2025-02-07,Transit,Entertainment,1
2025-02-07,Transit,Hotel,2
2025-02-07,Transit,Natural,1
2025-02-07,Transit,Shopping,1
2025-02-07,Transit,area,2
2025-02-07,area,Cityscape,3
2025-02-07,area,Entertainment,3
2025-02-07,area,Hotel,2
2025-02-07,area,Natural,1
2025-02-07,area,Outdoor,1
2025-02-07,area,Shopping,1
2025-02-07,area,Transit,1
2025-02-07,area,area,2
2025-02-08,Cityscape,Cityscape,2
2025-02-08,Cityscape,Cultural,1
2025-02-08,Cityscape,Entertainment,6
2025-02-08,Cityscape,Shopping,1
2025-02-08,Cityscape,Transit,1
2025-02-08,Cityscape,area,1
2025-02-08,Cultural,Cityscape,1
2025-02-08,Cultural,Cultural,1
2025-02-08,Cultural,Entertainment,2
2025-02-08,Cultural,Hotel,1
2025-02-08,Cultural,Transit,1
2025-02-08,Cultural,area,2
2025-02-08,Entertainment,Cityscape,4
2025-02-08,Entertainment,Cultural,2
2025-02-08,Entertainment,Entertainment,18
2025-02-08,Entertainment,Hotel,2
2025-02-08,Entertainment,Natural,4
2025-02-08,Entertainment,Outdoor,1
2025-02-08,Entertainment,Religious,1
2025-02-08,Entertainment,Shopping,3
2025-02-08,Hotel,Entertainment,2
2025-02-08,Natural,Cityscape,3
2025-02-08,Natural,Entertainment,2
2025-02-08,Natural,Natural,3
2025-02-08,Natural,Outdoor,1
2025-02-08,Natural,Religious,8
2025-02-08,Natural,Transit,1
2025-02-08,Natural,area,3
2025-02-08,Outdoor,Natural,1
2025-02-08,Outdoor,Outdoor,1
2025-02-08,Religious,Cultural,1
2025-02-08,Religious,Entertainment,1
2025-02-08,Religious,Natural,5
2025-02-08,Religious,Religious,3
2025-02-08,Religious,area,2
2025-02-08,Shopping,Cityscape,1
2025-02-08,Shopping,Cultural,1
2025-02-08,Shopping,Shopping,1
2025-02-08,Shopping,Transit,2
2025-02-08,Transit,Cityscape,3
2025-02-08,Transit,Cultural,3
2025-02-08,Transit,Entertainment,5
2025-02-08,Transit,Natural,1
2025-02-08,Transit,Transit,2
2025-02-08,Transit,area,1
2025-02-08,area,Cultural,1
2025-02-08,area,Natural,5
2025-02-08,area,Transit,1
2025-02-09,Cityscape,Cityscape,8
2025-02-09,Cityscape,Cultural,1
2025-02-09,Cityscape,Dining,1
2025-02-09,Cityscape,Entertainment,9
2025-02-09,Cityscape,Hotel,1
2025-02-09,Cityscape,Natural,3
2025-02-09,Cityscape,Religious,1
2025-02-09,Cityscape,Shopping,1
2025-02-09,Cityscape,area,3
2025-02-09,Cultural,Cityscape,1
2025-02-09,Cultural,Cultural,2
2025-02-09,Cultural,Entertainment,1
2025-02-09,Cultural,Natural,2
2025-02-09,Dining,Cityscape,1
2025-02-09,Dining,Dining,4
2025-02-09,Dining,Entertainment,4
2025-02-09,Dining,Hotel,1
2025-02-09,Dining,area,1
2025-02-09,Entertainment,Cityscape,13
2025-02-09,Entertainment,Cultural,1
2025-02-09,Entertainment,Dining,1
2025-02-09,Entertainment,Entertainment,25
2025-02-09,Entertainment,Hotel,1
2025-02-09,Entertainment,Natural,3
2025-02-09,Entertainment,Religious,1
2025-02-09,Entertainment,Transit,2
2025-02-09,Entertainment,area,2
2025-02-09,Hotel,Cityscape,1
2025-02-09,Hotel,Entertainment,1
2025-02-09,Hotel,area,1
2025-02-09,Natural,Dining,2
2025-02-09,Natural,Entertainment,2
2025-02-09,Natural,Outdoor,1
2025-02-09,Natural,Religious,3
2025-02-09,Religious,Cityscape,2
2025-02-09,Religious,Entertainment,1
2025-02-09,Religious,Natural,2
2025-02-09,Religious,Shopping,2
2025-02-09,Shopping,Cultural,1
2025-02-09,Shopping,Entertainment,1
2025-02-09,Shopping,Hotel,1
2025-02-09,Shopping,Religious,1
2025-02-09,Shopping,area,1
2025-02-09,Transit,Cityscape,1
2025-02-09,Transit,Entertainment,1
2025-02-09,Transit,Hotel,2
2025-02-09,Transit,Religious,1
2025-02-09,Transit,Shopping,1
2025-02-09,area,Cityscape,3
2025-02-09,area,Dining,2
2025-02-09,area,Religious,1
2025-02-09,area,Shopping,1
2025-02-09,area,area,1
2025-02-10,Cityscape,Cityscape,4
2025-02-10,Cityscape,Cultural,2
2025-02-10,Cityscape,Dining,1
2025-02-10,Cityscape,Entertainment,6
2025-02-10,Cityscape,Hotel,1
2025-02-10,Cityscape,Natural,2
2025-02-10,Cityscape,Religious,1
2025-02-10,Cityscape,Shopping,2
2025-02-10,Cityscape,area,1
2025-02-10,Cultural,Entertainment,1
2025-02-10,Cultural,Hotel,1
2025-02-10,Cultural,Shopping,1
2025-02-10,Dining,Dining,2
2025-02-10,Dining,Shopping,1
2025-02-10,Dining,area,1
2025-02-10,Entertainment,Cityscape,7
2025-02-10,Entertainment,Cultural,1
2025-02-10,Entertainment,Entertainment,11
2025-02-10,Entertainment,Hotel,2
2025-02-10,Entertainment,Natural,2
2025-02-10,Entertainment,Outdoor,1
2025-02-10,Entertainment,Religious,1
2025-02-10,Entertainment,Transit,2
2025-02-10,Entertainment,area,3
2025-02-10,Hotel,Cultural,1
2025-02-10,Hotel,Religious,1
2025-02-10,Hotel,Transit,1
2025-02-10,Hotel,area,1
2025-02-10,Natural,Cityscape,1
2025-02-10,Natural,Entertainment,3
2025-02-10,Natural,Religious,1
2025-02-10,Natural,area,1
2025-02-10,Outdoor,Entertainment,1
2025-02-10,Religious,Cityscape,1
2025-02-10,Religious,Natural,1
2025-02-10,Religious,Religious,1
2025-02-10,Religious,Shopping,1
2025-02-10,Religious,area,1
2025-02-10,Shopping,Cityscape,4
2025-02-10,Shopping,Cultural,1
2025-02-10,Shopping,Entertainment,1
2025-02-10,Shopping,Natural,1
2025-02-10,Shopping,area,1
2025-02-10,Transit,Cityscape,1
2025-02-10,Transit,Entertainment,4
2025-02-10,Transit,Hotel,1
2025-02-10,Transit,Religious,1
2025-02-10,Transit,Transit,5
2025-02-10,area,Cityscape,3
2025-02-10,area,Dining,1
2025-02-10,area,Entertainment,1
2025-02-10,area,Hotel,1
2025-02-10,area,Natural,1
2025-02-10,area,Shopping,1
2025-02-10,area,area,7
2025-02-11,Cityscape,Cityscape,2
2025-02-11,Cityscape,Cultural,3
2025-02-11,Cityscape,Entertainment,5
2025-02-11,Cityscape,Natural,1
2025-02-11,Cityscape,Outdoor,1
2025-02-11,Cityscape,Shopping,1
2025-02-11,Cityscape,Transit,2
2025-02-11,Cityscape,area,4
2025-02-11,Cultural,Cityscape,1
2025-02-11,Cultural,Entertainment,1
2025-02-11,Cultural,Hotel,1
2025-02-11,Cultural,Natural,1
2025-02-11,Cultural,Religious,1
2025-02-11,Cultural,Shopping,1
2025-02-11,Dining,Cityscape,1
2025-02-11,Dining,area,4
2025-02-11,Entertainment,Cityscape,5
2025-02-11,Entertainment,Cultural,1
2025-02-11,Entertainment,Entertainment,17
2025-02-11,Entertainment,Hotel,1
2025-02-11,Entertainment,Natural,1
2025-02-11,Entertainment,Religious,1
2025-02-11,Entertainment,Shopping,2
2025-02-11,Entertainment,Transit,1
2025-02-11,Entertainment,area,1
2025-02-11,Hotel,Cityscape,2
2025-02-11,Hotel,Cultural,1
2025-02-11,Hotel,Dining,1
2025-02-11,Hotel,Entertainment,1
2025-02-11,Hotel,Natural,1
2025-02-11,Hotel,Shopping,1
2025-02-11,Hotel,Transit,2
2025-02-11,Hotel,area,2
2025-02-11,Natural,Cultural,1
2025-02-11,Natural,Dining,1
2025-02-11,Natural,Entertainment,2
2025-02-11,Natural,Natural,1
2025-02-11,Natural,Outdoor,2
2025-02-11,Natural,Religious,4
2025-02-11,Natural,Transit,1
2025-02-11,Outdoor,Natural,3
2025-02-11,Outdoor,Outdoor,1
2025-02-11,Religious,Cityscape,1
2025-02-11,Religious,Natural,2
2025-02-11,Shopping,Cityscape,1
2025-02-11,Shopping,Entertainment,2
2025-02-11,Shopping,Religious,1
2025-02-11,Shopping,Transit,1
2025-02-11,Shopping,area,1
2025-02-11,Transit,Cityscape,4
2025-02-11,Transit,Entertainment,4
2025-02-11,Transit,Natural,1
2025-02-11,Transit,Religious,1
2025-02-11,Transit,Shopping,2
2025-02-11,Transit,Transit,2
2025-02-11,Transit,area,2
2025-02-11,area,Cityscape,4
2025-02-11,area,Dining,1
2025-02-11,area,Entertainment,4
2025-02-11,area,Hotel,2
2025-02-11,area,Natural,1
2025-02-11,area,Shopping,2
2025-02-11,area,Transit,1
2025-02-11,area,area,1
2025-02-12,Cityscape,Cityscape,4
2025-02-12,Cityscape,Cultural,3
2025-02-12,Cityscape,Dining,1
2025-02-12,Cityscape,Entertainment,5
2025-02-12,Cityscape,Natural,1
2025-02-12,Cityscape,Outdoor,1
2025-02-12,Cityscape,Shopping,1
2025-02-12,Cityscape,Transit,3
2025-02-12,Cityscape,area,2
2025-02-12,Cultural,Cityscape,1
2025-02-12,Cultural,Entertainment,6
2025-02-12,Cultural,Religious,1
2025-02-12,Cultural,Shopping,1
2025-02-12,Entertainment,Cityscape,8
2025-02-12,Entertainment,Cultural,1
2025-02-12,Entertainment,Entertainment,15
2025-02-12,Entertainment,Hotel,1
2025-02-12,Entertainment,Natural,2
2025-02-12,Entertainment,Outdoor,1
2025-02-12,Entertainment,Religious,4
2025-02-12,Entertainment,Shopping,1
2025-02-12,Entertainment,Transit,2
2025-02-12,Entertainment,area,3
2025-02-12,Hotel,Entertainment,1
2025-02-12,Hotel,Transit,1
2025-02-12,Hotel,area,1
2025-02-12,Natural,Cityscape,2
2025-02-12,Natural,Cultural,1
2025-02-12,Natural,Entertainment,3
2025-02-12,Natural,Religious,4
2025-02-12,Natural,Transit,1
2025-02-12,Natural,area,1
2025-02-12,Outdoor,Cityscape,1
2025-02-12,Outdoor,Outdoor,1
2025-02-12,Outdoor,area,1
2025-02-12,Religious,Cityscape,1
2025-02-12,Religious,Entertainment,3
2025-02-12,Religious,Natural,6
2025-02-12,Religious,Religious,2
2025-02-12,Religious,Shopping,1
2025-02-12,Religious,Transit,1
2025-02-12,Shopping,Cityscape,1
2025-02-12,Shopping,Cultural,1
2025-02-12,Shopping,Natural,1
2025-02-12,Shopping,Transit,1
2025-02-12,Transit,Cityscape,5
2025-02-12,Transit,Cultural,1
2025-02-12,Transit,Entertainment,2
2025-02-12,Transit,Shopping,1
2025-02-12,Transit,area,2
2025-02-12,area,Cityscape,2
2025-02-12,area,Cultural,2
2025-02-12,area,Entertainment,2
2025-02-12,area,Hotel,1
2025-02-12,area,Natural,2
2025-02-12,area,Religious,2
2025-02-12,area,Shopping,1
2025-02-12,area,area,2
2025-02-13,Cityscape,Cityscape,2
2025-02-13,Cityscape,Cultural,1
2025-02-13,Cityscape,Dining,4
2025-02-13,Cityscape,Entertainment,6
2025-02-13,Cityscape,Religious,2
2025-02-13,Cityscape,Shopping,1
2025-02-13,Cityscape,Transit,8
2025-02-13,Cityscape,area,1
2025-02-13,Cultural,Entertainment,1
2025-02-13,Cultural,Natural,1
2025-02-13,Cultural,Religious,1
2025-02-13,Cultural,Transit,1
2025-02-13,Dining,Cityscape,1
2025-02-13,Dining,Entertainment,1
2025-02-13,Dining,Natural,1
2025-02-13,Dining,Transit,1
2025-02-13,Dining,area,2
2025-02-13,Entertainment,Cityscape,8
2025-02-13,Entertainment,Cultural,1
2025-02-13,Entertainment,Dining,1
2025-02-13,Entertainment,Entertainment,13
2025-02-13,Entertainment,Hotel,4
2025-02-13,Entertainment,Natural,1
2025-02-13,Entertainment,Religious,2
2025-02-13,Entertainment,Shopping,1
2025-02-13,Entertainment,Transit,8
2025-02-13,Entertainment,area,3
2025-02-13,Hotel,Entertainment,4
2025-02-13,Hotel,Shopping,1
2025-02-13,Natural,Cultural,1
2025-02-13,Natural,Entertainment,2
2025-02-13,Natural,Outdoor,1
2025-02-13,Natural,Religious,2
2025-02-13,Natural,Transit,1
2025-02-13,Natural,area,1
2025-02-13,Outdoor,Natural,2
2025-02-13,Religious,Cityscape,1
2025-02-13,Religious,Cultural,1
2025-02-13,Religious,Entertainment,4
2025-02-13,Religious,Natural,3
2025-02-13,Religious,Outdoor,1
2025-02-13,Shopping,Cityscape,1
2025-02-13,Shopping,Entertainment,1
2025-02-13,Shopping,Shopping,1
2025-02-13,Shopping,area,1
2025-02-13,Transit,Cityscape,8
2025-02-13,Transit,Dining,1
2025-02-13,Transit,Entertainment,5
2025-02-13,Transit,Natural,1
2025-02-13,Transit,area,3
2025-02-13,area,Cityscape,4
2025-02-13,area,Dining,2
2025-02-13,area,Entertainment,2
2025-02-13,area,Hotel,2
2025-02-13,area,Natural,1
2025-02-13,area,Religious,2
2025-02-13,area,Transit,2
2025-02-13,area,area,2
2025-02-14,Cityscape,Cityscape,5
2025-02-14,Cityscape,Cultural,1
2025-02-14,Cityscape,Entertainment,9
2025-02-14,Cityscape,Hotel,2
2025-02-14,Cityscape,Natural,1
2025-02-14,Cityscape,Shopping,4
2025-02-14,Cityscape,Transit,1
2025-02-14,Cultural,Cityscape,2
2025-02-14,Cultural,Cultural,1
2025-02-14,Cultural,Entertainment,2
2025-02-14,Cultural,Shopping,1
2025-02-14,Dining,Entertainment,1
2025-02-14,Dining,area,2
2025-02-14,Entertainment,Cityscape,7
2025-02-14,Entertainment,Cultural,2
2025-02-14,Entertainment,Entertainment,9
2025-02-14,Entertainment,Hotel,2
2025-02-14,Hotel,Cityscape,4
2025-02-14,Hotel,area,1
2025-02-14,Natural,Religious,1
2025-02-14,Natural,area,3
2025-02-14,Outdoor,Religious,1
2025-02-14,Religious,Entertainment,1
2025-02-14,Religious,Religious,1
2025-02-14,Religious,Shopping,1
2025-02-14,Religious,area,1
2025-02-14,Shopping,Cityscape,2
2025-02-14,Shopping,Cultural,1
2025-02-14,Shopping,Entertainment,1
2025-02-14,Shopping,Shopping,2
2025-02-14,Shopping,area,1
2025-02-14,Transit,Cityscape,2
2025-02-14,Transit,Entertainment,2
2025-02-14,Transit,Hotel,1
2025-02-14,Transit,Natural,1
2025-02-14,Transit,Transit,4
2025-02-14,Transit,area,3
2025-02-14,area,Cityscape,1
2025-02-14,area,Cultural,2
2025-02-14,area,Dining,3
2025-02-14,area,Hotel,1
2025-02-14,area,Natural,2
2025-02-14,area,Outdoor,1
2025-02-14,area,Transit,1
2025-02-14,area,area,1
2025-02-15,Cityscape,Cityscape,3
2025-02-15,Cityscape,Entertainment,7
2025-02-15,Cityscape,Natural,3
2025-02-15,Cityscape,Outdoor,1
2025-02-15,Cityscape,Religious,2
2025-02-15,Cityscape,Shopping,2
2025-02-15,Cityscape,Transit,1
2025-02-15,Cityscape,area,1
2025-02-15,Cultural,Cityscape,2
2025-02-15,Cultural,Entertainment,1
2025-02-15,Cultural,Shopping,1
2025-02-15,Dining,Dining,8
2025-02-15,Dining,area,1
2025-02-15,Entertainment,Cityscape,6
2025-02-15,Entertainment,Cultural,1
2025-02-15,Entertainment,Entertainment,12
2025-02-15,Entertainment,Hotel,2
2025-02-15,Entertainment,Natural,1
2025-02-15,Entertainment,area,3
2025-02-15,Hotel,Cityscape,1
2025-02-15,Hotel,Entertainment,3
2025-02-15,Natural,Cityscape,1
2025-02-15,Natural,Cultural,1
2025-02-15,Natural,Entertainment,1
2025-02-15,Natural,Hotel,1
2025-02-15,Outdoor,Cityscape,1
2025-02-15,Outdoor,Outdoor,3
2025-02-15,Religious,Natural,2
2025-02-15,Shopping,Cityscape,2
2025-02-15,Shopping,Entertainment,3
2025-02-15,Shopping,Natural,1
2025-02-15,Transit,Cityscape,3
2025-02-15,Transit,Cultural,1
2025-02-15,Transit,Entertainment,2
2025-02-15,Transit,area,2
2025-02-15,area,Cityscape,3
2025-02-15,area,Dining,1
2025-02-15,area,Entertainment,3
2025-02-15,area,Shopping,3
2025-02-15,area,area,1
2025-02-16,Cityscape,Cityscape,3
2025-02-16,Cityscape,Cultural,4
2025-02-16,Cityscape,Dining,1
2025-02-16,Cityscape,Entertainment,8
2025-02-16,Cityscape,Natural,2
2025-02-16,Cityscape,Outdoor,2
2025-02-16,Cityscape,Religious,1
2025-02-16,Cityscape,Shopping,2
2025-02-16,Cityscape,Transit,1
2025-02-16,Cultural,Cityscape,4
2025-02-16,Cultural,Dining,1
2025-02-16,Cultural,Entertainment,1
2025-02-16,Cultural,Natural,1
2025-02-16,Cultural,area,1
2025-02-16,Dining,Dining,1
2025-02-16,Dining,Entertainment,6
2025-02-16,Dining,Hotel,1
2025-02-16,Dining,Religious,1
2025-02-16,Dining,area,1
2025-02-16,Entertainment,Cityscape,8
2025-02-16,Entertainment,Cultural,2
2025-02-16,Entertainment,Dining,1
2025-02-16,Entertainment,Entertainment,21
2025-02-16,Entertainment,Hotel,19
2025-02-16,Entertainment,Natural,1
2025-02-16,Entertainment,Religious,1
2025-02-16,Entertainment,Shopping,2
2025-02-16,Entertainment,Transit,3
2025-02-16,Entertainment,area,3
2025-02-16,Hotel,Cityscape,1
2025-02-16,Hotel,Dining,3
2025-02-16,Hotel,Entertainment,20
2025-02-16,Hotel,Religious,1
2025-02-16,Hotel,area,2
2025-02-16,Natural,Cityscape,1
2025-02-16,Natural,Cultural,1
2025-02-16,Natural,Hotel,1
2025-02-16,Natural,Outdoor,1
2025-02-16,Natural,area,2
2025-02-16,Outdoor,Cityscape,2
2025-02-16,Outdoor,Religious,1
2025-02-16,Outdoor,Transit,1
2025-02-16,Religious,Natural,1
2025-02-16,Religious,Outdoor,1
2025-02-16,Religious,Transit,1
2025-02-16,Religious,area,1
2025-02-16,Shopping,Cityscape,1
2025-02-16,Shopping,Cultural,2
2025-02-16,Shopping,Entertainment,1
2025-02-16,Shopping,Transit,1
2025-02-16,Shopping,area,1
2025-02-16,Transit,Cityscape,1
2025-02-16,Transit,Cultural,1
2025-02-16,Transit,Dining,3
2025-02-16,Transit,Entertainment,4
2025-02-16,Transit,area,3
2025-02-16,area,Cityscape,2
2025-02-16,area,Dining,1
2025-02-16,area,Entertainment,3
2025-02-16,area,Hotel,2
2025-02-16,area,Natural,1
2025-02-16,area,Religious,1
2025-02-16,area,Shopping,2
2025-02-16,area,area,1
2025-02-17,Cityscape,Cityscape,5
2025-02-17,Cityscape,Cultural,3
2025-02-17,Cityscape,Dining,2
2025-02-17,Cityscape,Entertainment,11
2025-02-17,Cityscape,Shopping,2
2025-02-17,Cityscape,area,9
2025-02-17,Cultural,Cityscape,2
2025-02-17,Cultural,Cultural,2
2025-02-17,Cultural,Dining,1
2025-02-17,Cultural,Entertainment,2
2025-02-17,Cultural,Shopping,1
2025-02-17,Cultural,Transit,1
2025-02-17,Dining,Cityscape,2
2025-02-17,Dining,Dining,10
2025-02-17,Dining,Entertainment,2
2025-02-17,Dining,Shopping,1
2025-02-17,Dining,Transit,1
2025-02-17,Entertainment,Cityscape,7
2025-02-17,Entertainment,Cultural,1
2025-02-17,Entertainment,Dining,1
2025-02-17,Entertainment,Entertainment,11
2025-02-17,Entertainment,Hotel,2
2025-02-17,Entertainment,Natural,4
2025-02-17,Entertainment,Religious,1
2025-02-17,Entertainment,Transit,2
2025-02-17,Entertainment,area,1
2025-02-17,Hotel,Entertainment,1
2025-02-17,Hotel,Shopping,1
2025-02-17,Hotel,Transit,1
2025-02-17,Natural,Cityscape,2
2025-02-17,Natural,Entertainment,1
2025-02-17,Natural,Natural,1
2025-02-17,Natural,Religious,3
2025-02-17,Natural,Shopping,1
2025-02-17,Natural,area,1
2025-02-17,Religious,Cultural,1
2025-02-17,Religious,Dining,1
2025-02-17,Religious,Entertainment,1
2025-02-17,Religious,Natural,1
2025-02-17,Religious,Religious,3
2025-02-17,Religious,Transit,1
2025-02-17,Religious,area,2
2025-02-17,Shopping,Cityscape,3
2025-02-17,Shopping,Hotel,1
2025-02-17,Shopping,area,1
2025-02-17,Transit,Cityscape,5
2025-02-17,Transit,Cultural,1
2025-02-17,Transit,Entertainment,1
2025-02-17,Transit,Hotel,1
2025-02-17,Transit,Natural,2
2025-02-17,Transit,Shopping,1
2025-02-17,Transit,Transit,3
2025-02-17,Transit,area,4
2025-02-17,area,Cityscape,3
2025-02-17,area,Dining,1
2025-02-17,area,Entertainment,2
2025-02-17,area,Natural,3
2025-02-17,area,Religious,3
2025-02-17,area,Shopping,1
2025-02-17,area,Transit,3
2025-02-17,area,area,3
2025-02-18,Cityscape,Cityscape,3
2025-02-18,Cityscape,Cultural,2
2025-02-18,Cityscape,Dining,2
2025-02-18,Cityscape,Entertainment,6
2025-02-18,Cityscape,Shopping,2
2025-02-18,Cityscape,Transit,1
2025-02-18,Cityscape,area,2
2025-02-18,Cultural,Cityscape,1
2025-02-18,Cultural,Entertainment,5
2025-02-18,Cultural,Natural,2
2025-02-18,Cultural,Religious,1
2025-02-18,Cultural,Transit,1
2025-02-18,Cultural,area,1
2025-02-18,Dining,Cultural,1
2025-02-18,Dining,Entertainment,1
2025-02-18,Dining,Shopping,1
2025-02-18,Dining,Transit,1
2025-02-18,Entertainment,Cityscape,7
2025-02-18,Entertainment,Cultural,3
2025-02-18,Entertainment,Entertainment,18
2025-02-18,Entertainment,Hotel,7
2025-02-18,Entertainment,Natural,3
2025-02-18,Entertainment,Transit,2
2025-02-18,Entertainment,area,4
2025-02-18,Hotel,Cityscape,1
2025-02-18,Hotel,Entertainment,7
2025-02-18,Hotel,area,1
2025-02-18,Natural,Entertainment,2
2025-02-18,Natural,Natural,1
2025-02-18,Natural,Outdoor,1
2025-02-18,Natural,Religious,2
2025-02-18,Natural,Shopping,1
2025-02-18,Natural,Transit,1
2025-02-18,Natural,area,3
2025-02-18,Outdoor,Cityscape,2
2025-02-18,Outdoor,Entertainment,1
2025-02-18,Outdoor,Natural,1
2025-02-18,Outdoor,area,1
2025-02-18,Religious,Natural,3
2025-02-18,Religious,area,2
2025-02-18,Shopping,Cityscape,1
2025-02-18,Shopping,Shopping,1
2025-02-18,Shopping,area,1
2025-02-18,Transit,Cityscape,2
2025-02-18,Transit,Cultural,3
2025-02-18,Transit,Entertainment,8
2025-02-18,Transit,Natural,1
2025-02-18,Transit,Outdoor,1
2025-02-18,Transit,Religious,1
2025-02-18,Transit,Transit,1
2025-02-18,Transit,area,1
2025-02-18,area,Cityscape,1
2025-02-18,area,Cultural,1
2025-02-18,area,Dining,2
2025-02-18,area,Entertainment,2
2025-02-18,area,Natural,1
2025-02-18,area,Outdoor,1
2025-02-18,area,Religious,1
2025-02-18,area,Shopping,1
2025-02-18,area,Transit,5
2025-02-18,area,area,4
2025-02-19,Cityscape,Cityscape,3
2025-02-19,Cityscape,Cultural,5
2025-02-19,Cityscape,Dining,1
2025-02-19,Cityscape,Entertainment,7
2025-02-19,Cityscape,Hotel,1
2025-02-19,Cityscape,Natural,2
2025-02-19,Cityscape,Religious,1
2025-02-19,Cityscape,Transit,2
2025-02-19,Cityscape,area,4
2025-02-19,Cultural,Cityscape,4
2025-02-19,Cultural,Cultural,2
2025-02-19,Cultural,Entertainment,2
2025-02-19,Cultural,Hotel,2
2025-02-19,Cultural,Religious,1
2025-02-19,Cultural,Shopping,3
2025-02-19,Cultural,area,1
2025-02-19,Dining,Cultural,1
2025-02-19,Dining,Entertainment,1
2025-02-19,Dining,Religious,2
2025-02-19,Dining,Shopping,1
2025-02-19,Dining,Transit,1
2025-02-19,Dining,area,2
2025-02-19,Entertainment,Cityscape,8
2025-02-19,Entertainment,Cultural,2
2025-02-19,Entertainment,Entertainment,28
2025-02-19,Entertainment,Hotel,6
2025-02-19,Entertainment,Natural,2
2025-02-19,Entertainment,Shopping,1
2025-02-19,Entertainment,Transit,3
2025-02-19,Entertainment,area,4
2025-02-19,Hotel,Cityscape,1
2025-02-19,Hotel,Cultural,1
2025-02-19,Hotel,Entertainment,8
2025-02-19,Hotel,Natural,2
2025-02-19,Hotel,Shopping,1
2025-02-19,Natural,Cultural,1
2025-02-19,Natural,Entertainment,1
2025-02-19,Natural,Hotel,2
2025-02-19,Natural,Outdoor,2
2025-02-19,Natural,Religious,1
2025-02-19,Natural,Transit,1
2025-02-19,Natural,area,1
2025-02-19,Outdoor,Religious,1
2025-02-19,Outdoor,Shopping,1
2025-02-19,Religious,Cityscape,1
2025-02-19,Religious,Entertainment,1
2025-02-19,Religious,Natural,1
2025-02-19,Religious,Religious,4
2025-02-19,Religious,Shopping,3
2025-02-19,Religious,Transit,1
2025-02-19,Religious,area,3
2025-02-19,Shopping,Cityscape,4
2025-02-19,Shopping,Cultural,1
2025-02-19,Shopping,Dining,2
2025-02-19,Shopping,Entertainment,3
2025-02-19,Shopping,Religious,1
2025-02-19,Shopping,Shopping,2
2025-02-19,Shopping,Transit,1
2025-02-19,Shopping,area,3
2025-02-19,Transit,Cityscape,1
2025-02-19,Transit,Dining,2
2025-02-19,Transit,Entertainment,4
2025-02-19,Transit,Hotel,1
2025-02-19,Transit,Natural,1
2025-02-19,Transit,Transit,2
2025-02-19,Transit,area,2
2025-02-19,area,Cityscape,7
2025-02-19,area,Cultural,1
2025-02-19,area,Dining,3
2025-02-19,area,Entertainment,2
2025-02-19,area,Natural,2
2025-02-19,area,Religious,4
2025-02-19,area,Shopping,4
2025-02-19,area,area,5
2025-02-20,Cityscape,Cityscape,14
2025-02-20,Cityscape,Cultural,2
2025-02-20,Cityscape,Dining,1
2025-02-20,Cityscape,Entertainment,8
2025-02-20,Cityscape,Natural,2
2025-02-20,Cityscape,Religious,1
2025-02-20,Cityscape,Shopping,2
2025-02-20,Cityscape,Transit,3
2025-02-20,Cityscape,area,5
2025-02-20,Cultural,Cityscape,2
2025-02-20,Cultural,Cultural,5
2025-02-20,Cultural,Dining,3
2025-02-20,Cultural,Entertainment,5
2025-02-20,Cultural,Hotel,1
2025-02-20,Cultural,Shopping,1
2025-02-20,Dining,Cityscape,1
2025-02-20,Dining,Cultural,1
2025-02-20,Dining,Dining,4
2025-02-20,Dining,Entertainment,3
2025-02-20,Dining,Hotel,2
2025-02-20,Dining,Religious,2
2025-02-20,Dining,Shopping,1
2025-02-20,Dining,Transit,2
2025-02-20,Dining,area,2
2025-02-20,Entertainment,Cityscape,10
2025-02-20,Entertainment,Cultural,2
2025-02-20,Entertainment,Dining,6
2025-02-20,Entertainment,Entertainment,8
2025-02-20,Entertainment,Hotel,12
2025-02-20,Entertainment,Religious,3
2025-02-20,Entertainment,Shopping,3
2025-02-20,Entertainment,Transit,7
2025-02-20,Entertainment,area,1
2025-02-20,Hotel,Cityscape,1
2025-02-20,Hotel,Cultural,1
2025-02-20,Hotel,Entertainment,15
2025-02-20,Hotel,Transit,1
2025-02-20,Natural,Cityscape,1
2025-02-20,Natural,Cultural,1
2025-02-20,Natural,Dining,1
2025-02-20,Natural,Entertainment,1
2025-02-20,Natural,Religious,1
2025-02-20,Outdoor,Cityscape,1
2025-02-20,Outdoor,Natural,1
2025-02-20,Religious,Cityscape,2
2025-02-20,Religious,Cultural,2
2025-02-20,Religious,Entertainment,1
2025-02-20,Religious,Natural,1
2025-02-20,Religious,Outdoor,1
2025-02-20,Religious,Religious,2
2025-02-20,Religious,area,3
2025-02-20,Shopping,Cityscape,1
2025-02-20,Shopping,Entertainment,1
2025-02-20,Shopping,Hotel,1
2025-02-20,Shopping,Natural,2
2025-02-20,Shopping,Transit,1
2025-02-20,Shopping,area,1
2025-02-20,Transit,Cityscape,8
2025-02-20,Transit,Cultural,1
2025-02-20,Transit,Dining,1
2025-02-20,Transit,Entertainment,5
2025-02-20,Transit,Hotel,1
2025-02-20,Transit,Religious,1
2025-02-20,Transit,area,4
2025-02-20,area,Cityscape,4
2025-02-20,area,Cultural,2
2025-02-20,area,Dining,1
2025-02-20,area,Natural,3
2025-02-20,area,Religious,2
2025-02-20,area,Transit,3
2025-02-20,area,area,2
2025-02-21,Cityscape,Cityscape,10
2025-02-21,Cityscape,Cultural,2
2025-02-21,Cityscape,Entertainment,10
2025-02-21,Cityscape,Hotel,1
2025-02-21,Cityscape,Natural,3
2025-02-21,Cityscape,Religious,1
2025-02-21,Cityscape,Shopping,3
2025-02-21,Cityscape,Transit,3
2025-02-21,Cityscape,area,3
2025-02-21,Cultural,Entertainment,3
2025-02-21,Cultural,Religious,1
2025-02-21,Cultural,area,1
2025-02-21,Dining,Cityscape,1
2025-02-21,Dining,Dining,3
2025-02-21,Dining,Entertainment,2
2025-02-21,Dining,Religious,1
2025-02-21,Dining,Shopping,1
2025-02-21,Entertainment,Cityscape,8
2025-02-21,Entertainment,Cultural,2
2025-02-21,Entertainment,Dining,1
2025-02-21,Entertainment,Entertainment,23
2025-02-21,Entertainment,Hotel,4
2025-02-21,Entertainment,Natural,2
2025-02-21,Entertainment,Outdoor,1
2025-02-21,Entertainment,Religious,1
2025-02-21,Entertainment,Shopping,1
2025-02-21,Entertainment,Transit,5
2025-02-21,Entertainment,area,2
2025-02-21,Hotel,Cityscape,1
2025-02-21,Hotel,Entertainment,4
2025-02-21,Natural,Cityscape,2
2025-02-21,Natural,Outdoor,2
2025-02-21,Natural,Religious,1
2025-02-21,Religious,Dining,1
2025-02-21,Religious,Natural,1
2025-02-21,Religious,area,2
2025-02-21,Shopping,Entertainment,4
2025-02-21,Shopping,Transit,1
2025-02-21,Shopping,area,1
2025-02-21,Transit,Cityscape,5
2025-02-21,Transit,Entertainment,6
2025-02-21,Transit,Outdoor,1
2025-02-21,Transit,Shopping,1
2025-02-21,Transit,Transit,2
2025-02-21,Transit,area,3
2025-02-21,area,Cityscape,6
2025-02-21,area,Entertainment,1
2025-02-21,area,Natural,1
2025-02-21,area,Shopping,1
2025-02-21,area,Transit,1
2025-02-21,area,area,7
2025-02-22,Cityscape,Cityscape,7
2025-02-22,Cityscape,Cultural,3
2025-02-22,Cityscape,Dining,1
2025-02-22,Cityscape,Entertainment,5
2025-02-22,Cityscape,Natural,1
2025-02-22,Cityscape,Outdoor,1
2025-02-22,Cityscape,Religious,1
2025-02-22,Cityscape,Shopping,1
2025-02-22,Cityscape,Transit,1
2025-02-22,Cityscape,area,3
2025-02-22,Cultural,Cityscape,3
2025-02-22,Cultural,Cultural,1
2025-02-22,Cultural,Entertainment,2
2025-02-22,Cultural,Natural,1
2025-02-22,Cultural,Transit,1
2025-02-22,Cultural,area,4
2025-02-22,Dining,Cityscape,1
2025-02-22,Dining,Entertainment,1
2025-02-22,Dining,area,1
2025-02-22,Entertainment,Cityscape,7
2025-02-22,Entertainment,Cultural,2
2025-02-22,Entertainment,Dining,1
2025-02-22,Entertainment,Entertainment,10
2025-02-22,Entertainment,Natural,1
2025-02-22,Entertainment,Religious,2
2025-02-22,Entertainment,Transit,3
2025-02-22,Hotel,Cityscape,1
2025-02-22,Hotel,Entertainment,1
2025-02-22,Hotel,Shopping,1
2025-02-22,Hotel,area,1
2025-02-22,Natural,Cityscape,1
2025-02-22,Natural,Entertainment,2
2025-02-22,Natural,area,1
2025-02-22,Outdoor,area,1
2025-02-22,Religious,Entertainment,2
2025-02-22,Religious,Hotel,1
2025-02-22,Religious,Religious,2
2025-02-22,Religious,Shopping,1
2025-02-22,Religious,area,1
2025-02-22,Shopping,Cityscape,1
2025-02-22,Shopping,Cultural,3
2025-02-22,Shopping,Dining,1
2025-02-22,Shopping,Hotel,2
2025-02-22,Shopping,Religious,1
2025-02-22,Shopping,Shopping,2
2025-02-22,Shopping,Transit,1
2025-02-22,Transit,Cityscape,2
2025-02-22,Transit,Entertainment,7
2025-02-22,Transit,Hotel,1
2025-02-22,Transit,Religious,1
2025-02-22,Transit,Shopping,3
2025-02-22,area,Cityscape,4
2025-02-22,area,Cultural,1
2025-02-22,area,Dining,1
2025-02-22,area,Entertainment,1
2025-02-22,area,Hotel,1
2025-02-22,area,School,1
2025-02-22,area,Shopping,4
2025-02-22,area,area,3
2025-02-23,Cityscape,Cityscape,1
2025-02-23,Cityscape,Cultural,2
2025-02-23,Cityscape,Entertainment,5
2025-02-23,Cityscape,Natural,1
2025-02-23,Cityscape,Religious,3
2025-02-23,Cityscape,Shopping,3
2025-02-23,Cityscape,Transit,1
2025-02-23,Cultural,Cityscape,1
2025-02-23,Cultural,Cultural,1
2025-02-23,Cultural,Dining,1
2025-02-23,Cultural,Entertainment,1
2025-02-23,Cultural,Hotel,1
2025-02-23,Cultural,Natural,2
2025-02-23,Cultural,Outdoor,1
2025-02-23,Cultural,area,2
2025-02-23,Dining,Dining,2
2025-02-23,Dining,Entertainment,2
2025-02-23,Dining,area,1
2025-02-23,Entertainment,Cityscape,7
2025-02-23,Entertainment,Cultural,2
2025-02-23,Entertainment,Dining,2
2025-02-23,Entertainment,Entertainment,12
2025-02-23,Entertainment,Hotel,4
2025-02-23,Entertainment,Natural,2
2025-02-23,Entertainment,Religious,1
2025-02-23,Entertainment,Shopping,2
2025-02-23,Entertainment,Transit,7
2025-02-23,Entertainment,area,3
2025-02-23,Hotel,Cityscape,1
2025-02-23,Hotel,Entertainment,4
2025-02-23,Hotel,Natural,1
2025-02-23,Hotel,Transit,1
2025-02-23,Natural,Cityscape,2
2025-02-23,Natural,Cultural,2
2025-02-23,Natural,Entertainment,4
2025-02-23,Natural,Natural,4
2025-02-23,Natural,Religious,9
2025-02-23,Natural,area,2
2025-02-23,Outdoor,Religious,2
2025-02-23,Outdoor,area,1
2025-02-23,Religious,Cityscape,1
2025-02-23,Religious,Entertainment,1
2025-02-23,Religious,Hotel,1
2025-02-23,Religious,Natural,7
2025-02-23,Religious,Outdoor,2
2025-02-23,Religious,Religious,7
2025-02-23,Religious,Shopping,1
2025-02-23,Religious,area,3
2025-02-23,Shopping,Cityscape,2
2025-02-23,Shopping,Entertainment,1
2025-02-23,Shopping,Religious,2
2025-02-23,Shopping,Transit,1
2025-02-23,Shopping,area,2
2025-02-23,Transit,Cityscape,3
2025-02-23,Transit,Cultural,1
2025-02-23,Transit,Entertainment,5
2025-02-23,Transit,Hotel,1
2025-02-23,Transit,Natural,1
2025-02-23,Transit,Religious,1
2025-02-23,Transit,area,1
2025-02-23,area,Cultural,1
2025-02-23,area,Dining,2
2025-02-23,area,Entertainment,3
2025-02-23,area,Natural,4
2025-02-23,area,Religious,1
2025-02-23,area,Shopping,1
2025-02-23,area,area,2
2025-02-24,Cityscape,Cityscape,5
2025-02-24,Cityscape,Cultural,4
2025-02-24,Cityscape,Dining,1
2025-02-24,Cityscape,Entertainment,7
2025-02-24,Cityscape,Hotel,2
2025-02-24,Cityscape,Natural,2
2025-02-24,Cityscape,Religious,1
2025-02-24,Cityscape,Shopping,5
2025-02-24,Cityscape,Transit,1
2025-02-24,Cityscape,area,6
2025-02-24,Cultural,Cityscape,4
2025-02-24,Cultural,Dining,1
2025-02-24,Cultural,Entertainment,4
2025-02-24,Cultural,Religious,1
2025-02-24,Cultural,Shopping,2
2025-02-24,Cultural,Transit,1
2025-02-24,Cultural,area,3
2025-02-24,Dining,Cityscape,2
2025-02-24,Dining,Dining,1
2025-02-24,Dining,Entertainment,1
2025-02-24,Dining,Shopping,1
2025-02-24,Dining,area,1
2025-02-24,Entertainment,Cityscape,8
2025-02-24,Entertainment,Cultural,1
2025-02-24,Entertainment,Dining,2
2025-02-24,Entertainment,Entertainment,21
2025-02-24,Entertainment,Hotel,6
2025-02-24,Entertainment,Natural,5
2025-02-24,Entertainment,Religious,1
2025-02-24,Entertainment,Transit,3
2025-02-24,Entertainment,area,2
2025-02-24,Hotel,Cultural,2
2025-02-24,Hotel,Entertainment,7
2025-02-24,Natural,Cityscape,2
2025-02-24,Natural,Entertainment,1
2025-02-24,Natural,Natural,1
2025-02-24,Natural,Outdoor,1
2025-02-24,Natural,Religious,1
2025-02-24,Natural,Shopping,1
2025-02-24,Natural,Transit,2
2025-02-24,Outdoor,Cultural,1
2025-02-24,Outdoor,Outdoor,2
2025-02-24,Religious,Natural,1
2025-02-24,Religious,Shopping,1
2025-02-24,Religious,area,1
2025-02-24,Shopping,Cityscape,3
2025-02-24,Shopping,Cultural,1
2025-02-24,Shopping,Entertainment,3
2025-02-24,Shopping,Hotel,2
2025-02-24,Shopping,Shopping,3
2025-02-24,Shopping,area,1
2025-02-24,Transit,Cityscape,3
2025-02-24,Transit,Cultural,2
2025-02-24,Transit,Dining,1
2025-02-24,Transit,Entertainment,3
2025-02-24,Transit,area,2
2025-02-24,area,Cityscape,6
2025-02-24,area,Dining,2
2025-02-24,area,Entertainment,3
2025-02-24,area,Natural,1
2025-02-24,area,Religious,1
2025-02-24,area,Shopping,1
2025-02-24,area,Transit,3
2025-02-24,area,area,2
2025-02-25,Cityscape,Cityscape,8
2025-02-25,Cityscape,Cultural,3
2025-02-25,Cityscape,Dining,1
2025-02-25,Cityscape,Entertainment,13
2025-02-25,Cityscape,Natural,2
2025-02-25,Cityscape,Religious,2
2025-02-25,Cityscape,Transit,1
2025-02-25,Cityscape,area,2
2025-02-25,Cultural,Cityscape,1
2025-02-25,Cultural,Cultural,1
2025-02-25,Cultural,Entertainment,4
2025-02-25,Cultural,Religious,1
2025-02-25,Cultural,area,4
2025-02-25,Dining,Entertainment,2
2025-02-25,Dining,area,1
2025-02-25,Entertainment,Cityscape,11
2025-02-25,Entertainment,Cultural,3
2025-02-25,Entertainment,Dining,1
2025-02-25,Entertainment,Entertainment,19
2025-02-25,Entertainment,Hotel,4
2025-02-25,Entertainment,Natural,3
2025-02-25,Entertainment,Religious,1
2025-02-25,Entertainment,Shopping,3
2025-02-25,Entertainment,Transit,7
2025-02-25,Entertainment,area,4
2025-02-25,Hotel,Entertainment,4
2025-02-25,Hotel,Shopping,1
2025-02-25,Natural,Cityscape,1
2025-02-25,Natural,Cultural,1
2025-02-25,Natural,Entertainment,1
2025-02-25,Natural,Religious,7
2025-02-25,Natural,area,3
2025-02-25,Outdoor,Natural,2
2025-02-25,Religious,Entertainment,1
2025-02-25,Religious,Natural,3
2025-02-25,Religious,Outdoor,1
2025-02-25,Religious,Religious,3
2025-02-25,Religious,Shopping,1
2025-02-25,Religious,area,5
2025-02-25,Shopping,Cityscape,1
2025-02-25,Shopping,Entertainment,5
2025-02-25,Shopping,Shopping,1
2025-02-25,Shopping,area,4
2025-02-25,Transit,Cityscape,3
2025-02-25,Transit,Cultural,1
2025-02-25,Transit,Entertainment,10
2025-02-25,Transit,Hotel,2
2025-02-25,Transit,Natural,2
2025-02-25,Transit,Religious,1
2025-02-25,Transit,Shopping,1
2025-02-25,Transit,area,3
2025-02-25,area,Cityscape,4
2025-02-25,area,Cultural,3
2025-02-25,area,Dining,3
2025-02-25,area,Entertainment,5
2025-02-25,area,Natural,4
2025-02-25,area,Religious,1
2025-02-25,area,Shopping,4
2025-02-25,area,Transit,2
2025-02-25,area,area,8
2025-02-26,Cityscape,Cityscape,8
2025-02-26,Cityscape,Cultural,5
2025-02-26,Cityscape,Dining,2
2025-02-26,Cityscape,Entertainment,8
2025-02-26,Cityscape,Hotel,1
2025-02-26,Cityscape,Natural,2
2025-02-26,Cityscape,Outdoor,1
2025-02-26,Cityscape,Religious,3
2025-02-26,Cityscape,Shopping,2
2025-02-26,Cityscape,Transit,3
2025-02-26,Cityscape,area,1
2025-02-26,Cultural,Cityscape,2
2025-02-26,Cultural,Cultural,3
2025-02-26,Cultural,Entertainment,2
2025-02-26,Cultural,Religious,2
2025-02-26,Cultural,Shopping,1
2025-02-26,Cultural,Transit,1
2025-02-26,Cultural,area,3
2025-02-26,Dining,Cultural,1
2025-02-26,Dining,Dining,3
2025-02-26,Dining,Entertainment,1
2025-02-26,Dining,Shopping,1
2025-02-26,Dining,Transit,2
2025-02-26,Dining,area,2
2025-02-26,Entertainment,Cityscape,7
2025-02-26,Entertainment,Cultural,1
2025-02-26,Entertainment,Dining,1
2025-02-26,Entertainment,Entertainment,21
2025-02-26,Entertainment,Hotel,3
2025-02-26,Entertainment,Natural,3
2025-02-26,Entertainment,Outdoor,1
2025-02-26,Entertainment,Religious,2
2025-02-26,Entertainment,Shopping,1
2025-02-26,Entertainment,Transit,2
2025-02-26,Entertainment,area,5
2025-02-26,Hotel,Entertainment,2
2025-02-26,Hotel,Shopping,1
2025-02-26,Natural,Cityscape,3
2025-02-26,Natural,Cultural,3
2025-02-26,Natural,Entertainment,1
2025-02-26,Natural,Outdoor,1
2025-02-26,Natural,Religious,7
2025-02-26,Natural,area,2
2025-02-26,Outdoor,Cityscape,2
2025-02-26,Outdoor,Natural,1
2025-02-26,Outdoor,Religious,1
2025-02-26,Religious,Cityscape,1
2025-02-26,Religious,Entertainment,2
2025-02-26,Religious,Natural,8
2025-02-26,Religious,Outdoor,1
2025-02-26,Religious,Religious,4
2025-02-26,Religious,Shopping,2
2025-02-26,Religious,Transit,2
2025-02-26,Shopping,Entertainment,1
2025-02-26,Shopping,Hotel,1
2025-02-26,Shopping,Religious,1
2025-02-26,Shopping,Shopping,3
2025-02-26,Shopping,Transit,2
2025-02-26,Shopping,area,3
2025-02-26,Transit,Cityscape,3
2025-02-26,Transit,Cultural,1
2025-02-26,Transit,Dining,1
2025-02-26,Transit,Entertainment,6
2025-02-26,Transit,area,4
2025-02-26,area,Cityscape,5
2025-02-26,area,Cultural,2
2025-02-26,area,Dining,3
2025-02-26,area,Entertainment,4
2025-02-26,area,Natural,2
2025-02-26,area,Religious,1
2025-02-26,area,Shopping,2
2025-02-26,area,Transit,2
2025-02-26,area,area,4
2025-02-27,Cityscape,Cityscape,7
2025-02-27,Cityscape,Cultural,1
2025-02-27,Cityscape,Dining,1
2025-02-27,Cityscape,Entertainment,14
2025-02-27,Cityscape,Hotel,1
2025-02-27,Cityscape,Natural,1
2025-02-27,Cityscape,Religious,1
2025-02-27,Cityscape,Shopping,1
2025-02-27,Cityscape,Transit,1
2025-02-27,Cityscape,area,5
2025-02-27,Cultural,Cityscape,1
2025-02-27,Cultural,Natural,2
2025-02-27,Cultural,Shopping,1
2025-02-27,Cultural,Transit,1
2025-02-27,Dining,Dining,4
2025-02-27,Dining,Entertainment,5
2025-02-27,Dining,Transit,1
2025-02-27,Dining,area,1
2025-02-27,Entertainment,Cityscape,12
2025-02-27,Entertainment,Dining,6
2025-02-27,Entertainment,Entertainment,44
2025-02-27,Entertainment,Hotel,6
2025-02-27,Entertainment,Natural,3
2025-02-27,Entertainment,Religious,2
2025-02-27,Entertainment,Shopping,2
2025-02-27,Entertainment,Transit,3
2025-02-27,Entertainment,area,2
2025-02-27,Hotel,Cityscape,1
2025-02-27,Hotel,Entertainment,5
2025-02-27,Hotel,Natural,1
2025-02-27,Hotel,Shopping,1
2025-02-27,Hotel,Transit,1
2025-02-27,Natural,Cityscape,1
2025-02-27,Natural,Cultural,2
2025-02-27,Natural,Entertainment,3
2025-02-27,Natural,Natural,2
2025-02-27,Natural,Religious,6
2025-02-27,Natural,area,2
2025-02-27,Religious,Cityscape,3
2025-02-27,Religious,Cultural,2
2025-02-27,Religious,Natural,2
2025-02-27,Religious,Religious,3
2025-02-27,Religious,Shopping,1
2025-02-27,Religious,Transit,1
2025-02-27,Religious,area,1
2025-02-27,Shopping,Cityscape,3
2025-02-27,Shopping,Cultural,1
2025-02-27,Shopping,Dining,1
2025-02-27,Shopping,Entertainment,2
2025-02-27,Shopping,Hotel,1
2025-02-27,Shopping,Transit,2
2025-02-27,Transit,Cityscape,3
2025-02-27,Transit,Dining,2
2025-02-27,Transit,Entertainment,6
2025-02-27,Transit,Hotel,3
2025-02-27,Transit,Religious,1
2025-02-27,Transit,Shopping,1
2025-02-27,Transit,Sport,1
2025-02-27,Transit,Transit,2
2025-02-27,Transit,area,3
2025-02-27,area,Dining,2
2025-02-27,area,Natural,2
2025-02-27,area,Religious,1
2025-02-27,area,Shopping,2
2025-02-27,area,Transit,4
2025-02-27,area,area,9
2025-02-28,Cityscape,Cityscape,4
2025-02-28,Cityscape,Cultural,3
2025-02-28,Cityscape,Dining,2
2025-02-28,Cityscape,Entertainment,3
2025-02-28,Cityscape,Religious,1
2025-02-28,Cityscape,Shopping,2
2025-02-28,Cityscape,Transit,1
2025-02-28,Cultural,Cityscape,2
2025-02-28,Cultural,Shopping,1
2025-02-28,Cultural,Transit,2
2025-02-28,Cultural,area,1
2025-02-28,Dining,Cityscape,1
2025-02-28,Dining,Dining,1
2025-02-28,Dining,Entertainment,1
2025-02-28,Dining,Shopping,1
2025-02-28,Entertainment,Cityscape,6
2025-02-28,Entertainment,Cultural,1
2025-02-28,Entertainment,Dining,2
2025-02-28,Entertainment,Entertainment,25
2025-02-28,Entertainment,Hotel,2
2025-02-28,Entertainment,Natural,5
2025-02-28,Entertainment,Outdoor,1
2025-02-28,Entertainment,Religious,2
2025-02-28,Entertainment,Transit,3
2025-02-28,Entertainment,area,2
2025-02-28,Hotel,Entertainment,2
2025-02-28,Hotel,Hotel,1
2025-02-28,Hotel,Natural,1
2025-02-28,Natural,Cityscape,1
2025-02-28,Natural,Cultural,1
2025-02-28,Natural,Entertainment,4
2025-02-28,Natural,Natural,2
2025-02-28,Natural,Outdoor,1
2025-02-28,Natural,Religious,5
2025-02-28,Natural,Transit,1
2025-02-28,Natural,area,5
2025-02-28,Outdoor,Religious,1
2025-02-28,Outdoor,area,1
2025-02-28,Religious,Cityscape,1
2025-02-28,Religious,Entertainment,4
2025-02-28,Religious,Natural,5
2025-02-28,Religious,Religious,2
2025-02-28,Shopping,Dining,1
2025-02-28,Shopping,Natural,1
2025-02-28,Shopping,area,3
2025-02-28,Sport,Cultural,1
2025-02-28,Transit,Cityscape,3
2025-02-28,Transit,Entertainment,4
2025-02-28,Transit,Natural,3
2025-02-28,Transit,Religious,1
2025-02-28,Transit,Shopping,1
2025-02-28,Transit,Transit,1
2025-02-28,Transit,area,2
2025-02-28,area,Cityscape,1
2025-02-28,area,Cultural,1
2025-02-28,area,Entertainment,3
2025-02-28,area,Hotel,1
2025-02-28,area,Natural,3
2025-02-28,area,Outdoor,1
2025-02-28,area,Religious,1
2025-02-28,area,Shopping,1
2025-02-28,area,Sport,1
2025-02-28,area,area,2
2025-03-01,Cityscape,Cityscape,6
2025-03-01,Cityscape,Cultural,6
2025-03-01,Cityscape,Entertainment,8
2025-03-01,Cityscape,Religious,2
2025-03-01,Cityscape,Shopping,1
2025-03-01,Cityscape,Transit,2
2025-03-01,Cityscape,area,5
2025-03-01,Cultural,Cityscape,3
2025-03-01,Cultural,Cultural,2
2025-03-01,Cultural,Dining,2
2025-03-01,Cultural,Entertainment,1
2025-03-01,Cultural,Hotel,1
2025-03-01,Cultural,Natural,1
2025-03-01,Cultural,Outdoor,1
2025-03-01,Cultural,Religious,2
2025-03-01,Cultural,area,3
2025-03-01,Dining,Cityscape,2
2025-03-01,Dining,Dining,5
2025-03-01,Dining,Entertainment,2
2025-03-01,Dining,Religious,1
2025-03-01,Dining,area,2
2025-03-01,Entertainment,Cityscape,10
2025-03-01,Entertainment,Cultural,1
2025-03-01,Entertainment,Dining,1
2025-03-01,Entertainment,Entertainment,9
2025-03-01,Entertainment,Hotel,1
2025-03-01,Entertainment,Natural,1
2025-03-01,Entertainment,Religious,1
2025-03-01,Entertainment,Shopping,2
2025-03-01,Entertainment,Sport,1
2025-03-01,Entertainment,Transit,10
2025-03-01,Entertainment,area,1
2025-03-01,Hotel,Entertainment,1
2025-03-01,Hotel,Religious,1
2025-03-01,Hotel,Shopping,2
2025-03-01,Natural,Cityscape,2
2025-03-01,Natural,Entertainment,1
2025-03-01,Natural,Outdoor,1
2025-03-01,Natural,Religious,2
2025-03-01,Natural,area,1
2025-03-01,Outdoor,Cityscape,1
2025-03-01,Outdoor,Transit,1
2025-03-01,Outdoor,area,2
2025-03-01,Religious,Cityscape,2
2025-03-01,Religious,Cultural,1
2025-03-01,Religious,Dining,2
2025-03-01,Religious,Entertainment,2
2025-03-01,Religious,Natural,3
2025-03-01,Religious,Religious,7
2025-03-01,Religious,Shopping,2
2025-03-01,Religious,area,3
2025-03-01,Shopping,Cityscape,1
2025-03-01,Shopping,Dining,1
2025-03-01,Shopping,Entertainment,1
2025-03-01,Shopping,Religious,1
2025-03-01,Shopping,Transit,1
2025-03-01,Shopping,area,1
2025-03-01,Sport,Entertainment,1
2025-03-01,Transit,Cityscape,2
2025-03-01,Transit,Entertainment,10
2025-03-01,Transit,Natural,1
2025-03-01,Transit,Outdoor,1
2025-03-01,Transit,Shopping,1
2025-03-01,Transit,Transit,1
2025-03-01,Transit,area,1
2025-03-01,area,Cityscape,6
2025-03-01,area,Cultural,1
2025-03-01,area,Dining,1
2025-03-01,area,Entertainment,2
2025-03-01,area,Natural,3
2025-03-01,area,Outdoor,1
2025-03-01,area,Religious,3
2025-03-01,area,area,5
2025-03-02,Cityscape,Cityscape,4
2025-03-02,Cityscape,Cultural,4
2025-03-02,Cityscape,Dining,1
2025-03-02,Cityscape,Entertainment,12
2025-03-02,Cityscape,Hotel,3
2025-03-02,Cityscape,Natural,1
2025-03-02,Cityscape,Shopping,1
2025-03-02,Cityscape,Transit,5
2025-03-02,Cityscape,area,2
2025-03-02,Cultural,Cityscape,5
2025-03-02,Cultural,Dining,1
2025-03-02,Cultural,Entertainment,2
2025-03-02,Cultural,Hotel,1
2025-03-02,Cultural,Religious,1
2025-03-02,Cultural,Shopping,1
2025-03-02,Dining,Dining,1
2025-03-02,Dining,Entertainment,2
2025-03-02,Dining,Transit,1
2025-03-02,Entertainment,Cityscape,12
2025-03-02,Entertainment,Cultural,2
2025-03-02,Entertainment,Dining,1
2025-03-02,Entertainment,Entertainment,25
2025-03-02,Entertainment,Hotel,11
2025-03-02,Entertainment,Natural,4
2025-03-02,Entertainment,Religious,2
2025-03-02,Entertainment,Transit,7
2025-03-02,Entertainment,area,2
2025-03-02,Hotel,Cityscape,2
2025-03-02,Hotel,Dining,1
2025-03-02,Hotel,Entertainment,11
2025-03-02,Natural,Cityscape,2
2025-03-02,Natural,Cultural,1
2025-03-02,Natural,Entertainment,3
2025-03-02,Natural,Outdoor,1
2025-03-02,Natural,Religious,3
2025-03-02,Natural,area,3
2025-03-02,Outdoor,Natural,1
2025-03-02,Outdoor,Outdoor,2
2025-03-02,Religious,Entertainment,1
2025-03-02,Religious,Natural,1
2025-03-02,Religious,Religious,1
2025-03-02,Religious,Shopping,1
2025-03-02,Religious,Transit,1
2025-03-02,Religious,area,2
2025-03-02,Shopping,Cityscape,2
2025-03-02,Shopping,Dining,1
2025-03-02,Shopping,Entertainment,2
2025-03-02,Shopping,Natural,1
2025-03-02,Shopping,Shopping,1
2025-03-02,Shopping,area,2
2025-03-02,Sport,Cityscape,1
2025-03-02,Transit,Cityscape,3
2025-03-02,Transit,Cultural,1
2025-03-02,Transit,Entertainment,6
2025-03-02,Transit,Hotel,2
2025-03-02,Transit,Shopping,1
2025-03-02,Transit,area,5
2025-03-02,area,Cityscape,3
2025-03-02,area,Cultural,2
2025-03-02,area,Dining,2
2025-03-02,area,Entertainment,4
2025-03-02,area,Natural,2
2025-03-02,area,Outdoor,1
2025-03-02,area,Religious,2
2025-03-02,area,Shopping,2
2025-03-02,area,Transit,2
2025-03-02,area,area,6
2025-03-03,Cityscape,Cityscape,6
2025-03-03,Cityscape,Cultural,1
2025-03-03,Cityscape,Entertainment,7
2025-03-03,Cityscape,Hotel,1
2025-03-03,Cityscape,Natural,2
2025-03-03,Cityscape,Outdoor,1
2025-03-03,Cityscape,Religious,1
2025-03-03,Cityscape,Shopping,2
2025-03-03,Cityscape,Transit,1
2025-03-03,Cityscape,area,2
2025-03-03,Cultural,Cityscape,1
2025-03-03,Cultural,Dining,1
2025-03-03,Cultural,Entertainment,4
2025-03-03,Cultural,Natural,2
2025-03-03,Cultural,Shopping,1
2025-03-03,Dining,Dining,3
2025-03-03,Dining,Entertainment,1
2025-03-03,Dining,Hotel,1
2025-03-03,Dining,Religious,1
2025-03-03,Dining,area,3
2025-03-03,Entertainment,Cityscape,8
2025-03-03,Entertainment,Cultural,2
2025-03-03,Entertainment,Dining,1
2025-03-03,Entertainment,Entertainment,12
2025-03-03,Entertainment,Hotel,3
2025-03-03,Entertainment,Natural,2
2025-03-03,Entertainment,Outdoor,1
2025-03-03,Entertainment,Religious,2
2025-03-03,Entertainment,Shopping,2
2025-03-03,Entertainment,Transit,5
2025-03-03,Entertainment,area,3
2025-03-03,Hotel,Cultural,1
2025-03-03,Hotel,Entertainment,4
2025-03-03,Hotel,Transit,1
2025-03-03,Natural,Cityscape,1
2025-03-03,Natural,Cultural,1
2025-03-03,Natural,Entertainment,2
2025-03-03,Natural,Natural,1
2025-03-03,Natural,Outdoor,3
2025-03-03,Natural,Religious,7
2025-03-03,Natural,Transit,1
2025-03-03,Natural,area,3
2025-03-03,Outdoor,Cityscape,1
2025-03-03,Outdoor,Entertainment,1
2025-03-03,Outdoor,Natural,3
2025-03-03,Outdoor,Religious,1
2025-03-03,Religious,Cityscape,1
2025-03-03,Religious,Entertainment,3
2025-03-03,Religious,Natural,6
2025-03-03,Religious,Outdoor,1
2025-03-03,Religious,Religious,4
2025-03-03,Religious,Shopping,2
2025-03-03,School,Entertainment,1
2025-03-03,Shopping,Cityscape,3
2025-03-03,Shopping,Entertainment,1
2025-03-03,Shopping,Religious,2
2025-03-03,Shopping,Shopping,2
2025-03-03,Shopping,Transit,1
2025-03-03,Shopping,area,1
2025-03-03,Transit,Cityscape,4
2025-03-03,Transit,Cultural,1
2025-03-03,Transit,Dining,1
2025-03-03,Transit,Entertainment,6
2025-03-03,Transit,Hotel,1
2025-03-03,Transit,Natural,2
2025-03-03,Transit,Religious,1
2025-03-03,Transit,Transit,3
2025-03-03,Transit,area,3
2025-03-03,area,Cityscape,4
2025-03-03,area,Dining,2
2025-03-03,area,Entertainment,6
2025-03-03,area,Hotel,3
2025-03-03,area,Natural,5
2025-03-03,area,Religious,1
2025-03-03,area,Shopping,1
2025-03-03,area,Transit,1
2025-03-03,area,area,5
2025-03-04,Cityscape,Cityscape,8
2025-03-04,Cityscape,Cultural,1
2025-03-04,Cityscape,Dining,3
2025-03-04,Cityscape,Entertainment,6
2025-03-04,Cityscape,Hotel,3
2025-03-04,Cityscape,Natural,4
2025-03-04,Cityscape,Religious,2
2025-03-04,Cityscape,Transit,3
2025-03-04,Cityscape,area,5
2025-03-04,Cultural,Cityscape,1
2025-03-04,Cultural,Dining,1
2025-03-04,Cultural,Entertainment,2
2025-03-04,Cultural,Hotel,1
2025-03-04,Cultural,Natural,1
2025-03-04,Cultural,Religious,1
2025-03-04,Cultural,area,1
2025-03-04,Dining,Cityscape,6
2025-03-04,Dining,Dining,2
2025-03-04,Dining,Hotel,2
2025-03-04,Dining,area,1
2025-03-04,Entertainment,Cityscape,8
2025-03-04,Entertainment,Cultural,1
2025-03-04,Entertainment,Dining,1
2025-03-04,Entertainment,Entertainment,8
2025-03-04,Entertainment,Hotel,2
2025-03-04,Entertainment,Natural,3
2025-03-04,Entertainment,Shopping,3
2025-03-04,Entertainment,Transit,1
2025-03-04,Entertainment,area,3
2025-03-04,Hotel,Cityscape,1
2025-03-04,Hotel,Entertainment,5
2025-03-04,Natural,Cityscape,4
2025-03-04,Natural,Entertainment,1
2025-03-04,Natural,Natural,1
2025-03-04,Natural,Outdoor,5
2025-03-04,Natural,Religious,5
2025-03-04,Natural,area,5
2025-03-04,Outdoor,Dining,1
2025-03-04,Outdoor,Natural,4
2025-03-04,Outdoor,Outdoor,2
2025-03-04,Outdoor,Transit,1
2025-03-04,Outdoor,area,1
2025-03-04,Religious,Cityscape,1
2025-03-04,Religious,Cultural,1
2025-03-04,Religious,Natural,4
2025-03-04,Religious,Religious,4
2025-03-04,Religious,Shopping,2
2025-03-04,Shopping,Cityscape,3
2025-03-04,Shopping,Entertainment,2
2025-03-04,Shopping,Natural,1
2025-03-04,Shopping,Shopping,2
2025-03-04,Transit,Cityscape,1
2025-03-04,Transit,Dining,1
2025-03-04,Transit,Entertainment,3
2025-03-04,Transit,Natural,1
2025-03-04,Transit,Shopping,1
2025-03-04,area,Cityscape,4
2025-03-04,area,Dining,4
2025-03-04,area,Entertainment,2
2025-03-04,area,Natural,5
2025-03-04,area,Outdoor,3
2025-03-04,area,Religious,1
2025-03-04,area,area,9
2025-03-05,Cityscape,Cityscape,3
2025-03-05,Cityscape,Cultural,1
2025-03-05,Cityscape,Dining,2
2025-03-05,Cityscape,Entertainment,7
2025-03-05,Cityscape,Hotel,2
2025-03-05,Cityscape,Natural,3
2025-03-05,Cityscape,Outdoor,1
2025-03-05,Cityscape,Religious,1
2025-03-05,Cityscape,Shopping,1
2025-03-05,Cityscape,Transit,2
2025-03-05,Cityscape,area,4
2025-03-05,Cultural,Cityscape,4
2025-03-05,Cultural,Cultural,1
2025-03-05,Cultural,Dining,1
2025-03-05,Dining,Cityscape,1
2025-03-05,Dining,Dining,1
2025-03-05,Dining,Entertainment,4
2025-03-05,Dining,Transit,1
2025-03-05,Dining,area,1
2025-03-05,Entertainment,Cityscape,7
2025-03-05,Entertainment,Cultural,1
2025-03-05,Entertainment,Dining,3
2025-03-05,Entertainment,Entertainment,27
2025-03-05,Entertainment,Hotel,2
2025-03-05,Entertainment,Natural,2
2025-03-05,Entertainment,Religious,1
2025-03-05,Entertainment,Shopping,1
2025-03-05,Entertainment,Transit,2
2025-03-05,Hotel,Entertainment,3
2025-03-05,Hotel,Hotel,1
2025-03-05,Hotel,Shopping,1
2025-03-05,Hotel,Transit,1
2025-03-05,Natural,Cityscape,3
2025-03-05,Natural,Cultural,1
2025-03-05,Natural,Entertainment,2
2025-03-05,Natural,Outdoor,1
2025-03-05,Natural,Religious,1
2025-03-05,Natural,Transit,1
2025-03-05,Natural,area,1
2025-03-05,Religious,Cityscape,1
2025-03-05,Religious,Entertainment,1
2025-03-05,Religious,Religious,2
2025-03-05,Religious,Shopping,4
2025-03-05,Religious,Transit,1
2025-03-05,Religious,area,1
2025-03-05,Shopping,Cityscape,1
2025-03-05,Shopping,Cultural,1
2025-03-05,Shopping,Dining,1
2025-03-05,Shopping,Entertainment,1
2025-03-05,Shopping,Religious,2
2025-03-05,Shopping,Transit,1
2025-03-05,Shopping,area,1
2025-03-05,Sport,Natural,1
2025-03-05,Transit,Entertainment,3
2025-03-05,Transit,Natural,1
2025-03-05,Transit,Shopping,1
2025-03-05,Transit,area,2
2025-03-05,area,Cityscape,5
2025-03-05,area,Cultural,1
2025-03-05,area,Dining,1
2025-03-05,area,Natural,1
2025-03-05,area,Religious,1
2025-03-05,area,Transit,1
2025-03-05,area,area,3
2025-03-06,Cityscape,Cityscape,3
2025-03-06,Cityscape,Cultural,2
2025-03-06,Cityscape,Dining,2
2025-03-06,Cityscape,Entertainment,4
2025-03-06,Cityscape,Hotel,3
2025-03-06,Cityscape,Natural,1
2025-03-06,Cityscape,Shopping,2
2025-03-06,Cityscape,Transit,1
2025-03-06,Cityscape,area,2
2025-03-06,Cultural,Cityscape,1
2025-03-06,Cultural,Entertainment,1
2025-03-06,Cultural,Hotel,1
2025-03-06,Cultural,Natural,1
2025-03-06,Dining,Cityscape,1
2025-03-06,Dining,Dining,3
2025-03-06,Dining,area,3
2025-03-06,Entertainment,Cityscape,3
2025-03-06,Entertainment,Entertainment,20
2025-03-06,Entertainment,Hotel,6
2025-03-06,Entertainment,Natural,3
2025-03-06,Entertainment,Outdoor,1
2025-03-06,Entertainment,Transit,6
2025-03-06,Entertainment,area,4
2025-03-06,Hotel,Cityscape,3
2025-03-06,Hotel,Entertainment,8
2025-03-06,Hotel,Transit,1
2025-03-06,Natural,Cityscape,1
2025-03-06,Natural,Entertainment,1
2025-03-06,Natural,Religious,1
2025-03-06,Natural,area,3
2025-03-06,Outdoor,Entertainment,1
2025-03-06,Outdoor,Natural,1
2025-03-06,Religious,Cityscape,1
2025-03-06,Religious,Religious,1
2025-03-06,Shopping,Cityscape,2
2025-03-06,Shopping,Cultural,1
2025-03-06,Shopping,area,1
2025-03-06,Transit,Cityscape,4
2025-03-06,Transit,Entertainment,7
2025-03-06,Transit,Hotel,1
2025-03-06,Transit,Natural,1
2025-03-06,Transit,Outdoor,1
2025-03-06,Transit,Religious,1
2025-03-06,Transit,Shopping,1
2025-03-06,Transit,area,2
2025-03-06,area,Cityscape,5
2025-03-06,area,Cultural,1
2025-03-06,area,Dining,1
2025-03-06,area,Entertainment,5
2025-03-06,area,Hotel,1
2025-03-06,area,Religious,1
2025-03-06,area,Shopping,2
2025-03-06,area,Transit,1
2025-03-06,area,area,4
2025-03-07,Cityscape,Cityscape,7
2025-03-07,Cityscape,Cultural,3
2025-03-07,Cityscape,Dining,1
2025-03-07,Cityscape,Entertainment,9
2025-03-07,Cityscape,Outdoor,1
2025-03-07,Cityscape,Religious,2
2025-03-07,Cityscape,Shopping,1
2025-03-07,Cityscape,Transit,2
2025-03-07,Cityscape,area,1
2025-03-07,Cultural,Cityscape,5
2025-03-07,Cultural,Cultural,2
2025-03-07,Cultural,Natural,1
2025-03-07,Cultural,Outdoor,1
2025-03-07,Cultural,Transit,1
2025-03-07,Dining,Cityscape,1
2025-03-07,Dining,Cultural,1
2025-03-07,Dining,Dining,1
2025-03-07,Dining,Entertainment,3
2025-03-07,Dining,Shopping,1
2025-03-07,Dining,Transit,1
2025-03-07,Entertainment,Cityscape,8
2025-03-07,Entertainment,Cultural,1
2025-03-07,Entertainment,Dining,1
2025-03-07,Entertainment,Entertainment,22
2025-03-07,Entertainment,Hotel,6
2025-03-07,Entertainment,Natural,2
2025-03-07,Entertainment,Shopping,1
2025-03-07,Entertainment,Transit,5
2025-03-07,Entertainment,area,4
2025-03-07,Hotel,Cityscape,1
2025-03-07,Hotel,Entertainment,5
2025-03-07,Hotel,Hotel,1
2025-03-07,Natural,Cityscape,1
2025-03-07,Natural,Cultural,1
2025-03-07,Natural,Entertainment,1
2025-03-07,Natural,Natural,1
2025-03-07,Natural,Outdoor,3
2025-03-07,Natural,Religious,1
2025-03-07,Natural,area,2
2025-03-07,Outdoor,Natural,1
2025-03-07,Outdoor,Religious,1
2025-03-07,Outdoor,Shopping,1
2025-03-07,Outdoor,area,1
2025-03-07,Religious,Cultural,2
2025-03-07,Religious,Natural,1
2025-03-07,Religious,Outdoor,1
2025-03-07,Religious,Religious,1
2025-03-07,Shopping,Cityscape,2
2025-03-07,Shopping,Dining,3
2025-03-07,Shopping,Entertainment,1
2025-03-07,Shopping,Transit,1
2025-03-07,Shopping,area,1
2025-03-07,Transit,Cityscape,2
2025-03-07,Transit,Cultural,1
2025-03-07,Transit,Entertainment,8
2025-03-07,Transit,Hotel,2
2025-03-07,Transit,Shopping,2
2025-03-07,Transit,Transit,1
2025-03-07,area,Cityscape,2
2025-03-07,area,Dining,2
2025-03-07,area,Entertainment,3
2025-03-07,area,Natural,1
2025-03-07,area,area,1
2025-03-08,Cityscape,Cityscape,7
2025-03-08,Cityscape,Cultural,3
2025-03-08,Cityscape,Dining,1
2025-03-08,Cityscape,Entertainment,6
2025-03-08,Cityscape,Shopping,1
2025-03-08,Cityscape,Transit,1
2025-03-08,Cityscape,area,1
2025-03-08,Cultural,Cityscape,2
2025-03-08,Cultural,Cultural,2
2025-03-08,Cultural,Dining,1
2025-03-08,Cultural,Entertainment,1
2025-03-08,Cultural,Hotel,1
2025-03-08,Cultural,Natural,1
2025-03-08,Cultural,Religious,1
2025-03-08,Cultural,area,2
2025-03-08,Dining,Cityscape,1
2025-03-08,Dining,Cultural,1
2025-03-08,Dining,Dining,1
2025-03-08,Dining,Entertainment,2
2025-03-08,Dining,Transit,1
2025-03-08,Entertainment,Cityscape,5
2025-03-08,Entertainment,Cultural,1
2025-03-08,Entertainment,Dining,1
2025-03-08,Entertainment,Entertainment,20
2025-03-08,Entertainment,Hotel,1
2025-03-08,Entertainment,Natural,1
2025-03-08,Entertainment,Outdoor,1
2025-03-08,Entertainment,Religious,2
2025-03-08,Entertainment,Shopping,1
2025-03-08,Hotel,Cityscape,1
2025-03-08,Hotel,Transit,1
2025-03-08,Natural,Cultural,1
2025-03-08,Natural,Entertainment,2
2025-03-08,Natural,Natural,1
2025-03-08,Natural,Outdoor,2
2025-03-08,Natural,Religious,1
2025-03-08,Natural,Transit,2
2025-03-08,Outdoor,Natural,1
2025-03-08,Outdoor,Religious,1
2025-03-08,Religious,Cityscape,1
2025-03-08,Religious,Entertainment,1
2025-03-08,Religious,Natural,2
2025-03-08,Religious,Religious,1
2025-03-08,Religious,Shopping,1
2025-03-08,Religious,area,1
2025-03-08,Shopping,Cityscape,1
2025-03-08,Shopping,Cultural,1
2025-03-08,Shopping,Entertainment,2
2025-03-08,Shopping,Hotel,1
2025-03-08,Shopping,Religious,1
2025-03-08,Transit,Cityscape,3
2025-03-08,Transit,Cultural,1
2025-03-08,Transit,Entertainment,9
2025-03-08,Transit,Natural,1
2025-03-08,Transit,Shopping,1
2025-03-08,Transit,area,3
2025-03-08,area,Cityscape,2
2025-03-08,area,Dining,1
2025-03-08,area,Entertainment,3
2025-03-08,area,Natural,1
2025-03-08,area,Religious,1
2025-03-08,area,area,2
2025-03-09,Cityscape,Cityscape,8
2025-03-09,Cityscape,Cultural,2
2025-03-09,Cityscape,Dining,1
2025-03-09,Cityscape,Entertainment,9
2025-03-09,Cityscape,Hotel,1
2025-03-09,Cityscape,Outdoor,1
2025-03-09,Cityscape,Religious,2
2025-03-09,Cityscape,Shopping,1
2025-03-09,Cityscape,Transit,1
2025-03-09,Cityscape,area,2
2025-03-09,Cultural,Cityscape,1
2025-03-09,Cultural,Cultural,8
2025-03-09,Cultural,Entertainment,2
2025-03-09,Cultural,Natural,4
2025-03-09,Cultural,Shopping,2
2025-03-09,Cultural,Transit,2
2025-03-09,Cultural,area,2
2025-03-09,Dining,Dining,1
2025-03-09,Dining,Entertainment,1
2025-03-09,Dining,Shopping,1
2025-03-09,Dining,Transit,2
2025-03-09,Dining,area,2
2025-03-09,Entertainment,Cityscape,10
2025-03-09,Entertainment,Cultural,3
2025-03-09,Entertainment,Dining,2
2025-03-09,Entertainment,Entertainment,13
2025-03-09,Entertainment,Hotel,1
2025-03-09,Entertainment,Natural,2
2025-03-09,Entertainment,Shopping,3
2025-03-09,Entertainment,Transit,6
2025-03-09,Entertainment,area,3
2025-03-09,Hotel,Cityscape,3
2025-03-09,Hotel,Cultural,1
2025-03-09,Hotel,Entertainment,1
2025-03-09,Hotel,Shopping,1
2025-03-09,Natural,Cityscape,2
2025-03-09,Natural,Cultural,2
2025-03-09,Natural,Entertainment,7
2025-03-09,Natural,Outdoor,2
2025-03-09,Natural,Religious,2
2025-03-09,Natural,Transit,1
2025-03-09,Natural,area,3
2025-03-09,Outdoor,Cultural,1
2025-03-09,Outdoor,Entertainment,1
2025-03-09,Outdoor,Natural,1
2025-03-09,Outdoor,Religious,1
2025-03-09,Religious,Natural,5
2025-03-09,Religious,Religious,4
2025-03-09,Religious,Transit,1
2025-03-09,Religious,area,2
2025-03-09,Shopping,Cityscape,1
2025-03-09,Shopping,Cultural,2
2025-03-09,Shopping,Natural,1
2025-03-09,Shopping,area,1
2025-03-09,Transit,Cultural,1
2025-03-09,Transit,Dining,1
2025-03-09,Transit,Entertainment,5
2025-03-09,Transit,Hotel,2
2025-03-09,Transit,Natural,1
2025-03-09,Transit,Outdoor,1
2025-03-09,Transit,area,2
2025-03-09,area,Cityscape,2
2025-03-09,area,Entertainment,5
2025-03-09,area,Hotel,1
2025-03-09,area,Natural,2
2025-03-09,area,Religious,2
2025-03-09,area,Shopping,1
2025-03-09,area,area,1
2025-03-10,Cityscape,Cityscape,3
2025-03-10,Cityscape,Cultural,1
2025-03-10,Cityscape,Entertainment,13
2025-03-10,Cityscape,Hotel,1
2025-03-10,Cityscape,Religious,2
2025-03-10,Cityscape,Shopping,1
2025-03-10,Cityscape,Sport,1
2025-03-10,Cityscape,Transit,3
2025-03-10,Cityscape,area,3
2025-03-10,Cultural,Cityscape,1
2025-03-10,Cultural,Cultural,1
2025-03-10,Cultural,Religious,1
2025-03-10,Cultural,Shopping,1
2025-03-10,Dining,Cityscape,1
2025-03-10,Dining,Cultural,1
2025-03-10,Dining,Entertainment,1
2025-03-10,Dining,area,2
2025-03-10,Entertainment,Cityscape,9
2025-03-10,Entertainment,Cultural,1
2025-03-10,Entertainment,Entertainment,12
2025-03-10,Entertainment,Hotel,2
2025-03-10,Entertainment,Natural,1
2025-03-10,Entertainment,Outdoor,1
2025-03-10,Entertainment,Religious,1
2025-03-10,Entertainment,Shopping,1
2025-03-10,Entertainment,Transit,2
2025-03-10,Entertainment,area,1
2025-03-10,Hotel,Cityscape,1
2025-03-10,Hotel,Entertainment,1
2025-03-10,Natural,Entertainment,1
2025-03-10,Outdoor,Entertainment,1
2025-03-10,Religious,Cityscape,4
2025-03-10,Religious,Dining,1
2025-03-10,Religious,Entertainment,1
2025-03-10,Religious,Natural,1
2025-03-10,Religious,Religious,4
2025-03-10,Religious,Shopping,1
2025-03-10,Religious,area,1
2025-03-10,Shopping,Religious,2
2025-03-10,Transit,Cityscape,2
2025-03-10,Transit,Dining,2
2025-03-10,Transit,Entertainment,4
2025-03-10,Transit,Religious,1
2025-03-10,area,Cityscape,3
2025-03-10,area,Dining,2
2025-03-10,area,Entertainment,1
2025-03-10,area,Religious,1
2025-03-10,area,Transit,1
2025-03-10,area,area,1
2025-03-11,Cityscape,Cityscape,9
2025-03-11,Cityscape,Cultural,3
2025-03-11,Cityscape,Dining,2
2025-03-11,Cityscape,Entertainment,12
2025-03-11,Cityscape,Hotel,1
2025-03-11,Cityscape,Natural,1
2025-03-11,Cityscape,Outdoor,1
2025-03-11,Cityscape,Religious,1
2025-03-11,Cityscape,Transit,5
2025-03-11,Cityscape,area,2
2025-03-11,Cultural,Cityscape,5
2025-03-11,Cultural,Cultural,2
2025-03-11,Cultural,Dining,1
2025-03-11,Cultural,Outdoor,1
2025-03-11,Dining,Cityscape,1
2025-03-11,Dining,Dining,2
2025-03-11,Dining,Entertainment,1
2025-03-11,Dining,Transit,1
2025-03-11,Entertainment,Cityscape,7
2025-03-11,Entertainment,Cultural,1
2025-03-11,Entertainment,Entertainment,29
2025-03-11,Entertainment,Hotel,3
2025-03-11,Entertainment,Natural,5
2025-03-11,Entertainment,Religious,4
2025-03-11,Entertainment,Shopping,2
2025-03-11,Entertainment,Transit,4
2025-03-11,Entertainment,area,1
2025-03-11,Hotel,Dining,1
2025-03-11,Hotel,Entertainment,1
2025-03-11,Natural,Entertainment,3
2025-03-11,Natural,Outdoor,2
2025-03-11,Natural,Religious,3
2025-03-11,Natural,area,4
2025-03-11,Outdoor,Cityscape,2
2025-03-11,Outdoor,Cultural,1
2025-03-11,Outdoor,Entertainment,1
2025-03-11,Outdoor,Natural,2
2025-03-11,Outdoor,Outdoor,1
2025-03-11,Outdoor,area,1
2025-03-11,Religious,Cityscape,2
2025-03-11,Religious,Cultural,1
2025-03-11,Religious,Entertainment,1
2025-03-11,Religious,Natural,6
2025-03-11,Religious,Outdoor,1
2025-03-11,Religious,Religious,3
2025-03-11,Religious,area,1
2025-03-11,Shopping,Cityscape,1
2025-03-11,Transit,Cityscape,6
2025-03-11,Transit,Dining,2
2025-03-11,Transit,Entertainment,4
2025-03-11,Transit,Outdoor,1
2025-03-11,Transit,Religious,1
2025-03-11,Transit,Transit,1
2025-03-11,Transit,area,1
2025-03-11,area,Cityscape,4
2025-03-11,area,Entertainment,2
2025-03-11,area,Natural,1
2025-03-11,area,Outdoor,2
2025-03-11,area,Religious,1
2025-03-11,area,Transit,1
2025-03-11,area,area,2
2025-03-12,Cityscape,Cityscape,4
2025-03-12,Cityscape,Cultural,4
2025-03-12,Cityscape,Dining,2
2025-03-12,Cityscape,Entertainment,4
2025-03-12,Cityscape,Hotel,1
2025-03-12,Cityscape,Outdoor,1
2025-03-12,Cityscape,Shopping,1
2025-03-12,Cityscape,Transit,2
2025-03-12,Cityscape,area,3
2025-03-12,Cultural,Cityscape,4
2025-03-12,Cultural,Hotel,1
2025-03-12,Dining,Cityscape,2
2025-03-12,Dining,Dining,5
2025-03-12,Dining,Entertainment,1
2025-03-12,Dining,Hotel,1
2025-03-12,Dining,Shopping,1
2025-03-12,Dining,Transit,1
2025-03-12,Dining,area,1
2025-03-12,Entertainment,Cityscape,2
2025-03-12,Entertainment,Cultural,1
2025-03-12,Entertainment,Dining,3
2025-03-12,Entertainment,Entertainment,23
2025-03-12,Entertainment,Hotel,1
2025-03-12,Entertainment,Natural,1
2025-03-12,Entertainment,Transit,4
2025-03-12,Entertainment,area,4
2025-03-12,Hotel,Dining,2
2025-03-12,Hotel,Entertainment,3
2025-03-12,Hotel,Transit,2
2025-03-12,Natural,Dining,1
2025-03-12,Natural,Entertainment,1
2025-03-12,Natural,Religious,1
2025-03-12,Natural,area,1
2025-03-12,Outdoor,Cultural,1
2025-03-12,Religious,Cityscape,1
2025-03-12,Religious,Cultural,1
2025-03-12,Religious,Religious,5
2025-03-12,Religious,Shopping,1
2025-03-12,Religious,area,1
2025-03-12,Shopping,Cityscape,2
2025-03-12,Shopping,Entertainment,1
2025-03-12,Shopping,Hotel,1
2025-03-12,Transit,Cityscape,2
2025-03-12,Transit,Dining,1
2025-03-12,Transit,Entertainment,2
2025-03-12,Transit,Hotel,1
2025-03-12,Transit,Natural,1
2025-03-12,Transit,Religious,1
2025-03-12,Transit,Shopping,1
2025-03-12,Transit,Transit,1
2025-03-12,Transit,area,1
2025-03-12,area,Cityscape,4
2025-03-12,area,Cultural,1
2025-03-12,area,Dining,2
2025-03-12,area,Entertainment,4
2025-03-12,area,Natural,1
2025-03-12,area,Religious,1
2025-03-12,area,Transit,2
2025-03-12,area,area,4
2025-03-13,Cityscape,Cityscape,12
2025-03-13,Cityscape,Dining,1
2025-03-13,Cityscape,Entertainment,6
2025-03-13,Cityscape,Hotel,1
2025-03-13,Cityscape,Natural,1
2025-03-13,Cityscape,Outdoor,1
2025-03-13,Cityscape,Religious,2
2025-03-13,Cityscape,Shopping,5
2025-03-13,Cityscape,Transit,2
2025-03-13,Cityscape,area,6
2025-03-13,Cultural,Cityscape,1
2025-03-13,Cultural,Cultural,1
2025-03-13,Cultural,Natural,1
2025-03-13,Cultural,Shopping,1
2025-03-13,Cultural,Transit,1
2025-03-13,Dining,Cityscape,2
2025-03-13,Dining,Dining,3
2025-03-13,Dining,Entertainment,3
2025-03-13,Dining,Transit,1
2025-03-13,Entertainment,Cityscape,8
2025-03-13,Entertainment,Cultural,1
2025-03-13,Entertainment,Dining,1
2025-03-13,Entertainment,Entertainment,24
2025-03-13,Entertainment,Hotel,6
2025-03-13,Entertainment,Natural,6
2025-03-13,Entertainment,Religious,4
2025-03-13,Entertainment,Transit,3
2025-03-13,Entertainment,area,3
2025-03-13,Hotel,Dining,2
2025-03-13,Hotel,Entertainment,7
2025-03-13,Hotel,Hotel,2
2025-03-13,Natural,Cityscape,5
2025-03-13,Natural,Entertainment,3
2025-03-13,Natural,Outdoor,2
2025-03-13,Natural,Religious,3
2025-03-13,Natural,Transit,1
2025-03-13,Natural,area,4
2025-03-13,Outdoor,Entertainment,2
2025-03-13,Outdoor,Religious,2
2025-03-13,Outdoor,Transit,1
2025-03-13,Outdoor,area,1
2025-03-13,Religious,Cityscape,3
2025-03-13,Religious,Dining,1
2025-03-13,Religious,Entertainment,2
2025-03-13,Religious,Natural,5
2025-03-13,Religious,Religious,2
2025-03-13,Religious,Transit,1
2025-03-13,Religious,area,2
2025-03-13,Shopping,Cityscape,2
2025-03-13,Shopping,Cultural,1
2025-03-13,Shopping,Entertainment,1
2025-03-13,Shopping,Hotel,1
2025-03-13,Shopping,Shopping,2
2025-03-13,Shopping,area,1
2025-03-13,Transit,Cityscape,5
2025-03-13,Transit,Entertainment,5
2025-03-13,Transit,Natural,2
2025-03-13,Transit,area,3
2025-03-13,area,Cityscape,2
2025-03-13,area,Dining,2
2025-03-13,area,Entertainment,3
2025-03-13,area,Natural,3
2025-03-13,area,Outdoor,3
2025-03-13,area,Religious,2
2025-03-13,area,Shopping,2
2025-03-13,area,Transit,2
2025-03-13,area,area,4
2025-03-14,Cityscape,Cityscape,8
2025-03-14,Cityscape,Cultural,5
2025-03-14,Cityscape,Dining,1
2025-03-14,Cityscape,Entertainment,6
2025-03-14,Cityscape,Natural,2
2025-03-14,Cityscape,Shopping,1
2025-03-14,Cityscape,area,1
2025-03-14,Cultural,Cityscape,3
2025-03-14,Cultural,Cultural,1
2025-03-14,Cultural,Entertainment,1
2025-03-14,Cultural,Hotel,1
2025-03-14,Cultural,Natural,2
2025-03-14,Cultural,Shopping,1
2025-03-14,Cultural,Transit,1
2025-03-14,Dining,Cityscape,1
2025-03-14,Dining,Entertainment,1
2025-03-14,Dining,Transit,1
2025-03-14,Dining,area,1
2025-03-14,Entertainment,Cityscape,4
2025-03-14,Entertainment,Cultural,1
2025-03-14,Entertainment,Entertainment,11
2025-03-14,Entertainment,Natural,4
2025-03-14,Entertainment,Outdoor,2
2025-03-14,Entertainment,Shopping,2
2025-03-14,Entertainment,Transit,1
2025-03-14,Entertainment,area,2
2025-03-14,Hotel,Entertainment,2
2025-03-14,Hotel,Shopping,1
2025-03-14,Hotel,Transit,1
2025-03-14,Natural,Cultural,3
2025-03-14,Natural,Entertainment,3
2025-03-14,Natural,Hotel,1
2025-03-14,Natural,Religious,1
2025-03-14,Natural,Transit,1
2025-03-14,Natural,area,3
2025-03-14,Outdoor,Entertainment,2
2025-03-14,Outdoor,Natural,1
2025-03-14,Religious,Entertainment,1
2025-03-14,Religious,Natural,1
2025-03-14,Religious,Religious,3
2025-03-14,Religious,Transit,1
2025-03-14,Religious,area,3
2025-03-14,Shopping,Cityscape,2
2025-03-14,Shopping,Entertainment,1
2025-03-14,Shopping,Natural,1
2025-03-14,Shopping,Transit,1
2025-03-14,Shopping,area,1
2025-03-14,Transit,Cityscape,1
2025-03-14,Transit,Cultural,1
2025-03-14,Transit,Dining,1
2025-03-14,Transit,Entertainment,3
2025-03-14,Transit,Natural,3
2025-03-14,Transit,Shopping,1
2025-03-14,Transit,Transit,1
2025-03-14,Transit,area,2
2025-03-14,area,Cityscape,4
2025-03-14,area,Natural,1
2025-03-14,area,Religious,5
2025-03-14,area,Shopping,1
2025-03-14,area,Transit,1
2025-03-14,area,area,5
2025-03-15,Cityscape,Cityscape,3
2025-03-15,Cityscape,Cultural,3
2025-03-15,Cityscape,Dining,4
2025-03-15,Cityscape,Entertainment,7
2025-03-15,Cityscape,Natural,1
2025-03-15,Cityscape,Religious,2
2025-03-15,Cityscape,Shopping,4
2025-03-15,Cityscape,Transit,1
2025-03-15,Cityscape,area,2
2025-03-15,Cultural,Cityscape,6
2025-03-15,Cultural,Cultural,2
2025-03-15,Cultural,Entertainment,2
2025-03-15,Cultural,Outdoor,1
2025-03-15,Cultural,Religious,1
2025-03-15,Cultural,Shopping,1
2025-03-15,Cultural,area,1
2025-03-15,Dining,Cultural,1
2025-03-15,Dining,Dining,1
2025-03-15,Dining,Shopping,3
2025-03-15,Dining,area,2
2025-03-15,Entertainment,Cityscape,4
2025-03-15,Entertainment,Cultural,1
2025-03-15,Entertainment,Entertainment,10
2025-03-15,Entertainment,Hotel,6
2025-03-15,Entertainment,Natural,3
2025-03-15,Entertainment,Religious,1
2025-03-15,Entertainment,Transit,4
2025-03-15,Entertainment,area,1
2025-03-15,Hotel,Cityscape,1
2025-03-15,Hotel,Entertainment,5
2025-03-15,Hotel,Transit,1
2025-03-15,Hotel,area,1
2025-03-15,Natural,Cityscape,1
2025-03-15,Natural,Cultural,1
2025-03-15,Natural,Entertainment,2
2025-03-15,Natural,Natural,1
2025-03-15,Natural,Outdoor,1
2025-03-15,Natural,Religious,1
2025-03-15,Natural,area,1
2025-03-15,Outdoor,Entertainment,1
2025-03-15,Outdoor,Natural,1
2025-03-15,Outdoor,area,1
2025-03-15,Religious,Cityscape,1
2025-03-15,Religious,Entertainment,1
2025-03-15,Religious,Natural,2
2025-03-15,Religious,Shopping,1
2025-03-15,Religious,area,1
2025-03-15,Shopping,Cityscape,2
2025-03-15,Shopping,Cultural,1
2025-03-15,Shopping,Entertainment,1
2025-03-15,Shopping,Hotel,1
2025-03-15,Shopping,Shopping,2
2025-03-15,Shopping,Transit,1
2025-03-15,Shopping,area,1
2025-03-15,Transit,Cityscape,4
2025-03-15,Transit,Cultural,1
2025-03-15,Transit,Dining,2
2025-03-15,Transit,Entertainment,7
2025-03-15,Transit,Natural,1
2025-03-15,Transit,Transit,1
2025-03-15,Transit,area,1
2025-03-15,area,Cityscape,5
2025-03-15,area,Cultural,1
2025-03-15,area,Dining,3
2025-03-15,area,Entertainment,1
2025-03-15,area,Hotel,1
2025-03-15,area,Natural,1
2025-03-15,area,Religious,1
2025-03-15,area,Shopping,2
2025-03-15,area,Transit,1
2025-03-15,area,area,3
2025-03-16,Cityscape,Cityscape,8
2025-03-16,Cityscape,Cultural,2
2025-03-16,Cityscape,Entertainment,10
2025-03-16,Cityscape,Outdoor,1
2025-03-16,Cityscape,Religious,2
2025-03-16,Cityscape,Shopping,5
2025-03-16,Cityscape,Transit,3
2025-03-16,Cityscape,area,4
2025-03-16,Cultural,Cityscape,3
2025-03-16,Cultural,Cultural,2
2025-03-16,Cultural,Natural,2
2025-03-16,Cultural,Shopping,2
2025-03-16,Cultural,area,1
2025-03-16,Dining,Entertainment,1
2025-03-16,Dining,Shopping,1
2025-03-16,Dining,Transit,2
2025-03-16,Entertainment,Cityscape,8
2025-03-16,Entertainment,Cultural,1
2025-03-16,Entertainment,Dining,1
2025-03-16,Entertainment,Entertainment,28
2025-03-16,Entertainment,Hotel,1
2025-03-16,Entertainment,Natural,2
2025-03-16,Entertainment,Transit,1
2025-03-16,Entertainment,area,2
2025-03-16,Hotel,area,1
2025-03-16,Natural,Cityscape,1
2025-03-16,Natural,Cultural,1
2025-03-16,Natural,Entertainment,1
2025-03-16,Natural,Religious,1
2025-03-16,Natural,Transit,1
2025-03-16,Outdoor,Dining,1
2025-03-16,Religious,Cityscape,1
2025-03-16,Religious,Religious,2
2025-03-16,Religious,area,1
2025-03-16,Shopping,Cityscape,5
2025-03-16,Shopping,Cultural,2
2025-03-16,Shopping,Transit,1
2025-03-16,Shopping,area,2
2025-03-16,Transit,Cityscape,5
2025-03-16,Transit,Cultural,1
2025-03-16,Transit,Dining,1
2025-03-16,Transit,Entertainment,3
2025-03-16,Transit,area,2
2025-03-16,area,Cityscape,5
2025-03-16,area,Dining,1
2025-03-16,area,Entertainment,3
2025-03-16,area,Hotel,1
2025-03-16,area,Religious,1
2025-03-16,area,Shopping,1
2025-03-16,area,Transit,1
2025-03-16,area,area,10
2025-03-17,Cityscape,Cityscape,5
2025-03-17,Cityscape,Dining,1
2025-03-17,Cityscape,Entertainment,4
2025-03-17,Cityscape,Hotel,1
2025-03-17,Cityscape,Natural,1
2025-03-17,Cityscape,Shopping,2
2025-03-17,Cityscape,Transit,2
2025-03-17,Cityscape,area,3
2025-03-17,Cultural,Cityscape,2
2025-03-17,Cultural,Cultural,1
2025-03-17,Cultural,Entertainment,1
2025-03-17,Cultural,Transit,1
2025-03-17,Cultural,area,1
2025-03-17,Dining,Cityscape,3
2025-03-17,Dining,Dining,3
2025-03-17,Dining,Transit,1
2025-03-17,Dining,area,1
2025-03-17,Entertainment,Cityscape,5
2025-03-17,Entertainment,Cultural,2
2025-03-17,Entertainment,Dining,2
2025-03-17,Entertainment,Entertainment,24
2025-03-17,Entertainment,Hotel,1
2025-03-17,Entertainment,Natural,1
2025-03-17,Entertainment,Shopping,1
2025-03-17,Entertainment,Transit,7
2025-03-17,Entertainment,area,2
2025-03-17,Hotel,Cityscape,1
2025-03-17,Hotel,Entertainment,3
2025-03-17,Natural,Cityscape,1
2025-03-17,Natural,Religious,1
2025-03-17,Natural,area,2
2025-03-17,Outdoor,Religious,1
2025-03-17,Outdoor,area,1
2025-03-17,Religious,Dining,1
2025-03-17,Religious,Natural,2
2025-03-17,Religious,Outdoor,1
2025-03-17,Religious,Religious,2
2025-03-17,Shopping,Cityscape,1
2025-03-17,Shopping,Entertainment,1
2025-03-17,Transit,Cityscape,3
2025-03-17,Transit,Cultural,1
2025-03-17,Transit,Dining,1
2025-03-17,Transit,Entertainment,10
2025-03-17,Transit,Transit,1
2025-03-17,Transit,area,2
2025-03-17,area,Cityscape,3
2025-03-17,area,Dining,1
2025-03-17,area,Entertainment,3
2025-03-17,area,Natural,1
2025-03-17,area,Outdoor,1
2025-03-17,area,Religious,1
2025-03-17,area,Shopping,1
2025-03-17,area,area,7
2025-03-18,Cityscape,Cityscape,3
2025-03-18,Cityscape,Cultural,3
2025-03-18,Cityscape,Dining,2
2025-03-18,Cityscape,Entertainment,3
2025-03-18,Cityscape,Natural,2
2025-03-18,Cityscape,Religious,1
2025-03-18,Cityscape,Transit,4
2025-03-18,Cityscape,area,4
2025-03-18,Cultural,Cityscape,2
2025-03-18,Cultural,Cultural,2
2025-03-18,Cultural,Entertainment,2
2025-03-18,Cultural,Natural,1
2025-03-18,Cultural,Religious,1
2025-03-18,Dining,Cultural,1
2025-03-18,Dining,Dining,8
2025-03-18,Dining,Entertainment,2
2025-03-18,Dining,Hotel,1
2025-03-18,Dining,Religious,1
2025-03-18,Dining,Transit,1
2025-03-18,Dining,area,1
2025-03-18,Entertainment,Cityscape,7
2025-03-18,Entertainment,Dining,2
2025-03-18,Entertainment,Entertainment,17
2025-03-18,Entertainment,Hotel,1
2025-03-18,Entertainment,Natural,3
2025-03-18,Entertainment,Religious,1
2025-03-18,Entertainment,Shopping,1
2025-03-18,Entertainment,Transit,4
2025-03-18,Entertainment,area,2
2025-03-18,Hotel,Cityscape,1
2025-03-18,Hotel,Dining,1
2025-03-18,Hotel,Entertainment,2
2025-03-18,Hotel,Shopping,1
2025-03-18,Hotel,Transit,2
2025-03-18,Hotel,area,1
2025-03-18,Natural,Cityscape,1
2025-03-18,Natural,Cultural,2
2025-03-18,Natural,Dining,1
2025-03-18,Natural,Entertainment,1
2025-03-18,Natural,Religious,2
2025-03-18,Natural,Shopping,1
2025-03-18,Natural,Transit,1
2025-03-18,Religious,Cityscape,2
2025-03-18,Religious,Entertainment,1
2025-03-18,Religious,Natural,1
2025-03-18,Religious,Religious,2
2025-03-18,Religious,Transit,1
2025-03-18,Shopping,Entertainment,2
2025-03-18,Shopping,Hotel,1
2025-03-18,Shopping,Transit,1
2025-03-18,Transit,Cityscape,3
2025-03-18,Transit,Cultural,2
2025-03-18,Transit,Dining,2
2025-03-18,Transit,Entertainment,5
2025-03-18,Transit,Hotel,3
2025-03-18,Transit,Natural,1
2025-03-18,Transit,Religious,1
2025-03-18,Transit,Shopping,1
2025-03-18,Transit,area,2
2025-03-18,area,Cityscape,3
2025-03-18,area,Cultural,1
2025-03-18,area,Entertainment,3
2025-03-18,area,Religious,2
2025-03-18,area,Shopping,1
2025-03-18,area,Transit,1
2025-03-18,area,area,2
2025-03-19,Cityscape,Cityscape,1
2025-03-19,Cityscape,Cultural,2
2025-03-19,Cityscape,Dining,1
2025-03-19,Cityscape,Entertainment,1
2025-03-19,Cityscape,Natural,1
2025-03-19,Cityscape,Shopping,1
2025-03-19,Cityscape,Transit,4
2025-03-19,Cityscape,area,1
2025-03-19,Cultural,Cityscape,4
2025-03-19,Cultural,Cultural,2
2025-03-19,Cultural,Dining,2
2025-03-19,Cultural,Entertainment,1
2025-03-19,Cultural,Transit,1
2025-03-19,Dining,Dining,1
2025-03-19,Dining,Entertainment,1
2025-03-19,Dining,Hotel,1
2025-03-19,Dining,Shopping,1
2025-03-19,Dining,Transit,1
2025-03-19,Dining,area,1
2025-03-19,Entertainment,Cultural,3
2025-03-19,Entertainment,Dining,1
2025-03-19,Entertainment,Entertainment,3
2025-03-19,Entertainment,Hotel,4
2025-03-19,Entertainment,Natural,1
2025-03-19,Entertainment,Transit,2
2025-03-19,Entertainment,area,2
2025-03-19,Hotel,Entertainment,4
2025-03-19,Hotel,Transit,1
2025-03-19,Hotel,area,1
2025-03-19,Natural,Entertainment,1
2025-03-19,Natural,Natural,3
2025-03-19,Natural,area,1
2025-03-19,Outdoor,Cityscape,1
2025-03-19,Shopping,Cityscape,3
2025-03-19,Shopping,Dining,1
2025-03-19,Shopping,Shopping,3
2025-03-19,Transit,Cultural,1
2025-03-19,Transit,Entertainment,6
2025-03-19,Transit,Hotel,2
2025-03-19,Transit,Shopping,2
2025-03-19,area,Cityscape,2
2025-03-19,area,Dining,4
2025-03-19,area,Outdoor,1
2025-03-19,area,Shopping,1
2025-03-19,area,Transit,1
2025-03-19,area,area,8
2025-03-20,Cityscape,Cityscape,7
2025-03-20,Cityscape,Cultural,1
2025-03-20,Cityscape,Dining,1
2025-03-20,Cityscape,Entertainment,10
2025-03-20,Cityscape,Hotel,1
2025-03-20,Cityscape,Religious,2
2025-03-20,Cityscape,Transit,1
2025-03-20,Cityscape,area,2
2025-03-20,Cultural,Cityscape,3
2025-03-20,Cultural,Entertainment,1
2025-03-20,Cultural,Natural,1
2025-03-20,Cultural,area,3
2025-03-20,Dining,Cityscape,1
2025-03-20,Dining,Dining,2
2025-03-20,Dining,area,3
2025-03-20,Entertainment,Cityscape,10
2025-03-20,Entertainment,Cultural,6
2025-03-20,Entertainment,Entertainment,12
2025-03-20,Entertainment,Natural,3
2025-03-20,Entertainment,Religious,1
2025-03-20,Entertainment,Transit,7
2025-03-20,Entertainment,area,1
2025-03-20,Hotel,Entertainment,1
2025-03-20,Hotel,Natural,1
2025-03-20,Natural,Cityscape,3
2025-03-20,Natural,Entertainment,1
2025-03-20,Natural,Religious,2
2025-03-20,Natural,Shopping,2
2025-03-20,Outdoor,Entertainment,1
2025-03-20,Outdoor,Religious,1
2025-03-20,Outdoor,area,1
2025-03-20,Religious,Cityscape,2
2025-03-20,Religious,Dining,2
2025-03-20,Religious,Natural,2
2025-03-20,Religious,Religious,7
2025-03-20,Religious,Shopping,1
2025-03-20,Religious,area,3
2025-03-20,Transit,Cityscape,3
2025-03-20,Transit,Entertainment,2
2025-03-20,Transit,Hotel,1
2025-03-20,Transit,Religious,1
2025-03-20,Transit,area,2
2025-03-20,area,Cityscape,1
2025-03-20,area,Cultural,2
2025-03-20,area,Dining,4
2025-03-20,area,Entertainment,6
2025-03-20,area,Natural,1
2025-03-20,area,Outdoor,1
2025-03-20,area,Shopping,1
2025-03-20,area,area,3
2025-03-21,Cityscape,Cityscape,5
2025-03-21,Cityscape,Dining,2
2025-03-21,Cityscape,Entertainment,8
2025-03-21,Cityscape,Outdoor,1
2025-03-21,Cityscape,Shopping,1
2025-03-21,Cityscape,Transit,2
2025-03-21,Cityscape,area,4
2025-03-21,Cultural,Entertainment,2
2025-03-21,Cultural,Natural,1
2025-03-21,Cultural,Transit,1
2025-03-21,Dining,Dining,2
2025-03-21,Dining,Natural,1
2025-03-21,Dining,area,2
2025-03-21,Entertainment,Cityscape,8
2025-03-21,Entertainment,Cultural,2
2025-03-21,Entertainment,Dining,1
2025-03-21,Entertainment,Entertainment,7
2025-03-21,Entertainment,Hotel,1
2025-03-21,Entertainment,Natural,1
2025-03-21,Entertainment,Religious,2
2025-03-21,Entertainment,Shopping,1
2025-03-21,Entertainment,Transit,4
2025-03-21,Entertainment,area,2
2025-03-21,Hotel,Cityscape,1
2025-03-21,Hotel,Entertainment,2
2025-03-21,Hotel,Hotel,2
2025-03-21,Natural,Cityscape,1
2025-03-21,Natural,Entertainment,1
2025-03-21,Natural,Religious,2
2025-03-21,Natural,Transit,1
2025-03-21,Natural,area,1
2025-03-21,Outdoor,Cityscape,1
2025-03-21,Outdoor,Natural,1
2025-03-21,Religious,Cultural,1
2025-03-21,Religious,Entertainment,2
2025-03-21,Religious,Natural,1
2025-03-21,Religious,Religious,2
2025-03-21,Religious,area,1
2025-03-21,Shopping,Cityscape,1
2025-03-21,Shopping,Religious,1
2025-03-21,Shopping,Shopping,1
2025-03-21,Shopping,Transit,1
2025-03-21,Shopping,area,1
2025-03-21,Transit,Cityscape,2
2025-03-21,Transit,Entertainment,6
2025-03-21,Transit,Hotel,2
2025-03-21,Transit,Shopping,2
2025-03-21,Transit,area,3
2025-03-21,area,Cityscape,2
2025-03-21,area,Cultural,1
2025-03-21,area,Dining,2
2025-03-21,area,Entertainment,2
2025-03-21,area,Hotel,1
2025-03-21,area,Natural,1
2025-03-21,area,Religious,3
2025-03-21,area,Shopping,1
2025-03-21,area,Transit,4
2025-03-21,area,area,10
2025-03-22,Cityscape,Cityscape,8
2025-03-22,Cityscape,Cultural,1
2025-03-22,Cityscape,Dining,2
2025-03-22,Cityscape,Entertainment,12
2025-03-22,Cityscape,Natural,4
2025-03-22,Cityscape,Shopping,2
2025-03-22,Cityscape,Transit,2
2025-03-22,Cityscape,area,2
2025-03-22,Cultural,Cityscape,1
2025-03-22,Cultural,Cultural,1
2025-03-22,Cultural,Entertainment,5
2025-03-22,Cultural,Natural,1
2025-03-22,Cultural,Shopping,1
2025-03-22,Cultural,area,2
2025-03-22,Dining,Cityscape,2
2025-03-22,Dining,Dining,1
2025-03-22,Dining,Hotel,1
2025-03-22,Dining,Shopping,1
2025-03-22,Dining,Transit,2
2025-03-22,Dining,area,1
2025-03-22,Entertainment,Cityscape,11
2025-03-22,Entertainment,Cultural,4
2025-03-22,Entertainment,Entertainment,12
2025-03-22,Entertainment,Hotel,3
2025-03-22,Entertainment,Natural,1
2025-03-22,Entertainment,Shopping,2
2025-03-22,Entertainment,Transit,2
2025-03-22,Entertainment,area,2
2025-03-22,Hotel,Cityscape,1
2025-03-22,Hotel,Cultural,1
2025-03-22,Hotel,Dining,1
2025-03-22,Hotel,Entertainment,1
2025-03-22,Natural,Cityscape,2
2025-03-22,Natural,Cultural,1
2025-03-22,Natural,Entertainment,2
2025-03-22,Natural,Natural,6
2025-03-22,Natural,Religious,2
2025-03-22,Natural,Transit,2
2025-03-22,Natural,area,3
2025-03-22,Religious,Cityscape,2
2025-03-22,Religious,Entertainment,1
2025-03-22,Religious,Natural,2
2025-03-22,Religious,Religious,1
2025-03-22,Religious,area,1
2025-03-22,Shopping,Cityscape,1
2025-03-22,Shopping,Cultural,2
2025-03-22,Shopping,Entertainment,1
2025-03-22,Shopping,Natural,2
2025-03-22,Shopping,Religious,1
2025-03-22,Shopping,Transit,1
2025-03-22,Transit,Cityscape,2
2025-03-22,Transit,Dining,1
2025-03-22,Transit,Entertainment,5
2025-03-22,Transit,Hotel,1
2025-03-22,Transit,Natural,1
2025-03-22,Transit,Religious,1
2025-03-22,Transit,area,3
2025-03-22,area,Cityscape,4
2025-03-22,area,Cultural,1
2025-03-22,area,Dining,2
2025-03-22,area,Entertainment,2
2025-03-22,area,Natural,1
2025-03-22,area,Religious,2
2025-03-22,area,Shopping,2
2025-03-22,area,Transit,1
2025-03-22,area,area,8
2025-03-23,Cityscape,Cityscape,5
2025-03-23,Cityscape,Cultural,5
2025-03-23,Cityscape,Entertainment,13
2025-03-23,Cityscape,Hotel,3
2025-03-23,Cityscape,Natural,1
2025-03-23,Cityscape,Religious,1
2025-03-23,Cityscape,Shopping,2
2025-03-23,Cityscape,Transit,11
2025-03-23,Cityscape,area,2
2025-03-23,Cultural,Cityscape,2
2025-03-23,Cultural,Entertainment,1
2025-03-23,Cultural,Natural,2
2025-03-23,Cultural,Religious,2
2025-03-23,Cultural,area,1
2025-03-23,Dining,Cityscape,2
2025-03-23,Dining,Entertainment,1
2025-03-23,Dining,area,3
2025-03-23,Entertainment,Cityscape,11
2025-03-23,Entertainment,Cultural,1
2025-03-23,Entertainment,Dining,2
2025-03-23,Entertainment,Entertainment,17
2025-03-23,Entertainment,Natural,3
2025-03-23,Entertainment,Religious,1
2025-03-23,Entertainment,Shopping,1
2025-03-23,Entertainment,Transit,7
2025-03-23,Entertainment,area,4
2025-03-23,Hotel,Cultural,1
2025-03-23,Hotel,Entertainment,1
2025-03-23,Hotel,Transit,1
2025-03-23,Natural,Cityscape,3
2025-03-23,Natural,Entertainment,2
2025-03-23,Natural,Outdoor,1
2025-03-23,Natural,Religious,4
2025-03-23,Natural,Shopping,1
2025-03-23,Natural,area,4
2025-03-23,Outdoor,Natural,3
2025-03-23,Religious,Entertainment,1
2025-03-23,Religious,Natural,5
2025-03-23,Religious,Outdoor,1
2025-03-23,Religious,Religious,3
2025-03-23,Religious,Transit,1
2025-03-23,Religious,area,1
2025-03-23,Shopping,Cityscape,3
2025-03-23,Shopping,Dining,1
2025-03-23,Shopping,Entertainment,1
2025-03-23,Shopping,Natural,1
2025-03-23,Shopping,Religious,1
2025-03-23,Transit,Cityscape,10
2025-03-23,Transit,Entertainment,9
2025-03-23,Transit,Outdoor,1
2025-03-23,Transit,Shopping,1
2025-03-23,Transit,Transit,1
2025-03-23,Transit,area,10
2025-03-23,area,Cityscape,6
2025-03-23,area,Dining,4
2025-03-23,area,Entertainment,5
2025-03-23,area,Hotel,1
2025-03-23,area,Outdoor,1
2025-03-23,area,Religious,1
2025-03-23,area,Shopping,2
2025-03-23,area,Transit,6
2025-03-23,area,area,7
2025-03-24,Cityscape,Cityscape,13
2025-03-24,Cityscape,Dining,4
2025-03-24,Cityscape,Entertainment,14
2025-03-24,Cityscape,Natural,2
2025-03-24,Cityscape,Outdoor,1
2025-03-24,Cityscape,Religious,1
2025-03-24,Cityscape,Transit,2
2025-03-24,Cityscape,area,9
2025-03-24,Cultural,Cityscape,3
2025-03-24,Cultural,Dining,1
2025-03-24,Cultural,Entertainment,2
2025-03-24,Cultural,Shopping,2
2025-03-24,Cultural,Transit,1
2025-03-24,Cultural,area,2
2025-03-24,Dining,Cityscape,3
2025-03-24,Dining,Cultural,2
2025-03-24,Dining,Dining,8
2025-03-24,Dining,Entertainment,1
2025-03-24,Dining,Natural,1
2025-03-24,Dining,Religious,1
2025-03-24,Dining,Shopping,1
2025-03-24,Dining,area,5
2025-03-24,Entertainment,Cityscape,15
2025-03-24,Entertainment,Cultural,2
2025-03-24,Entertainment,Dining,2
2025-03-24,Entertainment,Entertainment,31
2025-03-24,Entertainment,Hotel,3
2025-03-24,Entertainment,Shopping,1
2025-03-24,Entertainment,Transit,6
2025-03-24,Entertainment,area,2
2025-03-24,Hotel,Entertainment,3
2025-03-24,Hotel,area,2
2025-03-24,Natural,Cityscape,4
2025-03-24,Natural,Cultural,1
2025-03-24,Natural,Dining,1
2025-03-24,Natural,Outdoor,1
2025-03-24,Natural,Religious,3
2025-03-24,Natural,Shopping,1
2025-03-24,Natural,Transit,1
2025-03-24,Natural,area,4
2025-03-24,Outdoor,Transit,1
2025-03-24,Religious,Entertainment,1
2025-03-24,Religious,Natural,4
2025-03-24,Religious,Religious,2
2025-03-24,Religious,Shopping,3
2025-03-24,Religious,area,1
2025-03-24,Shopping,Cityscape,1
2025-03-24,Shopping,Cultural,1
2025-03-24,Shopping,Entertainment,1
2025-03-24,Shopping,Natural,2
2025-03-24,Shopping,Religious,3
2025-03-24,Transit,Cityscape,2
2025-03-24,Transit,Cultural,2
2025-03-24,Transit,Entertainment,5
2025-03-24,Transit,Natural,3
2025-03-24,area,Cityscape,8
2025-03-24,area,Cultural,1
2025-03-24,area,Dining,6
2025-03-24,area,Entertainment,3
2025-03-24,area,Natural,3
2025-03-24,area,Religious,2
2025-03-24,area,Shopping,1
2025-03-24,area,Transit,2
2025-03-24,area,area,2
2025-03-25,Cityscape,Cityscape,20
2025-03-25,Cityscape,Cultural,1
2025-03-25,Cityscape,Entertainment,7
2025-03-25,Cityscape,Hotel,3
2025-03-25,Cityscape,Natural,1
2025-03-25,Cityscape,Outdoor,2
2025-03-25,Cityscape,Shopping,1
2025-03-25,Cityscape,Transit,3
2025-03-25,Cityscape,area,3
2025-03-25,Cultural,Cityscape,3
2025-03-25,Cultural,Cultural,5
2025-03-25,Cultural,Entertainment,4
2025-03-25,Cultural,Natural,2
2025-03-25,Dining,Dining,2
2025-03-25,Dining,Entertainment,1
2025-03-25,Dining,Shopping,1
2025-03-25,Dining,Transit,1
2025-03-25,Dining,area,1
2025-03-25,Entertainment,Cityscape,12
2025-03-25,Entertainment,Cultural,4
2025-03-25,Entertainment,Dining,1
2025-03-25,Entertainment,Entertainment,9
2025-03-25,Entertainment,Hotel,2
2025-03-25,Entertainment,Natural,2
2025-03-25,Entertainment,Outdoor,2
2025-03-25,Entertainment,Religious,2
2025-03-25,Entertainment,Shopping,1
2025-03-25,Entertainment,Transit,3
2025-03-25,Entertainment,area,1
2025-03-25,Hotel,Cultural,1
2025-03-25,Hotel,Entertainment,2
2025-03-25,Hotel,Transit,1
2025-03-25,Hotel,area,2
2025-03-25,Natural,Cultural,1
2025-03-25,Natural,Entertainment,4
2025-03-25,Natural,Religious,1
2025-03-25,Natural,area,1
2025-03-25,Outdoor,Cityscape,2
2025-03-25,Outdoor,Natural,1
2025-03-25,Outdoor,area,1
2025-03-25,Religious,Cityscape,1
2025-03-25,Religious,Entertainment,1
2025-03-25,Religious,Religious,1
2025-03-25,Religious,Shopping,1
2025-03-25,Religious,Transit,1
2025-03-25,Shopping,Dining,1
2025-03-25,Shopping,Religious,1
2025-03-25,Shopping,Transit,1
2025-03-25,Shopping,area,1
2025-03-25,Transit,Cityscape,7
2025-03-25,Transit,Dining,2
2025-03-25,Transit,Entertainment,8
2025-03-25,Transit,Hotel,2
2025-03-25,Transit,Natural,1
2025-03-25,Transit,Religious,1
2025-03-25,Transit,Shopping,1
2025-03-25,Transit,area,1
2025-03-25,area,Cityscape,3
2025-03-25,area,Entertainment,2
2025-03-25,area,Natural,2
2025-03-25,area,Shopping,1
2025-03-25,area,Transit,5
2025-03-25,area,area,4
2025-03-26,Cityscape,Cityscape,6
2025-03-26,Cityscape,Cultural,1
2025-03-26,Cityscape,Dining,2
2025-03-26,Cityscape,Entertainment,11
2025-03-26,Cityscape,Natural,1
2025-03-26,Cityscape,Outdoor,1
2025-03-26,Cityscape,Transit,2
2025-03-26,Cityscape,area,1
2025-03-26,Cultural,Cityscape,1
2025-03-26,Cultural,Cultural,1
2025-03-26,Cultural,Entertainment,3
2025-03-26,Cultural,Shopping,1
2025-03-26,Cultural,area,1
2025-03-26,Dining,Cityscape,1
2025-03-26,Dining,Dining,7
2025-03-26,Dining,Entertainment,3
2025-03-26,Dining,Natural,1
2025-03-26,Dining,Transit,1
2025-03-26,Dining,area,1
2025-03-26,Entertainment,Cityscape,9
2025-03-26,Entertainment,Cultural,1
2025-03-26,Entertainment,Dining,1
2025-03-26,Entertainment,Entertainment,24
2025-03-26,Entertainment,Hotel,4
2025-03-26,Entertainment,Natural,2
2025-03-26,Entertainment,Transit,7
2025-03-26,Entertainment,area,3
2025-03-26,Hotel,Entertainment,6
2025-03-26,Hotel,Hotel,1
2025-03-26,Natural,Cultural,1
2025-03-26,Natural,Entertainment,2
2025-03-26,Natural,Religious,1
2025-03-26,Natural,Shopping,1
2025-03-26,Outdoor,Natural,1
2025-03-26,Religious,Cityscape,1
2025-03-26,Religious,Entertainment,1
2025-03-26,Religious,Natural,1
2025-03-26,Religious,area,1
2025-03-26,Shopping,Cityscape,2
2025-03-26,Shopping,Cultural,1
2025-03-26,Shopping,Transit,1
2025-03-26,Transit,Cityscape,3
2025-03-26,Transit,Cultural,1
2025-03-26,Transit,Dining,2
2025-03-26,Transit,Entertainment,3
2025-03-26,Transit,Hotel,1
2025-03-26,Transit,Natural,1
2025-03-26,Transit,Religious,1
2025-03-26,Transit,Shopping,2
2025-03-26,Transit,area,2
2025-03-26,area,Cityscape,2
2025-03-26,area,Dining,1
2025-03-26,area,Entertainment,4
2025-03-26,area,Religious,1
2025-03-26,area,Shopping,2
2025-03-26,area,Transit,1
2025-03-26,area,area,3
2025-03-27,Cityscape,Cityscape,4
2025-03-27,Cityscape,Entertainment,9
2025-03-27,Cityscape,Natural,1
2025-03-27,Cityscape,Religious,2
2025-03-27,Cityscape,Shopping,2
2025-03-27,Cityscape,Transit,2
2025-03-27,Cityscape,area,3
2025-03-27,Cultural,Cultural,3
2025-03-27,Cultural,Entertainment,3
2025-03-27,Cultural,Shopping,1
2025-03-27,Cultural,Transit,3
2025-03-27,Dining,Entertainment,1
2025-03-27,Dining,Natural,1
2025-03-27,Dining,Shopping,1
2025-03-27,Dining,area,1
2025-03-27,Entertainment,Cityscape,10
2025-03-27,Entertainment,Cultural,4
2025-03-27,Entertainment,Dining,1
2025-03-27,Entertainment,Entertainment,15
2025-03-27,Entertainment,Natural,2
2025-03-27,Entertainment,Transit,6
2025-03-27,Entertainment,area,1
2025-03-27,Hotel,Cityscape,2
2025-03-27,Natural,Hotel,1
2025-03-27,Natural,Natural,1
2025-03-27,Religious,Cityscape,1
2025-03-27,Religious,Religious,1
2025-03-27,Shopping,Cityscape,1
2025-03-27,Shopping,Entertainment,2
2025-03-27,Shopping,Transit,1
2025-03-27,Shopping,area,1
2025-03-27,Transit,Cityscape,3
2025-03-27,Transit,Dining,1
2025-03-27,Transit,Entertainment,7
2025-03-27,Transit,Hotel,1
2025-03-27,Transit,area,4
2025-03-27,area,Cityscape,2
2025-03-27,area,Cultural,1
2025-03-27,area,Dining,2
2025-03-27,area,Entertainment,3
2025-03-27,area,Hotel,1
2025-03-27,area,Transit,1
2025-03-27,area,area,1
2025-03-28,Cityscape,Cityscape,5
2025-03-28,Cityscape,Cultural,2
2025-03-28,Cityscape,Entertainment,9
2025-03-28,Cityscape,Natural,1
2025-03-28,Cityscape,Outdoor,3
2025-03-28,Cityscape,Religious,2
2025-03-28,Cityscape,Shopping,2
2025-03-28,Cityscape,Transit,5
2025-03-28,Cityscape,area,1
2025-03-28,Cultural,Cultural,1
2025-03-28,Cultural,Entertainment,2
2025-03-28,Cultural,Natural,1
2025-03-28,Cultural,area,2
2025-03-28,Dining,Entertainment,1
2025-03-28,Entertainment,Cityscape,8
2025-03-28,Entertainment,Cultural,1
2025-03-28,Entertainment,Dining,1
2025-03-28,Entertainment,Entertainment,27
2025-03-28,Entertainment,Hotel,3
2025-03-28,Entertainment,Religious,1
2025-03-28,Entertainment,Shopping,1
2025-03-28,Entertainment,Transit,6
2025-03-28,Entertainment,area,2
2025-03-28,Hotel,Entertainment,3
2025-03-28,Hotel,Shopping,1
2025-03-28,Hotel,Transit,2
2025-03-28,Natural,Cityscape,1
2025-03-28,Natural,Cultural,2
2025-03-28,Natural,Entertainment,1
2025-03-28,Natural,Outdoor,1
2025-03-28,Natural,Religious,1
2025-03-28,Natural,Shopping,1
2025-03-28,Outdoor,Cityscape,2
2025-03-28,Outdoor,Outdoor,1
2025-03-28,Outdoor,Transit,1
2025-03-28,Religious,Cityscape,2
2025-03-28,Religious,Natural,3
2025-03-28,Religious,Religious,3
2025-03-28,Religious,Shopping,2
2025-03-28,Religious,Transit,2
2025-03-28,Shopping,Cityscape,2
2025-03-28,Shopping,Entertainment,1
2025-03-28,Shopping,area,3
2025-03-28,Transit,Cityscape,6
2025-03-28,Transit,Cultural,1
2025-03-28,Transit,Entertainment,7
2025-03-28,Transit,Hotel,2
2025-03-28,Transit,Natural,1
2025-03-28,Transit,Religious,2
2025-03-28,Transit,Shopping,1
2025-03-28,Transit,Transit,1
2025-03-28,Transit,area,1
2025-03-28,area,Cityscape,3
2025-03-28,area,Cultural,2
2025-03-28,area,Hotel,1
2025-03-28,area,Natural,2
2025-03-28,area,Outdoor,2
2025-03-28,area,Shopping,2
2025-03-29,Cityscape,Cityscape,12
2025-03-29,Cityscape,Cultural,6
2025-03-29,Cityscape,Dining,1
2025-03-29,Cityscape,Entertainment,7
2025-03-29,Cityscape,Hotel,1
2025-03-29,Cityscape,Natural,1
2025-03-29,Cityscape,Religious,2
2025-03-29,Cityscape,Shopping,5
2025-03-29,Cityscape,Transit,2
2025-03-29,Cityscape,area,4
2025-03-29,Cultural,Cityscape,7
2025-03-29,Cultural,Cultural,6
2025-03-29,Cultural,Entertainment,1
2025-03-29,Cultural,Hotel,1
2025-03-29,Cultural,Religious,1
2025-03-29,Cultural,Shopping,2
2025-03-29,Cultural,Transit,1
2025-03-29,Cultural,area,2
2025-03-29,Dining,Cityscape,2
2025-03-29,Dining,Dining,3
2025-03-29,Dining,Entertainment,1
2025-03-29,Dining,Transit,1
2025-03-29,Dining,area,1
2025-03-29,Entertainment,Cityscape,7
2025-03-29,Entertainment,Dining,1
2025-03-29,Entertainment,Entertainment,19
2025-03-29,Entertainment,Hotel,4
2025-03-29,Entertainment,Natural,2
2025-03-29,Entertainment,Religious,1
2025-03-29,Entertainment,Shopping,1
2025-03-29,Entertainment,Transit,1
2025-03-29,Entertainment,area,1
2025-03-29,Hotel,Cultural,2
2025-03-29,Hotel,Entertainment,7
2025-03-29,Hotel,Hotel,4
2025-03-29,Hotel,Shopping,1
2025-03-29,Hotel,area,1
2025-03-29,Natural,Cityscape,1
2025-03-29,Natural,Entertainment,1
2025-03-29,Natural,Outdoor,1
2025-03-29,Natural,Transit,1
2025-03-29,Outdoor,Cityscape,1
2025-03-29,Outdoor,area,1
2025-03-29,Religious,Cityscape,2
2025-03-29,Religious,Dining,1
2025-03-29,Religious,Entertainment,1
2025-03-29,Religious,Religious,7
2025-03-29,Religious,Shopping,3
2025-03-29,Shopping,Cityscape,3
2025-03-29,Shopping,Cultural,1
2025-03-29,Shopping,Dining,2
2025-03-29,Shopping,Entertainment,1
2025-03-29,Shopping,Hotel,2
2025-03-29,Shopping,Natural,1
2025-03-29,Shopping,Religious,3
2025-03-29,Shopping,Transit,1
2025-03-29,Shopping,area,3
2025-03-29,Transit,Cityscape,3
2025-03-29,Transit,Cultural,1
2025-03-29,Transit,Dining,1
2025-03-29,Transit,Entertainment,3
2025-03-29,Transit,Hotel,1
2025-03-29,Transit,Shopping,1
2025-03-29,Transit,Transit,1
2025-03-29,Transit,area,2
2025-03-29,area,Cityscape,5
2025-03-29,area,Cultural,3
2025-03-29,area,Dining,1
2025-03-29,area,Entertainment,2
2025-03-29,area,Hotel,1
2025-03-29,area,Shopping,2
2025-03-30,Cityscape,Cityscape,5
2025-03-30,Cityscape,Cultural,5
2025-03-30,Cityscape,Entertainment,8
2025-03-30,Cityscape,Hotel,1
2025-03-30,Cityscape,Natural,2
2025-03-30,Cityscape,Outdoor,1
2025-03-30,Cityscape,Religious,3
2025-03-30,Cityscape,Shopping,1
2025-03-30,Cityscape,Transit,4
2025-03-30,Cityscape,area,3
2025-03-30,Cultural,Cityscape,5
2025-03-30,Cultural,Cultural,1
2025-03-30,Cultural,Entertainment,3
2025-03-30,Cultural,Religious,1
2025-03-30,Cultural,Shopping,1
2025-03-30,Cultural,Transit,2
2025-03-30,Cultural,area,1
2025-03-30,Dining,Cityscape,1
2025-03-30,Dining,Cultural,1
2025-03-30,Dining,Religious,1
2025-03-30,Dining,Transit,1
2025-03-30,Entertainment,Cityscape,15
2025-03-30,Entertainment,Cultural,1
2025-03-30,Entertainment,Dining,1
2025-03-30,Entertainment,Entertainment,10
2025-03-30,Entertainment,Hotel,3
2025-03-30,Entertainment,Natural,1
2025-03-30,Entertainment,Shopping,2
2025-03-30,Entertainment,area,2
2025-03-30,Hotel,Cityscape,2
2025-03-30,Hotel,Cultural,1
2025-03-30,Hotel,Entertainment,3
2025-03-30,Hotel,Transit,1
2025-03-30,Natural,Cityscape,3
2025-03-30,Natural,Natural,2
2025-03-30,Natural,Outdoor,2
2025-03-30,Natural,Religious,1
2025-03-30,Natural,Transit,1
2025-03-30,Natural,area,3
2025-03-30,Outdoor,Cityscape,2
2025-03-30,Outdoor,Cultural,1
2025-03-30,Outdoor,Outdoor,1
2025-03-30,Outdoor,Religious,2
2025-03-30,Religious,Cityscape,2
2025-03-30,Religious,Dining,1
2025-03-30,Religious,Entertainment,3
2025-03-30,Religious,Natural,2
2025-03-30,Religious,Outdoor,2
2025-03-30,Religious,Religious,3
2025-03-30,Religious,area,1
2025-03-30,Shopping,Cityscape,1
2025-03-30,Shopping,Cultural,1
2025-03-30,Shopping,Hotel,1
2025-03-30,Shopping,Religious,1
2025-03-30,Transit,Cityscape,1
2025-03-30,Transit,Cultural,1
2025-03-30,Transit,Dining,1
2025-03-30,Transit,Entertainment,3
2025-03-30,Transit,Hotel,1
2025-03-30,Transit,Religious,1
2025-03-30,Transit,Transit,1
2025-03-30,Transit,area,2
2025-03-30,area,Cityscape,3
2025-03-30,area,Cultural,1
2025-03-30,area,Entertainment,1
2025-03-30,area,Hotel,1
2025-03-30,area,Natural,1
2025-03-30,area,Transit,1
2025-03-30,area,area,4
2025-03-31,Cityscape,Cityscape,5
2025-03-31,Cityscape,Entertainment,12
2025-03-31,Cityscape,Hotel,1
2025-03-31,Cityscape,Natural,1
2025-03-31,Cityscape,Religious,2
2025-03-31,Cityscape,Shopping,1
2025-03-31,Cityscape,Transit,2
2025-03-31,Cityscape,area,3
2025-03-31,Cultural,Cityscape,3
2025-03-31,Cultural,Cultural,4
2025-03-31,Cultural,Dining,1
2025-03-31,Cultural,Natural,1
2025-03-31,Cultural,Transit,1
2025-03-31,Cultural,area,1
2025-03-31,Dining,Cultural,2
2025-03-31,Entertainment,Cityscape,9
2025-03-31,Entertainment,Cultural,2
2025-03-31,Entertainment,Dining,1
2025-03-31,Entertainment,Entertainment,26
2025-03-31,Entertainment,Hotel,1
2025-03-31,Entertainment,Natural,4
2025-03-31,Entertainment,Transit,6
2025-03-31,Entertainment,area,3
2025-03-31,Hotel,Cityscape,1
2025-03-31,Hotel,Entertainment,2
2025-03-31,Natural,Cityscape,1
2025-03-31,Natural,Entertainment,5
2025-03-31,Natural,Hotel,1
2025-03-31,Natural,Natural,1
2025-03-31,Natural,area,2
2025-03-31,Religious,Cityscape,1
2025-03-31,Religious,Cultural,1
2025-03-31,Religious,Natural,1
2025-03-31,Religious,area,1
2025-03-31,Shopping,Entertainment,3
2025-03-31,Shopping,Natural,1
2025-03-31,Shopping,Religious,1
2025-03-31,Shopping,Transit,2
2025-03-31,Sport,Cityscape,1
2025-03-31,Transit,Cityscape,5
2025-03-31,Transit,Cultural,1
2025-03-31,Transit,Entertainment,6
2025-03-31,Transit,Shopping,2
2025-03-31,Transit,area,1
2025-03-31,area,Cityscape,2
2025-03-31,area,Cultural,1
2025-03-31,area,Entertainment,1
2025-03-31,area,Hotel,1
2025-03-31,area,Shopping,1
2025-03-31,area,Transit,1
2025-03-31,area,area,5
2025-04-01,Cityscape,Cityscape,9
2025-04-01,Cityscape,Cultural,8
2025-04-01,Cityscape,Dining,1
2025-04-01,Cityscape,Entertainment,10
2025-04-01,Cityscape,Natural,2
2025-04-01,Cityscape,Shopping,2
2025-04-01,Cityscape,Transit,2
2025-04-01,Cityscape,area,2
2025-04-01,Cultural,Cityscape,6
2025-04-01,Cultural,Cultural,3
2025-04-01,Cultural,Entertainment,3
2025-04-01,Cultural,Hotel,3
2025-04-01,Cultural,Outdoor,1
2025-04-01,Cultural,Shopping,2
2025-04-01,Cultural,Transit,1
2025-04-01,Dining,Dining,2
2025-04-01,Dining,Entertainment,2
2025-04-01,Dining,area,1
2025-04-01,Entertainment,Cityscape,10
2025-04-01,Entertainment,Cultural,3
2025-04-01,Entertainment,Dining,1
2025-04-01,Entertainment,Entertainment,26
2025-04-01,Entertainment,Hotel,1
2025-04-01,Entertainment,Natural,2
2025-04-01,Entertainment,Religious,1
2025-04-01,Entertainment,Transit,5
2025-04-01,Entertainment,area,3
2025-04-01,Hotel,Entertainment,2
2025-04-01,Hotel,Transit,2
2025-04-01,Natural,Cityscape,2
2025-04-01,Natural,Entertainment,2
2025-04-01,Natural,Natural,2
2025-04-01,Natural,Outdoor,3
2025-04-01,Natural,Religious,3
2025-04-01,Natural,area,1
2025-04-01,Outdoor,Cityscape,1
2025-04-01,Outdoor,Natural,3
2025-04-01,Religious,Entertainment,1
2025-04-01,Religious,Natural,3
2025-04-01,Religious,Outdoor,2
2025-04-01,Religious,Religious,3
2025-04-01,Religious,Shopping,1
2025-04-01,Shopping,Cityscape,1
2025-04-01,Shopping,Cultural,1
2025-04-01,Shopping,Dining,1
2025-04-01,Shopping,Entertainment,3
2025-04-01,Shopping,Religious,2
2025-04-01,Transit,Cityscape,5
2025-04-01,Transit,Cultural,1
2025-04-01,Transit,Entertainment,4
2025-04-01,Transit,Hotel,1
2025-04-01,Transit,Religious,1
2025-04-01,Transit,Shopping,3
2025-04-01,area,Cityscape,2
2025-04-01,area,Cultural,2
2025-04-01,area,Entertainment,3
2025-04-01,area,Shopping,1
2025-04-01,area,Transit,1
2025-04-01,area,area,1
2025-04-02,Cityscape,Cityscape,6
2025-04-02,Cityscape,Cultural,1
2025-04-02,Cityscape,Dining,1
2025-04-02,Cityscape,Entertainment,9
2025-04-02,Cityscape,Natural,1
2025-04-02,Cityscape,Outdoor,1
2025-04-02,Cityscape,Shopping,1
2025-04-02,Cityscape,Transit,2
2025-04-02,Cityscape,area,4
2025-04-02,Cultural,Cityscape,2
2025-04-02,Cultural,Dining,1
2025-04-02,Cultural,Entertainment,1
2025-04-02,Cultural,Hotel,1
2025-04-02,Cultural,Natural,1
2025-04-02,Cultural,area,1
2025-04-02,Dining,Cityscape,1
2025-04-02,Dining,Dining,2
2025-04-02,Dining,Entertainment,2
2025-04-02,Dining,Religious,1
2025-04-02,Entertainment,Cityscape,10
2025-04-02,Entertainment,Cultural,2
2025-04-02,Entertainment,Dining,1
2025-04-02,Entertainment,Entertainment,20
2025-04-02,Entertainment,Hotel,6
2025-04-02,Entertainment,Natural,2
2025-04-02,Entertainment,Religious,1
2025-04-02,Entertainment,Shopping,1
2025-04-02,Entertainment,Transit,2
2025-04-02,Entertainment,area,1
2025-04-02,Hotel,Cityscape,2
2025-04-02,Hotel,Entertainment,5
2025-04-02,Natural,Cityscape,1
2025-04-02,Natural,Cultural,1
2025-04-02,Natural,Outdoor,2
2025-04-02,Natural,Religious,1
2025-04-02,Natural,area,4
2025-04-02,Outdoor,Natural,2
2025-04-02,Outdoor,Outdoor,3
2025-04-02,Outdoor,area,1
2025-04-02,Religious,Cityscape,1
2025-04-02,Religious,Natural,1
2025-04-02,Religious,Religious,3
2025-04-02,Religious,area,3
2025-04-02,Shopping,Cityscape,2
2025-04-02,Shopping,Hotel,1
2025-04-02,Shopping,Shopping,1
2025-04-02,Shopping,area,2
2025-04-02,Sport,Entertainment,1
2025-04-02,Transit,Entertainment,6
2025-04-02,Transit,Natural,2
2025-04-02,Transit,area,2
2025-04-02,area,Cityscape,4
2025-04-02,area,Cultural,2
2025-04-02,area,Dining,3
2025-04-02,area,Entertainment,3
2025-04-02,area,Hotel,1
2025-04-02,area,Natural,2
2025-04-02,area,Outdoor,1
2025-04-02,area,Religious,1
2025-04-02,area,Shopping,4
2025-04-02,area,Transit,3
2025-04-02,area,area,3
2025-04-03,Cityscape,Cityscape,4
2025-04-03,Cityscape,Cultural,4
2025-04-03,Cityscape,Dining,2
2025-04-03,Cityscape,Entertainment,17
2025-04-03,Cityscape,Outdoor,1
2025-04-03,Cityscape,Religious,3
2025-04-03,Cityscape,Shopping,1
2025-04-03,Cityscape,Transit,2
2025-04-03,Cityscape,area,5
2025-04-03,Cultural,Cityscape,4
2025-04-03,Cultural,Cultural,1
2025-04-03,Cultural,Entertainment,2
2025-04-03,Cultural,Hotel,1
2025-04-03,Cultural,Natural,1
2025-04-03,Cultural,Religious,1
2025-04-03,Cultural,area,2
2025-04-03,Dining,Cityscape,3
2025-04-03,Dining,Dining,6
2025-04-03,Dining,Entertainment,2
2025-04-03,Dining,Transit,2
2025-04-03,Dining,area,3
2025-04-03,Entertainment,Cityscape,16
2025-04-03,Entertainment,Cultural,2
2025-04-03,Entertainment,Dining,2
2025-04-03,Entertainment,Entertainment,54
2025-04-03,Entertainment,Natural,2
2025-04-03,Entertainment,Religious,2
2025-04-03,Entertainment,Shopping,1
2025-04-03,Entertainment,Transit,4
2025-04-03,Entertainment,area,3
2025-04-03,Hotel,Entertainment,1
2025-04-03,Hotel,Shopping,1
2025-04-03,Natural,Cityscape,1
2025-04-03,Natural,Entertainment,1
2025-04-03,Natural,Religious,2
2025-04-03,Natural,Transit,1
2025-04-03,Natural,area,1
2025-04-03,Outdoor,Cityscape,1
2025-04-03,Religious,Cityscape,2
2025-04-03,Religious,Cultural,1
2025-04-03,Religious,Entertainment,2
2025-04-03,Religious,Religious,7
2025-04-03,Religious,area,2
2025-04-03,Shopping,Cityscape,1
2025-04-03,Shopping,Cultural,1
2025-04-03,Shopping,Entertainment,1
2025-04-03,Shopping,Religious,1
2025-04-03,Transit,Cityscape,5
2025-04-03,Transit,Cultural,1
2025-04-03,Transit,Entertainment,6
2025-04-03,Transit,Natural,1
2025-04-03,Transit,Religious,1
2025-04-03,Transit,area,2
2025-04-03,area,Cityscape,3
2025-04-03,area,Cultural,2
2025-04-03,area,Dining,5
2025-04-03,area,Entertainment,4
2025-04-03,area,Natural,2
2025-04-03,area,Religious,2
2025-04-03,area,Transit,1
2025-04-03,area,area,2
2025-04-04,Cityscape,Cityscape,9
2025-04-04,Cityscape,Cultural,2
2025-04-04,Cityscape,Entertainment,10
2025-04-04,Cityscape,Outdoor,1
2025-04-04,Cityscape,Religious,5
2025-04-04,Cityscape,Shopping,3
2025-04-04,Cityscape,Transit,3
2025-04-04,Cityscape,area,6
2025-04-04,Cultural,Cityscape,1
2025-04-04,Cultural,Cultural,1
2025-04-04,Cultural,Entertainment,4
2025-04-04,Cultural,Hotel,1
2025-04-04,Cultural,Transit,3
2025-04-04,Dining,Dining,2
2025-04-04,Dining,Entertainment,2
2025-04-04,Dining,area,1
2025-04-04,Entertainment,Cityscape,11
2025-04-04,Entertainment,Cultural,2
2025-04-04,Entertainment,Dining,2
2025-04-04,Entertainment,Entertainment,21
2025-04-04,Entertainment,Hotel,3
2025-04-04,Entertainment,Natural,2
2025-04-04,Entertainment,Religious,1
2025-04-04,Entertainment,Shopping,1
2025-04-04,Entertainment,Transit,3
2025-04-04,Entertainment,area,3
2025-04-04,Hotel,Cultural,1
2025-04-04,Hotel,Entertainment,4
2025-04-04,Hotel,Hotel,1
2025-04-04,Hotel,Natural,1
2025-04-04,Hotel,Shopping,1
2025-04-04,Natural,Cityscape,1
2025-04-04,Natural,Entertainment,6
2025-04-04,Natural,Natural,1
2025-04-04,Natural,Religious,2
2025-04-04,Natural,School,1
2025-04-04,Natural,area,1
2025-04-04,Outdoor,Natural,1
2025-04-04,Outdoor,Shopping,1
2025-04-04,Religious,Cityscape,1
2025-04-04,Religious,Entertainment,3
2025-04-04,Religious,Natural,3
2025-04-04,Religious,Religious,9
2025-04-04,Religious,Shopping,2
2025-04-04,Religious,area,3
2025-04-04,School,Natural,1
2025-04-04,Shopping,Cityscape,1
2025-04-04,Shopping,Cultural,1
2025-04-04,Shopping,Entertainment,2
2025-04-04,Shopping,Hotel,1
2025-04-04,Shopping,Religious,1
2025-04-04,Shopping,Shopping,2
2025-04-04,Shopping,Transit,1
2025-04-04,Shopping,area,2
2025-04-04,Transit,Cityscape,2
2025-04-04,Transit,Cultural,2
2025-04-04,Transit,Dining,1
2025-04-04,Transit,Entertainment,3
2025-04-04,Transit,Natural,1
2025-04-04,Transit,Religious,2
2025-04-04,Transit,area,5
2025-04-04,area,Cityscape,11
2025-04-04,area,Dining,2
2025-04-04,area,Entertainment,7
2025-04-04,area,Outdoor,1
2025-04-04,area,Religious,4
2025-04-04,area,Shopping,3
2025-04-04,area,Transit,1
2025-04-04,area,area,1
2025-04-05,Cityscape,Cityscape,4
2025-04-05,Cityscape,Cultural,4
2025-04-05,Cityscape,Entertainment,11
2025-04-05,Cityscape,Natural,2
2025-04-05,Cityscape,Religious,3
2025-04-05,Cityscape,Shopping,1
2025-04-05,Cityscape,Transit,1
2025-04-05,Cityscape,area,5
2025-04-05,Cultural,Cityscape,1
2025-04-05,Cultural,Cultural,3
2025-04-05,Cultural,Entertainment,2
2025-04-05,Cultural,Natural,1
2025-04-05,Cultural,Shopping,2
2025-04-05,Cultural,area,4
2025-04-05,Dining,Cultural,1
2025-04-05,Dining,Dining,2
2025-04-05,Dining,Transit,1
2025-04-05,Dining,area,2
2025-04-05,Entertainment,Cityscape,13
2025-04-05,Entertainment,Cultural,2
2025-04-05,Entertainment,Dining,2
2025-04-05,Entertainment,Entertainment,19
2025-04-05,Entertainment,Hotel,1
2025-04-05,Entertainment,Natural,6
2025-04-05,Entertainment,Outdoor,1
2025-04-05,Entertainment,Shopping,2
2025-04-05,Entertainment,Transit,7
2025-04-05,Entertainment,area,6
2025-04-05,Hotel,Entertainment,1
2025-04-05,Natural,Cityscape,2
2025-04-05,Natural,Cultural,1
2025-04-05,Natural,Entertainment,7
2025-04-05,Natural,Natural,1
2025-04-05,Natural,Outdoor,3
2025-04-05,Natural,Religious,1
2025-04-05,Natural,area,2
2025-04-05,Outdoor,Cityscape,1
2025-04-05,Outdoor,Natural,2
2025-04-05,Outdoor,area,1
2025-04-05,Religious,Cityscape,2
2025-04-05,Religious,Natural,2
2025-04-05,Religious,Outdoor,1
2025-04-05,Religious,Religious,3
2025-04-05,Religious,Transit,1
2025-04-05,Religious,area,4
2025-04-05,Shopping,Cityscape,3
2025-04-05,Shopping,Cultural,1
2025-04-05,Shopping,Entertainment,1
2025-04-05,Shopping,Natural,1
2025-04-05,Shopping,Religious,1
2025-04-05,Shopping,Shopping,1
2025-04-05,Shopping,area,1
2025-04-05,Transit,Cityscape,3
2025-04-05,Transit,Cultural,3
2025-04-05,Transit,Dining,1
2025-04-05,Transit,Entertainment,7
2025-04-05,Transit,Natural,1
2025-04-05,Transit,Outdoor,1
2025-04-05,Transit,Religious,1
2025-04-05,Transit,Shopping,1
2025-04-05,Transit,Transit,2
2025-04-05,Transit,area,3
2025-04-05,area,Cityscape,3
2025-04-05,area,Dining,1
2025-04-05,area,Entertainment,6
2025-04-05,area,Hotel,1
2025-04-05,area,Natural,6
2025-04-05,area,Religious,2
2025-04-05,area,Shopping,3
2025-04-05,area,Transit,5
2025-04-05,area,area,6
2025-04-06,Cityscape,Cityscape,5
2025-04-06,Cityscape,Cultural,1
2025-04-06,Cityscape,Entertainment,6
2025-04-06,Cityscape,Natural,2
2025-04-06,Cityscape,Religious,2
2025-04-06,Cityscape,Shopping,1
2025-04-06,Cityscape,area,1
2025-04-06,Cultural,Cityscape,2
2025-04-06,Cultural,Natural,1
2025-04-06,Cultural,Religious,1
2025-04-06,Dining,Cityscape,1
2025-04-06,Dining,area,1
2025-04-06,Entertainment,Cityscape,5
2025-04-06,Entertainment,Dining,1
2025-04-06,Entertainment,Entertainment,16
2025-04-06,Entertainment,Hotel,1
2025-04-06,Entertainment,Natural,4
2025-04-06,Entertainment,Outdoor,1
2025-04-06,Entertainment,Religious,1
2025-04-06,Entertainment,Shopping,1
2025-04-06,Entertainment,Transit,2
2025-04-06,Entertainment,area,2
2025-04-06,Hotel,Cityscape,1
2025-04-06,Natural,Cityscape,3
2025-04-06,Natural,Cultural,2
2025-04-06,Natural,Entertainment,6
2025-04-06,Natural,Natural,1
2025-04-06,Natural,Religious,3
2025-04-06,Natural,area,3
2025-04-06,Outdoor,Entertainment,1
2025-04-06,Outdoor,Natural,1
2025-04-06,Religious,Cityscape,2
2025-04-06,Religious,Entertainment,1
2025-04-06,Religious,Natural,6
2025-04-06,Religious,Outdoor,1
2025-04-06,Religious,Religious,5
2025-04-06,Religious,Shopping,1
2025-04-06,Religious,Transit,1
2025-04-06,Religious,area,2
2025-04-06,Shopping,Cityscape,1
2025-04-06,Shopping,Religious,2
2025-04-06,Shopping,area,1
2025-04-06,Transit,Entertainment,6
2025-04-06,Transit,Natural,2
2025-04-06,Transit,Shopping,1
2025-04-06,Transit,Transit,2
2025-04-06,Transit,area,3
2025-04-06,area,Cityscape,1
2025-04-06,area,Dining,1
2025-04-06,area,Natural,3
2025-04-06,area,Outdoor,2
2025-04-06,area,Religious,1
2025-04-06,area,Shopping,1
2025-04-06,area,Transit,2
2025-04-06,area,area,1
2025-04-07,Cityscape,Cityscape,3
2025-04-07,Cityscape,Cultural,1
2025-04-07,Cityscape,Entertainment,7
2025-04-07,Cityscape,Natural,2
2025-04-07,Cityscape,Religious,2
2025-04-07,Cityscape,Shopping,1
2025-04-07,Cityscape,Transit,1
2025-04-07,Cityscape,area,2
2025-04-07,Cultural,Cityscape,1
2025-04-07,Cultural,Cultural,1
2025-04-07,Cultural,Dining,1
2025-04-07,Cultural,Shopping,1
2025-04-07,Cultural,Sport,1
2025-04-07,Cultural,area,1
2025-04-07,Dining,Cultural,1
2025-04-07,Dining,Dining,1
2025-04-07,Dining,Entertainment,2
2025-04-07,Entertainment,Cityscape,5
2025-04-07,Entertainment,Cultural,1
2025-04-07,Entertainment,Dining,2
2025-04-07,Entertainment,Entertainment,6
2025-04-07,Entertainment,Hotel,6
2025-04-07,Entertainment,Religious,4
2025-04-07,Entertainment,Shopping,1
2025-04-07,Entertainment,Transit,4
2025-04-07,Entertainment,area,3
2025-04-07,Hotel,Entertainment,7
2025-04-07,Natural,Cityscape,1
2025-04-07,Natural,Religious,1
2025-04-07,Natural,Shopping,1
2025-04-07,Outdoor,Natural,1
2025-04-07,Outdoor,Religious,1
2025-04-07,Religious,Entertainment,1
2025-04-07,Religious,Natural,2
2025-04-07,Religious,Outdoor,1
2025-04-07,Religious,Religious,14
2025-04-07,Religious,Transit,2
2025-04-07,Religious,area,1
2025-04-07,Shopping,Cityscape,1
2025-04-07,Shopping,Religious,1
2025-04-07,Transit,Cityscape,3
2025-04-07,Transit,Dining,1
2025-04-07,Transit,Entertainment,8
2025-04-07,Transit,Religious,1
2025-04-07,Transit,Transit,2
2025-04-07,Transit,area,1
2025-04-07,area,Cityscape,1
2025-04-07,area,Cultural,3
2025-04-07,area,Entertainment,2
2025-04-07,area,Natural,3
2025-04-07,area,area,1
2025-04-08,Cityscape,Cityscape,2
2025-04-08,Cityscape,Cultural,2
2025-04-08,Cityscape,Dining,3
2025-04-08,Cityscape,Entertainment,6
2025-04-08,Cityscape,Natural,1
2025-04-08,Cityscape,Religious,1
2025-04-08,Cityscape,Shopping,1
2025-04-08,Cityscape,Transit,1
2025-04-08,Cityscape,area,2
2025-04-08,Cultural,Cityscape,2
2025-04-08,Cultural,Cultural,3
2025-04-08,Cultural,Dining,1
2025-04-08,Cultural,Entertainment,3
2025-04-08,Cultural,Natural,1
2025-04-08,Cultural,Transit,2
2025-04-08,Cultural,area,1
2025-04-08,Dining,Cultural,1
2025-04-08,Dining,Dining,2
2025-04-08,Dining,Entertainment,2
2025-04-08,Dining,Shopping,1
2025-04-08,Dining,Transit,1
2025-04-08,Dining,area,2
2025-04-08,Entertainment,Cityscape,8
2025-04-08,Entertainment,Cultural,4
2025-04-08,Entertainment,Dining,1
2025-04-08,Entertainment,Entertainment,16
2025-04-08,Entertainment,Hotel,3
2025-04-08,Entertainment,Natural,3
2025-04-08,Entertainment,Religious,1
2025-04-08,Entertainment,Shopping,1
2025-04-08,Entertainment,Transit,7
2025-04-08,Entertainment,area,1
2025-04-08,Hotel,Entertainment,3
2025-04-08,Natural,Cultural,1
2025-04-08,Natural,Entertainment,2
2025-04-08,Natural,Outdoor,1
2025-04-08,Natural,Religious,4
2025-04-08,Natural,area,2
2025-04-08,Outdoor,Entertainment,1
2025-04-08,Outdoor,Natural,1
2025-04-08,Religious,Cultural,2
2025-04-08,Religious,Entertainment,1
2025-04-08,Religious,Natural,1
2025-04-08,Religious,area,1
2025-04-08,Shopping,Cityscape,4
2025-04-08,Shopping,Entertainment,1
2025-04-08,Shopping,Shopping,1
2025-04-08,Shopping,Transit,1
2025-04-08,Shopping,area,1
2025-04-08,Transit,Cityscape,1
2025-04-08,Transit,Dining,1
2025-04-08,Transit,Entertainment,10
2025-04-08,Transit,Natural,2
2025-04-08,Transit,area,1
2025-04-08,area,Cityscape,1
2025-04-08,area,Cultural,2
2025-04-08,area,Dining,1
2025-04-08,area,Natural,2
2025-04-08,area,Religious,1
2025-04-08,area,Shopping,4
2025-04-08,area,area,3
2025-04-09,Cityscape,Cityscape,3
2025-04-09,Cityscape,Cultural,5
2025-04-09,Cityscape,Entertainment,16
2025-04-09,Cityscape,Natural,3
2025-04-09,Cityscape,Religious,2
2025-04-09,Cityscape,Shopping,4
2025-04-09,Cityscape,Sport,2
2025-04-09,Cityscape,Transit,1
2025-04-09,Cityscape,area,5
2025-04-09,Cultural,Cityscape,5
2025-04-09,Cultural,Cultural,3
2025-04-09,Cultural,Entertainment,3
2025-04-09,Cultural,Religious,1
2025-04-09,Cultural,Transit,1
2025-04-09,Cultural,area,1
2025-04-09,Dining,Cityscape,1
2025-04-09,Dining,Transit,1
2025-04-09,Entertainment,Cityscape,14
2025-04-09,Entertainment,Cultural,2
2025-04-09,Entertainment,Dining,2
2025-04-09,Entertainment,Entertainment,44
2025-04-09,Entertainment,Hotel,1
2025-04-09,Entertainment,Natural,2
2025-04-09,Entertainment,Religious,2
2025-04-09,Entertainment,Shopping,3
2025-04-09,Entertainment,Transit,2
2025-04-09,Entertainment,area,4
2025-04-09,Hotel,Cityscape,1
2025-04-09,Hotel,Entertainment,1
2025-04-09,Hotel,Natural,1
2025-04-09,Natural,Cityscape,1
2025-04-09,Natural,Cultural,1
2025-04-09,Natural,Natural,1
2025-04-09,Natural,Religious,4
2025-04-09,Natural,Transit,3
2025-04-09,Religious,Cityscape,3
2025-04-09,Religious,Dining,1
2025-04-09,Religious,Entertainment,3
2025-04-09,Religious,Natural,4
2025-04-09,Religious,Religious,4
2025-04-09,Religious,Shopping,2
2025-04-09,Religious,area,3
2025-04-09,Shopping,Cityscape,3
2025-04-09,Shopping,Entertainment,1
2025-04-09,Shopping,Religious,1
2025-04-09,Shopping,Shopping,2
2025-04-09,Shopping,Transit,1
2025-04-09,Shopping,area,4
2025-04-09,Sport,Cityscape,2
2025-04-09,Transit,Cityscape,2
2025-04-09,Transit,Cultural,2
2025-04-09,Transit,Entertainment,8
2025-04-09,Transit,Hotel,2
2025-04-09,Transit,Natural,2
2025-04-09,Transit,Outdoor,1
2025-04-09,Transit,Religious,1
2025-04-09,Transit,Transit,3
2025-04-09,Transit,area,4
2025-04-09,area,Cityscape,2
2025-04-09,area,Entertainment,4
2025-04-09,area,Hotel,1
2025-04-09,area,Natural,1
2025-04-09,area,Religious,6
2025-04-09,area,Shopping,4
2025-04-09,area,Transit,5
2025-04-09,area,area,8
2025-04-10,Cityscape,Cityscape,6
2025-04-10,Cityscape,Cultural,2
2025-04-10,Cityscape,Dining,1
2025-04-10,Cityscape,Entertainment,8
2025-04-10,Cityscape,Outdoor,1
2025-04-10,Cityscape,Transit,2
2025-04-10,Cityscape,area,5
2025-04-10,Cultural,Entertainment,1
2025-04-10,Cultural,Transit,1
2025-04-10,Cultural,area,2
2025-04-10,Dining,Dining,2
2025-04-10,Dining,area,2
2025-04-10,Entertainment,Cityscape,9
2025-04-10,Entertainment,Entertainment,28
2025-04-10,Entertainment,Hotel,2
2025-04-10,Entertainment,Natural,1
2025-04-10,Entertainment,Shopping,1
2025-04-10,Entertainment,Transit,3
2025-04-10,Entertainment,area,2
2025-04-10,Hotel,Entertainment,1
2025-04-10,Natural,Entertainment,3
2025-04-10,Natural,Natural,1
2025-04-10,Natural,Religious,1
2025-04-10,Natural,Transit,1
2025-04-10,Natural,area,4
2025-04-10,Outdoor,Cityscape,1
2025-04-10,Outdoor,Natural,1
2025-04-10,Religious,Cityscape,1
2025-04-10,Religious,Natural,1
2025-04-10,Religious,Religious,1
2025-04-10,Religious,area,1
2025-04-10,Shopping,Cityscape,2
2025-04-10,Shopping,Entertainment,1
2025-04-10,Transit,Cityscape,4
2025-04-10,Transit,Entertainment,4
2025-04-10,Transit,Natural,1
2025-04-10,Transit,Shopping,1
2025-04-10,Transit,Sport,1
2025-04-10,Transit,area,1
2025-04-10,area,Cityscape,1
2025-04-10,area,Cultural,2
2025-04-10,area,Dining,3
2025-04-10,area,Entertainment,3
2025-04-10,area,Natural,4
2025-04-10,area,Religious,2
2025-04-10,area,Shopping,1
2025-04-10,area,area,8
2025-04-11,Cityscape,Cityscape,1
2025-04-11,Cityscape,Cultural,3
2025-04-11,Cityscape,Entertainment,3
2025-04-11,Cityscape,Natural,2
2025-04-11,Cityscape,Outdoor,1
2025-04-11,Cityscape,Shopping,1
2025-04-11,Cityscape,Transit,1
2025-04-11,Cityscape,area,2
2025-04-11,Cultural,Cityscape,1
2025-04-11,Cultural,Religious,1
2025-04-11,Cultural,Transit,1
2025-04-11,Dining,Dining,4
2025-04-11,Dining,Transit,1
2025-04-11,Dining,area,1
2025-04-11,Entertainment,Cityscape,5
2025-04-11,Entertainment,Entertainment,16
2025-04-11,Entertainment,Hotel,4
2025-04-11,Entertainment,Natural,1
2025-04-11,Entertainment,Shopping,1
2025-04-11,Entertainment,Transit,2
2025-04-11,Entertainment,area,1
2025-04-11,Hotel,Entertainment,3
2025-04-11,Hotel,Hotel,3
2025-04-11,Hotel,area,1
2025-04-11,Natural,Entertainment,1
2025-04-11,Natural,Natural,1
2025-04-11,Natural,Outdoor,2
2025-04-11,Natural,Religious,2
2025-04-11,Natural,Transit,1
2025-04-11,Natural,area,3
2025-04-11,Outdoor,Cultural,1
2025-04-11,Outdoor,Religious,1
2025-04-11,Outdoor,area,1
2025-04-11,Religious,Cultural,1
2025-04-11,Religious,Entertainment,1
2025-04-11,Religious,Natural,1
2025-04-11,Religious,Religious,1
2025-04-11,Religious,area,3
2025-04-11,Shopping,Cityscape,1
2025-04-11,Shopping,Cultural,1
2025-04-11,Shopping,Entertainment,1
2025-04-11,Shopping,Shopping,1
2025-04-11,Shopping,area,1
2025-04-11,Transit,Entertainment,8
2025-04-11,Transit,Natural,3
2025-04-11,Transit,Religious,2
2025-04-11,Transit,area,2
2025-04-11,area,Cityscape,2
2025-04-11,area,Dining,1
2025-04-11,area,Entertainment,4
2025-04-11,area,Natural,2
2025-04-11,area,Outdoor,1
2025-04-11,area,Religious,2
2025-04-11,area,Transit,1
2025-04-11,area,area,8
2025-04-12,Cityscape,Cityscape,9
2025-04-12,Cityscape,Cultural,3
2025-04-12,Cityscape,Entertainment,7
2025-04-12,Cityscape,Natural,1
2025-04-12,Cityscape,Religious,2
2025-04-12,Cityscape,Shopping,1
2025-04-12,Cityscape,Transit,2
2025-04-12,Cityscape,area,3
2025-04-12,Cultural,Cityscape,2
2025-04-12,Cultural,Cultural,5
2025-04-12,Cultural,Entertainment,3
2025-04-12,Cultural,Natural,1
2025-04-12,Cultural,Shopping,3
2025-04-12,Cultural,Transit,1
2025-04-12,Dining,Cityscape,2
2025-04-12,Dining,Dining,1
2025-04-12,Dining,Shopping,1
2025-04-12,Entertainment,Cityscape,2
2025-04-12,Entertainment,Cultural,3
2025-04-12,Entertainment,Dining,1
2025-04-12,Entertainment,Entertainment,16
2025-04-12,Entertainment,Hotel,1
2025-04-12,Entertainment,Natural,7
2025-04-12,Entertainment,Shopping,1
2025-04-12,Entertainment,Transit,6
2025-04-12,Entertainment,area,9
2025-04-12,Hotel,Shopping,1
2025-04-12,Hotel,Transit,1
2025-04-12,Natural,Cityscape,3
2025-04-12,Natural,Cultural,1
2025-04-12,Natural,Dining,1
2025-04-12,Natural,Entertainment,2
2025-04-12,Natural,Outdoor,2
2025-04-12,Natural,Religious,10
2025-04-12,Natural,Shopping,1
2025-04-12,Natural,Transit,1
2025-04-12,Natural,area,1
2025-04-12,Outdoor,Natural,1
2025-04-12,Outdoor,Religious,2
2025-04-12,Religious,Cityscape,1
2025-04-12,Religious,Cultural,1
2025-04-12,Religious,Entertainment,3
2025-04-12,Religious,Natural,5
2025-04-12,Religious,Religious,8
2025-04-12,Religious,Shopping,2
2025-04-12,Religious,Transit,1
2025-04-12,Religious,area,3
2025-04-12,Shopping,Cityscape,2
2025-04-12,Shopping,Cultural,3
2025-04-12,Shopping,Dining,1
2025-04-12,Shopping,Entertainment,2
2025-04-12,Shopping,Natural,1
2025-04-12,Shopping,Shopping,1
2025-04-12,Transit,Cityscape,1
2025-04-12,Transit,Cultural,1
2025-04-12,Transit,Entertainment,12
2025-04-12,Transit,Natural,3
2025-04-12,Transit,Religious,2
2025-04-12,Transit,Transit,3
2025-04-12,Transit,area,3
2025-04-12,area,Cityscape,4
2025-04-12,area,Entertainment,3
2025-04-12,area,Natural,3
2025-04-12,area,Outdoor,1
2025-04-12,area,Religious,3
2025-04-12,area,Shopping,3
2025-04-12,area,Transit,1
2025-04-12,area,area,6
2025-04-13,Cityscape,Cityscape,1
2025-04-13,Cityscape,Cultural,3
2025-04-13,Cityscape,Dining,1
2025-04-13,Cityscape,Entertainment,4
2025-04-13,Cityscape,Natural,1
2025-04-13,Cityscape,Shopping,2
2025-04-13,Cityscape,Transit,2
2025-04-13,Cultural,Cityscape,3
2025-04-13,Cultural,Entertainment,2
2025-04-13,Dining,Dining,2
2025-04-13,Dining,Entertainment,1
2025-04-13,Dining,Religious,1
2025-04-13,Dining,area,1
2025-04-13,Entertainment,Cityscape,5
2025-04-13,Entertainment,Cultural,1
2025-04-13,Entertainment,Entertainment,21
2025-04-13,Entertainment,Hotel,1
2025-04-13,Entertainment,Natural,1
2025-04-13,Entertainment,Transit,2
2025-04-13,Entertainment,area,3
2025-04-13,Hotel,Entertainment,1
2025-04-13,Natural,Cityscape,1
2025-04-13,Natural,Entertainment,2
2025-04-13,Natural,Outdoor,1
2025-04-13,Natural,Religious,1
2025-04-13,Natural,area,1
2025-04-13,Outdoor,Natural,3
2025-04-13,Outdoor,Transit,1
2025-04-13,Outdoor,area,1
2025-04-13,Religious,Cultural,1
2025-04-13,Religious,Natural,2
2025-04-13,Religious,Shopping,2
2025-04-13,Religious,area,1
2025-04-13,Shopping,Cityscape,2
2025-04-13,Shopping,Religious,2
2025-04-13,Transit,Cityscape,3
2025-04-13,Transit,Entertainment,4
2025-04-13,Transit,Natural,1
2025-04-13,Transit,Religious,1
2025-04-13,area,Cityscape,2
2025-04-13,area,Cultural,1
2025-04-13,area,Entertainment,1
2025-04-13,area,Outdoor,1
2025-04-13,area,Religious,1
2025-04-13,area,Transit,4
2025-04-13,area,area,6
2025-04-14,Cityscape,Cityscape,2
2025-04-14,Cityscape,Cultural,1
2025-04-14,Cityscape,Dining,2
2025-04-14,Cityscape,Entertainment,5
2025-04-14,Cityscape,Hotel,2
2025-04-14,Cityscape,Natural,3
2025-04-14,Cityscape,Religious,1
2025-04-14,Cityscape,Shopping,2
2025-04-14,Cityscape,area,1
2025-04-14,Cultural,Cityscape,3
2025-04-14,Cultural,Cultural,2
2025-04-14,Cultural,Entertainment,3
2025-04-14,Cultural,Natural,1
2025-04-14,Dining,Cityscape,1
2025-04-14,Dining,Dining,4
2025-04-14,Dining,Entertainment,2
2025-04-14,Dining,Shopping,1
2025-04-14,Dining,Transit,1
2025-04-14,Dining,area,1
2025-04-14,Entertainment,Cityscape,7
2025-04-14,Entertainment,Cultural,1
2025-04-14,Entertainment,Dining,1
2025-04-14,Entertainment,Entertainment,14
2025-04-14,Entertainment,Natural,1
2025-04-14,Entertainment,Religious,3
2025-04-14,Entertainment,Shopping,1
2025-04-14,Entertainment,Transit,2
2025-04-14,Entertainment,area,3
2025-04-14,Hotel,Cityscape,1
2025-04-14,Hotel,Entertainment,1
2025-04-14,Hotel,area,1
2025-04-14,Natural,Cityscape,1
2025-04-14,Natural,Entertainment,2
2025-04-14,Natural,Natural,1
2025-04-14,Natural,Religious,1
2025-04-14,Natural,area,3
2025-04-14,Outdoor,Entertainment,1
2025-04-14,Outdoor,Religious,1
2025-04-14,Outdoor,area,1
2025-04-14,Religious,Cityscape,1
2025-04-14,Religious,Cultural,1
2025-04-14,Religious,Entertainment,2
2025-04-14,Religious,Natural,2
2025-04-14,Religious,Outdoor,2
2025-04-14,Religious,Religious,1
2025-04-14,Religious,Shopping,2
2025-04-14,Religious,area,1
2025-04-14,Shopping,Cityscape,3
2025-04-14,Shopping,Transit,2
2025-04-14,Transit,Cityscape,3
2025-04-14,Transit,Entertainment,1
2025-04-14,Transit,Hotel,1
2025-04-14,Transit,Shopping,1
2025-04-14,Transit,area,1
2025-04-14,area,Cityscape,2
2025-04-14,area,Entertainment,1
2025-04-14,area,Natural,1
2025-04-14,area,Religious,3
2025-04-14,area,Transit,1
2025-04-14,area,area,8
2025-04-15,Cityscape,Cityscape,6
2025-04-15,Cityscape,Cultural,4
2025-04-15,Cityscape,Dining,1
2025-04-15,Cityscape,Entertainment,9
2025-04-15,Cityscape,Natural,1
2025-04-15,Cityscape,Religious,2
2025-04-15,Cityscape,Shopping,2
2025-04-15,Cityscape,Transit,1
2025-04-15,Cityscape,area,2
2025-04-15,Cultural,Cityscape,2
2025-04-15,Cultural,Cultural,2
2025-04-15,Cultural,Entertainment,1
2025-04-15,Cultural,Religious,1
2025-04-15,Cultural,Shopping,1
2025-04-15,Cultural,Transit,1
2025-04-15,Cultural,area,2
2025-04-15,Dining,Cityscape,1
2025-04-15,Dining,Dining,1
2025-04-15,Dining,Entertainment,1
2025-04-15,Dining,Transit,1
2025-04-15,Dining,area,1
2025-04-15,Entertainment,Cityscape,6
2025-04-15,Entertainment,Cultural,2
2025-04-15,Entertainment,Dining,1
2025-04-15,Entertainment,Entertainment,21
2025-04-15,Entertainment,Hotel,1
2025-04-15,Entertainment,Religious,2
2025-04-15,Entertainment,Shopping,1
2025-04-15,Entertainment,Transit,5
2025-04-15,Hotel,Cityscape,1
2025-04-15,Hotel,Entertainment,1
2025-04-15,Natural,Cityscape,2
2025-04-15,Natural,Entertainment,2
2025-04-15,Natural,Natural,3
2025-04-15,Natural,Outdoor,2
2025-04-15,Natural,Religious,1
2025-04-15,Natural,area,1
2025-04-15,Outdoor,Natural,2
2025-04-15,Outdoor,Outdoor,5
2025-04-15,Outdoor,area,1
2025-04-15,Religious,Cityscape,3
2025-04-15,Religious,Cultural,1
2025-04-15,Religious,Dining,2
2025-04-15,Religious,Entertainment,3
2025-04-15,Religious,Religious,5
2025-04-15,Religious,area,1
2025-04-15,Shopping,Cityscape,3
2025-04-15,Shopping,Cultural,1
2025-04-15,Transit,Cityscape,3
2025-04-15,Transit,Cultural,1
2025-04-15,Transit,Dining,1
2025-04-15,Transit,Entertainment,1
2025-04-15,Transit,Religious,1
2025-04-15,Transit,Shopping,1
2025-04-15,area,Cityscape,1
2025-04-15,area,Hotel,1
2025-04-15,area,Natural,4
2025-04-15,area,Outdoor,1
2025-04-15,area,Shopping,2
2025-04-15,area,Transit,1
2025-04-15,area,area,1
2025-04-16,Cityscape,Cityscape,5
2025-04-16,Cityscape,Entertainment,1
2025-04-16,Cityscape,Religious,2
2025-04-16,Cityscape,Shopping,2
2025-04-16,Cityscape,Transit,3
2025-04-16,Cityscape,area,2
2025-04-16,Cultural,Cultural,1
2025-04-16,Cultural,Entertainment,1
2025-04-16,Cultural,Natural,1
2025-04-16,Cultural,Shopping,1
2025-04-16,Cultural,area,1
2025-04-16,Dining,Entertainment,2
2025-04-16,Dining,Shopping,1
2025-04-16,Entertainment,Cityscape,2
2025-04-16,Entertainment,Cultural,1
2025-04-16,Entertainment,Entertainment,13
2025-04-16,Entertainment,Hotel,7
2025-04-16,Entertainment,Natural,2
2025-04-16,Entertainment,Religious,3
2025-04-16,Entertainment,Shopping,2
2025-04-16,Entertainment,Transit,5
2025-04-16,Entertainment,area,2
2025-04-16,Hotel,Dining,1
2025-04-16,Hotel,Entertainment,7
2025-04-16,Hotel,Transit,1
2025-04-16,Natural,Cityscape,1
2025-04-16,Natural,Natural,1
2025-04-16,Natural,Outdoor,2
2025-04-16,Natural,Religious,2
2025-04-16,Natural,area,3
2025-04-16,Outdoor,Outdoor,1
2025-04-16,Outdoor,Religious,1
2025-04-16,Religious,Cityscape,1
2025-04-16,Religious,Cultural,1
2025-04-16,Religious,Entertainment,3
2025-04-16,Religious,Religious,7
2025-04-16,Religious,Shopping,2
2025-04-16,Religious,area,6
2025-04-16,Shopping,Cityscape,1
2025-04-16,Shopping,Entertainment,3
2025-04-16,Shopping,Transit,2
2025-04-16,Transit,Cityscape,1
2025-04-16,Transit,Entertainment,8
2025-04-16,Transit,Hotel,1
2025-04-16,Transit,Religious,1
2025-04-16,Transit,area,1
2025-04-16,area,Cityscape,4
2025-04-16,area,Cultural,3
2025-04-16,area,Dining,1
2025-04-16,area,Entertainment,3
2025-04-16,area,Hotel,1
2025-04-16,area,Natural,4
2025-04-16,area,Religious,3
2025-04-16,area,Transit,2
2025-04-16,area,area,6
2025-04-17,Cityscape,Cityscape,2
2025-04-17,Cityscape,Cultural,2
2025-04-17,Cityscape,Dining,1
2025-04-17,Cityscape,Entertainment,5
2025-04-17,Cityscape,Outdoor,1
2025-04-17,Cityscape,Religious,2
2025-04-17,Cityscape,Shopping,2
2025-04-17,Cityscape,Transit,2
2025-04-17,Cityscape,area,3
2025-04-17,Cultural,Cityscape,3
2025-04-17,Cultural,Dining,1
2025-04-17,Cultural,Entertainment,1
2025-04-17,Cultural,Natural,1
2025-04-17,Cultural,Religious,1
2025-04-17,Cultural,Shopping,1
2025-04-17,Cultural,area,2
2025-04-17,Dining,Cityscape,2
2025-04-17,Dining,Dining,4
2025-04-17,Dining,Entertainment,1
2025-04-17,Dining,Hotel,1
2025-04-17,Dining,area,1
2025-04-17,Entertainment,Cityscape,2
2025-04-17,Entertainment,Cultural,2
2025-04-17,Entertainment,Entertainment,18
2025-04-17,Entertainment,Hotel,2
2025-04-17,Entertainment,Natural,1
2025-04-17,Entertainment,Shopping,1
2025-04-17,Entertainment,Transit,1
2025-04-17,Hotel,Cityscape,1
2025-04-17,Hotel,Cultural,1
2025-04-17,Hotel,Entertainment,2
2025-04-17,Natural,Cultural,1
2025-04-17,Natural,Dining,1
2025-04-17,Natural,Entertainment,2
2025-04-17,Natural,Natural,3
2025-04-17,Natural,Outdoor,1
2025-04-17,Natural,area,1
2025-04-17,Outdoor,Religious,1
2025-04-17,Religious,Cityscape,1
2025-04-17,Religious,Cultural,3
2025-04-17,Religious,Dining,1
2025-04-17,Religious,Entertainment,1
2025-04-17,Religious,Natural,3
2025-04-17,Religious,Religious,3
2025-04-17,Shopping,Cityscape,2
2025-04-17,Shopping,Entertainment,1
2025-04-17,Shopping,Hotel,1
2025-04-17,Shopping,Religious,1
2025-04-17,Shopping,Shopping,1
2025-04-17,Shopping,area,1
2025-04-17,Transit,Cityscape,1
2025-04-17,Transit,Entertainment,2
2025-04-17,Transit,Hotel,1
2025-04-17,Transit,Natural,2
2025-04-17,Transit,Religious,1
2025-04-17,Transit,Shopping,1
2025-04-17,Transit,area,2
2025-04-17,area,Cityscape,3
2025-04-17,area,Cultural,1
2025-04-17,area,Dining,1
2025-04-17,area,Entertainment,1
2025-04-17,area,Natural,1
2025-04-17,area,Shopping,1
2025-04-17,area,Transit,1
2025-04-17,area,area,7
2025-04-18,Cityscape,Cityscape,6
2025-04-18,Cityscape,Cultural,3
2025-04-18,Cityscape,Dining,1
2025-04-18,Cityscape,Entertainment,8
2025-04-18,Cityscape,Natural,1
2025-04-18,Cityscape,Outdoor,1
2025-04-18,Cityscape,Shopping,1
2025-04-18,Cityscape,Transit,1
2025-04-18,Cityscape,area,1
2025-04-18,Cultural,Cityscape,1
2025-04-18,Cultural,Entertainment,2
2025-04-18,Cultural,Religious,1
2025-04-18,Cultural,Shopping,1
2025-04-18,Cultural,area,1
2025-04-18,Dining,Entertainment,1
2025-04-18,Entertainment,Cityscape,5
2025-04-18,Entertainment,Cultural,1
2025-04-18,Entertainment,Dining,2
2025-04-18,Entertainment,Entertainment,22
2025-04-18,Entertainment,Natural,6
2025-04-18,Entertainment,Religious,1
2025-04-18,Entertainment,Transit,1
2025-04-18,Entertainment,area,2
2025-04-18,Hotel,Cityscape,1
2025-04-18,Hotel,Hotel,1
2025-04-18,Natural,Cultural,1
2025-04-18,Natural,Entertainment,3
2025-04-18,Natural,Outdoor,1
2025-04-18,Natural,Religious,4
2025-04-18,Natural,Transit,1
2025-04-18,Natural,area,2
2025-04-18,Outdoor,Religious,1
2025-04-18,Religious,Cityscape,2
2025-04-18,Religious,Entertainment,1
2025-04-18,Religious,Natural,3
2025-04-18,Religious,Outdoor,1
2025-04-18,Religious,Religious,3
2025-04-18,Shopping,Entertainment,1
2025-04-18,Shopping,Hotel,1
2025-04-18,Shopping,Transit,1
2025-04-18,Transit,Cityscape,3
2025-04-18,Transit,Cultural,1
2025-04-18,Transit,Entertainment,8
2025-04-18,Transit,Hotel,1
2025-04-18,Transit,Natural,1
2025-04-18,Transit,Religious,1
2025-04-18,area,Cityscape,3
2025-04-18,area,Cultural,2
2025-04-18,area,Natural,1
2025-04-18,area,Religious,1
2025-04-18,area,Transit,1
2025-04-18,area,area,1
2025-04-19,Cityscape,Cityscape,4
2025-04-19,Cityscape,Cultural,2
2025-04-19,Cityscape,Entertainment,9
2025-04-19,Cityscape,Shopping,1
2025-04-19,Cityscape,area,5
2025-04-19,Cultural,Cityscape,2
2025-04-19,Cultural,Cultural,1
2025-04-19,Cultural,Dining,1
2025-04-19,Cultural,Entertainment,1
2025-04-19,Dining,Dining,3
2025-04-19,Dining,Entertainment,2
2025-04-19,Dining,area,3
2025-04-19,Entertainment,Cityscape,6
2025-04-19,Entertainment,Cultural,1
2025-04-19,Entertainment,Dining,3
2025-04-19,Entertainment,Entertainment,8
2025-04-19,Entertainment,Hotel,1
2025-04-19,Entertainment,Natural,3
2025-04-19,Entertainment,Religious,2
2025-04-19,Entertainment,Shopping,3
2025-04-19,Entertainment,area,4
2025-04-19,Hotel,Entertainment,1
2025-04-19,Hotel,Religious,1
2025-04-19,Natural,Cityscape,1
2025-04-19,Natural,Cultural,2
2025-04-19,Natural,Entertainment,3
2025-04-19,Natural,Religious,2
2025-04-19,Natural,area,1
2025-04-19,Outdoor,Religious,1
2025-04-19,Religious,Dining,1
2025-04-19,Religious,Entertainment,1
2025-04-19,Religious,Natural,1
2025-04-19,Religious,Outdoor,1
2025-04-19,Religious,Religious,4
2025-04-19,Religious,Shopping,1
2025-04-19,Shopping,Cityscape,4
2025-04-19,Shopping,Entertainment,2
2025-04-19,Shopping,Shopping,1
2025-04-19,Shopping,area,1
2025-04-19,Transit,Cityscape,1
2025-04-19,Transit,Cultural,1
2025-04-19,Transit,Entertainment,6
2025-04-19,Transit,Hotel,1
2025-04-19,Transit,Shopping,1
2025-04-19,Transit,area,3
2025-04-19,area,Cityscape,1
2025-04-19,area,Cultural,1
2025-04-19,area,Entertainment,5
2025-04-19,area,Natural,1
2025-04-19,area,Religious,2
2025-04-19,area,Shopping,1
2025-04-19,area,Transit,2
2025-04-19,area,area,5
2025-04-20,Cityscape,Cityscape,9
2025-04-20,Cityscape,Entertainment,6
2025-04-20,Cityscape,Natural,2
2025-04-20,Cityscape,Religious,2
2025-04-20,Cityscape,Transit,1
2025-04-20,Cityscape,area,1
2025-04-20,Cultural,Cityscape,4
2025-04-20,Cultural,Cultural,2
2025-04-20,Cultural,Entertainment,5
2025-04-20,Cultural,Natural,2
2025-04-20,Cultural,area,3
2025-04-20,Dining,Cityscape,1
2025-04-20,Dining,Cultural,1
2025-04-20,Dining,Dining,4
2025-04-20,Dining,Entertainment,2
2025-04-20,Dining,Natural,1
2025-04-20,Dining,Transit,1
2025-04-20,Dining,area,1
2025-04-20,Entertainment,Cityscape,8
2025-04-20,Entertainment,Cultural,4
2025-04-20,Entertainment,Dining,1
2025-04-20,Entertainment,Entertainment,22
2025-04-20,Entertainment,Hotel,4
2025-04-20,Entertainment,Transit,4
2025-04-20,Entertainment,area,4
2025-04-20,Hotel,Entertainment,4
2025-04-20,Hotel,Religious,1
2025-04-20,Hotel,Transit,1
2025-04-20,Natural,Cityscape,2
2025-04-20,Natural,Cultural,1
2025-04-20,Natural,Entertainment,2
2025-04-20,Natural,Hotel,1
2025-04-20,Natural,Outdoor,1
2025-04-20,Natural,Religious,7
2025-04-20,Natural,Shopping,1
2025-04-20,Natural,area,2
2025-04-20,Outdoor,Natural,3
2025-04-20,Outdoor,Religious,1
2025-04-20,Outdoor,area,1
2025-04-20,Religious,Cultural,3
2025-04-20,Religious,Dining,1
2025-04-20,Religious,Hotel,1
2025-04-20,Religious,Natural,4
2025-04-20,Religious,Outdoor,1
2025-04-20,Religious,Religious,5
2025-04-20,Religious,Transit,1
2025-04-20,Religious,area,3
2025-04-20,Shopping,Cultural,1
2025-04-20,Shopping,Dining,1
2025-04-20,Shopping,Entertainment,1
2025-04-20,Transit,Cityscape,2
2025-04-20,Transit,Cultural,1
2025-04-20,Transit,Dining,1
2025-04-20,Transit,Entertainment,4
2025-04-20,Transit,Hotel,1
2025-04-20,Transit,Natural,4
2025-04-20,Transit,area,2
2025-04-20,area,Cityscape,1
2025-04-20,area,Cultural,2
2025-04-20,area,Dining,3
2025-04-20,area,Entertainment,3
2025-04-20,area,Natural,2
2025-04-20,area,Religious,2
2025-04-20,area,Shopping,1
2025-04-20,area,Transit,3
2025-04-20,area,area,1
2025-04-21,Cityscape,Cityscape,3
2025-04-21,Cityscape,Cultural,4
2025-04-21,Cityscape,Dining,1
2025-04-21,Cityscape,Entertainment,5
2025-04-21,Cityscape,Hotel,1
2025-04-21,Cityscape,Natural,3
2025-04-21,Cityscape,Religious,2
2025-04-21,Cityscape,Sport,1
2025-04-21,Cityscape,Transit,1
2025-04-21,Cultural,Cityscape,5
2025-04-21,Cultural,Cultural,2
2025-04-21,Cultural,Dining,1
2025-04-21,Cultural,Entertainment,3
2025-04-21,Cultural,Hotel,1
2025-04-21,Cultural,area,2
2025-04-21,Dining,Dining,2
2025-04-21,Dining,Entertainment,3
2025-04-21,Dining,Transit,1
2025-04-21,Dining,area,1
2025-04-21,Entertainment,Cityscape,5
2025-04-21,Entertainment,Dining,1
2025-04-21,Entertainment,Entertainment,12
2025-04-21,Entertainment,Hotel,1
2025-04-21,Entertainment,Natural,2
2025-04-21,Entertainment,Religious,1
2025-04-21,Entertainment,Transit,4
2025-04-21,Entertainment,area,1
2025-04-21,Hotel,Cityscape,1
2025-04-21,Hotel,Cultural,1
2025-04-21,Hotel,Transit,1
2025-04-21,Natural,Cityscape,1
2025-04-21,Natural,Entertainment,3
2025-04-21,Natural,Religious,2
2025-04-21,Natural,area,2
2025-04-21,Religious,Entertainment,1
2025-04-21,Religious,Natural,1
2025-04-21,Religious,Religious,2
2025-04-21,Shopping,Dining,1
2025-04-21,Sport,Natural,1
2025-04-21,Transit,Cityscape,6
2025-04-21,Transit,Cultural,4
2025-04-21,Transit,Dining,1
2025-04-21,Transit,Entertainment,4
2025-04-21,Transit,Natural,1
2025-04-21,Transit,Religious,2
2025-04-21,Transit,Transit,3
2025-04-21,Transit,area,2
2025-04-21,area,Cultural,3
2025-04-21,area,Dining,1
2025-04-21,area,Entertainment,2
2025-04-21,area,Natural,1
2025-04-21,area,Transit,2
2025-04-21,area,area,2
2025-04-22,Cityscape,Cityscape,11
2025-04-22,Cityscape,Cultural,1
2025-04-22,Cityscape,Dining,2
2025-04-22,Cityscape,Entertainment,2
2025-04-22,Cityscape,Religious,2
2025-04-22,Cityscape,Shopping,3
2025-04-22,Cityscape,Transit,1
2025-04-22,Cityscape,area,1
2025-04-22,Cultural,Cityscape,1
2025-04-22,Cultural,Entertainment,2
2025-04-22,Dining,Cityscape,1
2025-04-22,Dining,Dining,2
2025-04-22,Dining,Religious,1
2025-04-22,Dining,area,1
2025-04-22,Entertainment,Cityscape,4
2025-04-22,Entertainment,Dining,1
2025-04-22,Entertainment,Entertainment,21
2025-04-22,Entertainment,Natural,2
2025-04-22,Entertainment,Transit,7
2025-04-22,Entertainment,area,2
2025-04-22,Hotel,Cityscape,1
2025-04-22,Hotel,Hotel,1
2025-04-22,Hotel,area,1
2025-04-22,Natural,Outdoor,1
2025-04-22,Natural,Religious,1
2025-04-22,Natural,area,1
2025-04-22,Outdoor,Cityscape,1
2025-04-22,Outdoor,Natural,2
2025-04-22,Religious,Cityscape,3
2025-04-22,Religious,Entertainment,1
2025-04-22,Religious,Religious,3
2025-04-22,Shopping,Cityscape,2
2025-04-22,Shopping,area,1
2025-04-22,Transit,Cityscape,2
2025-04-22,Transit,Cultural,1
2025-04-22,Transit,Entertainment,6
2025-04-22,Transit,Hotel,2
2025-04-22,Transit,Outdoor,1
2025-04-22,Transit,area,2
2025-04-22,area,Cityscape,2
2025-04-22,area,Cultural,1
2025-04-22,area,Dining,1
2025-04-22,area,Entertainment,3
2025-04-22,area,Hotel,1
2025-04-22,area,area,2
2025-04-23,Cityscape,Cityscape,3
2025-04-23,Cityscape,Cultural,2
2025-04-23,Cityscape,Dining,2
2025-04-23,Cityscape,Entertainment,3
2025-04-23,Cityscape,Hotel,1
2025-04-23,Cityscape,Natural,4
2025-04-23,Cityscape,Outdoor,1
2025-04-23,Cityscape,Shopping,4
2025-04-23,Cityscape,area,8
2025-04-23,Cultural,Cityscape,2
2025-04-23,Cultural,Cultural,2
2025-04-23,Cultural,Entertainment,2
2025-04-23,Cultural,Natural,1
2025-04-23,Cultural,Shopping,2
2025-04-23,Cultural,area,2
2025-04-23,Dining,Cityscape,2
2025-04-23,Dining,Cultural,1
2025-04-23,Dining,Dining,5
2025-04-23,Dining,Shopping,2
2025-04-23,Dining,area,1
2025-04-23,Entertainment,Cityscape,7
2025-04-23,Entertainment,Cultural,1
2025-04-23,Entertainment,Dining,1
2025-04-23,Entertainment,Entertainment,16
2025-04-23,Entertainment,Hotel,3
2025-04-23,Entertainment,Natural,3
2025-04-23,Entertainment,Transit,4
2025-04-23,Entertainment,area,3
2025-04-23,Hotel,Entertainment,4
2025-04-23,Hotel,Hotel,2
2025-04-23,Natural,Cityscape,3
2025-04-23,Natural,Entertainment,2
2025-04-23,Natural,Natural,2
2025-04-23,Natural,Outdoor,2
2025-04-23,Natural,Religious,1
2025-04-23,Natural,Transit,2
2025-04-23,Natural,area,3
2025-04-23,Outdoor,Cityscape,1
2025-04-23,Outdoor,Natural,1
2025-04-23,Religious,Cityscape,1
2025-04-23,Religious,Religious,2
2025-04-23,Religious,Shopping,1
2025-04-23,Religious,area,2
2025-04-23,Shopping,Cityscape,4
2025-04-23,Shopping,Cultural,1
2025-04-23,Shopping,Dining,1
2025-04-23,Shopping,Entertainment,3
2025-04-23,Shopping,Hotel,1
2025-04-23,Shopping,Shopping,1
2025-04-23,Shopping,area,1
2025-04-23,Transit,Cityscape,1
2025-04-23,Transit,Dining,2
2025-04-23,Transit,Entertainment,5
2025-04-23,Transit,Natural,2
2025-04-23,Transit,Shopping,2
2025-04-23,Transit,Transit,2
2025-04-23,Transit,area,1
2025-04-23,area,Cityscape,3
2025-04-23,area,Cultural,1
2025-04-23,area,Dining,3
2025-04-23,area,Entertainment,4
2025-04-23,area,Natural,4
2025-04-23,area,Outdoor,1
2025-04-23,area,Religious,3
2025-04-23,area,Transit,3
2025-04-23,area,area,2
2025-04-24,Cityscape,Cityscape,6
2025-04-24,Cityscape,Cultural,3
2025-04-24,Cityscape,Dining,5
2025-04-24,Cityscape,Entertainment,5
2025-04-24,Cityscape,Natural,2
2025-04-24,Cityscape,Religious,1
2025-04-24,Cityscape,Shopping,4
2025-04-24,Cityscape,Transit,1
2025-04-24,Cityscape,area,1
2025-04-24,Cultural,Cityscape,3
2025-04-24,Cultural,Cultural,1
2025-04-24,Cultural,Entertainment,2
2025-04-24,Cultural,Transit,1
2025-04-24,Cultural,area,1
2025-04-24,Dining,Cityscape,3
2025-04-24,Dining,Cultural,1
2025-04-24,Dining,Dining,1
2025-04-24,Dining,Entertainment,1
2025-04-24,Dining,Shopping,2
2025-04-24,Dining,Transit,1
2025-04-24,Dining,area,1
2025-04-24,Entertainment,Cityscape,6
2025-04-24,Entertainment,Dining,1
2025-04-24,Entertainment,Entertainment,17
2025-04-24,Entertainment,Hotel,2
2025-04-24,Entertainment,Natural,2
2025-04-24,Entertainment,Religious,1
2025-04-24,Entertainment,Shopping,1
2025-04-24,Entertainment,Transit,8
2025-04-24,Entertainment,area,2
2025-04-24,Hotel,Entertainment,4
2025-04-24,Natural,Cityscape,1
2025-04-24,Natural,Entertainment,1
2025-04-24,Natural,Outdoor,3
2025-04-24,Natural,Religious,6
2025-04-24,Natural,Transit,1
2025-04-24,Outdoor,Cityscape,1
2025-04-24,Outdoor,Natural,3
2025-04-24,Outdoor,Religious,1
2025-04-24,Religious,Cityscape,2
2025-04-24,Religious,Entertainment,2
2025-04-24,Religious,Hotel,1
2025-04-24,Religious,Natural,7
2025-04-24,Religious,Outdoor,1
2025-04-24,Religious,Religious,3
2025-04-24,Religious,area,3
2025-04-24,Shopping,Cityscape,5
2025-04-24,Shopping,Dining,2
2025-04-24,Shopping,Entertainment,2
2025-04-24,Shopping,Shopping,1
2025-04-24,Transit,Cityscape,2
2025-04-24,Transit,Cultural,1
2025-04-24,Transit,Entertainment,8
2025-04-24,Transit,Natural,2
2025-04-24,Transit,Religious,2
2025-04-24,Transit,Shopping,1
2025-04-24,Transit,area,5
2025-04-24,area,Cityscape,1
2025-04-24,area,Dining,1
2025-04-24,area,Entertainment,4
2025-04-24,area,Hotel,1
2025-04-24,area,Natural,1
2025-04-24,area,Transit,1
2025-04-24,area,area,9
2025-04-25,Cityscape,Cityscape,7
2025-04-25,Cityscape,Cultural,1
2025-04-25,Cityscape,Entertainment,10
2025-04-25,Cityscape,Natural,3
2025-04-25,Cityscape,Outdoor,1
2025-04-25,Cityscape,Religious,1
2025-04-25,Cityscape,Shopping,1
2025-04-25,Cityscape,Transit,3
2025-04-25,Cityscape,area,1
2025-04-25,Cultural,Cityscape,2
2025-04-25,Cultural,Cultural,3
2025-04-25,Cultural,Dining,1
2025-04-25,Cultural,Entertainment,1
2025-04-25,Cultural,Natural,2
2025-04-25,Cultural,Religious,2
2025-04-25,Cultural,Transit,1
2025-04-25,Dining,Transit,1
2025-04-25,Dining,area,1
2025-04-25,Entertainment,Cityscape,5
2025-04-25,Entertainment,Cultural,3
2025-04-25,Entertainment,Entertainment,11
2025-04-25,Entertainment,Hotel,1
2025-04-25,Entertainment,Natural,3
2025-04-25,Entertainment,Shopping,1
2025-04-25,Entertainment,Transit,5
2025-04-25,Entertainment,area,1
2025-04-25,Hotel,Entertainment,2
2025-04-25,Natural,Cityscape,4
2025-04-25,Natural,Entertainment,1
2025-04-25,Natural,Outdoor,4
2025-04-25,Natural,Religious,2
2025-04-25,Natural,Shopping,1
2025-04-25,Natural,Transit,1
2025-04-25,Natural,area,2
2025-04-25,Outdoor,Cityscape,2
2025-04-25,Outdoor,Natural,2
2025-04-25,Outdoor,Outdoor,2
2025-04-25,Outdoor,area,1
2025-04-25,Religious,Cultural,2
2025-04-25,Religious,Natural,3
2025-04-25,Religious,Religious,2
2025-04-25,Religious,Transit,1
2025-04-25,Religious,area,1
2025-04-25,Shopping,Cityscape,2
2025-04-25,Shopping,Entertainment,1
2025-04-25,Shopping,Shopping,1
2025-04-25,Shopping,area,2
2025-04-25,Sport,Transit,1
2025-04-25,Transit,Cityscape,4
2025-04-25,Transit,Entertainment,3
2025-04-25,Transit,Religious,1
2025-04-25,Transit,Transit,1
2025-04-25,Transit,area,2
2025-04-25,area,Cityscape,2
2025-04-25,area,Cultural,1
2025-04-25,area,Dining,2
2025-04-25,area,Entertainment,2
2025-04-25,area,Natural,3
2025-04-25,area,Outdoor,1
2025-04-25,area,Religious,1
2025-04-26,Cityscape,Cityscape,16
2025-04-26,Cityscape,Cultural,5
2025-04-26,Cityscape,Entertainment,5
2025-04-26,Cityscape,Religious,1
2025-04-26,Cityscape,Shopping,1
2025-04-26,Cityscape,area,2
2025-04-26,Cultural,Cityscape,2
2025-04-26,Cultural,Cultural,5
2025-04-26,Cultural,Entertainment,2
2025-04-26,Cultural,Natural,1
2025-04-26,Cultural,area,2
2025-04-26,Dining,Dining,1
2025-04-26,Dining,Transit,1
2025-04-26,Entertainment,Cityscape,8
2025-04-26,Entertainment,Cultural,1
2025-04-26,Entertainment,Dining,1
2025-04-26,Entertainment,Entertainment,5
2025-04-26,Entertainment,Hotel,1
2025-04-26,Entertainment,Natural,3
2025-04-26,Entertainment,Shopping,2
2025-04-26,Entertainment,Transit,5
2025-04-26,Entertainment,area,4
2025-04-26,Hotel,Entertainment,2
2025-04-26,Natural,Cultural,1
2025-04-26,Natural,Dining,1
2025-04-26,Natural,Entertainment,1
2025-04-26,Natural,Hotel,1
2025-04-26,Natural,Outdoor,3
2025-04-26,Natural,Religious,2
2025-04-26,Natural,Transit,2
2025-04-26,Natural,area,2
2025-04-26,Outdoor,Natural,2
2025-04-26,Outdoor,Religious,1
2025-04-26,Religious,Cityscape,1
2025-04-26,Religious,Natural,2
2025-04-26,Shopping,Cityscape,2
2025-04-26,Shopping,Cultural,1
2025-04-26,Shopping,Entertainment,1
2025-04-26,Transit,Cityscape,1
2025-04-26,Transit,Entertainment,9
2025-04-26,Transit,Natural,1
2025-04-26,Transit,Transit,1
2025-04-26,Transit,area,2
2025-04-26,area,Cityscape,1
2025-04-26,area,Cultural,1
2025-04-26,area,Entertainment,6
2025-04-26,area,Outdoor,1
2025-04-26,area,Shopping,1
2025-04-26,area,area,3
2025-04-27,Cityscape,Cityscape,5
2025-04-27,Cityscape,Cultural,3
2025-04-27,Cityscape,Dining,3
2025-04-27,Cityscape,Entertainment,7
2025-04-27,Cityscape,Hotel,1
2025-04-27,Cityscape,Natural,3
2025-04-27,Cityscape,Shopping,1
2025-04-27,Cityscape,area,4
2025-04-27,Cultural,Cityscape,1
2025-04-27,Cultural,Entertainment,3
2025-04-27,Cultural,Shopping,1
2025-04-27,Cultural,area,1
2025-04-27,Dining,Cityscape,2
2025-04-27,Dining,Dining,4
2025-04-27,Dining,Entertainment,2
2025-04-27,Dining,Shopping,1
2025-04-27,Entertainment,Cityscape,3
2025-04-27,Entertainment,Cultural,1
2025-04-27,Entertainment,Dining,1
2025-04-27,Entertainment,Entertainment,11
2025-04-27,Entertainment,Natural,4
2025-04-27,Entertainment,Shopping,2
2025-04-27,Entertainment,area,2
2025-04-27,Hotel,Entertainment,1
2025-04-27,Hotel,Hotel,5
2025-04-27,Natural,Cityscape,2
2025-04-27,Natural,Entertainment,2
2025-04-27,Natural,Religious,2
2025-04-27,Natural,area,1
2025-04-27,Religious,Cityscape,1
2025-04-27,Religious,Religious,1
2025-04-27,Shopping,Cityscape,3
2025-04-27,Shopping,Cultural,1
2025-04-27,Shopping,Dining,2
2025-04-27,Shopping,Transit,2
2025-04-27,Transit,Cityscape,4
2025-04-27,Transit,Entertainment,5
2025-04-27,Transit,Natural,1
2025-04-27,Transit,Religious,1
2025-04-27,Transit,area,1
2025-04-27,area,Cityscape,2
2025-04-27,area,Cultural,3
2025-04-27,area,Dining,2
2025-04-27,area,Hotel,1
2025-04-27,area,Transit,2
2025-04-27,area,area,1
2025-04-28,Cityscape,Cityscape,7
2025-04-28,Cityscape,Cultural,2
2025-04-28,Cityscape,Entertainment,11
2025-04-28,Cityscape,Natural,2
2025-04-28,Cityscape,Outdoor,2
2025-04-28,Cityscape,Religious,3
2025-04-28,Cityscape,Transit,1
2025-04-28,Cityscape,area,3
2025-04-28,Cultural,Cityscape,1
2025-04-28,Cultural,Cultural,1
2025-04-28,Cultural,Entertainment,1
2025-04-28,Cultural,Transit,2
2025-04-28,Dining,Cityscape,1
2025-04-28,Dining,Dining,1
2025-04-28,Dining,Entertainment,2
2025-04-28,Dining,area,1
2025-04-28,Entertainment,Cityscape,10
2025-04-28,Entertainment,Cultural,2
2025-04-28,Entertainment,Dining,1
2025-04-28,Entertainment,Entertainment,21
2025-04-28,Entertainment,Hotel,3
2025-04-28,Entertainment,Religious,1
2025-04-28,Entertainment,Shopping,2
2025-04-28,Entertainment,Transit,1
2025-04-28,Entertainment,area,1
2025-04-28,Hotel,Entertainment,1
2025-04-28,Hotel,Shopping,1
2025-04-28,Hotel,Transit,1
2025-04-28,Hotel,area,1
2025-04-28,Natural,Cityscape,1
2025-04-28,Natural,Entertainment,1
2025-04-28,Natural,Religious,2
2025-04-28,Religious,Cityscape,1
2025-04-28,Religious,Dining,1
2025-04-28,Religious,Entertainment,3
2025-04-28,Religious,Natural,2
2025-04-28,Religious,Religious,8
2025-04-28,Religious,Shopping,1
2025-04-28,Religious,area,3
2025-04-28,Shopping,Cityscape,3
2025-04-28,Shopping,Entertainment,3
2025-04-28,Shopping,Religious,1
2025-04-28,Transit,Cityscape,3
2025-04-28,Transit,Entertainment,5
2025-04-28,Transit,Hotel,1
2025-04-28,Transit,Natural,1
2025-04-28,Transit,area,2
2025-04-28,area,Cityscape,2
2025-04-28,area,Cultural,1
2025-04-28,area,Dining,1
2025-04-28,area,Entertainment,3
2025-04-28,area,Religious,3
2025-04-28,area,Shopping,1
2025-04-28,area,Transit,1
2025-04-28,area,area,3
2025-04-29,Cityscape,Cityscape,5
2025-04-29,Cityscape,Cultural,3
2025-04-29,Cityscape,Entertainment,5
2025-04-29,Cityscape,Natural,1
2025-04-29,Cityscape,Religious,1
2025-04-29,Cityscape,Shopping,1
2025-04-29,Cityscape,Transit,2
2025-04-29,Cityscape,area,2
2025-04-29,Cultural,Cityscape,1
2025-04-29,Cultural,Cultural,2
2025-04-29,Cultural,Entertainment,2
2025-04-29,Cultural,Religious,1
2025-04-29,Cultural,Shopping,1
2025-04-29,Cultural,area,1
2025-04-29,Dining,Dining,1
2025-04-29,Dining,Religious,1
2025-04-29,Dining,area,2
2025-04-29,Entertainment,Cityscape,5
2025-04-29,Entertainment,Cultural,1
2025-04-29,Entertainment,Entertainment,22
2025-04-29,Entertainment,Hotel,3
2025-04-29,Entertainment,Natural,5
2025-04-29,Entertainment,Outdoor,1
2025-04-29,Entertainment,Religious,1
2025-04-29,Entertainment,Transit,4
2025-04-29,Entertainment,area,2
2025-04-29,Hotel,Cityscape,1
2025-04-29,Hotel,Entertainment,2
2025-04-29,Hotel,Hotel,3
2025-04-29,Hotel,Shopping,1
2025-04-29,Natural,Cityscape,1
2025-04-29,Natural,Entertainment,3
2025-04-29,Natural,Outdoor,1
2025-04-29,Natural,Religious,3
2025-04-29,Natural,area,1
2025-04-29,Outdoor,Natural,1
2025-04-29,Outdoor,Religious,1
2025-04-29,Religious,Cityscape,2
2025-04-29,Religious,Cultural,1
2025-04-29,Religious,Entertainment,1
2025-04-29,Religious,Natural,2
2025-04-29,Religious,area,2
2025-04-29,Shopping,Entertainment,1
2025-04-29,Shopping,Hotel,1
2025-04-29,Shopping,Religious,1
2025-04-29,Shopping,Shopping,1
2025-04-29,Transit,Cityscape,3
2025-04-29,Transit,Cultural,1
2025-04-29,Transit,Entertainment,6
2025-04-29,Transit,Natural,3
2025-04-29,Transit,area,3
2025-04-29,area,Cityscape,4
2025-04-29,area,Cultural,1
2025-04-29,area,Dining,2
2025-04-29,area,Entertainment,1
2025-04-29,area,Natural,4
2025-04-29,area,Outdoor,1
2025-04-29,area,area,10
2025-04-30,Cityscape,Cityscape,7
2025-04-30,Cityscape,Cultural,2
2025-04-30,Cityscape,Dining,2
2025-04-30,Cityscape,Entertainment,5
2025-04-30,Cityscape,Hotel,1
2025-04-30,Cityscape,Natural,3
2025-04-30,Cityscape,Outdoor,1
2025-04-30,Cityscape,Shopping,2
2025-04-30,Cityscape,Transit,2
2025-04-30,Cityscape,area,1
2025-04-30,Cultural,Cityscape,2
2025-04-30,Cultural,Cultural,1
2025-04-30,Cultural,Entertainment,2
2025-04-30,Cultural,Natural,2
2025-04-30,Cultural,Outdoor,1
2025-04-30,Cultural,Shopping,1
2025-04-30,Dining,Cityscape,2
2025-04-30,Dining,Entertainment,1
2025-04-30,Dining,area,2
2025-04-30,Entertainment,Cityscape,8
2025-04-30,Entertainment,Cultural,2
2025-04-30,Entertainment,Dining,1
2025-04-30,Entertainment,Entertainment,16
2025-04-30,Entertainment,Hotel,2
2025-04-30,Entertainment,Religious,1
2025-04-30,Entertainment,Shopping,2
2025-04-30,Entertainment,Transit,3
2025-04-30,Entertainment,area,1
2025-04-30,Hotel,Entertainment,3
2025-04-30,Natural,Cityscape,2
2025-04-30,Natural,Outdoor,1
2025-04-30,Natural,Religious,5
2025-04-30,Natural,area,1
2025-04-30,Outdoor,Natural,1
2025-04-30,Outdoor,Religious,1
2025-04-30,Outdoor,area,1
2025-04-30,Religious,Cityscape,1
2025-04-30,Religious,Entertainment,2
2025-04-30,Religious,Natural,2
2025-04-30,Religious,Outdoor,1
2025-04-30,Religious,area,4
2025-04-30,Shopping,Cityscape,2
2025-04-30,Shopping,Shopping,1
2025-04-30,Shopping,area,1
2025-04-30,Transit,Cultural,1
2025-04-30,Transit,Dining,1
2025-04-30,Transit,Entertainment,3
2025-04-30,Transit,area,1
2025-04-30,area,Cityscape,2
2025-04-30,area,Dining,1
2025-04-30,area,Natural,2
2025-04-30,area,Outdoor,1
2025-04-30,area,Religious,2
2025-04-30,area,Shopping,1
2025-04-30,area,Transit,1
2025-04-30,area,area,8
2025-05-01,Cityscape,Cityscape,5
2025-05-01,Cityscape,Cultural,1
2025-05-01,Cityscape,Dining,2
2025-05-01,Cityscape,Entertainment,1
2025-05-01,Cityscape,Natural,1
2025-05-01,Cityscape,Shopping,4
2025-05-01,Cultural,Cityscape,1
2025-05-01,Cultural,Dining,1
2025-05-01,Cultural,Entertainment,3
2025-05-01,Cultural,Religious,1
2025-05-01,Cultural,Shopping,1
2025-05-01,Cultural,area,1
2025-05-01,Dining,Cityscape,2
2025-05-01,Dining,Cultural,2
2025-05-01,Dining,Dining,2
2025-05-01,Dining,Entertainment,1
2025-05-01,Dining,Natural,1
2025-05-01,Entertainment,Cityscape,5
2025-05-01,Entertainment,Cultural,3
2025-05-01,Entertainment,Dining,1
2025-05-01,Entertainment,Entertainment,11
2025-05-01,Entertainment,Hotel,1
2025-05-01,Entertainment,Natural,1
2025-05-01,Entertainment,Transit,2
2025-05-01,Hotel,Cityscape,1
2025-05-01,Hotel,Entertainment,2
2025-05-01,Hotel,Transit,1
2025-05-01,Natural,Outdoor,1
2025-05-01,Natural,Religious,1
2025-05-01,Natural,area,2
2025-05-01,Outdoor,Cityscape,1
2025-05-01,Outdoor,Outdoor,1
2025-05-01,Religious,Cityscape,1
2025-05-01,Religious,Entertainment,1
2025-05-01,Religious,Natural,3
2025-05-01,Shopping,Cityscape,1
2025-05-01,Shopping,Cultural,1
2025-05-01,Shopping,Religious,1
2025-05-01,Transit,Cityscape,1
2025-05-01,Transit,Cultural,1
2025-05-01,Transit,Entertainment,4
2025-05-01,Transit,Hotel,1
2025-05-01,area,Cityscape,1
2025-05-01,area,Entertainment,1
2025-05-01,area,Religious,1
2025-05-01,area,area,7
2025-05-02,Cityscape,Cityscape,3
2025-05-02,Cityscape,Cultural,2
2025-05-02,Cityscape,Dining,1
2025-05-02,Cityscape,Hotel,2
2025-05-02,Cityscape,Natural,3
2025-05-02,Cityscape,Religious,1
2025-05-02,Cityscape,area,3
2025-05-02,Cultural,Cityscape,1
2025-05-02,Cultural,Cultural,2
2025-05-02,Cultural,Entertainment,2
2025-05-02,Cultural,Hotel,1
2025-05-02,Cultural,Religious,1
2025-05-02,Cultural,area,1
2025-05-02,Dining,Cityscape,1
2025-05-02,Dining,Dining,3
2025-05-02,Dining,Entertainment,3
2025-05-02,Dining,area,1
2025-05-02,Entertainment,Cityscape,2
2025-05-02,Entertainment,Cultural,4
2025-05-02,Entertainment,Dining,2
2025-05-02,Entertainment,Entertainment,31
2025-05-02,Entertainment,Hotel,2
2025-05-02,Entertainment,Natural,1
2025-05-02,Entertainment,Religious,1
2025-05-02,Entertainment,Shopping,2
2025-05-02,Entertainment,Transit,1
2025-05-02,Hotel,Cityscape,1
2025-05-02,Hotel,Entertainment,3
2025-05-02,Hotel,Hotel,2
2025-05-02,Hotel,Transit,1
2025-05-02,Natural,Cultural,1
2025-05-02,Natural,Entertainment,2
2025-05-02,Natural,Religious,3
2025-05-02,Natural,area,1
2025-05-02,Outdoor,Entertainment,1
2025-05-02,Religious,Cityscape,2
2025-05-02,Religious,Entertainment,1
2025-05-02,Religious,Natural,3
2025-05-02,Religious,Religious,2
2025-05-02,Religious,Transit,1
2025-05-02,Religious,area,1
2025-05-02,Shopping,Cityscape,1
2025-05-02,Shopping,Entertainment,1
2025-05-02,Shopping,Shopping,1
2025-05-02,Transit,Entertainment,2
2025-05-02,Transit,Natural,1
2025-05-02,Transit,area,2
2025-05-02,area,Cityscape,5
2025-05-02,area,Dining,1
2025-05-02,area,Entertainment,1
2025-05-02,area,Natural,1
2025-05-02,area,Transit,1
2025-05-02,area,area,1
2025-05-03,Cityscape,Cultural,1
2025-05-03,Cityscape,Entertainment,6
2025-05-03,Cityscape,Natural,3
2025-05-03,Cityscape,Transit,1
2025-05-03,Cityscape,area,1
2025-05-03,Cultural,Cityscape,2
2025-05-03,Cultural,Entertainment,3
2025-05-03,Cultural,Natural,1
2025-05-03,Dining,Dining,1
2025-05-03,Dining,Entertainment,1
2025-05-03,Dining,area,2
2025-05-03,Entertainment,Cityscape,8
2025-05-03,Entertainment,Cultural,2
2025-05-03,Entertainment,Entertainment,5
2025-05-03,Entertainment,Natural,1
2025-05-03,Entertainment,Religious,1
2025-05-03,Entertainment,Shopping,1
2025-05-03,Entertainment,Transit,2
2025-05-03,Entertainment,area,3
2025-05-03,Hotel,Cultural,1
2025-05-03,Hotel,Entertainment,1
2025-05-03,Natural,Cityscape,1
2025-05-03,Natural,Dining,1
2025-05-03,Natural,Entertainment,2
2025-05-03,Natural,Hotel,1
2025-05-03,Natural,Natural,1
2025-05-03,Natural,Religious,4
2025-05-03,Natural,area,2
2025-05-03,Religious,Cityscape,1
2025-05-03,Religious,Natural,2
2025-05-03,Religious,Religious,3
2025-05-03,Religious,area,2
2025-05-03,Shopping,Entertainment,1
2025-05-03,Transit,Entertainment,2
2025-05-03,Transit,Hotel,1
2025-05-03,Transit,Natural,1
2025-05-03,Transit,Shopping,1
2025-05-03,Transit,area,1
2025-05-03,area,Cityscape,1
2025-05-03,area,Cultural,1
2025-05-03,area,Dining,1
2025-05-03,area,Entertainment,2
2025-05-03,area,Natural,4
2025-05-03,area,Religious,1
2025-05-03,area,area,9
2025-05-04,Cityscape,Cityscape,7
2025-05-04,Cityscape,Dining,1
2025-05-04,Cityscape,Entertainment,3
2025-05-04,Cityscape,Hotel,2
2025-05-04,Cityscape,Outdoor,1
2025-05-04,Cityscape,Religious,2
2025-05-04,Cityscape,Transit,4
2025-05-04,Cityscape,area,2
2025-05-04,Cultural,Cityscape,1
2025-05-04,Cultural,Cultural,1
2025-05-04,Cultural,Natural,2
2025-05-04,Cultural,Shopping,1
2025-05-04,Cultural,Transit,1
2025-05-04,Dining,Cityscape,1
2025-05-04,Dining,Dining,8
2025-05-04,Dining,area,2
2025-05-04,Entertainment,Cityscape,4
2025-05-04,Entertainment,Cultural,2
2025-05-04,Entertainment,Entertainment,30
2025-05-04,Entertainment,Hotel,3
2025-05-04,Entertainment,Natural,3
2025-05-04,Entertainment,Outdoor,1
2025-05-04,Entertainment,Shopping,3
2025-05-04,Entertainment,Transit,1
2025-05-04,Entertainment,area,6
2025-05-04,Hotel,Cityscape,1
2025-05-04,Hotel,Cultural,1
2025-05-04,Hotel,Entertainment,4
2025-05-04,Hotel,Shopping,1
2025-05-04,Hotel,Transit,1
2025-05-04,Natural,Cityscape,1
2025-05-04,Natural,Natural,1
2025-05-04,Natural,Outdoor,2
2025-05-04,Natural,Religious,3
2025-05-04,Natural,area,1
2025-05-04,Outdoor,Cityscape,1
2025-05-04,Outdoor,Natural,1
2025-05-04,Outdoor,area,1
2025-05-04,Religious,Cultural,1
2025-05-04,Religious,Entertainment,3
2025-05-04,Religious,Natural,1
2025-05-04,Religious,Religious,3
2025-05-04,Religious,Transit,2
2025-05-04,Religious,area,3
2025-05-04,Shopping,Cityscape,1
2025-05-04,Shopping,Hotel,1
2025-05-04,Shopping,Natural,1
2025-05-04,Shopping,Transit,1
2025-05-04,Transit,Cityscape,1
2025-05-04,Transit,Cultural,2
2025-05-04,Transit,Entertainment,7
2025-05-04,Transit,Hotel,1
2025-05-04,Transit,Shopping,1
2025-05-04,Transit,Transit,1
2025-05-04,Transit,area,3
2025-05-04,area,Cityscape,1
2025-05-04,area,Dining,1
2025-05-04,area,Entertainment,3
2025-05-04,area,Hotel,1
2025-05-04,area,Natural,1
2025-05-04,area,Religious,5
2025-05-04,area,Shopping,3
2025-05-04,area,Transit,3
2025-05-04,area,area,2
2025-05-05,Cityscape,Cityscape,3
2025-05-05,Cityscape,Cultural,3
2025-05-05,Cityscape,Entertainment,4
2025-05-05,Cityscape,Religious,3
2025-05-05,Cityscape,Transit,2
2025-05-05,Cityscape,area,6
2025-05-05,Cultural,Cityscape,2
2025-05-05,Cultural,Dining,1
2025-05-05,Cultural,Entertainment,3
2025-05-05,Cultural,Hotel,1
2025-05-05,Cultural,Natural,1
2025-05-05,Cultural,Religious,1
2025-05-05,Cultural,Transit,1
2025-05-05,Dining,Cityscape,1
2025-05-05,Dining,Dining,3
2025-05-05,Dining,Religious,1
2025-05-05,Dining,Shopping,1
2025-05-05,Dining,Transit,1
2025-05-05,Dining,area,2
2025-05-05,Entertainment,Cityscape,6
2025-05-05,Entertainment,Cultural,2
2025-05-05,Entertainment,Dining,1
2025-05-05,Entertainment,Entertainment,26
2025-05-05,Entertainment,Hotel,2
2025-05-05,Entertainment,Natural,3
2025-05-05,Entertainment,Religious,1
2025-05-05,Entertainment,Shopping,2
2025-05-05,Entertainment,Transit,2
2025-05-05,Entertainment,area,5
2025-05-05,Hotel,Entertainment,1
2025-05-05,Hotel,Religious,1
2025-05-05,Hotel,Shopping,1
2025-05-05,Hotel,Transit,1
2025-05-05,Hotel,area,2
2025-05-05,Natural,Cityscape,2
2025-05-05,Natural,Cultural,3
2025-05-05,Natural,Dining,1
2025-05-05,Natural,Entertainment,1
2025-05-05,Natural,Outdoor,2
2025-05-05,Natural,Transit,1
2025-05-05,Outdoor,Natural,3
2025-05-05,Religious,Cityscape,1
2025-05-05,Religious,Cultural,1
2025-05-05,Religious,Entertainment,1
2025-05-05,Religious,Natural,3
2025-05-05,Religious,Religious,6
2025-05-05,Religious,area,7
2025-05-05,Shopping,Cityscape,1
2025-05-05,Shopping,Dining,1
2025-05-05,Shopping,Entertainment,3
2025-05-05,Shopping,Natural,1
2025-05-05,Shopping,Shopping,1
2025-05-05,Shopping,Transit,1
2025-05-05,Shopping,area,1
2025-05-05,Transit,Cityscape,3
2025-05-05,Transit,Entertainment,7
2025-05-05,Transit,Natural,2
2025-05-05,Transit,area,5
2025-05-05,area,Cityscape,4
2025-05-05,area,Cultural,3
2025-05-05,area,Dining,1
2025-05-05,area,Entertainment,5
2025-05-05,area,Natural,1
2025-05-05,area,Religious,5
2025-05-05,area,Shopping,2
2025-05-05,area,Transit,1
2025-05-05,area,area,7
2025-05-06,Cityscape,Cityscape,5
2025-05-06,Cityscape,Cultural,1
2025-05-06,Cityscape,Dining,1
2025-05-06,Cityscape,Entertainment,9
2025-05-06,Cityscape,Hotel,2
2025-05-06,Cityscape,Natural,1
2025-05-06,Cityscape,Outdoor,2
2025-05-06,Cityscape,Religious,2
2025-05-06,Cityscape,Shopping,4
2025-05-06,Cityscape,area,4
2025-05-06,Cultural,Cityscape,1
2025-05-06,Cultural,Entertainment,1
2025-05-06,Cultural,Religious,2
2025-05-06,Cultural,area,1
2025-05-06,Dining,Dining,3
2025-05-06,Dining,Entertainment,1
2025-05-06,Dining,Shopping,1
2025-05-06,Dining,area,1
2025-05-06,Entertainment,Cityscape,8
2025-05-06,Entertainment,Cultural,1
2025-05-06,Entertainment,Dining,2
2025-05-06,Entertainment,Entertainment,28
2025-05-06,Entertainment,Hotel,3
2025-05-06,Entertainment,Natural,1
2025-05-06,Entertainment,Religious,1
2025-05-06,Entertainment,Shopping,1
2025-05-06,Entertainment,Transit,7
2025-05-06,Hotel,Cultural,1
2025-05-06,Hotel,Entertainment,2
2025-05-06,Hotel,Hotel,1
2025-05-06,Natural,Cityscape,2
2025-05-06,Natural,Cultural,2
2025-05-06,Natural,Entertainment,2
2025-05-06,Natural,Religious,2
2025-05-06,Natural,area,2
2025-05-06,Outdoor,Cityscape,1
2025-05-06,Outdoor,Natural,1
2025-05-06,Outdoor,area,2
2025-05-06,Religious,Cityscape,3
2025-05-06,Religious,Cultural,2
2025-05-06,Religious,Entertainment,3
2025-05-06,Religious,Natural,2
2025-05-06,Religious,Religious,6
2025-05-06,Religious,area,5
2025-05-06,Shopping,Cityscape,1
2025-05-06,Shopping,Cultural,1
2025-05-06,Shopping,Entertainment,2
2025-05-06,Shopping,Religious,1
2025-05-06,Shopping,Shopping,1
2025-05-06,Shopping,area,3
2025-05-06,Transit,Cityscape,3
2025-05-06,Transit,Dining,1
2025-05-06,Transit,Entertainment,4
2025-05-06,Transit,Natural,2
2025-05-06,Transit,Religious,1
2025-05-06,Transit,area,1
2025-05-06,area,Cityscape,2
2025-05-06,area,Dining,2
2025-05-06,area,Entertainment,3
2025-05-06,area,Natural,1
2025-05-06,area,Outdoor,2
2025-05-06,area,Religious,5
2025-05-06,area,Transit,2
2025-05-06,area,area,2
2025-05-07,Cityscape,Cityscape,8
2025-05-07,Cityscape,Cultural,3
2025-05-07,Cityscape,Entertainment,9
2025-05-07,Cityscape,Religious,1
2025-05-07,Cityscape,Shopping,1
2025-05-07,Cityscape,Transit,2
2025-05-07,Cityscape,area,8
2025-05-07,Cultural,Cityscape,2
2025-05-07,Cultural,Cultural,1
2025-05-07,Cultural,Entertainment,2
2025-05-07,Cultural,Religious,2
2025-05-07,Cultural,area,1
2025-05-07,Dining,Cityscape,1
2025-05-07,Dining,Dining,2
2025-05-07,Dining,Entertainment,2
2025-05-07,Dining,Shopping,1
2025-05-07,Dining,area,1
2025-05-07,Entertainment,Cityscape,11
2025-05-07,Entertainment,Cultural,1
2025-05-07,Entertainment,Dining,3
2025-05-07,Entertainment,Entertainment,17
2025-05-07,Entertainment,Hotel,4
2025-05-07,Entertainment,Shopping,2
2025-05-07,Entertainment,Transit,5
2025-05-07,Entertainment,area,3
2025-05-07,Hotel,Entertainment,5
2025-05-07,Hotel,Hotel,1
2025-05-07,Natural,Cityscape,2
2025-05-07,Natural,Natural,1
2025-05-07,Natural,Outdoor,3
2025-05-07,Natural,Religious,1
2025-05-07,Natural,area,1
2025-05-07,Outdoor,Cityscape,1
2025-05-07,Outdoor,Natural,2
2025-05-07,Outdoor,Religious,1
2025-05-07,Outdoor,Sport,1
2025-05-07,Religious,Cityscape,1
2025-05-07,Religious,Dining,1
2025-05-07,Religious,Natural,2
2025-05-07,Religious,Outdoor,1
2025-05-07,Religious,Religious,3
2025-05-07,Shopping,Cityscape,3
2025-05-07,Transit,Cityscape,1
2025-05-07,Transit,Cultural,1
2025-05-07,Transit,Dining,2
2025-05-07,Transit,Entertainment,6
2025-05-07,Transit,Natural,2
2025-05-07,Transit,area,1
2025-05-07,area,Cityscape,2
2025-05-07,area,Cultural,1
2025-05-07,area,Dining,1
2025-05-07,area,Entertainment,5
2025-05-07,area,Natural,1
2025-05-07,area,Shopping,1
2025-05-07,area,area,6
2025-05-08,Cityscape,Cityscape,2
2025-05-08,Cityscape,Entertainment,2
2025-05-08,Cityscape,Shopping,1
2025-05-08,Cityscape,area,2
2025-05-08,Cultural,Cityscape,1
2025-05-08,Cultural,Cultural,1
2025-05-08,Dining,area,2
2025-05-08,Entertainment,Cultural,1
2025-05-08,Hotel,Transit,1
2025-05-08,Religious,Natural,1
2025-05-08,Religious,Religious,1
2025-05-08,Shopping,Cityscape,1
2025-05-08,Transit,Hotel,2
2025-05-08,Transit,area,1
2025-05-08,area,Cityscape,3
2025-05-08,area,Dining,2
2025-05-08,area,Religious,1
2025-05-08,area,area,10
2025-09-01,Cityscape,Cityscape,8
2025-09-01,Cityscape,Entertainment,1
2025-09-01,Cityscape,Natural,1
2025-09-01,Cityscape,Shopping,2
2025-09-01,Cityscape,Transit,1
2025-09-01,Cityscape,area,1
2025-09-01,Cultural,Cityscape,1
2025-09-01,Cultural,Cultural,1
2025-09-01,Cultural,Natural,1
2025-09-01,Dining,Cityscape,1
2025-09-01,Dining,Cultural,1
2025-09-01,Dining,Dining,1
2025-09-01,Dining,Transit,1
2025-09-01,Dining,area,3
2025-09-01,Entertainment,Cityscape,3
2025-09-01,Entertainment,Entertainment,4
2025-09-01,Entertainment,Hotel,1
2025-09-01,Entertainment,Natural,1
2025-09-01,Entertainment,Religious,1
2025-09-01,Entertainment,area,1
2025-09-01,Hotel,Entertainment,1
2025-09-01,Natural,Outdoor,2
2025-09-01,Outdoor,Cityscape,1
2025-09-01,Religious,Entertainment,1
2025-09-01,Shopping,Cityscape,1
2025-09-01,Shopping,Dining,1
2025-09-01,Shopping,Entertainment,1
2025-09-01,Transit,Entertainment,1
2025-09-01,Transit,area,1
2025-09-01,area,Dining,3
2025-09-01,area,Entertainment,1
2025-09-01,area,Religious,1
2025-09-01,area,Shopping,1
2025-09-01,area,area,5
2025-09-02,Cityscape,Cityscape,1
2025-09-02,Cityscape,Cultural,1
2025-09-02,Cityscape,Entertainment,1
2025-09-02,Cityscape,Hotel,1
2025-09-02,Cityscape,Natural,4
2025-09-02,Cityscape,Outdoor,1
2025-09-02,Cityscape,Religious,2
2025-09-02,Cityscape,Transit,1
2025-09-02,Cultural,Cultural,1
2025-09-02,Cultural,Dining,1
2025-09-02,Cultural,Entertainment,1
2025-09-02,Cultural,Outdoor,1
2025-09-02,Cultural,area,1
2025-09-02,Dining,Cityscape,2
2025-09-02,Dining,Dining,2
2025-09-02,Dining,Entertainment,1
2025-09-02,Dining,Transit,1
2025-09-02,Dining,area,1
2025-09-02,Entertainment,Cityscape,6
2025-09-02,Entertainment,Cultural,2
2025-09-02,Entertainment,Entertainment,5
2025-09-02,Entertainment,Hotel,3
2025-09-02,Entertainment,Transit,1
2025-09-02,Hotel,Dining,1
2025-09-02,Hotel,Entertainment,3
2025-09-02,Hotel,Religious,1
2025-09-02,Natural,Cityscape,1
2025-09-02,Natural,Entertainment,1
2025-09-02,Natural,Hotel,1
2025-09-02,Natural,Outdoor,1
2025-09-02,Natural,area,1
2025-09-02,Outdoor,Cityscape,2
2025-09-02,Outdoor,Transit,1
2025-09-02,Religious,Cityscape,1
2025-09-02,Religious,Cultural,1
2025-09-02,Religious,Natural,1
2025-09-02,Religious,Religious,1
2025-09-02,Religious,area,2
2025-09-02,Transit,Cityscape,3
2025-09-02,Transit,Entertainment,4
2025-09-02,Transit,Natural,1
2025-09-02,Transit,area,1
2025-09-02,area,Cultural,1
2025-09-02,area,Religious,2
2025-09-02,area,Transit,3
2025-09-02,area,area,5
2025-09-03,Cityscape,Cityscape,4
2025-09-03,Cityscape,Cultural,1
2025-09-03,Cityscape,Dining,1
2025-09-03,Cityscape,Entertainment,3
2025-09-03,Cityscape,Hotel,1
2025-09-03,Cityscape,Natural,3
2025-09-03,Cityscape,Shopping,1
2025-09-03,Cityscape,area,2
2025-09-03,Cultural,Cityscape,1
2025-09-03,Cultural,Entertainment,1
2025-09-03,Cultural,Hotel,1
2025-09-03,Cultural,Transit,1
2025-09-03,Dining,Dining,1
2025-09-03,Dining,Entertainment,1
2025-09-03,Dining,Natural,5
2025-09-03,Dining,Transit,1
2025-09-03,Entertainment,Cityscape,7
2025-09-03,Entertainment,Cultural,1
2025-09-03,Entertainment,Dining,1
2025-09-03,Entertainment,Entertainment,20
2025-09-03,Entertainment,Hotel,6
2025-09-03,Entertainment,Natural,2
2025-09-03,Entertainment,Transit,1
2025-09-03,Entertainment,area,5
2025-09-03,Hotel,Cultural,1
2025-09-03,Hotel,Entertainment,6
2025-09-03,Hotel,Shopping,1
2025-09-03,Hotel,Transit,1
2025-09-03,Natural,Cityscape,1
2025-09-03,Natural,Dining,4
2025-09-03,Natural,Entertainment,3
2025-09-03,Natural,Religious,2
2025-09-03,Natural,area,1
2025-09-03,Outdoor,area,1
2025-09-03,Religious,Cityscape,1
2025-09-03,Religious,Natural,1
2025-09-03,Shopping,Cityscape,2
2025-09-03,Shopping,Cultural,1
2025-09-03,Shopping,Entertainment,1
2025-09-03,Shopping,Shopping,1
2025-09-03,Transit,Entertainment,1
2025-09-03,Transit,Religious,1
2025-09-03,Transit,area,1
2025-09-03,area,Cityscape,4
2025-09-03,area,Cultural,3
2025-09-03,area,Entertainment,5
2025-09-03,area,Natural,2
2025-09-03,area,Religious,1
2025-09-03,area,area,1
2025-09-04,Cityscape,Cityscape,4
2025-09-04,Cityscape,Cultural,1
2025-09-04,Cityscape,Dining,1
2025-09-04,Cityscape,Entertainment,3
2025-09-04,Cityscape,Natural,2
2025-09-04,Cityscape,Shopping,1
2025-09-04,Cityscape,Transit,1
2025-09-04,Cityscape,area,1
2025-09-04,Cultural,Cityscape,1
2025-09-04,Cultural,Cultural,1
2025-09-04,Cultural,Entertainment,2
2025-09-04,Cultural,area,1
2025-09-04,Dining,Entertainment,1
2025-09-04,Entertainment,Cityscape,3
2025-09-04,Entertainment,Cultural,2
2025-09-04,Entertainment,Entertainment,2
2025-09-04,Entertainment,Hotel,6
2025-09-04,Entertainment,Natural,1
2025-09-04,Entertainment,Transit,2
2025-09-04,Entertainment,area,1
2025-09-04,Hotel,Entertainment,5
2025-09-04,Hotel,Hotel,1
2025-09-04,Natural,Cityscape,1
2025-09-04,Natural,Entertainment,1
2025-09-04,Outdoor,Natural,1
2025-09-04,Outdoor,Religious,1
2025-09-04,Religious,Outdoor,2
2025-09-04,Religious,Religious,1
2025-09-04,Shopping,Cityscape,1
2025-09-04,Shopping,Entertainment,1
2025-09-04,Transit,Entertainment,6
2025-09-04,Transit,Transit,3
2025-09-04,area,Cityscape,3
2025-09-05,Cityscape,Cityscape,1
2025-09-05,Cityscape,Cultural,1
2025-09-05,Cityscape,Entertainment,3
2025-09-05,Cityscape,Religious,2
2025-09-05,Cityscape,Shopping,1
2025-09-05,Cityscape,Transit,4
2025-09-05,Cityscape,area,1
2025-09-05,Cultural,Cultural,1
2025-09-05,Cultural,Entertainment,3
2025-09-05,Cultural,Natural,1
2025-09-05,Dining,Cityscape,1
2025-09-05,Dining,Entertainment,1
2025-09-05,Entertainment,Cityscape,2
2025-09-05,Entertainment,Cultural,1
2025-09-05,Entertainment,Dining,1
2025-09-05,Entertainment,Entertainment,17
2025-09-05,Entertainment,Hotel,3
2025-09-05,Entertainment,Natural,2
2025-09-05,Entertainment,Religious,1
2025-09-05,Entertainment,Transit,1
2025-09-05,Entertainment,area,1
2025-09-05,Hotel,Cityscape,1
2025-09-05,Hotel,Entertainment,3
2025-09-05,Hotel,area,1
2025-09-05,Natural,Cityscape,1
2025-09-05,Natural,Religious,2
2025-09-05,Natural,Transit,1
2025-09-05,Natural,area,1
2025-09-05,Religious,Cultural,1
2025-09-05,Religious,Entertainment,2
2025-09-05,Religious,Natural,2
2025-09-05,Religious,Religious,5
2025-09-05,Religious,Shopping,1
2025-09-05,Religious,area,2
2025-09-05,Shopping,Dining,1
2025-09-05,Shopping,Entertainment,2
2025-09-05,Shopping,Hotel,1
2025-09-05,Shopping,Religious,1
2025-09-05,Transit,Cityscape,2
2025-09-05,Transit,Cultural,1
2025-09-05,Transit,Entertainment,4
2025-09-05,Transit,Hotel,1
2025-09-05,Transit,Religious,1
2025-09-05,Transit,Shopping,1
2025-09-05,Transit,Transit,1
2025-09-05,Transit,area,1
2025-09-05,area,Cityscape,1
2025-09-05,area,Natural,1
2025-09-05,area,Religious,1
2025-09-05,area,Shopping,1
2025-09-05,area,area,3
2025-09-06,Cityscape,Cityscape,4
2025-09-06,Cityscape,Dining,1
2025-09-06,Cityscape,Entertainment,5
2025-09-06,Cityscape,Natural,1
2025-09-06,Cityscape,Shopping,1
2025-09-06,Cityscape,Transit,2
2025-09-06,Cityscape,area,1
2025-09-06,Cultural,Entertainment,1
2025-09-06,Dining,Cityscape,1
2025-09-06,Dining,area,1
2025-09-06,Entertainment,Cityscape,5
2025-09-06,Entertainment,Cultural,1
2025-09-06,Entertainment,Entertainment,13
2025-09-06,Entertainment,Hotel,2
2025-09-06,Entertainment,Natural,3
2025-09-06,Entertainment,Shopping,1
2025-09-06,Entertainment,Transit,1
2025-09-06,Hotel,Entertainment,2
2025-09-06,Natural,Entertainment,1
2025-09-06,Natural,Outdoor,2
2025-09-06,Natural,area,1
2025-09-06,Outdoor,Entertainment,2
2025-09-06,Religious,Entertainment,1
2025-09-06,Religious,Natural,1
2025-09-06,Religious,Transit,1
2025-09-06,Shopping,Cityscape,1
2025-09-06,Transit,Cityscape,2
2025-09-06,Transit,Cultural,1
2025-09-06,Transit,Dining,1
2025-09-06,Transit,Entertainment,2
2025-09-06,Transit,Natural,1
2025-09-06,Transit,Transit,1
2025-09-06,area,Cityscape,2
2025-09-06,area,Dining,2
2025-09-06,area,Religious,1
2025-09-07,Cityscape,Cityscape,8
2025-09-07,Cityscape,Cultural,1
2025-09-07,Cityscape,Dining,2
2025-09-07,Cityscape,Entertainment,6
2025-09-07,Cityscape,Hotel,1
2025-09-07,Cityscape,Natural,1
2025-09-07,Cityscape,Outdoor,2
2025-09-07,Cityscape,Religious,2
2025-09-07,Cityscape,Transit,1
2025-09-07,Cityscape,area,3
2025-09-07,Cultural,Cityscape,1
2025-09-07,Cultural,Entertainment,3
2025-09-07,Dining,Cityscape,1
2025-09-07,Dining,Dining,1
2025-09-07,Dining,Entertainment,1
2025-09-07,Dining,Religious,1
2025-09-07,Dining,Transit,1
2025-09-07,Dining,area,3
2025-09-07,Entertainment,Cityscape,4
2025-09-07,Entertainment,Cultural,3
2025-09-07,Entertainment,Dining,2
2025-09-07,Entertainment,Entertainment,22
2025-09-07,Entertainment,Hotel,1
2025-09-07,Entertainment,Natural,4
2025-09-07,Entertainment,Transit,4
2025-09-07,Entertainment,area,1
2025-09-07,Hotel,Cultural,1
2025-09-07,Hotel,Entertainment,1
2025-09-07,Natural,Cityscape,1
2025-09-07,Natural,Entertainment,3
2025-09-07,Natural,Outdoor,1
2025-09-07,Natural,Transit,1
2025-09-07,Outdoor,Cityscape,1
2025-09-07,Outdoor,Natural,1
2025-09-07,Religious,Cityscape,1
2025-09-07,Religious,Dining,1
2025-09-07,Religious,Entertainment,1
2025-09-07,Religious,Religious,2
2025-09-07,Religious,Shopping,1
2025-09-07,Religious,area,1
2025-09-07,Shopping,Shopping,1
2025-09-07,Shopping,Transit,2
2025-09-07,Shopping,area,1
2025-09-07,Transit,Cityscape,4
2025-09-07,Transit,Entertainment,6
2025-09-07,Transit,Shopping,1
2025-09-07,Transit,area,2
2025-09-07,area,Cityscape,2
2025-09-07,area,Dining,2
2025-09-07,area,Entertainment,1
2025-09-07,area,Religious,1
2025-09-07,area,Shopping,2
2025-09-07,area,Transit,2
2025-09-07,area,area,5
2025-09-08,Cityscape,Cityscape,4
2025-09-08,Cityscape,Cultural,1
2025-09-08,Cityscape,Entertainment,6
2025-09-08,Cityscape,Hotel,1
2025-09-08,Cityscape,Religious,2
2025-09-08,Cityscape,Transit,3
2025-09-08,Cityscape,area,4
2025-09-08,Cultural,Cityscape,1
2025-09-08,Entertainment,Cityscape,10
2025-09-08,Entertainment,Entertainment,23
2025-09-08,Entertainment,Hotel,2
2025-09-08,Entertainment,Natural,1
2025-09-08,Entertainment,Outdoor,2
2025-09-08,Entertainment,Transit,3
2025-09-08,Hotel,Entertainment,1
2025-09-08,Hotel,area,1
2025-09-08,Natural,Cityscape,1
2025-09-08,Outdoor,Cityscape,1
2025-09-08,Outdoor,Entertainment,1
2025-09-08,Religious,Cityscape,1
2025-09-08,Religious,Religious,1
2025-09-08,Religious,Shopping,1
2025-09-08,Religious,Transit,1
2025-09-08,Shopping,Cityscape,1
2025-09-08,Shopping,Shopping,2
2025-09-08,Shopping,area,2
2025-09-08,Transit,Cityscape,4
2025-09-08,Transit,Entertainment,3
2025-09-08,Transit,Shopping,1
2025-09-08,Transit,Transit,1
2025-09-08,Transit,area,4
2025-09-08,area,Cityscape,4
2025-09-08,area,Entertainment,1
2025-09-08,area,Shopping,2
2025-09-08,area,Transit,2
2025-09-08,area,area,6
2025-09-09,Cityscape,Cityscape,2
2025-09-09,Cityscape,Cultural,4
2025-09-09,Cityscape,Dining,2
2025-09-09,Cityscape,Entertainment,3
2025-09-09,Cityscape,Hotel,1
2025-09-09,Cityscape,Natural,1
2025-09-09,Cityscape,Outdoor,1
2025-09-09,Cityscape,Shopping,2
2025-09-09,Cityscape,Transit,1
2025-09-09,Cityscape,area,4
2025-09-09,Cultural,Cityscape,4
2025-09-09,Cultural,Cultural,3
2025-09-09,Cultural,Entertainment,4
2025-09-09,Cultural,Shopping,2
2025-09-09,Dining,Cityscape,1
2025-09-09,Dining,Dining,3
2025-09-09,Dining,Entertainment,1
2025-09-09,Dining,Hotel,1
2025-09-09,Dining,Shopping,1
2025-09-09,Dining,Transit,2
2025-09-09,Entertainment,Cityscape,2
2025-09-09,Entertainment,Cultural,2
2025-09-09,Entertainment,Dining,2
2025-09-09,Entertainment,Entertainment,9
2025-09-09,Entertainment,Hotel,2
2025-09-09,Entertainment,Natural,1
2025-09-09,Entertainment,Religious,1
2025-09-09,Entertainment,Shopping,2
2025-09-09,Entertainment,Transit,2
2025-09-09,Hotel,Cityscape,2
2025-09-09,Hotel,Dining,3
2025-09-09,Hotel,Entertainment,3
2025-09-09,Hotel,Hotel,1
2025-09-09,Natural,Cityscape,1
2025-09-09,Natural,Cultural,1
2025-09-09,Natural,Entertainment,1
2025-09-09,Outdoor,Entertainment,1
2025-09-09,Outdoor,Natural,1
2025-09-09,Outdoor,area,1
2025-09-09,Religious,Natural,1
2025-09-09,Religious,area,3
2025-09-09,Shopping,Cityscape,1
2025-09-09,Shopping,Cultural,1
2025-09-09,Shopping,Dining,2
2025-09-09,Shopping,Shopping,2
2025-09-09,Transit,Cityscape,2
2025-09-09,Transit,Dining,1
2025-09-09,Transit,Entertainment,2
2025-09-09,Transit,Natural,1
2025-09-09,Transit,Outdoor,1
2025-09-09,Transit,Religious,3
2025-09-09,Transit,Shopping,1
2025-09-09,Transit,area,4
2025-09-09,area,Cityscape,3
2025-09-09,area,Cultural,1
2025-09-09,area,Entertainment,1
2025-09-09,area,Hotel,2
2025-09-09,area,Religious,1
2025-09-09,area,Transit,5
2025-09-09,area,area,1
2025-09-10,Cityscape,Cityscape,4
2025-09-10,Cityscape,Entertainment,5
2025-09-10,Cityscape,Outdoor,1
2025-09-10,Cityscape,Religious,1
2025-09-10,Cityscape,Shopping,1
2025-09-10,Cityscape,area,1
2025-09-10,Cultural,Cityscape,2
2025-09-10,Cultural,Cultural,1
2025-09-10,Cultural,Dining,1
2025-09-10,Dining,Natural,1
2025-09-10,Dining,Shopping,1
2025-09-10,Entertainment,Cityscape,3
2025-09-10,Entertainment,Cultural,1
2025-09-10,Entertainment,Entertainment,24
2025-09-10,Entertainment,Hotel,4
2025-09-10,Entertainment,Natural,2
2025-09-10,Entertainment,Shopping,2
2025-09-10,Entertainment,Transit,3
2025-09-10,Entertainment,area,1
2025-09-10,Hotel,Entertainment,4
2025-09-10,Hotel,Hotel,3
2025-09-10,Hotel,Outdoor,1
2025-09-10,Natural,Cityscape,1
2025-09-10,Natural,Dining,1
2025-09-10,Natural,Entertainment,1
2025-09-10,Natural,Religious,1
2025-09-10,Outdoor,Cityscape,1
2025-09-10,Religious,Cityscape,2
2025-09-10,Shopping,Cityscape,1
2025-09-10,Shopping,Cultural,1
2025-09-10,Shopping,Entertainment,1
2025-09-10,Shopping,Transit,1
2025-09-10,Shopping,area,1
2025-09-10,Transit,Entertainment,2
2025-09-10,Transit,Natural,2
2025-09-10,area,Cityscape,1
2025-09-10,area,Cultural,2
2025-09-10,area,Entertainment,1
2025-09-10,area,Shopping,1
2025-09-10,area,Transit,1
2025-09-11,Cityscape,Cityscape,2
2025-09-11,Cityscape,Dining,1
2025-09-11,Cityscape,Entertainment,3
2025-09-11,Cityscape,Hotel,1
2025-09-11,Cityscape,Natural,1
2025-09-11,Cityscape,Shopping,1
2025-09-11,Cityscape,Transit,1
2025-09-11,Cityscape,area,1
2025-09-11,Cultural,Entertainment,1
2025-09-11,Cultural,Natural,1
2025-09-11,Cultural,area,2
2025-09-11,Dining,Cityscape,1
2025-09-11,Dining,Shopping,1
2025-09-11,Entertainment,Cityscape,1
2025-09-11,Entertainment,Cultural,2
2025-09-11,Entertainment,Entertainment,17
2025-09-11,Entertainment,Hotel,2
2025-09-11,Entertainment,Natural,3
2025-09-11,Entertainment,Religious,2
2025-09-11,Entertainment,Transit,4
2025-09-11,Hotel,Cityscape,1
2025-09-11,Hotel,Entertainment,2
2025-09-11,Hotel,Transit,1
2025-09-11,Natural,Cityscape,1
2025-09-11,Natural,Cultural,1
2025-09-11,Natural,Dining,1
2025-09-11,Natural,Natural,1
2025-09-11,Natural,Religious,5
2025-09-11,Natural,Transit,1
2025-09-11,Natural,area,3
2025-09-11,Outdoor,Cityscape,1
2025-09-11,Religious,Entertainment,1
2025-09-11,Religious,Natural,4
2025-09-11,Religious,Religious,6
2025-09-11,Religious,Transit,1
2025-09-11,Religious,area,4
2025-09-11,Shopping,Entertainment,1
2025-09-11,Shopping,Hotel,1
2025-09-11,Shopping,Religious,2
2025-09-11,Transit,Cityscape,1
2025-09-11,Transit,Entertainment,5
2025-09-11,Transit,Hotel,1
2025-09-11,Transit,Natural,1
2025-09-11,Transit,Religious,2
2025-09-11,Transit,Transit,8
2025-09-11,Transit,area,2
2025-09-11,area,Cityscape,4
2025-09-11,area,Outdoor,1
2025-09-11,area,Religious,2
2025-09-11,area,Shopping,2
2025-09-11,area,Transit,2
2025-09-12,Cityscape,Cityscape,5
2025-09-12,Cityscape,Cultural,1
2025-09-12,Cityscape,Dining,1
2025-09-12,Cityscape,Entertainment,7
2025-09-12,Cityscape,Outdoor,1
2025-09-12,Cityscape,Shopping,1
2025-09-12,Cityscape,area,3
2025-09-12,Cultural,Natural,2
2025-09-12,Cultural,area,4
2025-09-12,Dining,Cityscape,2
2025-09-12,Dining,Natural,1
2025-09-12,Dining,area,2
2025-09-12,Entertainment,Cityscape,5
2025-09-12,Entertainment,Dining,1
2025-09-12,Entertainment,Entertainment,8
2025-09-12,Entertainment,Hotel,3
2025-09-12,Entertainment,Natural,3
2025-09-12,Entertainment,Religious,1
2025-09-12,Entertainment,Transit,2
2025-09-12,Entertainment,area,1
2025-09-12,Hotel,Entertainment,3
2025-09-12,Natural,Cityscape,1
2025-09-12,Natural,Cultural,1
2025-09-12,Natural,Entertainment,2
2025-09-12,Natural,Religious,4
2025-09-12,Natural,area,2
2025-09-12,Outdoor,Natural,1
2025-09-12,Religious,Cityscape,1
2025-09-12,Religious,Dining,1
2025-09-12,Religious,Religious,1
2025-09-12,Religious,Shopping,1
2025-09-12,Religious,Transit,1
2025-09-12,Religious,area,3
2025-09-12,Shopping,Entertainment,4
2025-09-12,Transit,Dining,1
2025-09-12,Transit,Entertainment,1
2025-09-12,Transit,area,2
2025-09-12,area,Cityscape,2
2025-09-12,area,Cultural,2
2025-09-12,area,Dining,2
2025-09-12,area,Entertainment,5
2025-09-12,area,Natural,2
2025-09-12,area,Religious,2
2025-09-12,area,Shopping,1
2025-09-12,area,Transit,1
2025-09-12,area,area,11
2025-09-13,Cityscape,Cityscape,1
2025-09-13,Cityscape,Cultural,2
2025-09-13,Cityscape,Dining,1
2025-09-13,Cityscape,Entertainment,1
2025-09-13,Cityscape,Hotel,1
2025-09-13,Cityscape,Outdoor,1
2025-09-13,Cityscape,Shopping,1
2025-09-13,Cityscape,Transit,1
2025-09-13,Cityscape,area,3
2025-09-13,Cultural,Cityscape,2
2025-09-13,Cultural,Cultural,1
2025-09-13,Cultural,Entertainment,1
2025-09-13,Cultural,Outdoor,1
2025-09-13,Cultural,Transit,1
2025-09-13,Cultural,area,1
2025-09-13,Dining,Dining,1
2025-09-13,Dining,Entertainment,1
2025-09-13,Entertainment,Entertainment,18
2025-09-13,Entertainment,Hotel,2
2025-09-13,Entertainment,Natural,1
2025-09-13,Entertainment,Shopping,1
2025-09-13,Entertainment,Transit,2
2025-09-13,Entertainment,area,1
2025-09-13,Hotel,Cityscape,2
2025-09-13,Hotel,Entertainment,1
2025-09-13,Natural,Entertainment,1
2025-09-13,Natural,Natural,1
2025-09-13,Natural,Religious,1
2025-09-13,Natural,area,1
2025-09-13,Outdoor,Cityscape,1
2025-09-13,Outdoor,Natural,1
2025-09-13,Outdoor,Religious,1
2025-09-13,Outdoor,area,1
2025-09-13,Religious,Cityscape,2
2025-09-13,Religious,Natural,2
2025-09-13,Religious,Outdoor,1
2025-09-13,Religious,Religious,5
2025-09-13,Religious,Transit,1
2025-09-13,Religious,area,1
2025-09-13,Transit,Cityscape,1
2025-09-13,Transit,Cultural,2
2025-09-13,Transit,Entertainment,2
2025-09-13,Transit,area,4
2025-09-13,area,Cityscape,3
2025-09-13,area,Cultural,1
2025-09-13,area,Dining,1
2025-09-13,area,Entertainment,2
2025-09-13,area,Hotel,1
2025-09-13,area,Religious,2
2025-09-13,area,Shopping,1
2025-09-13,area,Transit,1
2025-09-13,area,area,4
2025-09-14,Cityscape,Cityscape,4
2025-09-14,Cityscape,Cultural,1
2025-09-14,Cityscape,Dining,1
2025-09-14,Cityscape,Entertainment,2
2025-09-14,Cityscape,Hotel,1
2025-09-14,Cityscape,Natural,1
2025-09-14,Cityscape,Religious,1
2025-09-14,Cityscape,Shopping,2
2025-09-14,Cityscape,Transit,2
2025-09-14,Cultural,Cityscape,2
2025-09-14,Cultural,Shopping,1
2025-09-14,Dining,Cityscape,1
2025-09-14,Dining,Dining,2
2025-09-14,Dining,Transit,1
2025-09-14,Dining,area,1
2025-09-14,Entertainment,Cityscape,1
2025-09-14,Entertainment,Dining,1
2025-09-14,Entertainment,Entertainment,10
2025-09-14,Entertainment,Hotel,8
2025-09-14,Entertainment,Transit,6
2025-09-14,Hotel,Entertainment,10
2025-09-14,Hotel,area,1
2025-09-14,Natural,Religious,2
2025-09-14,Religious,Cultural,1
2025-09-14,Religious,Religious,2
2025-09-14,Religious,area,1
2025-09-14,Transit,Cityscape,6
2025-09-14,Transit,Entertainment,3
2025-09-14,Transit,Hotel,2
2025-09-14,Transit,Transit,1
2025-09-14,area,Cityscape,2
2025-09-14,area,Dining,1
2025-09-14,area,Entertainment,1
2025-09-15,Cityscape,Cityscape,4
2025-09-15,Cityscape,Entertainment,3
2025-09-15,Cityscape,Outdoor,1
2025-09-15,Cityscape,Shopping,2
2025-09-15,Cultural,Cityscape,1
2025-09-15,Cultural,Religious,1
2025-09-15,Cultural,Shopping,1
2025-09-15,Cultural,area,3
2025-09-15,Dining,Cityscape,1
2025-09-15,Dining,Entertainment,1
2025-09-15,Dining,Shopping,1
2025-09-15,Entertainment,Cityscape,2
2025-09-15,Entertainment,Dining,1
2025-09-15,Entertainment,Entertainment,16
2025-09-15,Entertainment,Hotel,7
2025-09-15,Entertainment,Natural,3
2025-09-15,Entertainment,Shopping,2
2025-09-15,Entertainment,Transit,5
2025-09-15,Entertainment,area,2
2025-09-15,Hotel,Entertainment,9
2025-09-15,Hotel,Transit,1
2025-09-15,Hotel,area,1
2025-09-15,Natural,Natural,2
2025-09-15,Natural,Outdoor,3
2025-09-15,Natural,Religious,2
2025-09-15,Outdoor,Cultural,1
2025-09-15,Outdoor,Natural,3
2025-09-15,Outdoor,Outdoor,1
2025-09-15,Outdoor,Transit,1
2025-09-15,Outdoor,area,1
2025-09-15,Religious,Entertainment,1
2025-09-15,Religious,Natural,1
2025-09-15,Religious,Outdoor,1
2025-09-15,Shopping,Cityscape,1
2025-09-15,Shopping,Cultural,1
2025-09-15,Shopping,Entertainment,1
2025-09-15,Shopping,Shopping,1
2025-09-15,Shopping,Transit,1
2025-09-15,Transit,Cityscape,1
2025-09-15,Transit,Entertainment,5
2025-09-15,Transit,Hotel,2
2025-09-15,Transit,Natural,1
2025-09-15,Transit,Transit,2
2025-09-15,Transit,area,1
2025-09-15,area,Cultural,2
2025-09-15,area,Entertainment,1
2025-09-15,area,Natural,1
2025-09-15,area,Outdoor,1
2025-09-15,area,Religious,1
2025-09-15,area,area,1
2025-09-16,Cityscape,Cityscape,4
2025-09-16,Cityscape,Dining,1
2025-09-16,Cityscape,Entertainment,5
2025-09-16,Cityscape,Natural,3
2025-09-16,Cityscape,Religious,1
2025-09-16,Cityscape,area,2
2025-09-16,Cultural,Shopping,1
2025-09-16,Dining,Dining,2
2025-09-16,Dining,Hotel,1
2025-09-16,Dining,Transit,1
2025-09-16,Entertainment,Cityscape,3
2025-09-16,Entertainment,Dining,1
2025-09-16,Entertainment,Entertainment,11
2025-09-16,Entertainment,Hotel,1
2025-09-16,Entertainment,Shopping,1
2025-09-16,Entertainment,Transit,2
2025-09-16,Entertainment,area,2
2025-09-16,Hotel,Cityscape,1
2025-09-16,Hotel,Entertainment,3
2025-09-16,Natural,Entertainment,1
2025-09-16,Natural,Religious,1
2025-09-16,Natural,area,1
2025-09-16,Outdoor,area,1
2025-09-16,Religious,Shopping,1
2025-09-16,Religious,Transit,2
2025-09-16,Religious,area,1
2025-09-16,Shopping,Cityscape,1
2025-09-16,Shopping,Entertainment,2
2025-09-16,Shopping,Religious,1
2025-09-16,Transit,Cityscape,4
2025-09-16,Transit,Dining,1
2025-09-16,Transit,Entertainment,3
2025-09-16,Transit,Hotel,1
2025-09-16,Transit,Transit,1
2025-09-16,area,Cityscape,4
2025-09-16,area,Cultural,1
2025-09-16,area,Entertainment,1
2025-09-16,area,Outdoor,1
2025-09-16,area,Transit,1
2025-09-16,area,area,7
2025-09-17,Cityscape,Cityscape,3
2025-09-17,Cityscape,Dining,2
2025-09-17,Cityscape,Natural,1
2025-09-17,Cityscape,Shopping,2
2025-09-17,Cityscape,area,3
2025-09-17,Cultural,Cityscape,2
2025-09-17,Cultural,Cultural,4
2025-09-17,Cultural,Entertainment,1
2025-09-17,Cultural,Hotel,1
2025-09-17,Cultural,area,1
2025-09-17,Dining,Cityscape,1
2025-09-17,Dining,Dining,1
2025-09-17,Dining,Entertainment,1
2025-09-17,Dining,Religious,1
2025-09-17,Entertainment,Cityscape,1
2025-09-17,Entertainment,Cultural,2
2025-09-17,Entertainment,Dining,1
2025-09-17,Entertainment,Entertainment,6
2025-09-17,Entertainment,Hotel,11
2025-09-17,Entertainment,Natural,1
2025-09-17,Entertainment,Religious,1
2025-09-17,Entertainment,Transit,4
2025-09-17,Hotel,Cultural,1
2025-09-17,Hotel,Entertainment,11
2025-09-17,Natural,Entertainment,1
2025-09-17,Natural,Religious,1
2025-09-17,Outdoor,Religious,1
2025-09-17,Religious,Cityscape,1
2025-09-17,Religious,Natural,1
2025-09-17,Religious,Shopping,1
2025-09-17,Religious,Transit,1
2025-09-17,Religious,area,1
2025-09-17,Shopping,Cityscape,2
2025-09-17,Shopping,Transit,1
2025-09-17,Shopping,area,1
2025-09-17,Transit,Cityscape,2
2025-09-17,Transit,Cultural,1
2025-09-17,Transit,Entertainment,2
2025-09-17,Transit,Hotel,1
2025-09-17,area,Cultural,1
2025-09-17,area,Entertainment,1
2025-09-17,area,Natural,1
2025-09-17,area,Religious,1
2025-09-17,area,Shopping,3
2025-09-17,area,Transit,1
2025-09-17,area,area,3
2025-09-18,Cityscape,Entertainment,2
2025-09-18,Cityscape,Transit,4
2025-09-18,Cultural,Cityscape,1
2025-09-18,Cultural,Cultural,3
2025-09-18,Cultural,Hotel,1
2025-09-18,Entertainment,Cityscape,2
2025-09-18,Entertainment,Hotel,1
2025-09-18,Entertainment,Natural,2
2025-09-18,Entertainment,Outdoor,2
2025-09-18,Entertainment,Religious,2
2025-09-18,Entertainment,Shopping,1
2025-09-18,Entertainment,Transit,1
2025-09-18,Entertainment,area,2
2025-09-18,Hotel,area,1
2025-09-18,Natural,Cityscape,1
2025-09-18,Natural,Entertainment,2
2025-09-18,Natural,Outdoor,3
2025-09-18,Natural,Religious,1
2025-09-18,Outdoor,Cityscape,1
2025-09-18,Outdoor,Entertainment,1
2025-09-18,Outdoor,Natural,4
2025-09-18,Religious,Religious,3
2025-09-18,Religious,Transit,2
2025-09-18,Religious,area,2
2025-09-18,Shopping,Entertainment,1
2025-09-18,Shopping,area,1
2025-09-18,Transit,Cityscape,1
2025-09-18,Transit,Entertainment,4
2025-09-18,Transit,Natural,1
2025-09-18,Transit,Religious,1
2025-09-18,Transit,Transit,1
2025-09-18,Transit,area,1
2025-09-18,area,Cityscape,2
2025-09-18,area,Entertainment,1
2025-09-18,area,Hotel,2
2025-09-18,area,Natural,2
2025-09-18,area,Outdoor,1
2025-09-18,area,Religious,1
2025-09-18,area,Shopping,1
2025-09-18,area,area,4
2025-09-19,Cityscape,Cityscape,1
2025-09-19,Cityscape,Cultural,2
2025-09-19,Cityscape,Dining,1
2025-09-19,Cityscape,Entertainment,5
2025-09-19,Cityscape,Hotel,1
2025-09-19,Cityscape,Transit,2
2025-09-19,Cultural,Cityscape,1
2025-09-19,Cultural,Entertainment,3
2025-09-19,Cultural,Shopping,1
2025-09-19,Dining,Entertainment,1
2025-09-19,Entertainment,Cityscape,3
2025-09-19,Entertainment,Cultural,3
2025-09-19,Entertainment,Entertainment,4
2025-09-19,Entertainment,Hotel,1
2025-09-19,Entertainment,Religious,1
2025-09-19,Entertainment,Shopping,2
2025-09-19,Entertainment,Transit,6
2025-09-19,Hotel,Cultural,1
2025-09-19,Hotel,Entertainment,1
2025-09-19,Hotel,area,1
2025-09-19,Natural,Cityscape,1
2025-09-19,Natural,Religious,1
2025-09-19,Religious,Entertainment,1
2025-09-19,Religious,Shopping,1
2025-09-19,Religious,area,1
2025-09-19,Shopping,Dining,2
2025-09-19,Shopping,Entertainment,2
2025-09-19,Shopping,Hotel,1
2025-09-19,Shopping,Shopping,1
2025-09-19,Shopping,Transit,1
2025-09-19,Transit,Cityscape,4
2025-09-19,Transit,Cultural,1
2025-09-19,Transit,Entertainment,4
2025-09-19,Transit,Natural,1
2025-09-19,Transit,area,1
2025-09-19,area,Cityscape,2
2025-09-19,area,Entertainment,2
2025-09-19,area,Outdoor,1
2025-09-19,area,Religious,1
2025-09-20,Cityscape,Cultural,2
2025-09-20,Cityscape,Entertainment,4
2025-09-20,Cityscape,Natural,2
2025-09-20,Cityscape,Outdoor,2
2025-09-20,Cityscape,Shopping,1
2025-09-20,Cityscape,area,2
2025-09-20,Cultural,Cityscape,1
2025-09-20,Cultural,Dining,1
2025-09-20,Dining,Entertainment,3
2025-09-20,Dining,area,1
2025-09-20,Entertainment,Cityscape,2
2025-09-20,Entertainment,Entertainment,7
2025-09-20,Entertainment,Hotel,3
2025-09-20,Entertainment,Outdoor,1
2025-09-20,Entertainment,Religious,1
2025-09-20,Entertainment,Shopping,2
2025-09-20,Entertainment,Transit,2
2025-09-20,Entertainment,area,1
2025-09-20,Hotel,Entertainment,4
2025-09-20,Hotel,Hotel,1
2025-09-20,Natural,Cityscape,1
2025-09-20,Natural,Outdoor,1
2025-09-20,Natural,area,3
2025-09-20,Outdoor,Cityscape,2
2025-09-20,Religious,Religious,2
2025-09-20,Religious,area,2
2025-09-20,Shopping,Cityscape,1
2025-09-20,Shopping,Entertainment,1
2025-09-20,Shopping,area,1
2025-09-20,Transit,Cityscape,1
2025-09-20,Transit,Cultural,2
2025-09-20,Transit,Dining,1
2025-09-20,Transit,Entertainment,1
2025-09-20,Transit,Hotel,1
2025-09-20,area,Cityscape,2
2025-09-20,area,Dining,3
2025-09-20,area,Entertainment,1
2025-09-20,area,Religious,1
2025-09-20,area,Shopping,2
2025-09-20,area,Transit,2
2025-09-20,area,area,9
2025-09-21,Cityscape,Cityscape,2
2025-09-21,Cityscape,Entertainment,5
2025-09-21,Cityscape,Hotel,1
2025-09-21,Cityscape,Religious,1
2025-09-21,Cityscape,Transit,2
2025-09-21,Cityscape,area,3
2025-09-21,Cultural,Cityscape,1
2025-09-21,Cultural,Natural,1
2025-09-21,Dining,Dining,4
2025-09-21,Dining,Shopping,1
2025-09-21,Entertainment,Cityscape,5
2025-09-21,Entertainment,Cultural,1
2025-09-21,Entertainment,Entertainment,6
2025-09-21,Entertainment,Hotel,2
2025-09-21,Entertainment,Natural,1
2025-09-21,Entertainment,Transit,3
2025-09-21,Hotel,Entertainment,2
2025-09-21,Natural,Dining,1
2025-09-21,Natural,Outdoor,1
2025-09-21,Natural,Shopping,1
2025-09-21,Natural,area,1
2025-09-21,Outdoor,Natural,1
2025-09-21,Religious,Religious,2
2025-09-21,Religious,area,2
2025-09-21,Shopping,Cityscape,1
2025-09-21,Transit,Cityscape,1
2025-09-21,Transit,Dining,1
2025-09-21,Transit,Entertainment,4
2025-09-21,Transit,Transit,1
2025-09-21,Transit,area,1
2025-09-21,area,Cityscape,3
2025-09-21,area,Cultural,1
2025-09-21,area,Entertainment,2
2025-09-21,area,Natural,2
2025-09-21,area,Outdoor,1
2025-09-21,area,Religious,1
2025-09-21,area,area,3
2025-09-22,Cityscape,Cityscape,3
2025-09-22,Cityscape,Cultural,3
2025-09-22,Cityscape,Dining,1
2025-09-22,Cityscape,Entertainment,5
2025-09-22,Cityscape,Natural,1
2025-09-22,Cityscape,Religious,1
2025-09-22,Cityscape,Transit,4
2025-09-22,Cityscape,area,2
2025-09-22,Cultural,Cityscape,2
2025-09-22,Cultural,Entertainment,1
2025-09-22,Cultural,Religious,1
2025-09-22,Cultural,area,1
2025-09-22,Dining,Cityscape,1
2025-09-22,Dining,Entertainment,1
2025-09-22,Dining,Religious,1
2025-09-22,Dining,Transit,1
2025-09-22,Entertainment,Cityscape,3
2025-09-22,Entertainment,Cultural,2
2025-09-22,Entertainment,Dining,2
2025-09-22,Entertainment,Entertainment,8
2025-09-22,Entertainment,Religious,1
2025-09-22,Entertainment,Shopping,1
2025-09-22,Entertainment,Transit,1
2025-09-22,Entertainment,area,1
2025-09-22,Hotel,Entertainment,2
2025-09-22,Hotel,Hotel,1
2025-09-22,Natural,Entertainment,1
2025-09-22,Natural,Religious,1
2025-09-22,Religious,Cityscape,2
2025-09-22,Religious,Cultural,1
2025-09-22,Religious,Natural,1
2025-09-22,Religious,Religious,1
2025-09-22,Shopping,Cityscape,1
2025-09-22,Shopping,Entertainment,1
2025-09-22,Transit,Cityscape,4
2025-09-22,Transit,Dining,1
2025-09-22,Transit,Hotel,1
2025-09-22,Transit,Natural,1
2025-09-22,area,Cityscape,1
2025-09-22,area,Entertainment,1
2025-09-22,area,Shopping,1
2025-09-22,area,area,1
2025-09-23,Cityscape,Cultural,2
2025-09-23,Cityscape,Entertainment,3
2025-09-23,Cultural,Cityscape,2
2025-09-23,Cultural,Cultural,3
2025-09-23,Cultural,Natural,1
2025-09-23,Cultural,Shopping,1
2025-09-23,Cultural,area,1
2025-09-23,Entertainment,Cityscape,2
2025-09-23,Entertainment,Cultural,1
2025-09-23,Entertainment,Entertainment,13
2025-09-23,Entertainment,Transit,1
2025-09-23,Entertainment,area,1
2025-09-23,Natural,Religious,1
2025-09-23,Natural,Transit,1
2025-09-23,Natural,area,1
2025-09-23,Religious,area,1
2025-09-23,Transit,Cityscape,2
2025-09-23,Transit,Entertainment,3
2025-09-23,Transit,Natural,1
2025-09-23,Transit,area,2
2025-09-23,area,Dining,1
2025-09-23,area,Entertainment,2
2025-09-23,area,Natural,2
2025-09-23,area,Transit,2
2025-09-23,area,area,5
2025-09-24,Cityscape,Cityscape,4
2025-09-24,Cityscape,Cultural,2
2025-09-24,Cityscape,Entertainment,3
2025-09-24,Cityscape,Hotel,1
2025-09-24,Cityscape,Religious,1
2025-09-24,Cityscape,Shopping,2
2025-09-24,Cityscape,area,2
2025-09-24,Cultural,Cityscape,1
2025-09-24,Cultural,Entertainment,1
2025-09-24,Dining,Entertainment,2
2025-09-24,Dining,Shopping,1
2025-09-24,Entertainment,Cityscape,3
2025-09-24,Entertainment,Cultural,1
2025-09-24,Entertainment,Dining,1
2025-09-24,Entertainment,Entertainment,5
2025-09-24,Entertainment,Hotel,1
2025-09-24,Entertainment,Transit,1
2025-09-24,Entertainment,area,1
2025-09-24,Hotel,Cityscape,1
2025-09-24,Hotel,Entertainment,2
2025-09-24,Religious,Entertainment,1
2025-09-24,Religious,Religious,2
2025-09-24,Shopping,Cityscape,1
2025-09-24,Shopping,Cultural,1
2025-09-24,Shopping,Entertainment,1
2025-09-24,Shopping,area,1
2025-09-24,Transit,Cityscape,1
2025-09-24,Transit,area,1
2025-09-24,area,Dining,2
2025-09-24,area,Hotel,1
2025-09-24,area,Shopping,1
2025-09-24,area,area,4
2025-09-25,Cityscape,Cityscape,1
2025-09-25,Cityscape,Cultural,1
2025-09-25,Cityscape,Dining,1
2025-09-25,Cityscape,Entertainment,1
2025-09-25,Cityscape,Hotel,1
2025-09-25,Cityscape,Natural,1
2025-09-25,Cityscape,Shopping,1
2025-09-25,Cityscape,Transit,2
2025-09-25,Cityscape,area,3
2025-09-25,Cultural,Cityscape,1
2025-09-25,Cultural,area,1
2025-09-25,Dining,Cityscape,1
2025-09-25,Dining,Dining,4
2025-09-25,Entertainment,Cityscape,1
2025-09-25,Entertainment,Cultural,3
2025-09-25,Entertainment,Entertainment,21
2025-09-25,Entertainment,Hotel,3
2025-09-25,Entertainment,Natural,3
2025-09-25,Entertainment,Transit,2
2025-09-25,Entertainment,area,1
2025-09-25,Hotel,Entertainment,4
2025-09-25,Hotel,Hotel,2
2025-09-25,Hotel,Transit,1
2025-09-25,Natural,Cityscape,2
2025-09-25,Natural,Entertainment,1
2025-09-25,Natural,Religious,1
2025-09-25,Natural,area,1
2025-09-25,Outdoor,Religious,1
2025-09-25,Religious,Entertainment,1
2025-09-25,Religious,Natural,1
2025-09-25,Religious,Outdoor,1
2025-09-25,Religious,Religious,2
2025-09-25,Shopping,Cityscape,2
2025-09-25,Shopping,area,1
2025-09-25,Transit,Cityscape,2
2025-09-25,Transit,Entertainment,6
2025-09-25,Transit,area,1
2025-09-25,area,Cityscape,2
2025-09-25,area,Cultural,1
2025-09-25,area,Dining,2
2025-09-25,area,Entertainment,1
2025-09-25,area,Shopping,1
2025-09-26,Cityscape,Cityscape,1
2025-09-26,Cityscape,Entertainment,4
2025-09-26,Cityscape,Transit,1
2025-09-26,Cultural,Cityscape,3
2025-09-26,Cultural,Cultural,1
2025-09-26,Cultural,Natural,1
2025-09-26,Cultural,area,1
2025-09-26,Dining,Entertainment,3
2025-09-26,Entertainment,Cityscape,4
2025-09-26,Entertainment,Cultural,1
2025-09-26,Entertainment,Dining,3
2025-09-26,Entertainment,Entertainment,56
2025-09-26,Entertainment,Hotel,1
2025-09-26,Entertainment,Natural,1
2025-09-26,Entertainment,Shopping,1
2025-09-26,Entertainment,Transit,1
2025-09-26,Entertainment,area,4
2025-09-26,Hotel,Entertainment,1
2025-09-26,Hotel,Hotel,2
2025-09-26,Hotel,Shopping,1
2025-09-26,Hotel,Transit,1
2025-09-26,Natural,Entertainment,3
2025-09-26,Natural,Outdoor,1
2025-09-26,Natural,Religious,1
2025-09-26,Natural,area,1
2025-09-26,Outdoor,Natural,1
2025-09-26,Religious,Cityscape,1
2025-09-26,Religious,Entertainment,1
2025-09-26,Religious,Outdoor,1
2025-09-26,Religious,Religious,4
2025-09-26,Religious,Shopping,1
2025-09-26,Shopping,Cityscape,1
2025-09-26,Shopping,Hotel,1
2025-09-26,Shopping,Religious,1
2025-09-26,Shopping,Shopping,2
2025-09-26,Shopping,area,2
2025-09-26,Transit,Entertainment,2
2025-09-26,Transit,Shopping,2
2025-09-26,Transit,area,2
2025-09-26,area,Cityscape,1
2025-09-26,area,Cultural,1
2025-09-26,area,Entertainment,4
2025-09-26,area,Hotel,1
2025-09-26,area,Natural,2
2025-09-26,area,Religious,2
2025-09-26,area,Transit,1
2025-09-26,area,area,1
2025-09-27,Cityscape,Cityscape,2
2025-09-27,Cityscape,Cultural,2
2025-09-27,Cityscape,Entertainment,6
2025-09-27,Cityscape,Hotel,1
2025-09-27,Cityscape,Natural,2
2025-09-27,Cityscape,Religious,1
2025-09-27,Cityscape,Shopping,2
2025-09-27,Cityscape,Transit,1
2025-09-27,Cityscape,area,2
2025-09-27,Cultural,Cityscape,1
2025-09-27,Cultural,Cultural,2
2025-09-27,Cultural,Entertainment,1
2025-09-27,Cultural,Natural,1
2025-09-27,Cultural,Transit,1
2025-09-27,Cultural,area,1
2025-09-27,Dining,area,1
2025-09-27,Entertainment,Cityscape,4
2025-09-27,Entertainment,Cultural,3
2025-09-27,Entertainment,Entertainment,25
2025-09-27,Entertainment,Hotel,3
2025-09-27,Entertainment,Natural,1
2025-09-27,Entertainment,Religious,4
2025-09-27,Entertainment,Transit,2
2025-09-27,Entertainment,area,5
2025-09-27,Hotel,Cityscape,1
2025-09-27,Hotel,Entertainment,2
2025-09-27,Hotel,Transit,1
2025-09-27,Natural,Entertainment,1
2025-09-27,Natural,Religious,5
2025-09-27,Natural,Shopping,1
2025-09-27,Natural,Transit,1
2025-09-27,Natural,area,2
2025-09-27,Outdoor,Natural,1
2025-09-27,Religious,Cultural,1
2025-09-27,Religious,Entertainment,1
2025-09-27,Religious,Natural,4
2025-09-27,Religious,Outdoor,1
2025-09-27,Religious,Religious,1
2025-09-27,Religious,Shopping,1
2025-09-27,Religious,Transit,2
2025-09-27,Religious,area,1
2025-09-27,Shopping,Cityscape,1
2025-09-27,Shopping,area,2
2025-09-27,Transit,Cityscape,4
2025-09-27,Transit,Entertainment,5
2025-09-27,Transit,Natural,2
2025-09-27,Transit,Religious,2
2025-09-27,area,Cityscape,5
2025-09-27,area,Entertainment,4
2025-09-27,area,Natural,4
2025-09-27,area,Religious,2
2025-09-27,area,Shopping,1
2025-09-28,Cityscape,Cityscape,9
2025-09-28,Cityscape,Dining,1
2025-09-28,Cityscape,Entertainment,5
2025-09-28,Cityscape,Religious,2
2025-09-28,Cityscape,Transit,3
2025-09-28,Cityscape,area,3
2025-09-28,Cultural,Cityscape,1
2025-09-28,Cultural,Entertainment,2
2025-09-28,Cultural,Hotel,1
2025-09-28,Cultural,area,2
2025-09-28,Dining,Dining,2
2025-09-28,Dining,Entertainment,1
2025-09-28,Entertainment,Cityscape,7
2025-09-28,Entertainment,Cultural,1
2025-09-28,Entertainment,Entertainment,22
2025-09-28,Entertainment,Hotel,4
2025-09-28,Entertainment,Natural,1
2025-09-28,Entertainment,Shopping,1
2025-09-28,Entertainment,Transit,2
2025-09-28,Entertainment,area,3
2025-09-28,Hotel,Cityscape,2
2025-09-28,Hotel,Entertainment,3
2025-09-28,Hotel,Hotel,1
2025-09-28,Hotel,Natural,1
2025-09-28,Natural,Cityscape,1
2025-09-28,Natural,Cultural,1
2025-09-28,Natural,area,1
2025-09-28,Outdoor,Cityscape,1
2025-09-28,Outdoor,area,1
2025-09-28,Religious,Outdoor,1
2025-09-28,Religious,Religious,4
2025-09-28,Shopping,Entertainment,3
2025-09-28,Transit,Entertainment,5
2025-09-28,Transit,Hotel,1
2025-09-28,Transit,Natural,1
2025-09-28,Transit,area,2
2025-09-28,area,Cityscape,5
2025-09-28,area,Cultural,3
2025-09-28,area,Entertainment,2
2025-09-28,area,Hotel,1
2025-09-28,area,Religious,1
2025-09-28,area,Transit,1
2025-09-28,area,area,10
2025-09-29,Cityscape,Cityscape,5
2025-09-29,Cityscape,Cultural,1
2025-09-29,Cityscape,Dining,1
2025-09-29,Cityscape,Entertainment,2
2025-09-29,Cityscape,Natural,1
2025-09-29,Cityscape,Transit,2
2025-09-29,Cultural,Cityscape,2
2025-09-29,Cultural,Cultural,1
2025-09-29,Cultural,Entertainment,1
2025-09-29,Cultural,Religious,1
2025-09-29,Dining,Cityscape,1
2025-09-29,Dining,Dining,2
2025-09-29,Dining,Outdoor,1
2025-09-29,Dining,Religious,1
2025-09-29,Entertainment,Cityscape,2
2025-09-29,Entertainment,Cultural,2
2025-09-29,Entertainment,Entertainment,1
2025-09-29,Entertainment,Natural,1
2025-09-29,Entertainment,Transit,4
2025-09-29,Hotel,Entertainment,1
2025-09-29,Natural,Cityscape,1
2025-09-29,Natural,Entertainment,2
2025-09-29,Natural,Religious,1
2025-09-29,Outdoor,Dining,1
2025-09-29,Outdoor,Outdoor,2
2025-09-29,Religious,Cityscape,2
2025-09-29,Religious,Natural,2
2025-09-29,Religious,Religious,1
2025-09-29,Shopping,Entertainment,1
2025-09-29,Transit,Dining,1
2025-09-29,Transit,Entertainment,2
2025-09-29,Transit,Hotel,1
2025-09-29,Transit,Natural,1
2025-09-29,Transit,Shopping,1
2025-09-29,Transit,Transit,1
2025-09-29,Transit,area,1
2025-09-29,area,Natural,1
2025-09-29,area,Religious,1
2025-09-30,Cityscape,Cityscape,2
2025-09-30,Cityscape,Dining,2
2025-09-30,Cityscape,Entertainment,5
2025-09-30,Cityscape,Religious,2
2025-09-30,Cityscape,Shopping,1
2025-09-30,Cityscape,Transit,1
2025-09-30,Cityscape,area,1
2025-09-30,Cultural,Cityscape,1
2025-09-30,Cultural,Cultural,1
2025-09-30,Cultural,Entertainment,1
2025-09-30,Cultural,Shopping,1
2025-09-30,Dining,Cityscape,1
2025-09-30,Dining,Dining,4
2025-09-30,Dining,Entertainment,1
2025-09-30,Dining,Religious,1
2025-09-30,Dining,area,1
2025-09-30,Entertainment,Cityscape,3
2025-09-30,Entertainment,Cultural,1
2025-09-30,Entertainment,Entertainment,22
2025-09-30,Entertainment,Hotel,2
2025-09-30,Entertainment,Religious,1
2025-09-30,Entertainment,Shopping,1
2025-09-30,Entertainment,Transit,3
2025-09-30,Entertainment,area,1
2025-09-30,Hotel,Dining,1
2025-09-30,Hotel,Entertainment,2
2025-09-30,Religious,Cityscape,1
2025-09-30,Religious,Dining,1
2025-09-30,Religious,Entertainment,3
2025-09-30,Religious,Religious,2
2025-09-30,Shopping,Cultural,1
2025-09-30,Shopping,Entertainment,1
2025-09-30,Transit,Cityscape,5
2025-09-30,Transit,Entertainment,2
2025-09-30,Transit,Hotel,1
2025-09-30,Transit,Religious,1
2025-09-30,Transit,area,1
2025-09-30,area,Cityscape,2
2025-09-30,area,Cultural,1
2025-09-30,area,Dining,1
2025-09-30,area,Entertainment,3
2025-09-30,area,Religious,1
2025-09-30,area,Transit,1
2025-09-30,area,area,5
2025-10-01,Cityscape,Cityscape,1
2025-10-01,Cityscape,Cultural,2
2025-10-01,Cityscape,Entertainment,4
2025-10-01,Cityscape,Outdoor,2
2025-10-01,Cityscape,area,3
2025-10-01,Cultural,Cityscape,2
2025-10-01,Cultural,Cultural,1
2025-10-01,Cultural,Entertainment,1
2025-10-01,Cultural,Transit,1
2025-10-01,Dining,Transit,1
2025-10-01,Entertainment,Cityscape,3
2025-10-01,Entertainment,Cultural,1
2025-10-01,Entertainment,Dining,1
2025-10-01,Entertainment,Entertainment,8
2025-10-01,Entertainment,Hotel,3
2025-10-01,Entertainment,Transit,3
2025-10-01,Entertainment,area,2
2025-10-01,Hotel,Entertainment,3
2025-10-01,Hotel,Hotel,1
2025-10-01,Hotel,area,1
2025-10-01,Natural,Cultural,1
2025-10-01,Natural,Outdoor,1
2025-10-01,Natural,Religious,1
2025-10-01,Natural,area,1
2025-10-01,Outdoor,Cityscape,2
2025-10-01,Outdoor,Outdoor,2
2025-10-01,Outdoor,area,1
2025-10-01,Religious,Cultural,1
2025-10-01,Religious,Natural,2
2025-10-01,Transit,Cityscape,1
2025-10-01,Transit,Cultural,1
2025-10-01,Transit,Dining,1
2025-10-01,Transit,Entertainment,3
2025-10-01,Transit,Natural,1
2025-10-01,Transit,Religious,1
2025-10-01,area,Cityscape,1
2025-10-01,area,Dining,1
2025-10-01,area,Entertainment,5
2025-10-01,area,Hotel,2
2025-10-01,area,Natural,2
2025-10-01,area,area,4
2025-10-02,Cityscape,Cityscape,1
2025-10-02,Cityscape,Cultural,1
2025-10-02,Cityscape,Entertainment,4
2025-10-02,Cityscape,Outdoor,1
2025-10-02,Cityscape,Transit,1
2025-10-02,Cityscape,area,1
2025-10-02,Cultural,Cultural,1
2025-10-02,Cultural,Entertainment,1
2025-10-02,Cultural,Hotel,1
2025-10-02,Cultural,Natural,1
2025-10-02,Entertainment,Cityscape,6
2025-10-02,Entertainment,Entertainment,3
2025-10-02,Entertainment,Hotel,2
2025-10-02,Entertainment,Transit,2
2025-10-02,Hotel,Cultural,1
2025-10-02,Hotel,Entertainment,2
2025-10-02,Hotel,area,1
2025-10-02,Natural,Hotel,1
2025-10-02,Natural,area,2
2025-10-02,Outdoor,Cityscape,1
2025-10-02,Outdoor,Natural,1
2025-10-02,Religious,area,1
2025-10-02,Transit,Cityscape,2
2025-10-02,Transit,Entertainment,1
2025-10-02,Transit,Hotel,1
2025-10-02,Transit,area,3
2025-10-02,area,Cityscape,1
2025-10-02,area,Dining,1
2025-10-02,area,Entertainment,3
2025-10-02,area,Natural,1
2025-10-02,area,Outdoor,1
2025-10-02,area,Religious,1
2025-10-02,area,Shopping,1
2025-10-02,area,area,6
2025-10-03,Cityscape,Cityscape,1
2025-10-03,Cityscape,Cultural,1
2025-10-03,Cityscape,Dining,1
2025-10-03,Cityscape,Entertainment,2
2025-10-03,Cityscape,Transit,1
2025-10-03,Cultural,Cityscape,2
2025-10-03,Cultural,Entertainment,1
2025-10-03,Cultural,Natural,1
2025-10-03,Cultural,area,1
2025-10-03,Dining,Cityscape,1
2025-10-03,Dining,Dining,1
2025-10-03,Dining,Entertainment,1
2025-10-03,Entertainment,Cityscape,3
2025-10-03,Entertainment,Cultural,2
2025-10-03,Entertainment,Dining,1
2025-10-03,Entertainment,Entertainment,9
2025-10-03,Entertainment,Hotel,3
2025-10-03,Entertainment,Natural,1
2025-10-03,Entertainment,area,2
2025-10-03,Hotel,Entertainment,4
2025-10-03,Hotel,Transit,1
2025-10-03,Natural,Cityscape,1
2025-10-03,Natural,Cultural,1
2025-10-03,Natural,Outdoor,1
2025-10-03,Natural,Religious,1
2025-10-03,Natural,Transit,2
2025-10-03,Outdoor,Natural,1
2025-10-03,Religious,Entertainment,1
2025-10-03,Religious,Religious,5
2025-10-03,Transit,Cityscape,1
2025-10-03,Transit,Cultural,1
2025-10-03,Transit,Entertainment,4
2025-10-03,Transit,area,2
2025-10-03,area,Cityscape,3
2025-10-03,area,Dining,1
2025-10-03,area,Religious,1
2025-10-03,area,Transit,1
2025-10-03,area,area,7
2025-10-04,Cityscape,Cityscape,4
2025-10-04,Cityscape,Cultural,2
2025-10-04,Cityscape,Dining,1
2025-10-04,Cityscape,Hotel,1
2025-10-04,Cityscape,Outdoor,3
2025-10-04,Cityscape,Religious,2
2025-10-04,Cityscape,Transit,1
2025-10-04,Cityscape,area,2
2025-10-04,Cultural,Cityscape,1
2025-10-04,Cultural,Cultural,3
2025-10-04,Cultural,Dining,1
2025-10-04,Cultural,Entertainment,1
2025-10-04,Dining,Entertainment,1
2025-10-04,Entertainment,Cityscape,3
2025-10-04,Entertainment,Entertainment,14
2025-10-04,Entertainment,Hotel,3
2025-10-04,Entertainment,Natural,2
2025-10-04,Entertainment,area,2
2025-10-04,Hotel,Entertainment,3
2025-10-04,Natural,Cityscape,1
2025-10-04,Natural,Entertainment,1
2025-10-04,Natural,Hotel,1
2025-10-04,Natural,Outdoor,2
2025-10-04,Natural,Religious,1
2025-10-04,Natural,Transit,1
2025-10-04,Natural,area,1
2025-10-04,Outdoor,Cityscape,4
2025-10-04,Outdoor,Entertainment,1
2025-10-04,Outdoor,Transit,1
2025-10-04,Religious,Cityscape,1
2025-10-04,Religious,Natural,3
2025-10-04,Religious,Religious,4
2025-10-04,Religious,Transit,1
2025-10-04,Shopping,Dining,1
2025-10-04,Transit,Cityscape,5
2025-10-04,Transit,Entertainment,1
2025-10-04,Transit,Religious,1
2025-10-04,area,Cityscape,2
2025-10-04,area,Cultural,1
2025-10-04,area,Entertainment,1
2025-10-04,area,Natural,1
2025-10-04,area,Religious,3
2025-10-04,area,Transit,3
2025-10-04,area,area,1
2025-10-05,Cityscape,Cityscape,3
2025-10-05,Cityscape,Cultural,1
2025-10-05,Cityscape,Entertainment,7
2025-10-05,Cityscape,Religious,1
2025-10-05,Cityscape,Shopping,1
2025-10-05,Cityscape,area,1
2025-10-05,Cultural,Cultural,1
2025-10-05,Cultural,Entertainment,1
2025-10-05,Cultural,Religious,1
2025-10-05,Dining,Cityscape,1
2025-10-05,Entertainment,Cityscape,8
2025-10-05,Entertainment,Dining,1
2025-10-05,Entertainment,Entertainment,15
2025-10-05,Entertainment,Natural,2
2025-10-05,Entertainment,Religious,1
2025-10-05,Entertainment,Transit,2
2025-10-05,Hotel,Entertainment,3
2025-10-05,Hotel,Hotel,1
2025-10-05,Hotel,Natural,1
2025-10-05,Natural,Cityscape,1
2025-10-05,Natural,Entertainment,1
2025-10-05,Natural,Religious,2
2025-10-05,Natural,Transit,1
2025-10-05,Religious,Cityscape,1
2025-10-05,Religious,Entertainment,1
2025-10-05,Religious,Natural,1
2025-10-05,Religious,Religious,2
2025-10-05,Religious,Shopping,1
2025-10-05,Religious,Transit,2
2025-10-05,Religious,area,4
2025-10-05,Shopping,Cultural,1
2025-10-05,Shopping,Transit,1
2025-10-05,Transit,Entertainment,4
2025-10-05,Transit,Natural,1
2025-10-05,Transit,Religious,1
2025-10-05,Transit,Transit,1
2025-10-05,Transit,area,1
2025-10-05,area,Cityscape,1
2025-10-05,area,Dining,1
2025-10-05,area,Entertainment,1
2025-10-05,area,Hotel,1
2025-10-05,area,Religious,2
2025-10-06,Cityscape,Cityscape,5
2025-10-06,Cityscape,Cultural,4
2025-10-06,Cityscape,Entertainment,5
2025-10-06,Cityscape,Natural,2
2025-10-06,Cityscape,Shopping,1
2025-10-06,Cityscape,area,2
2025-10-06,Cultural,Cultural,1
2025-10-06,Cultural,Entertainment,3
2025-10-06,Cultural,area,1
2025-10-06,Dining,Entertainment,1
2025-10-06,Entertainment,Cityscape,7
2025-10-06,Entertainment,Cultural,4
2025-10-06,Entertainment,Dining,1
2025-10-06,Entertainment,Entertainment,11
2025-10-06,Entertainment,Hotel,6
2025-10-06,Entertainment,Natural,1
2025-10-06,Entertainment,Transit,1
2025-10-06,Hotel,Entertainment,6
2025-10-06,Natural,Cityscape,1
2025-10-06,Natural,Outdoor,1
2025-10-06,Natural,Religious,3
2025-10-06,Natural,Transit,1
2025-10-06,Outdoor,Natural,2
2025-10-06,Religious,Entertainment,1
2025-10-06,Religious,Natural,1
2025-10-06,Religious,Religious,1
2025-10-06,Shopping,Entertainment,1
2025-10-06,Shopping,area,1
2025-10-06,Transit,Outdoor,1
2025-10-06,Transit,Religious,1
2025-10-06,Transit,area,1
2025-10-06,area,Cityscape,3
2025-10-06,area,Entertainment,1
2025-10-06,area,Natural,1
2025-10-06,area,area,4
2025-10-07,Cityscape,Cityscape,4
2025-10-07,Cityscape,Cultural,3
2025-10-07,Cityscape,Dining,1
2025-10-07,Cityscape,Entertainment,4
2025-10-07,Cityscape,Outdoor,2
2025-10-07,Cityscape,Shopping,1
2025-10-07,Cityscape,area,5
2025-10-07,Cultural,Cityscape,2
2025-10-07,Cultural,Dining,1
2025-10-07,Cultural,Entertainment,2
2025-10-07,Cultural,area,1
2025-10-07,Dining,Cityscape,3
2025-10-07,Entertainment,Cityscape,4
2025-10-07,Entertainment,Entertainment,8
2025-10-07,Entertainment,Natural,4
2025-10-07,Entertainment,Religious,1
2025-10-07,Entertainment,Shopping,2
2025-10-07,Entertainment,area,3
2025-10-07,Hotel,Entertainment,1
2025-10-07,Natural,Cityscape,1
2025-10-07,Natural,Cultural,2
2025-10-07,Natural,Shopping,1
2025-10-07,Natural,Transit,1
2025-10-07,Outdoor,Cityscape,2
2025-10-07,Outdoor,Natural,1
2025-10-07,Religious,Religious,1
2025-10-07,Shopping,Entertainment,3
2025-10-07,Shopping,area,1
2025-10-07,Transit,Cityscape,1
2025-10-07,Transit,Cultural,1
2025-10-07,Transit,Entertainment,1
2025-10-07,Transit,Natural,1
2025-10-07,Transit,Transit,1
2025-10-07,area,Cityscape,4
2025-10-07,area,Entertainment,3
2025-10-07,area,Natural,2
2025-10-07,area,Outdoor,1
2025-10-07,area,Religious,1
2025-10-07,area,Transit,1
2025-10-07,area,area,6
2025-10-08,Cityscape,Cityscape,5
2025-10-08,Cityscape,Cultural,1
2025-10-08,Cityscape,Dining,1
2025-10-08,Cityscape,Entertainment,3
2025-10-08,Cityscape,Outdoor,1
2025-10-08,Cityscape,Religious,1
2025-10-08,Cityscape,Shopping,1
2025-10-08,Cityscape,Transit,2
2025-10-08,Cityscape,area,2
2025-10-08,Cultural,Cityscape,2
2025-10-08,Cultural,Dining,1
2025-10-08,Cultural,Entertainment,1
2025-10-08,Dining,Cultural,1
2025-10-08,Dining,Dining,1
2025-10-08,Dining,Shopping,2
2025-10-08,Entertainment,Cityscape,2
2025-10-08,Entertainment,Cultural,2
2025-10-08,Entertainment,Entertainment,8
2025-10-08,Entertainment,Hotel,4
2025-10-08,Entertainment,Natural,4
2025-10-08,Entertainment,area,2
2025-10-08,Hotel,Cityscape,1
2025-10-08,Hotel,Cultural,1
2025-10-08,Hotel,Entertainment,4
2025-10-08,Hotel,Transit,1
2025-10-08,Natural,Cityscape,1
2025-10-08,Natural,Entertainment,1
2025-10-08,Natural,Outdoor,2
2025-10-08,Natural,Religious,4
2025-10-08,Outdoor,Natural,3
2025-10-08,Religious,Cityscape,1
2025-10-08,Religious,Cultural,1
2025-10-08,Religious,Dining,2
2025-10-08,Religious,Entertainment,1
2025-10-08,Religious,Natural,3
2025-10-08,Religious,Religious,1
2025-10-08,Shopping,Cityscape,1
2025-10-08,Shopping,Hotel,1
2025-10-08,Transit,Cityscape,1
2025-10-08,Transit,Entertainment,5
2025-10-08,Transit,area,1
2025-10-08,area,Cityscape,4
2025-10-08,area,Cultural,1
2025-10-08,area,Dining,2
2025-10-08,area,Hotel,2
2025-10-08,area,Transit,2
2025-10-09,Cityscape,Cityscape,6
2025-10-09,Cityscape,Cultural,2
2025-10-09,Cityscape,Entertainment,8
2025-10-09,Cityscape,Natural,1
2025-10-09,Cityscape,Outdoor,1
2025-10-09,Cityscape,Shopping,1
2025-10-09,Cityscape,area,1
2025-10-09,Cultural,Cityscape,2
2025-10-09,Cultural,Shopping,2
2025-10-09,Cultural,Transit,1
2025-10-09,Dining,Cityscape,1
2025-10-09,Dining,Cultural,1
2025-10-09,Dining,Dining,4
2025-10-09,Dining,Entertainment,1
2025-10-09,Dining,area,1
2025-10-09,Entertainment,Cityscape,9
2025-10-09,Entertainment,Cultural,1
2025-10-09,Entertainment,Dining,1
2025-10-09,Entertainment,Entertainment,14
2025-10-09,Entertainment,Hotel,5
2025-10-09,Entertainment,Natural,1
2025-10-09,Entertainment,Religious,2
2025-10-09,Entertainment,Shopping,1
2025-10-09,Entertainment,Transit,1
2025-10-09,Entertainment,area,2
2025-10-09,Hotel,Dining,1
2025-10-09,Hotel,Entertainment,4
2025-10-09,Hotel,Hotel,2
2025-10-09,Hotel,area,1
2025-10-09,Natural,Entertainment,1
2025-10-09,Natural,Religious,3
2025-10-09,Natural,Transit,1
2025-10-09,Natural,area,1
2025-10-09,Outdoor,Transit,1
2025-10-09,Religious,area,1
2025-10-09,Shopping,Cityscape,2
2025-10-09,Shopping,Entertainment,1
2025-10-09,Shopping,Shopping,1
2025-10-09,Shopping,area,2
2025-10-09,Transit,Cityscape,1
2025-10-09,Transit,Entertainment,1
2025-10-09,Transit,Natural,2
2025-10-09,Transit,Shopping,1
2025-10-09,area,Cityscape,2
2025-10-09,area,Dining,2
2025-10-09,area,Entertainment,2
2025-10-09,area,Natural,2
2025-10-09,area,Shopping,1
2025-10-09,area,area,4
2025-10-10,Cityscape,Cityscape,2
2025-10-10,Cityscape,Cultural,3
2025-10-10,Cityscape,Dining,1
2025-10-10,Cityscape,Entertainment,7
2025-10-10,Cityscape,Natural,1
2025-10-10,Cityscape,Transit,3
2025-10-10,Cityscape,area,2
2025-10-10,Cultural,Entertainment,1
2025-10-10,Cultural,Hotel,1
2025-10-10,Cultural,Religious,1
2025-10-10,Cultural,Shopping,1
2025-10-10,Dining,Entertainment,1
2025-10-10,Dining,Shopping,1
2025-10-10,Dining,Transit,1
2025-10-10,Entertainment,Cityscape,8
2025-10-10,Entertainment,Cultural,1
2025-10-10,Entertainment,Dining,1
2025-10-10,Entertainment,Entertainment,14
2025-10-10,Entertainment,Hotel,1
2025-10-10,Entertainment,Natural,1
2025-10-10,Entertainment,Transit,3
2025-10-10,Entertainment,area,1
2025-10-10,Hotel,Entertainment,3
2025-10-10,Hotel,Transit,1
2025-10-10,Natural,Cityscape,1
2025-10-10,Natural,Cultural,1
2025-10-10,Natural,area,3
2025-10-10,Outdoor,Transit,1
2025-10-10,Religious,Cityscape,1
2025-10-10,Religious,Entertainment,1
2025-10-10,Religious,Natural,1
2025-10-10,Religious,Religious,2
2025-10-10,Religious,Transit,2
2025-10-10,Shopping,Cityscape,2
2025-10-10,Shopping,Transit,1
2025-10-10,Transit,Cityscape,4
2025-10-10,Transit,Cultural,1
2025-10-10,Transit,Entertainment,3
2025-10-10,Transit,Hotel,2
2025-10-10,Transit,Natural,1
2025-10-10,Transit,Outdoor,1
2025-10-10,Transit,Religious,2
2025-10-10,Transit,Shopping,1
2025-10-10,area,Cityscape,2
2025-10-10,area,Dining,1
2025-10-10,area,Entertainment,3
2025-10-10,area,Religious,2
2025-10-10,area,area,3
2025-10-11,Cityscape,Cityscape,4
2025-10-11,Cityscape,Entertainment,4
2025-10-11,Cityscape,Hotel,1
2025-10-11,Cityscape,Natural,1
2025-10-11,Cityscape,Shopping,1
2025-10-11,Cityscape,Transit,2
2025-10-11,Cityscape,area,1
2025-10-11,Cultural,Cityscape,2
2025-10-11,Cultural,Entertainment,2
2025-10-11,Cultural,Hotel,1
2025-10-11,Cultural,area,1
2025-10-11,Dining,Transit,1
2025-10-11,Entertainment,Cityscape,3
2025-10-11,Entertainment,Cultural,2
2025-10-11,Entertainment,Entertainment,15
2025-10-11,Entertainment,Natural,4
2025-10-11,Entertainment,Outdoor,1
2025-10-11,Entertainment,Shopping,1
2025-10-11,Entertainment,Transit,1
2025-10-11,Entertainment,area,7
2025-10-11,Hotel,Cityscape,1
2025-10-11,Hotel,Hotel,1
2025-10-11,Hotel,Shopping,1
2025-10-11,Hotel,area,1
2025-10-11,Natural,Cityscape,1
2025-10-11,Natural,Entertainment,1
2025-10-11,Natural,Religious,4
2025-10-11,Natural,area,1
2025-10-11,Outdoor,Natural,1
2025-10-11,Religious,Dining,3
2025-10-11,Religious,Entertainment,3
2025-10-11,Religious,Religious,4
2025-10-11,Religious,Transit,1
2025-10-11,Shopping,Transit,1
2025-10-11,Transit,Cityscape,1
2025-10-11,Transit,Cultural,2
2025-10-11,Transit,Entertainment,5
2025-10-11,Transit,Hotel,1
2025-10-11,Transit,Natural,1
2025-10-11,Transit,Religious,1
2025-10-11,Transit,Shopping,1
2025-10-11,area,Cityscape,3
2025-10-11,area,Cultural,1
2025-10-11,area,Entertainment,6
2025-10-11,area,Religious,1
2025-10-11,area,Transit,1
2025-10-11,area,area,2
2025-10-12,Cityscape,Cityscape,6
2025-10-12,Cityscape,Dining,1
2025-10-12,Cityscape,Entertainment,7
2025-10-12,Cityscape,Hotel,2
2025-10-12,Cityscape,Natural,2
2025-10-12,Cultural,area,1
2025-10-12,Dining,Dining,1
2025-10-12,Dining,Entertainment,1
2025-10-12,Dining,Religious,1
2025-10-12,Dining,area,2
2025-10-12,Entertainment,Cityscape,7
2025-10-12,Entertainment,Cultural,1
2025-10-12,Entertainment,Dining,1
2025-10-12,Entertainment,Entertainment,27
2025-10-12,Entertainment,Hotel,5
2025-10-12,Entertainment,Natural,2
2025-10-12,Entertainment,Shopping,2
2025-10-12,Entertainment,Transit,1
2025-10-12,Hotel,Entertainment,5
2025-10-12,Hotel,Hotel,1
2025-10-12,Natural,Cityscape,1
2025-10-12,Natural,Entertainment,2
2025-10-12,Natural,Natural,1
2025-10-12,Natural,Outdoor,1
2025-10-12,Natural,Transit,1
2025-10-12,Natural,area,2
2025-10-12,Outdoor,area,3
2025-10-12,Religious,Natural,1
2025-10-12,Religious,Outdoor,1
2025-10-12,Religious,Religious,2
2025-10-12,Shopping,Dining,1
2025-10-12,Shopping,Entertainment,1
2025-10-12,Shopping,Shopping,2
2025-10-12,Shopping,area,1
2025-10-12,Transit,Cityscape,1
2025-10-12,Transit,Cultural,1
2025-10-12,area,Cityscape,1
2025-10-12,area,Dining,2
2025-10-12,area,Entertainment,1
2025-10-12,area,Natural,2
2025-10-12,area,Outdoor,2
2025-10-12,area,Religious,1
2025-10-12,area,Shopping,1
2025-10-13,Cityscape,Cityscape,2
2025-10-13,Cityscape,Cultural,1
2025-10-13,Cityscape,Dining,1
2025-10-13,Cityscape,Entertainment,6
2025-10-13,Cityscape,Natural,1
2025-10-13,Cityscape,Shopping,1
2025-10-13,Cityscape,Transit,1
2025-10-13,Cityscape,area,7
2025-10-13,Cultural,Cityscape,1
2025-10-13,Cultural,Transit,1
2025-10-13,Dining,Cultural,1
2025-10-13,Dining,Dining,2
2025-10-13,Dining,Entertainment,1
2025-10-13,Dining,Outdoor,1
2025-10-13,Dining,Shopping,1
2025-10-13,Dining,Transit,1
2025-10-13,Dining,area,1
2025-10-13,Entertainment,Cityscape,5
2025-10-13,Entertainment,Dining,1
2025-10-13,Entertainment,Entertainment,15
2025-10-13,Entertainment,Natural,1
2025-10-13,Entertainment,Shopping,1
2025-10-13,Entertainment,Transit,1
2025-10-13,Entertainment,area,3
2025-10-13,Hotel,Cultural,1
2025-10-13,Hotel,area,2
2025-10-13,Natural,Cityscape,1
2025-10-13,Natural,Religious,2
2025-10-13,Natural,Transit,1
2025-10-13,Natural,area,2
2025-10-13,Outdoor,Natural,1
2025-10-13,Outdoor,area,1
2025-10-13,Religious,Natural,2
2025-10-13,Religious,Outdoor,1
2025-10-13,Religious,Religious,1
2025-10-13,Religious,area,2
2025-10-13,Shopping,Cityscape,1
2025-10-13,Shopping,Dining,1
2025-10-13,Shopping,Entertainment,1
2025-10-13,Shopping,Religious,1
2025-10-13,Transit,Cityscape,4
2025-10-13,Transit,Entertainment,2
2025-10-13,Transit,Hotel,1
2025-10-13,Transit,area,4
2025-10-13,area,Cityscape,7
2025-10-13,area,Dining,3
2025-10-13,area,Entertainment,4
2025-10-13,area,Hotel,2
2025-10-13,area,Natural,2
2025-10-13,area,Religious,3
2025-10-13,area,Shopping,1
2025-10-13,area,Sport,1
2025-10-13,area,area,9
2025-10-14,Cityscape,Entertainment,1
2025-10-14,Entertainment,Cityscape,1
2025-10-14,Entertainment,Entertainment,2
2025-10-14,Religious,Cultural,1
