video_date,author_region,journey_n,avg_journey_sentiment
2016-02-28,KR,3,0.9265236688984765
2019-09-25,VN,1,0.9211407750844955
2019-10-11,SG,1,0.9582765102386475
2020-01-11,BE,1,0.06085970997810364
2020-05-04,US,1,0.634063646197319
2020-05-22,US,1,0.9229393601417542
2020-05-27,US,1,0.6018480062484741
2020-06-05,US,1,0.8346485793590546
2020-08-14,GB,1,0.9001827239990234
2021-01-24,US,1,0.05885057523846626
2021-04-16,SG,1,0.9643622040748596
2021-05-03,SG,1,0.7888133823871613
2021-05-26,VN,1,0.887228935956955
2021-08-09,GB,1,0.9578969478607178
2021-08-09,ID,1,0.5839655995368958
2021-08-17,ID,1,0.9175731976826985
2021-09-26,MX,1,0.911026656627655
2021-10-16,GB,1,0.889679491519928
2021-11-28,SD,1,0.9440873861312866
2021-12-15,HK,1,0.8460379838943481
2022-01-25,HK,2,0.8044129833579063
2022-02-20,ID,1,0.9150511503219605
2022-03-25,VN,1,0.8918034061789513
2022-04-01,US,1,0.54328653216362
2022-04-07,TH,1,0.8935832579930624
2022-06-01,PH,1,0.7840301394462585
2022-06-15,PH,1,0.5526328049600124
2022-06-22,PH,1,0.8563337445259094
2022-06-22,SG,1,0.023117372766137123
2022-07-08,PH,1,0.835559219121933
2022-07-09,SG,1,0.9424581527709961
2022-07-10,US,1,0.49331989139318466
2022-07-11,AU,1,0.7814728617668152
2022-07-11,PH,1,0.5872735008597374
2022-07-22,AU,1,0.8260388953744301
2022-07-23,PH,1,0.8859198689460754
2022-07-28,ID,1,0.32329532504081726
2022-08-06,PH,1,0.9377347793844011
2022-08-17,DE,1,0.8422892689704895
2022-08-18,KR,1,0.34948723825315636
2022-08-28,JP,1,0.8336505889892578
2022-09-04,AU,1,0.913433387875557
2022-09-18,MY,1,0.8030843138694763
2022-09-19,PH,1,0.893589973449707
2022-09-23,PH,1,0.04052504152059555
2022-10-13,TH,1,0.39587515592575073
2022-10-16,HK,1,0.8704781867563725
2022-10-16,PH,1,0.09351488202810287
2022-11-02,NL,1,0.5461433591055018
2022-11-09,GB,1,0.8893112000077963
2022-11-15,GB,1,0.7314316034317017
2022-11-22,TW,1,0.7977157433827718
2022-11-23,ID,1,0.23868635296821594
2022-11-28,US,1,0.8593064546585083
2022-11-29,GB,1,0.8700739741325378
2022-12-01,PH,1,0.9579617977142334
2022-12-04,TR,1,0.32038556784391403
2022-12-09,US,1,0.5804373994469643
2022-12-13,TR,1,0.79277061091529
2022-12-14,CA,1,0.8023386985063553
2022-12-21,PH,1,0.29189643263816833
2022-12-26,TR,1,0.9275886416435242
2022-12-30,PH,1,0.41696668465932213
2023-01-04,AU,1,0.9467708766460419
2023-01-07,US,1,0.7762835621833801
2023-01-13,PH,1,0.5552724804729223
2023-01-13,SG,1,0.9303510189056396
2023-01-14,PH,1,0.6016047336161137
2023-01-15,JP,1,0.7406252160668373
2023-01-15,PH,1,0.9429165025552114
2023-01-15,US,2,0.527545720183601
2023-01-16,FR,1,0.05835013464093208
2023-01-17,PH,1,0.5232700126038657
2023-01-17,US,1,0.9184903025627136
2023-01-18,PH,1,0.48956043645739555
2023-01-18,US,3,0.8302063922639246
2023-01-20,PH,2,0.8024313896894455
2023-01-22,PH,1,0.08269568905234337
2023-01-22,US,1,0.6908779740333557
2023-01-23,PH,1,0.7232078313827515
2023-01-26,US,1,0.5288511365652084
2023-01-28,PH,2,0.7615901160092714
2023-01-29,PH,1,0.9419023791948954
2023-01-31,US,1,0.4731158819049597
2023-02-01,US,1,0.7584661692380905
2023-02-02,SG,1,0.8121916651725769
2023-02-03,SG,1,0.03221463784575462
2023-02-05,JP,1,0.9323285222053528
2023-02-06,CO,1,0.569607213139534
2023-02-06,SG,1,0.917860597372055
2023-02-06,US,1,0.666314924756686
2023-02-07,ID,2,0.8354592770338058
2023-02-07,US,1,0.7580707371234894
2023-02-09,KW,1,0.8531130403280258
2023-02-11,AU,1,0.9738835692405701
2023-02-11,PH,1,0.18080548722563045
2023-02-11,SG,1,0.8962568044662476
2023-02-11,US,1,0.7449066605832841
2023-02-12,US,1,0.5511554479598999
2023-02-13,ID,1,0.804378446225161
2023-02-13,PH,1,0.22710859961807728
2023-02-13,SG,1,0.8595260184258222
2023-02-14,PH,1,0.4978459825506434
2023-02-14,TW,1,0.8926156461238861
2023-02-15,AU,1,0.7456402596500183
2023-02-15,US,1,0.9029662211736044
2023-02-16,ID,1,0.627512772878011
2023-02-17,PH,1,0.5627053815871477
2023-02-19,PH,1,0.5430334185560545
2023-02-20,PH,1,0.36252912878990173
2023-02-21,GB,2,0.7560528914133708
2023-02-21,MY,1,0.7097209493319193
2023-02-22,GB,1,0.8776265382766724
2023-02-22,ID,1,0.7847034434477488
2023-02-23,GB,2,0.6997165679931641
2023-02-23,PH,1,0.7327894303202629
2023-02-24,MY,1,0.5531536340713501
2023-02-24,NZ,2,0.7728517676393192
2023-02-25,GB,1,0.5310317153731982
2023-02-25,MY,1,0.8190528750419617
2023-02-25,PH,2,0.566434129041285
2023-02-25,SG,1,0.14999112486839294
2023-02-25,TW,1,0.6850714609026909
2023-02-26,AU,1,0.49145383238792417
2023-02-26,GB,1,0.6404087642828623
2023-02-26,PH,3,0.5649531057061533
2023-02-27,GB,1,0.6903076661484582
2023-02-27,MY,1,0.8370293080806732
2023-02-27,NZ,1,0.8955793678760529
2023-02-27,PH,1,0.6279963006575903
2023-02-27,US,1,0.8602051734924316
2023-02-28,PH,1,0.5581043594354538
2023-02-28,US,3,0.8034371170732709
2023-03-01,NZ,1,0.8050966858863831
2023-03-01,PH,2,0.6973907225765288
2023-03-02,TH,1,0.8609627485275269
2023-03-03,CA,1,0.8406098484992981
2023-03-03,ID,1,0.5734115540981293
2023-03-03,ZA,1,0.9341460665067037
2023-03-04,DZ,1,0.677089512348175
2023-03-04,PH,1,0.9039106965065002
2023-03-04,TH,1,0.6967749231391483
2023-03-05,GB,1,0.5982372380793095
2023-03-05,ID,1,0.5050957149360329
2023-03-06,PH,1,0.9686400353908539
2023-03-06,US,3,0.8902913828690847
2023-03-07,PH,2,0.8444931631286938
2023-03-07,US,3,0.7242612660759025
2023-03-08,EG,1,0.9331429600715637
2023-03-08,SG,1,0.05283178761601448
2023-03-09,GB,1,0.8391485214233398
2023-03-09,PH,4,0.5255046833716777
2023-03-09,US,2,0.8437340296804905
2023-03-10,GB,1,0.41769056022167206
2023-03-10,PH,1,0.9131627678871155
2023-03-10,TH,1,0.6032837306459744
2023-03-10,US,1,0.9319325089454651
2023-03-11,AU,1,0.4542675018310547
2023-03-11,GB,1,0.8564428091049194
2023-03-11,PH,3,0.6798142724015094
2023-03-11,US,3,0.7456649880235394
2023-03-11,ZA,2,0.8156266344090304
2023-03-12,AU,2,0.8882504800955455
2023-03-12,PH,1,0.7315735978384813
2023-03-12,VN,1,0.8172159790992737
2023-03-13,PH,3,0.7141664048856576
2023-03-14,GB,1,0.8851762413978577
2023-03-14,JP,1,0.4847587709211641
2023-03-14,PH,1,0.4329767934978008
2023-03-14,US,2,0.7788854092359543
2023-03-16,PH,1,0.8905546532736884
2023-03-17,GB,1,0.056030821055173874
2023-03-17,US,1,0.842526763677597
2023-03-18,VN,1,0.9137507677078247
2023-03-19,US,1,0.4893980994820595
2023-03-20,PH,1,0.18756558373570442
2023-03-21,BH,1,0.8050686021645863
2023-03-21,PH,1,0.8734737820923328
2023-03-21,TH,1,0.024948878213763237
2023-03-21,TW,1,0.7353111363947391
2023-03-21,US,2,0.8824633546173573
2023-03-22,ID,1,0.8956592877705892
2023-03-22,PH,2,0.8895121738314629
2023-03-23,MY,1,0.9290729761123657
2023-03-23,US,1,0.8225582614541054
2023-03-24,PH,2,0.7647489355877042
2023-03-25,VN,1,0.43336720764636993
2023-03-26,TH,1,0.7368915885213821
2023-03-27,KH,1,0.5892294049263
2023-03-27,SG,1,0.8704981803894043
2023-03-27,TH,4,0.5399561824518497
2023-03-28,ID,1,0.8781600197156271
2023-03-28,SG,1,0.6314933219303688
2023-03-28,TH,1,0.9493381083011627
2023-03-28,US,1,0.9341526627540588
2023-03-29,PH,1,0.3536521904170513
2023-03-30,PH,1,0.929898202419281
2023-03-30,TH,1,0.6216497708644185
2023-03-30,US,1,0.7863884369532267
2023-03-31,ID,1,0.81611168384552
2023-03-31,PH,1,0.8576558828353882
2023-03-31,TH,1,0.788389320174853
2023-04-01,PH,1,0.929896891117096
2023-04-01,TH,1,0.7984358668327332
2023-04-01,VN,1,0.957324206829071
2023-04-02,PH,1,0.7481070338260559
2023-04-02,SG,2,0.7068650403193065
2023-04-02,US,1,0.8532935976982117
2023-04-02,VN,5,0.7298160440629476
2023-04-03,ID,1,0.2561109662055969
2023-04-03,KR,1,0.52925705909729
2023-04-04,PH,1,0.889374752172402
2023-04-04,TW,1,0.22872188687324524
2023-04-04,US,1,0.6619493365287781
2023-04-05,PH,1,0.5304091399302706
2023-04-06,PH,1,0.558790347725153
2023-04-07,ID,1,0.9367702603340149
2023-04-07,VN,1,0.07656895369291306
2023-04-08,PH,2,0.4269916613896688
2023-04-08,SG,1,0.741168886423111
2023-04-08,US,1,0.7432419657707214
2023-04-09,ID,1,0.9502176642417908
2023-04-09,PH,1,0.8340062201023102
2023-04-10,BH,1,0.6072832390666008
2023-04-10,PH,4,0.6173218263451148
2023-04-10,SG,1,0.5238581486046314
2023-04-10,US,1,0.8238235155741374
2023-04-10,VN,1,0.8765421156530028
2023-04-11,TH,1,0.7197202948853374
2023-04-12,AU,1,0.7240131087601185
2023-04-12,PH,1,0.48719384521245956
2023-04-12,TH,1,0.6379451127722859
2023-04-12,US,1,0.9168247580528259
2023-04-13,DE,1,0.8448904752731323
2023-04-13,US,1,0.4759559066345294
2023-04-14,US,1,0.38589930534362793
2023-04-15,ID,1,0.7921044826507568
2023-04-16,GB,1,0.6391737461090088
2023-04-16,NZ,1,0.5798469803162983
2023-04-16,VN,1,0.13650080561637878
2023-04-17,PH,1,0.8577428390582403
2023-04-19,AU,1,0.8706445793310802
2023-04-19,ID,1,0.6818565451540053
2023-04-19,PH,2,0.9491426914930343
2023-04-20,PH,1,0.9682513356208802
2023-04-20,TH,1,0.7508417467276255
2023-04-21,PH,1,0.7499122619628906
2023-04-21,SG,1,0.8845906853675842
2023-04-22,MY,1,0.1747133582830429
2023-04-22,PH,1,0.7292107893102854
2023-04-22,VN,1,0.4817771998544534
2023-04-23,JP,1,0.7674935013055801
2023-04-23,PH,1,0.9205076456069946
2023-04-23,SG,2,0.5177759577830633
2023-04-23,VN,1,0.39071140935023624
2023-04-24,US,1,0.6184567794203758
2023-04-25,SG,1,0.8348017036914825
2023-04-26,ID,1,0.9181123375892639
2023-04-27,ID,1,0.9649991989135742
2023-04-27,SG,1,0.712576979978217
2023-04-27,VN,1,0.7937557101249695
2023-04-29,CN,1,0.848181389272213
2023-04-29,GB,1,0.7372328191995621
2023-04-29,ID,1,0.5779561996459961
2023-04-30,GB,2,0.8022490614082753
2023-04-30,TH,1,0.9517696074077061
2023-05-01,GB,3,0.16346850665286183
2023-05-01,ID,1,0.8636117508014044
2023-05-01,SG,2,0.7946208500199847
2023-05-02,GB,2,0.6524474991198916
2023-05-02,TH,1,0.7290230343739191
2023-05-02,US,1,0.6964265207449595
2023-05-03,ID,1,0.4424914558573315
2023-05-03,KR,1,0.7471224615971247
2023-05-03,US,1,0.7798677682876587
2023-05-03,VN,1,0.6324962568469346
2023-05-04,HK,1,0.9467692971229553
2023-05-04,ID,1,0.8662011921405792
2023-05-04,TH,2,0.8705644566904415
2023-05-05,AU,1,0.8009110689163208
2023-05-05,US,1,0.8939672708511353
2023-05-05,VN,1,0.6349410864214102
2023-05-06,SG,1,0.7343416139483452
2023-05-06,TH,1,0.576730027794838
2023-05-06,VN,1,0.9382403492927551
2023-05-07,PH,2,0.912654991944631
2023-05-07,TW,1,0.40288978163152933
2023-05-08,VN,1,0.6080443114042282
2023-05-09,VN,1,0.846947987874349
2023-05-10,CA,1,0.6921483129262924
2023-05-10,PH,1,0.5735818929970264
2023-05-10,VN,1,0.42196709911028546
2023-05-11,HK,1,0.9276000618934631
2023-05-11,ID,3,0.6938095308012432
2023-05-12,ES,1,0.9099029898643494
2023-05-12,ID,1,0.9250295360883077
2023-05-12,US,1,0.765204668045044
2023-05-14,MY,1,0.9591853835365989
2023-05-14,SG,1,0.4944418757119113
2023-05-15,CA,1,0.8988563716411591
2023-05-15,PH,2,0.8456573342454845
2023-05-15,US,2,0.49164775378691655
2023-05-16,US,1,0.6645928621292114
2023-05-17,PH,1,0.9307349324226379
2023-05-18,ID,2,0.6199969323351979
2023-05-18,PH,3,0.28272788040339947
2023-05-18,US,1,0.8373464345932007
2023-05-19,PH,2,0.5018154248181317
2023-05-20,PH,2,0.6224050675740553
2023-05-20,SG,1,0.9372736116250356
2023-05-21,CA,1,0.7007732718872527
2023-05-22,AU,1,0.6555662330772195
2023-05-22,CA,1,0.6650272111097971
2023-05-23,FR,1,0.17789405584335327
2023-05-23,PK,1,0.6757180852712028
2023-05-23,TH,1,0.8636514196793238
2023-05-24,AU,1,0.6862007677555084
2023-05-24,PH,5,0.582635313170967
2023-05-25,PH,1,0.8828045725822449
2023-05-26,SG,1,0.8916475027799606
2023-05-27,ID,1,0.1243925392627716
2023-05-27,US,1,0.014756154268980026
2023-05-28,CN,1,0.8609966933727264
2023-05-28,PH,3,0.9428618947664896
2023-05-29,MY,1,0.5216679684817791
2023-05-29,US,1,0.9202017079700123
2023-05-30,GB,1,0.6516175866127014
2023-05-30,PH,1,0.9435261156823901
2023-05-30,TH,1,0.5290655782446265
2023-05-31,AU,1,0.6783116174240907
2023-05-31,CN,1,0.8299276232719421
2023-05-31,ID,1,0.2997965370970113
2023-06-01,SG,1,0.886769597019468
2023-06-01,US,1,0.7364647090435028
2023-06-02,MY,1,0.9190682768821716
2023-06-02,TW,1,0.9095309972763062
2023-06-03,ID,1,0.39191676676273346
2023-06-03,US,2,0.6757199865366731
2023-06-04,KR,1,0.9741582274436951
2023-06-04,PH,2,0.7627960257232189
2023-06-04,US,2,0.8440842876831691
2023-06-05,GB,1,0.8478304386138916
2023-06-05,MY,1,0.25786766127027844
2023-06-06,PH,1,0.6408386158623866
2023-06-07,GB,1,0.9420644044876099
2023-06-07,ID,1,0.8566890835762024
2023-06-07,MY,1,0.6341487169265747
2023-06-07,PH,2,0.9105335995554924
2023-06-07,TH,1,0.9106501936912537
2023-06-08,PH,1,0.026960868388414383
2023-06-08,TH,1,0.08923576027154922
2023-06-09,AU,2,0.7988090366125107
2023-06-09,GB,1,0.22895798087120056
2023-06-10,MY,1,0.8930892944335938
2023-06-10,PH,1,0.8783966278036436
2023-06-11,AU,1,0.7592706382274628
2023-06-11,GB,1,0.49956539273262024
2023-06-11,SG,1,0.6373413668738471
2023-06-11,TH,1,0.7803121382991473
2023-06-13,ID,1,0.24677108228206635
2023-06-13,MY,1,0.9473442733287811
2023-06-13,SG,1,0.43848456293344495
2023-06-14,GB,1,0.9419245719909668
2023-06-14,KR,1,0.5141396212081114
2023-06-14,PH,1,0.9256326695283255
2023-06-14,TH,1,0.6311553418636322
2023-06-14,US,1,0.9502995610237122
2023-06-15,ID,1,0.7066714266935984
2023-06-15,MY,1,0.893357535203298
2023-06-15,PH,1,0.2134564703862582
2023-06-16,PH,2,0.48974966974212575
2023-06-16,US,1,0.911374568939209
2023-06-17,PH,1,0.6118793860077858
2023-06-18,AU,1,0.20746822655200958
2023-06-18,ID,1,0.8836665749549866
2023-06-19,PH,1,0.9127114415168762
2023-06-19,US,1,0.5039733052253723
2023-06-20,ID,1,0.6432970277965069
2023-06-20,SG,1,0.34210495992253226
2023-06-21,PH,1,0.7583950928279332
2023-06-22,ID,1,0.8549527092413469
2023-06-22,PH,1,0.6186515440543492
2023-06-22,SG,1,0.4879911579191685
2023-06-23,JP,1,0.8871494755148888
2023-06-23,SG,1,0.8560563176870346
2023-06-25,AU,1,0.9654141664505005
2023-06-25,PH,2,0.6913934122771025
2023-06-26,AU,1,0.863661378622055
2023-06-27,AU,1,0.3418596267700195
2023-06-27,PH,1,0.29728631116449833
2023-06-28,DE,1,0.9538843631744385
2023-06-29,ID,1,0.2575080692768097
2023-06-29,US,1,0.47615027613937855
2023-06-30,AU,1,0.9079188108444214
2023-07-02,AU,1,0.7286656498908997
2023-07-02,GB,1,0.8388969829449286
2023-07-02,ID,1,0.816755473613739
2023-07-03,PH,2,0.6496503935712907
2023-07-04,MY,1,0.8876685268763038
2023-07-04,PH,2,0.9516497924923897
2023-07-05,ID,1,0.27231375873088837
2023-07-05,KR,1,0.5914428609733781
2023-07-05,PH,1,0.3161886683665216
2023-07-06,GB,2,0.4201051319638888
2023-07-06,ID,1,0.42954306658357383
2023-07-06,PH,1,0.9303214152654012
2023-07-07,GB,1,0.9658272465070089
2023-07-07,US,1,0.20967187406495214
2023-07-08,ID,1,0.8470626473426819
2023-07-08,MO,1,0.9221670627593994
2023-07-08,PH,1,0.5827098786830902
2023-07-08,US,1,0.24262342602014542
2023-07-09,PH,1,0.23879209160804749
2023-07-09,TH,1,0.444847115005056
2023-07-10,PH,2,0.6929753422737122
2023-07-11,GB,1,0.9088144153356552
2023-07-11,PH,1,0.8745959401130676
2023-07-11,VN,1,0.43732166662812233
2023-07-12,AE,1,0.9381794929504395
2023-07-12,GB,1,0.7554741203784943
2023-07-12,JP,1,0.17228022031486034
2023-07-12,MY,1,0.6163672655820847
2023-07-12,PH,1,0.9761228462060293
2023-07-13,GB,2,0.915878176689148
2023-07-13,US,1,0.6576220045487086
2023-07-14,AU,1,0.9788426160812378
2023-07-14,GB,1,0.8821374177932739
2023-07-14,PH,2,0.33943900279700756
2023-07-15,AU,1,0.6090118885040283
2023-07-15,ID,1,0.4510265588760376
2023-07-15,PH,1,0.7607269883155823
2023-07-15,SG,2,0.6570067514975866
2023-07-15,US,1,0.37755414098501205
2023-07-16,AU,1,0.7721908688545227
2023-07-16,GB,1,0.639612078666687
2023-07-16,PH,1,0.9630878865718842
2023-07-17,MY,1,0.5378437495479981
2023-07-18,CA,1,0.8993734121322632
2023-07-18,PH,2,0.8788789974318609
2023-07-19,PH,1,0.8869915008544922
2023-07-20,GB,1,0.1963885873556137
2023-07-20,PH,1,0.7651834096759558
2023-07-21,PH,1,0.5666763186454773
2023-07-21,TH,1,0.9538397699594497
2023-07-22,AU,1,0.9180324673652649
2023-07-22,PH,1,0.683826498060114
2023-07-23,ID,1,0.7737953344980876
2023-07-23,PH,1,0.751947395503521
2023-07-23,TH,1,0.46793362498283386
2023-07-23,US,1,0.9453224092721939
2023-07-23,VN,1,0.42043447494506836
2023-07-24,ID,1,0.7276882661713494
2023-07-24,PH,1,0.8254262804985046
2023-07-24,SG,1,0.900397002696991
2023-07-24,TH,2,0.916204857826233
2023-07-25,KR,1,0.9619816541671753
2023-07-25,PH,1,0.3527388274669647
2023-07-25,TH,2,0.5393484532833099
2023-07-25,TW,1,0.952932103684074
2023-07-25,US,1,0.6996790021657944
2023-07-26,TH,1,0.7291500597660031
2023-07-27,AU,2,0.837266189504474
2023-07-27,TH,1,0.5152145917527378
2023-07-28,MY,1,0.4438179729040712
2023-07-28,SG,1,0.8239408135414124
2023-07-28,TW,1,0.8794914881388346
2023-07-29,EG,1,0.9304477125406265
2023-07-29,PH,1,0.735133945941925
2023-07-29,TW,1,0.6881284524570219
2023-07-30,PH,1,0.35840975244839984
2023-07-31,ID,2,0.9261346638202668
2023-07-31,PH,2,0.7968835979700089
2023-07-31,TH,1,0.7987456124974415
2023-08-01,PH,1,0.9455494284629822
2023-08-01,US,2,0.9318147351344426
2023-08-01,VN,1,0.05878525227308273
2023-08-02,US,1,0.9537531733512878
2023-08-03,CA,1,0.4670456340536475
2023-08-03,ID,1,0.761351466178894
2023-08-03,PH,1,0.8957784473896027
2023-08-04,ID,1,0.6392220020294189
2023-08-04,TH,1,0.6479037975271543
2023-08-05,ID,1,0.11575094982981682
2023-08-05,PH,3,0.549712301335401
2023-08-05,TH,1,0.5108489996443192
2023-08-06,PH,1,0.6951159266754985
2023-08-06,SG,1,0.6801528831322988
2023-08-06,US,1,0.6891439225938586
2023-08-07,ID,1,0.05060238344594836
2023-08-07,PH,1,0.4654476546371976
2023-08-07,VN,1,0.6431224942207336
2023-08-08,AU,1,0.7925931811332703
2023-08-08,ID,1,0.5238497306903204
2023-08-08,PH,4,0.7886181526506941
2023-08-09,PH,2,0.7717988744603865
2023-08-10,PH,3,0.6442195748289427
2023-08-10,SG,1,0.6707357168197632
2023-08-10,TH,1,0.9617071151733398
2023-08-12,KR,1,0.9678408702214559
2023-08-12,PH,1,0.4777224260338005
2023-08-13,CA,1,0.018181724473834038
2023-08-13,ID,1,0.7557704336941242
2023-08-14,AU,1,0.9735213637351989
2023-08-14,ID,1,0.9423701763153076
2023-08-14,JP,1,0.5171561166644096
2023-08-14,KR,1,0.8919137716293335
2023-08-15,ID,2,0.5057455786814292
2023-08-15,KR,1,0.8818850517272949
2023-08-15,TH,1,0.85320183634758
2023-08-16,US,1,0.5676870346069336
2023-08-17,ES,1,0.8829689025878906
2023-08-17,ID,1,0.930914740670811
2023-08-18,CA,1,0.9089901447296143
2023-08-18,EG,1,0.6106640361249447
2023-08-18,PH,3,0.3376811817288399
2023-08-18,US,1,0.9327431470155716
2023-08-19,GB,1,0.8156539797782898
2023-08-19,ID,2,0.6337040844373405
2023-08-19,TH,1,0.7705547511577606
2023-08-20,ID,1,0.7400767505168915
2023-08-20,VN,1,0.8142644166946411
2023-08-21,AU,1,0.9225385387738546
2023-08-21,EG,1,0.46690305322408676
2023-08-21,ID,1,0.7288712759812673
2023-08-22,ID,1,0.560456245392561
2023-08-22,PH,2,0.8746852477391561
2023-08-22,SG,1,0.8399632573127747
2023-08-22,TH,1,0.6110190451145172
2023-08-22,US,1,0.031366679817438126
2023-08-23,MO,2,0.5956065207719803
2023-08-23,PH,2,0.7993995585693763
2023-08-23,TH,1,0.3896753415465355
2023-08-23,US,2,0.5258609429001808
2023-08-24,AU,1,0.8529660088113613
2023-08-24,ID,1,0.8946594595909119
2023-08-24,PH,2,0.7080381214618683
2023-08-24,TH,2,0.28383762734010815
2023-08-25,MO,1,0.8403506278991699
2023-08-25,PH,2,0.6350078255367967
2023-08-25,TH,1,0.10727379471063614
2023-08-26,FR,1,0.9383833110332489
2023-08-26,ID,2,0.5144436044308046
2023-08-26,PH,1,0.9636115630467733
2023-08-26,US,2,0.6778862401843071
2023-08-27,ID,2,0.5602949624881148
2023-08-27,PH,2,0.7908792269987647
2023-08-27,TH,3,0.7255112604486446
2023-08-27,US,1,0.5416553020477295
2023-08-29,ID,1,0.9529159863789877
2023-08-29,PH,2,0.8036850206553936
2023-08-29,TH,1,0.4769385498948395
2023-08-30,EG,1,0.6805488616228104
2023-08-30,ID,1,0.21550877392292023
2023-08-30,PH,1,0.4834928810596466
2023-08-31,GB,1,0.5562996417284012
2023-08-31,ID,1,0.8587338229020437
2023-08-31,PH,1,0.8200373745833834
2023-08-31,PK,1,0.8151853084564209
2023-09-01,BN,1,0.6955043052633604
2023-09-01,KR,1,0.8382159471511841
2023-09-01,VN,1,0.8400837381680807
2023-09-02,KR,1,0.15706648704196727
2023-09-02,MY,1,0.9318222999572754
2023-09-02,SG,1,0.5795759517285559
2023-09-02,US,1,0.5403641015291214
2023-09-02,VN,1,0.7274502515792847
2023-09-03,KR,1,0.6981509134056978
2023-09-03,PH,1,0.9066941738128662
2023-09-03,SG,1,0.8475532482067744
2023-09-03,US,1,0.8738445242245992
2023-09-04,VN,1,0.3993971471985181
2023-09-05,FR,1,0.8756802380084991
2023-09-05,NZ,1,0.959400087594986
2023-09-05,VN,2,0.6967602570851643
2023-09-06,TH,1,0.9564709961414337
2023-09-06,TW,1,0.9608642309904099
2023-09-06,VN,2,0.5467898510396481
2023-09-07,DE,2,0.42019388265907764
2023-09-07,TH,1,0.4774433597922325
2023-09-08,US,1,0.6442836001515388
2023-09-09,BN,1,0.7205244737366835
2023-09-09,MY,1,0.8264913316816092
2023-09-09,TH,1,0.9320772488911947
2023-09-10,KH,1,0.8692179620265961
2023-09-10,PH,1,0.5867822244763374
2023-09-10,SG,1,0.5524367094039917
2023-09-10,VN,1,0.8213860392570496
2023-09-12,ID,1,0.0735466331243515
2023-09-12,IT,1,0.9107590317726135
2023-09-12,KH,1,0.7989883025487264
2023-09-12,SG,1,0.46608901023864746
2023-09-12,TW,1,0.9754082933068275
2023-09-12,VN,1,0.9753918349742889
2023-09-13,ID,2,0.8144648210145533
2023-09-13,MY,1,0.6105504757127701
2023-09-13,TH,1,0.3423782354220748
2023-09-14,PH,1,0.7579684363057215
2023-09-14,SG,1,0.6912601888179779
2023-09-15,ID,1,0.7454170393447082
2023-09-15,PH,1,0.639383427759943
2023-09-16,ID,1,0.6605733186006546
2023-09-17,GB,1,0.7544311881065369
2023-09-17,ID,1,0.5616980791091919
2023-09-17,MA,1,0.6151948988437652
2023-09-17,PH,3,0.6069715341484105
2023-09-18,DE,1,0.9450038346377286
2023-09-18,PH,1,0.6217557489871979
2023-09-19,ID,1,0.8949951976537704
2023-09-19,PH,1,0.9071715474128723
2023-09-19,SG,1,0.935120701789856
2023-09-19,TH,1,0.8585208803415298
2023-09-20,DE,1,0.6188626885414124
2023-09-20,ID,1,0.8498933553695679
2023-09-21,ID,1,0.6342066526412964
2023-09-21,PH,1,0.730141818523407
2023-09-21,SG,1,0.8586910963058472
2023-09-22,AU,1,0.8786400804917017
2023-09-22,ID,3,0.6946374997098603
2023-09-22,PH,1,0.7590248174965382
2023-09-22,TH,1,0.4463716261088848
2023-09-22,US,1,0.9421824216842651
2023-09-23,ID,2,0.8214474804699421
2023-09-23,PH,2,0.858442915810479
2023-09-23,TH,2,0.7778770327568054
2023-09-24,HK,1,0.8073109865188599
2023-09-24,ID,2,0.8968861699104309
2023-09-24,PH,1,0.3472156368058037
2023-09-24,SG,1,0.7919266663846516
2023-09-24,TH,2,0.6045910395681858
2023-09-24,TW,1,0.6401186101138592
2023-09-24,US,1,0.15384070575237274
2023-09-25,AU,1,0.7994179964065552
2023-09-25,PH,5,0.5936844913368778
2023-09-26,ID,2,0.6421270528808236
2023-09-26,PH,1,0.5717471640283812
2023-09-26,TH,1,0.9316710829734802
2023-09-27,PH,1,0.3876471221446991
2023-09-28,GB,1,0.9405025243759155
2023-09-28,SG,1,0.9192172288894653
2023-09-29,PH,2,0.8852394918600718
2023-09-29,TH,1,0.939998060464859
2023-09-29,US,1,0.8928959965705872
2023-09-30,GB,1,0.904256143990685
2023-10-01,PH,1,0.3289323067292571
2023-10-02,GB,1,0.9478269159793854
2023-10-02,ID,1,0.8592989653348923
2023-10-03,CH,1,0.9056971073150635
2023-10-03,PH,1,0.7018718123435974
2023-10-04,US,1,0.5099795311689377
2023-10-05,GB,1,0.4266216301669677
2023-10-05,ID,1,0.5275922529399395
2023-10-05,PH,2,0.393123325239867
2023-10-05,TH,2,0.4868781931698322
2023-10-06,ID,1,0.285773865878582
2023-10-06,TH,1,0.8918479084968567
2023-10-07,PH,1,0.5746010690927505
2023-10-08,SG,3,0.7240788903501297
2023-10-09,KR,1,0.8522372394800186
2023-10-09,US,1,0.8924541771411896
2023-10-10,ID,1,0.8551922639211019
2023-10-10,PH,1,0.7786775827407837
2023-10-10,US,1,0.8395008891820908
2023-10-11,VN,1,0.3057236783206463
2023-10-12,KR,1,0.8515564799308777
2023-10-12,TH,1,0.2914934498257935
2023-10-13,PH,1,0.9527720709641775
2023-10-14,IE,1,0.8767054975032806
2023-10-15,ID,1,0.7947298443317413
2023-10-15,KR,1,0.9177511394023895
2023-10-15,PH,2,0.6999124813980112
2023-10-15,SG,1,0.8661218881607056
2023-10-15,US,1,0.8463189999262491
2023-10-16,PH,1,0.885115921497345
2023-10-17,ID,1,0.248515454120934
2023-10-17,PH,3,0.4556896489941411
2023-10-18,PH,2,0.6237775639320413
2023-10-18,TH,1,0.9654768109321594
2023-10-18,TW,1,0.7282464702924093
2023-10-19,PH,1,0.9321837405140481
2023-10-20,CN,2,0.8552486896514893
2023-10-20,PH,3,0.8744139523417861
2023-10-20,TH,1,0.9372627685467402
2023-10-21,ID,1,0.8842745861482052
2023-10-21,PH,2,0.8930290316541989
2023-10-22,CA,1,0.6950314212590456
2023-10-22,TH,1,0.9265822908737592
2023-10-22,US,1,0.35030565929732155
2023-10-22,VN,1,0.6599905341863632
2023-10-23,PH,2,0.7118952304124833
2023-10-23,QA,1,0.463416467110316
2023-10-24,GB,1,0.41369196958839893
2023-10-24,PH,2,0.6674405478261178
2023-10-24,SG,1,0.8531734418301354
2023-10-25,CA,1,0.6381817199289799
2023-10-25,ID,1,0.9385706633329391
2023-10-25,KR,1,0.6783434110693634
2023-10-25,VN,2,0.7157978340983391
2023-10-26,PH,2,0.7180489688180387
2023-10-26,SG,1,0.856760811805725
2023-10-26,TH,1,0.9654821157455444
2023-10-27,GB,1,0.7989864831372183
2023-10-27,PH,2,0.3264182298638237
2023-10-27,US,1,0.8896389928731051
2023-10-28,CA,1,0.5668431892991066
2023-10-28,ID,1,0.11424068361520767
2023-10-28,MY,1,0.5386042594909668
2023-10-28,QA,1,0.561541510745883
2023-10-28,TW,1,0.6247333460845627
2023-10-29,AU,1,0.5815438094681927
2023-10-29,DE,1,0.7703355749448141
2023-10-29,US,1,0.4949326286358493
2023-11-01,AU,1,0.9052148461341858
2023-11-01,QA,1,0.9478038847446442
2023-11-01,VN,1,0.019227471202611923
2023-11-02,AU,1,0.9453109502792358
2023-11-02,PH,1,0.7865885098775227
2023-11-04,BR,1,0.9169791340827942
2023-11-04,PH,1,0.8782809376716614
2023-11-04,TH,1,0.9594196677207947
2023-11-05,ID,1,0.611909031867981
2023-11-06,TH,1,0.9506710171699524
2023-11-06,US,2,0.5615260352691014
2023-11-07,GB,1,0.873701853884591
2023-11-07,PH,1,0.6477140919305384
2023-11-08,DE,1,0.6120251566171646
2023-11-08,ES,1,0.938975191116333
2023-11-08,PH,1,0.966600775718689
2023-11-08,TH,1,0.5217077732086182
2023-11-08,TW,1,0.8509964942932129
2023-11-08,US,1,0.9324405694007873
2023-11-09,PH,2,0.7923007309436798
2023-11-10,AU,1,0.8851819038391113
2023-11-10,ID,1,0.9261782566706339
2023-11-10,JP,1,0.8517631143331528
2023-11-10,PH,2,0.8516069528236877
2023-11-10,TH,1,0.9634199142456055
2023-11-10,VN,1,0.6123268455266953
2023-11-11,ID,1,0.3466215282678604
2023-11-11,SG,1,0.8239741325378418
2023-11-12,SG,1,0.8076317755815884
2023-11-13,ES,2,0.6865245985488098
2023-11-13,ID,1,0.25227968394756317
2023-11-13,KR,1,0.6433338390456306
2023-11-13,PH,1,0.9693503975868225
2023-11-13,SG,1,0.8526672124862671
2023-11-13,TW,2,0.8793609969317913
2023-11-13,VN,1,0.717500225123432
2023-11-14,AU,1,0.9003162185351055
2023-11-14,ID,1,0.9490411622183663
2023-11-14,PH,3,0.7538165688384564
2023-11-14,TH,1,0.6745858788490295
2023-11-15,AU,1,0.5328843146562576
2023-11-15,ES,1,0.7134296894073486
2023-11-15,PH,1,0.6602809290091197
2023-11-15,SG,1,0.8528767824172974
2023-11-15,US,1,0.6437515183869336
2023-11-16,GB,2,0.8921498027112749
2023-11-16,ID,2,0.9269399344921112
2023-11-16,MO,1,0.5979514122009277
2023-11-16,MY,1,0.8657858322064081
2023-11-17,KR,1,0.8255656361579895
2023-11-17,PH,1,0.800310985909568
2023-11-17,TH,1,0.09836680442094803
2023-11-18,MY,1,0.9314430952072144
2023-11-18,PH,2,0.8758455539743106
2023-11-18,TH,1,0.9450326047160409
2023-11-18,US,1,0.7959234714508057
2023-11-18,VN,1,0.546411395072937
2023-11-19,NL,1,0.9280528128147125
2023-11-19,PH,2,0.7630670160232556
2023-11-19,US,2,0.8961903601884842
2023-11-19,VN,1,0.15225353837013245
2023-11-20,KW,1,0.9703987042109171
2023-11-20,PH,1,0.7063422034538928
2023-11-20,SG,1,0.9549628674578504
2023-11-20,TH,1,0.91482013463974
2023-11-20,TW,1,0.6351157203316689
2023-11-21,MO,1,0.34785632057381527
2023-11-21,PH,3,0.7688960257089801
2023-11-22,GB,1,0.848547899723053
2023-11-22,KR,1,0.6023436188697815
2023-11-22,NZ,1,0.29548320174217224
2023-11-22,PH,2,0.4039302164688706
2023-11-22,TH,1,0.5635294829096112
2023-11-22,TW,1,0.46688517928123474
2023-11-23,ID,1,0.8406716585159302
2023-11-23,PH,5,0.7626542661587397
2023-11-23,TH,1,0.8762485206127166
2023-11-23,US,1,0.935559093952179
2023-11-24,GB,1,0.7688288688659668
2023-11-24,PH,2,0.690353403488795
2023-11-24,TH,1,0.284134437640508
2023-11-25,PH,4,0.7077932001292413
2023-11-25,SG,1,0.7020751620056452
2023-11-26,PH,1,0.9221945181488991
2023-11-27,AU,1,0.7711936215249201
2023-11-27,GB,1,0.14567838609218597
2023-11-27,PH,5,0.8712584547201793
2023-11-27,QA,1,0.8897583186626434
2023-11-27,TH,2,0.8068866913135235
2023-11-28,AU,1,0.7906691506014842
2023-11-28,PH,3,0.6220759517616695
2023-11-28,QA,1,0.5899824574589729
2023-11-28,TH,1,0.6916990280151367
2023-11-28,US,1,0.823562741279602
2023-11-29,KR,1,0.9067436456680298
2023-11-29,PH,3,0.7519519589013525
2023-11-29,SG,2,0.9232003137469291
2023-11-30,MY,1,0.8700391054153442
2023-11-30,PH,2,0.8721356277154493
2023-11-30,SG,1,0.9301229203358675
2023-11-30,US,1,0.7894764343897501
2023-12-01,AU,1,0.9568963348865509
2023-12-01,GB,1,0.9290231920423961
2023-12-01,ID,1,0.768774627929642
2023-12-01,PH,4,0.6039902670915046
2023-12-01,TH,1,0.8120929300785065
2023-12-01,VN,1,0.8428315371274948
2023-12-02,ID,2,0.7956524772776499
2023-12-02,PH,2,0.7675150036811829
2023-12-02,VN,1,0.0065727815963327885
2023-12-03,PH,2,0.5980924790104231
2023-12-03,SG,1,0.9307862420876821
2023-12-03,TH,1,0.7151689156889915
2023-12-04,CR,1,0.870102047920227
2023-12-04,GB,1,0.8496274948120117
2023-12-04,ID,1,0.8688411624594168
2023-12-04,KR,1,0.6623451709747314
2023-12-04,PH,5,0.6830566935141882
2023-12-04,US,1,0.6923357844352722
2023-12-05,KR,2,0.4633627887815237
2023-12-05,PH,5,0.7781637012958527
2023-12-05,TH,1,0.85435751080513
2023-12-05,TW,1,0.9048106670379639
2023-12-06,ID,1,0.8431293368339539
2023-12-06,PH,1,0.9797311723232269
2023-12-06,TH,1,0.7552942037582397
2023-12-06,TW,1,0.8959878534078598
2023-12-07,ID,2,0.8000559308255712
2023-12-07,PH,4,0.9339947524956531
2023-12-07,TH,1,0.8094559013843536
2023-12-08,GB,1,0.44112938083708286
2023-12-08,ID,1,0.3043396443956428
2023-12-08,PH,1,0.9661201976594471
2023-12-08,TH,1,0.5465713441371918
2023-12-09,VN,1,0.3785052311917146
2023-12-10,ID,1,0.051285937428474426
2023-12-10,SG,1,0.7284215098099104
2023-12-10,TH,1,0.7804528872172037
2023-12-10,VN,1,0.9150453507900238
2023-12-11,ID,2,0.8106023482978344
2023-12-11,PH,2,0.66787732421524
2023-12-11,SG,1,0.6576091249783834
2023-12-11,US,1,0.2952730618417263
2023-12-11,VN,1,0.9344072937965393
2023-12-12,AU,1,0.726708893748847
2023-12-12,ID,1,0.5702652224073452
2023-12-12,JP,1,0.7753673125058412
2023-12-12,MY,1,0.9229175448417664
2023-12-12,PH,3,0.6094194165327483
2023-12-13,AU,1,0.9573665261268616
2023-12-13,GB,1,0.9330189228057861
2023-12-13,TH,1,0.39298927783966064
2023-12-13,TW,1,0.8926535248756409
2023-12-14,ID,3,0.9053531289100647
2023-12-14,PH,3,0.8947335319125164
2023-12-14,TH,2,0.7961237471728098
2023-12-14,US,2,0.8503091695408026
2023-12-14,VN,1,0.8412722150484722
2023-12-15,CA,1,0.9557928388768976
2023-12-15,JP,2,0.7905649062660005
2023-12-15,PH,2,0.8542810293535392
2023-12-15,VN,1,0.6062787895401319
2023-12-16,MY,1,0.9152369697888693
2023-12-16,PH,4,0.5749305583577562
2023-12-16,SG,1,0.9680206775665283
2023-12-16,TH,2,0.36706894884506863
2023-12-17,GB,1,0.6324141669552773
2023-12-17,JP,1,0.8533395230770111
2023-12-17,PH,3,0.8542671054601669
2023-12-17,SG,1,0.027517709881067276
2023-12-17,TH,1,0.9532684768949237
2023-12-17,TW,1,0.6786020398139954
2023-12-18,PH,1,0.7464589948455492
2023-12-18,SG,1,0.6167597472667694
2023-12-18,US,1,0.44411396980285645
2023-12-19,AU,1,0.9641217390696207
2023-12-19,ID,1,0.9550316333770752
2023-12-19,MY,1,0.6479693464934826
2023-12-19,PH,3,0.6424756654811026
2023-12-19,VN,1,0.8586432635784149
2023-12-20,ID,1,0.9328846335411072
2023-12-20,KH,1,0.25679401122033596
2023-12-20,SK,1,0.7672038342803716
2023-12-20,US,1,0.8207053343454996
2023-12-21,AU,1,0.8138380646705627
2023-12-21,PH,2,0.8442506864666939
2023-12-21,TH,1,0.7301058570543925
2023-12-22,GB,1,0.8549371957778931
2023-12-22,PH,4,0.746962996643214
2023-12-22,TH,1,0.8833794693152109
2023-12-22,US,1,0.9317559599876404
2023-12-22,VN,1,0.9527370929718018
2023-12-23,CA,1,0.9375665783882141
2023-12-23,MY,1,0.9099216759204865
2023-12-23,US,1,0.8998183409372965
2023-12-24,CA,2,0.6072747483849525
2023-12-24,ID,1,0.89556485414505
2023-12-24,MY,1,0.9694800972938538
2023-12-24,PH,1,0.6044197923038155
2023-12-24,VN,1,0.9535235017538071
2023-12-25,PH,1,0.9679853916168213
2023-12-25,TH,2,0.758778957928198
2023-12-26,CA,1,0.7393243908882141
2023-12-26,MY,1,0.5736877421538035
2023-12-26,TH,1,0.9134095145596398
2023-12-26,TW,1,0.9705297675999728
2023-12-27,ID,3,0.7419442165476782
2023-12-27,SG,2,0.6609742691119512
2023-12-28,CA,1,0.5622283897052209
2023-12-28,ID,1,0.6126610040664673
2023-12-28,KR,1,0.8409630507230759
2023-12-28,PH,1,0.936126708984375
2023-12-28,SG,1,0.5164633989334106
2023-12-28,US,1,0.8076775074005127
2023-12-28,ZA,1,0.4725802540779114
2023-12-29,DE,1,0.8832845886548361
2023-12-29,ID,1,0.6877073794603348
2023-12-29,MY,1,0.548890495300293
2023-12-29,SG,1,0.8666085302829742
2023-12-29,US,1,0.9102469086647034
2023-12-30,PH,3,0.8759331206916369
2023-12-30,VN,1,0.2792571187019348
2023-12-31,ID,1,0.5184072924705295
2023-12-31,PH,1,0.9396201968193054
2023-12-31,TW,1,0.6872546461721261
2024-01-01,AE,2,0.9414106160402298
2024-01-01,AU,3,0.8772137632800473
2024-01-01,BY,1,0.871901715795199
2024-01-01,CA,3,0.9603744281662836
2024-01-01,ID,21,0.854855739416939
2024-01-01,JP,2,0.9524752050638199
2024-01-01,KR,1,0.8181226253509521
2024-01-01,MO,2,0.8937113154679537
2024-01-01,MY,1,0.9622830152511597
2024-01-01,NL,1,0.9358131885528564
2024-01-01,PH,30,0.9135798070494773
2024-01-01,QA,1,0.9728958973517785
2024-01-01,SA,1,0.958327341079712
2024-01-01,SG,3,0.8304993973837959
2024-01-01,TH,26,0.8291971487819384
2024-01-01,TW,3,0.771501589227031
2024-01-01,US,6,0.8839940582712491
2024-01-01,VN,2,0.886877056803893
2024-01-02,AR,1,0.8344202041625977
2024-01-02,BY,2,0.9381314516067505
2024-01-02,CA,1,0.4211845104582608
2024-01-02,FR,1,0.8391798694546406
2024-01-02,ID,16,0.8661627412924454
2024-01-02,JP,2,0.7942268074334909
2024-01-02,KR,8,0.8719072617221779
2024-01-02,LA,1,0.9091278314590454
2024-01-02,MM,1,0.8750737905502319
2024-01-02,MO,1,0.97184818983078
2024-01-02,MY,2,0.7983174671729405
2024-01-02,NL,1,0.8706632852554321
2024-01-02,PH,25,0.8849196913687111
2024-01-02,PK,1,0.6773819923400879
2024-01-02,SG,4,0.6184095702954524
2024-01-02,TH,45,0.8178141823997177
2024-01-02,TW,1,0.9091070294380188
2024-01-02,US,9,0.9353597526611002
2024-01-02,VN,2,0.8777381787224421
2024-01-03,AE,1,0.953051745891571
2024-01-03,AU,3,0.7833897300340511
2024-01-03,BY,1,0.9729835639397303
2024-01-03,CL,1,0.9570805430412292
2024-01-03,GB,1,0.8120517134666443
2024-01-03,GR,1,0.9697673916816711
2024-01-03,ID,18,0.9076042758632694
2024-01-03,IT,1,0.8354283571243286
2024-01-03,JE,1,0.8667542189359665
2024-01-03,JP,2,0.8965705732504526
2024-01-03,KR,1,0.9183422327041626
2024-01-03,MO,3,0.752349829611679
2024-01-03,MY,5,0.7099158570170403
2024-01-03,PH,20,0.8315315866126636
2024-01-03,QA,1,0.9813576936721802
2024-01-03,SG,6,0.7599983736872673
2024-01-03,TH,37,0.7816259581587272
2024-01-03,TW,7,0.8190578433890622
2024-01-03,US,17,0.8645906251807052
2024-01-03,VN,6,0.7567324046355983
2024-01-04,AU,1,0.9012903496623039
2024-01-04,BY,2,0.8516999334096909
2024-01-04,CA,2,0.846205860376358
2024-01-04,CN,1,0.5951322913169861
2024-01-04,GB,2,0.8249849677085876
2024-01-04,ID,18,0.725124874831271
2024-01-04,JP,4,0.841593864477343
2024-01-04,KH,1,0.9422627474580493
2024-01-04,KR,4,0.7273341659456491
2024-01-04,MY,1,0.47283923625946045
2024-01-04,NZ,2,0.7149886339902878
2024-01-04,PH,24,0.841757545923524
2024-01-04,QA,1,0.9558677077293396
2024-01-04,SG,6,0.6823886873289234
2024-01-04,TH,31,0.840002224511228
2024-01-04,TW,12,0.9086317848759635
2024-01-04,US,2,0.62358655485635
2024-01-04,VN,3,0.8413422351910008
2024-01-05,AE,1,0.9458367228507996
2024-01-05,AU,2,0.8698604454596837
2024-01-05,CN,2,0.9225904922131423
2024-01-05,DE,1,0.5676985383033752
2024-01-05,FR,1,0.941827803850174
2024-01-05,GB,3,0.534121883722643
2024-01-05,ID,7,0.9090932373935107
2024-01-05,JP,5,0.9296656586907126
2024-01-05,KR,2,0.7095698602497578
2024-01-05,LA,1,0.8626983220930452
2024-01-05,MO,1,0.9742147922515869
2024-01-05,MY,2,0.7787576019763947
2024-01-05,NZ,1,0.2257038876414299
2024-01-05,PH,20,0.8691575649695105
2024-01-05,SG,2,0.9599942241026007
2024-01-05,TH,24,0.8446736679142292
2024-01-05,TW,5,0.7212457806510585
2024-01-05,US,6,0.8888503539947945
2024-01-05,VN,2,0.6398314255125382
2024-01-06,AE,1,0.9071429967880249
2024-01-06,AR,1,0.5642504394054413
2024-01-06,BY,2,0.9041919708251953
2024-01-06,CL,1,0.9121759235858917
2024-01-06,DE,2,0.5937845314232011
2024-01-06,FR,2,0.821967969515494
2024-01-06,GB,4,0.760161122183005
2024-01-06,ID,12,0.7202854369035873
2024-01-06,JP,1,0.9631693363189697
2024-01-06,KR,3,0.9508412414126926
2024-01-06,MA,1,0.9722953140735626
2024-01-06,MY,2,0.5124989269922177
2024-01-06,PH,26,0.8296080714586771
2024-01-06,SG,6,0.8660544373974618
2024-01-06,TH,44,0.793842137921354
2024-01-06,TW,2,0.9698270533221338
2024-01-06,US,5,0.8187056891620159
2024-01-06,VN,3,0.812537536645929
2024-01-07,AE,2,0.9370302905568457
2024-01-07,AU,2,0.9727208110002371
2024-01-07,BY,4,0.8828676144282023
2024-01-07,GB,1,0.8290047645568848
2024-01-07,HN,1,0.9179921746253967
2024-01-07,ID,12,0.8177345914482285
2024-01-07,IE,1,0.889812171459198
2024-01-07,IL,1,0.9494906067848206
2024-01-07,IT,3,0.8025507364008161
2024-01-07,JP,4,0.7423146311969807
2024-01-07,KR,2,0.9187798872590065
2024-01-07,NZ,2,0.6457740024973948
2024-01-07,PH,25,0.8480058052438766
2024-01-07,RO,1,0.970910906791687
2024-01-07,SG,2,0.6939601600170135
2024-01-07,TH,22,0.7846650730304727
2024-01-07,TW,6,0.9070179958385651
2024-01-07,US,10,0.8486520731843831
2024-01-07,VN,2,0.8936725159486134
2024-01-07,ZA,1,0.6845311110218366
2024-01-08,AU,2,0.8024581521749496
2024-01-08,BY,3,0.7586906163228884
2024-01-08,CR,1,0.9617214798927307
2024-01-08,ID,13,0.8044734641782239
2024-01-08,JP,5,0.8109405668529253
2024-01-08,KR,2,0.8574605882167816
2024-01-08,KW,1,0.7390959196620517
2024-01-08,LA,1,0.9667943120002747
2024-01-08,MO,2,0.9216271042823792
2024-01-08,MY,2,0.6600557714700699
2024-01-08,NL,1,0.9167747497558594
2024-01-08,NZ,1,0.8957567662000656
2024-01-08,PH,26,0.8506030484026683
2024-01-08,PK,1,0.37766411900520325
2024-01-08,PT,1,0.878335481050328
2024-01-08,SG,2,0.9133127828439076
2024-01-08,TH,30,0.8293789526782732
2024-01-08,TW,4,0.7072155025994612
2024-01-08,US,13,0.8975817490464603
2024-01-08,VN,3,0.6862389383216699
2024-01-09,AU,2,0.9328645723206657
2024-01-09,BY,2,0.9463635683059692
2024-01-09,CA,1,0.8006987042725087
2024-01-09,DE,1,0.5710106130689383
2024-01-09,ES,1,0.8066663980484009
2024-01-09,GB,2,0.8597246060768763
2024-01-09,ID,20,0.6795209228957537
2024-01-09,IT,1,0.9417499303817749
2024-01-09,JP,1,0.8832512497901917
2024-01-09,MO,4,0.5414468515664339
2024-01-09,MY,1,0.877347727616628
2024-01-09,PH,29,0.8491806835032666
2024-01-09,SG,8,0.7932175670784709
2024-01-09,TH,28,0.8194086125173073
2024-01-09,TW,7,0.846944125028199
2024-01-09,US,5,0.9604103848338127
2024-01-09,VN,5,0.7715156647562981
2024-01-10,AU,1,0.9673275500535965
2024-01-10,BY,1,0.8657578229904175
2024-01-10,CA,2,0.9250749308202002
2024-01-10,CN,1,0.7379290834069252
2024-01-10,ID,10,0.5248735293824612
2024-01-10,JP,12,0.8842487578314763
2024-01-10,KR,3,0.7982123860468467
2024-01-10,MY,2,0.9487682469189167
2024-01-10,NL,1,0.9439550042152405
2024-01-10,PH,29,0.8088469377991138
2024-01-10,QA,1,0.9411568144957225
2024-01-10,SG,6,0.6287625048447538
2024-01-10,TH,27,0.80243269215325
2024-01-10,TW,4,0.745647801241527
2024-01-10,US,5,0.8851435222086452
2024-01-10,VN,1,0.9099723001321157
2024-01-10,ZA,2,0.9737565815448761
2024-01-11,AE,1,0.8869177103042603
2024-01-11,AU,3,0.712140430851529
2024-01-11,BE,1,0.9578443169593811
2024-01-11,CA,1,0.9215861558914185
2024-01-11,DE,1,0.9203426196024969
2024-01-11,ES,1,0.6968332231044769
2024-01-11,GB,2,0.9429460196031465
2024-01-11,ID,18,0.7540763054267262
2024-01-11,JP,5,0.9208587899997637
2024-01-11,KR,2,0.9315445870161057
2024-01-11,LA,1,0.925845238665536
2024-01-11,MO,1,0.9694532155990601
2024-01-11,MY,2,0.6255665142089128
2024-01-11,PH,24,0.8196030304714276
2024-01-11,QA,1,0.8369544148445129
2024-01-11,SG,3,0.5690046386379334
2024-01-11,SI,1,0.8436128497123718
2024-01-11,TH,26,0.8155055159217336
2024-01-11,TW,4,0.8975902629043202
2024-01-11,US,5,0.6907067842781544
2024-01-11,VN,5,0.8232378746072451
2024-01-12,AE,1,0.7626512050628662
2024-01-12,AR,1,0.9577682018280029
2024-01-12,AU,3,0.7871153940757116
2024-01-12,FR,1,0.6976815760135651
2024-01-12,GB,1,0.7742902962647881
2024-01-12,ID,10,0.7225363295437355
2024-01-12,IT,1,0.9509098370160376
2024-01-12,JP,3,0.9535589615503947
2024-01-12,MO,1,0.7855387926101685
2024-01-12,MY,1,0.958543598651886
2024-01-12,NP,1,0.35370996594429016
2024-01-12,NZ,2,0.7689701616764069
2024-01-12,PH,19,0.8109958567958863
2024-01-12,PK,1,0.9243708252906799
2024-01-12,SG,1,0.902207419146148
2024-01-12,TH,39,0.8241048438397923
2024-01-12,TW,4,0.965666925907135
2024-01-12,US,4,0.7039763149805367
2024-01-12,VN,2,0.9523112435232509
2024-01-12,ZA,1,0.952070917401995
2024-01-13,AE,1,0.9727774262428284
2024-01-13,CH,1,0.9504916667938232
2024-01-13,DE,1,0.7564875582853953
2024-01-13,FI,1,0.9422121047973633
2024-01-13,GB,1,0.7714410622914633
2024-01-13,ID,11,0.7905317298341121
2024-01-13,JP,6,0.8982063608037101
2024-01-13,KR,2,0.7470059420913457
2024-01-13,MM,1,0.951984167098999
2024-01-13,MO,4,0.9177393714586893
2024-01-13,MX,1,0.9257904589176178
2024-01-13,MY,1,0.7551448939368128
2024-01-13,PH,29,0.8613502106608631
2024-01-13,QA,1,0.31394490599632263
2024-01-13,SG,6,0.7830113193503133
2024-01-13,TH,20,0.8676323277287308
2024-01-13,TW,3,0.9294663375332242
2024-01-13,US,6,0.8191500827670097
2024-01-13,VN,1,0.7051173448562622
2024-01-14,AE,1,0.8061037957668304
2024-01-14,AU,5,0.8191993995880088
2024-01-14,FR,1,0.9590114951133728
2024-01-14,GB,1,0.9587457180023193
2024-01-14,ID,22,0.7586786977954944
2024-01-14,JP,5,0.8091945926348367
2024-01-14,KR,3,0.7671798393130302
2024-01-14,MO,2,0.9011055380105972
2024-01-14,MY,2,0.9484323561191559
2024-01-14,NO,1,0.676785122975707
2024-01-14,PH,30,0.8095842497608794
2024-01-14,QA,1,0.8898315926392873
2024-01-14,SA,1,0.9545069932937622
2024-01-14,SG,1,0.017781134694814682
2024-01-14,TH,35,0.8479461677954585
2024-01-14,TW,2,0.9457224739922417
2024-01-14,US,7,0.761880932077443
2024-01-15,AE,2,0.8200439860423405
2024-01-15,AR,1,0.6627885159105062
2024-01-15,AU,2,0.5241016214506493
2024-01-15,BY,1,0.9464618563652039
2024-01-15,CA,2,0.8135840555032094
2024-01-15,CN,1,0.0431978702545166
2024-01-15,FR,1,0.9107204874356588
2024-01-15,GB,1,0.9550623595714569
2024-01-15,ID,19,0.7628505950466845
2024-01-15,JP,2,0.49104346210757893
2024-01-15,KR,7,0.8440018194554793
2024-01-15,MM,1,0.9736959487199783
2024-01-15,MO,6,0.8526098021557407
2024-01-15,PH,32,0.757018852297609
2024-01-15,SA,1,0.9259785413742065
2024-01-15,SG,3,0.7520490381908504
2024-01-15,TH,28,0.7957373369921571
2024-01-15,TW,2,0.8312958925962448
2024-01-15,US,11,0.8774791871681635
2024-01-15,VN,2,0.8424049208561579
2024-01-16,AU,3,0.932674358288447
2024-01-16,CA,2,0.7777030915021896
2024-01-16,GB,5,0.7822006806731224
2024-01-16,ID,12,0.8286431994537513
2024-01-16,JP,6,0.9231396005267188
2024-01-16,KR,1,0.9393651485443115
2024-01-16,MO,3,0.861108787668248
2024-01-16,MY,5,0.8233634567260741
2024-01-16,NZ,2,0.7770781964063644
2024-01-16,PH,23,0.8325830648214222
2024-01-16,QA,2,0.9364410638809204
2024-01-16,SG,3,0.908898152410984
2024-01-16,TH,20,0.8885716344639121
2024-01-16,TW,2,0.8617075971431203
2024-01-16,US,11,0.7922962974813399
2024-01-16,VN,2,0.7825812221746202
2024-01-17,BD,1,0.2182130515575409
2024-01-17,BY,1,0.8429296016693115
2024-01-17,CA,1,0.8941358753613063
2024-01-17,ID,11,0.7418835422456453
2024-01-17,JP,11,0.7707338433841735
2024-01-17,KH,1,0.7268815189599991
2024-01-17,KR,2,0.8272676255021776
2024-01-17,LK,1,0.02942208480089903
2024-01-17,MX,1,0.9788457155227661
2024-01-17,MY,1,0.8464343905448913
2024-01-17,NL,1,0.7935237288475037
2024-01-17,NP,1,0.7370810508728027
2024-01-17,PH,18,0.845554549877632
2024-01-17,SG,2,0.84393403253385
2024-01-17,TH,25,0.8664520259908203
2024-01-17,TW,2,0.8901069809993107
2024-01-17,US,9,0.8336137501059702
2024-01-17,VN,2,0.40167709439992905
2024-01-18,AE,1,0.9598999619483948
2024-01-18,AR,1,0.8805267810821533
2024-01-18,AU,1,0.9009634852409363
2024-01-18,CA,1,0.4770103767514229
2024-01-18,ES,2,0.7074833810329437
2024-01-18,GB,1,0.7282896339893341
2024-01-18,ID,14,0.8235097410896468
2024-01-18,JP,6,0.8667808641032834
2024-01-18,KR,4,0.7564424273247521
2024-01-18,MO,1,0.9699450731277466
2024-01-18,MX,1,0.7958399256070455
2024-01-18,MY,2,0.7217470208803813
2024-01-18,NP,1,0.42117828130722046
2024-01-18,NZ,1,0.7491455314060051
2024-01-18,PH,28,0.8680612707449411
2024-01-18,PL,1,0.9313188344240189
2024-01-18,QA,2,0.7028282880783081
2024-01-18,SG,3,0.9439555179505121
2024-01-18,TH,32,0.8507196168284707
2024-01-18,TW,2,0.6837959097756539
2024-01-18,US,12,0.7735541700902911
2024-01-18,VN,4,0.946252560021267
2024-01-19,AU,3,0.8807044405904082
2024-01-19,BE,1,0.6082956586033106
2024-01-19,BY,1,0.9376739859580994
2024-01-19,CA,2,0.8922252357006073
2024-01-19,DE,1,0.8574788570404053
2024-01-19,GB,4,0.8874368663463328
2024-01-19,ID,18,0.7562169224585121
2024-01-19,JP,13,0.8701429611919942
2024-01-19,MY,4,0.6814617105354758
2024-01-19,PH,27,0.8700433165194146
2024-01-19,SG,2,0.949439287185669
2024-01-19,TH,21,0.7593778788685469
2024-01-19,TW,4,0.9109323973457019
2024-01-19,US,6,0.6377724375989702
2024-01-20,AE,1,0.12381981313228607
2024-01-20,AU,1,0.9613631963729858
2024-01-20,CA,1,0.9556451737880707
2024-01-20,CN,1,0.9038358777761459
2024-01-20,DE,2,0.736212819814682
2024-01-20,DK,1,0.957433819770813
2024-01-20,GB,2,0.8920131648580233
2024-01-20,ID,9,0.825409032260877
2024-01-20,JP,3,0.8989205724663205
2024-01-20,KR,2,0.9471835494041443
2024-01-20,MY,1,0.9525973498821259
2024-01-20,PH,20,0.8262254345394849
2024-01-20,QA,3,0.5264186883966128
2024-01-20,SG,2,0.688266922486946
2024-01-20,TH,27,0.8522728371504298
2024-01-20,TW,3,0.875758103671528
2024-01-20,US,4,0.9256209301451842
2024-01-20,VN,2,0.40393857343588024
2024-01-21,AE,1,0.8930342197418213
2024-01-21,AU,1,0.5955649018287659
2024-01-21,BY,1,0.5724743604660034
2024-01-21,CA,4,0.8401142961922146
2024-01-21,DO,1,0.9062184145053228
2024-01-21,FR,2,0.736800754411767
2024-01-21,GB,3,0.7213569672571287
2024-01-21,ID,13,0.6837273229545449
2024-01-21,IE,1,0.8903617262840271
2024-01-21,JP,9,0.8264957709827987
2024-01-21,KR,1,0.33974701818078756
2024-01-21,MO,2,0.9582077910502751
2024-01-21,MY,4,0.8655565413912492
2024-01-21,NP,1,0.9528407454490662
2024-01-21,PH,20,0.8337663567270935
2024-01-21,QA,1,0.9734526907696444
2024-01-21,SG,4,0.8888528587539559
2024-01-21,TH,23,0.7886162443540977
2024-01-21,TW,5,0.8490962225943803
2024-01-21,US,2,0.9149543126778943
2024-01-21,VN,1,0.10870573731760184
2024-01-22,AU,2,0.9406057298183441
2024-01-22,BY,1,0.7860787212848663
2024-01-22,CA,1,0.9049777835607529
2024-01-22,ES,1,0.8877562433481216
2024-01-22,FR,1,0.7473699691203924
2024-01-22,GB,3,0.668800523104491
2024-01-22,GT,1,0.9339589476585388
2024-01-22,ID,9,0.8019690904708833
2024-01-22,JP,4,0.8081191880628467
2024-01-22,MY,1,0.9155574142932892
2024-01-22,NL,2,0.9449527934193611
2024-01-22,NZ,1,0.39009830355644226
2024-01-22,PH,16,0.7789482756686151
2024-01-22,SG,8,0.8064301879869566
2024-01-22,TH,22,0.892458681913774
2024-01-22,TW,1,0.8156712651252747
2024-01-22,US,6,0.7856390763212134
2024-01-22,VN,4,0.8180202733991402
2024-01-23,AE,1,0.6449764966964722
2024-01-23,AU,2,0.788287840783596
2024-01-23,CZ,1,0.7793032333254813
2024-01-23,DE,1,0.8767363826433817
2024-01-23,GB,4,0.7953554525350531
2024-01-23,ID,6,0.9224680413802465
2024-01-23,JP,2,0.816408596932888
2024-01-23,KR,1,0.8294222582327692
2024-01-23,KZ,1,0.23012897372245789
2024-01-23,MY,2,0.7498305638631184
2024-01-23,PH,21,0.9032658249917125
2024-01-23,SG,1,0.9342840313911438
2024-01-23,TH,23,0.8004946464261257
2024-01-23,TW,8,0.8935187829948041
2024-01-23,US,5,0.8602606529990832
2024-01-23,VN,1,0.717845693230629
2024-01-24,AE,1,0.5390816945582628
2024-01-24,CL,1,0.2857370873292287
2024-01-24,GB,2,0.9403189718723297
2024-01-24,ID,10,0.7026680791998903
2024-01-24,IT,1,0.6223942327002684
2024-01-24,JP,5,0.9077402284741402
2024-01-24,KH,1,0.9430009605306567
2024-01-24,KR,1,0.6135932058095932
2024-01-24,MY,2,0.7000310719013214
2024-01-24,PH,20,0.7844178657673044
2024-01-24,SG,2,0.8929599300026894
2024-01-24,TH,26,0.8346784815863735
2024-01-24,TW,4,0.9400018338452686
2024-01-24,US,8,0.7363144545747976
2024-01-24,VN,1,0.8492030242627316
2024-01-25,AE,1,0.9339286684989929
2024-01-25,CA,1,0.8431973457336426
2024-01-25,DE,1,0.9364136159420013
2024-01-25,FR,2,0.7909731268882751
2024-01-25,GB,5,0.8706940512607495
2024-01-25,ID,6,0.8580524197926978
2024-01-25,JP,4,0.8635031009713808
2024-01-25,MM,1,0.7539387494325638
2024-01-25,MY,4,0.6445333734154701
2024-01-25,NL,3,0.9406599998474121
2024-01-25,NZ,1,0.762550950050354
2024-01-25,PH,13,0.8191548017702903
2024-01-25,SG,8,0.768421632781004
2024-01-25,TH,35,0.8502242464412288
2024-01-25,TW,5,0.82057187969868
2024-01-25,US,3,0.849294931638954
2024-01-25,VN,1,0.5523934029042721
2024-01-26,AU,1,0.7948445340928932
2024-01-26,CA,2,0.9456922958294551
2024-01-26,DE,1,0.9773056507110596
2024-01-26,ID,8,0.7652730091164509
2024-01-26,JP,2,0.804459297854919
2024-01-26,KH,1,0.925276905298233
2024-01-26,MY,2,0.6883309055740634
2024-01-26,NL,1,0.787862021708861
2024-01-26,PH,32,0.7643778326354029
2024-01-26,SG,2,0.9473377590378126
2024-01-26,TH,37,0.8441005511423885
2024-01-26,TW,10,0.8323132635690271
2024-01-26,US,8,0.7723051655948872
2024-01-26,VN,1,0.4933801218867302
2024-01-27,AE,2,0.7796998469159007
2024-01-27,CA,1,0.7856617867946625
2024-01-27,CL,1,0.8792016804218292
2024-01-27,CN,2,0.7368614359504797
2024-01-27,ES,1,0.9023076799180773
2024-01-27,FR,2,0.5445249478022258
2024-01-27,GB,3,0.5212907828059663
2024-01-27,ID,13,0.8274961692576812
2024-01-27,JP,5,0.9231099310375395
2024-01-27,KH,1,0.9570995211601258
2024-01-27,KR,1,0.931707521279653
2024-01-27,MM,1,0.9615330100059509
2024-01-27,MX,1,0.32643524487502873
2024-01-27,MY,2,0.7167307417839766
2024-01-27,NG,1,0.8696170449256897
2024-01-27,NL,1,0.8709115467965602
2024-01-27,NP,1,0.9445503950119019
2024-01-27,PH,30,0.8044443882207675
2024-01-27,PK,1,0.8850433230400085
2024-01-27,SG,12,0.8123988307771031
2024-01-27,TH,28,0.802288812873576
2024-01-27,TW,4,0.7916925114889939
2024-01-27,US,6,0.8397017833259371
2024-01-27,VN,3,0.7518583387136459
2024-01-28,AE,2,0.845436330884695
2024-01-28,AU,1,0.274374395608902
2024-01-28,BY,1,0.3808051645755768
2024-01-28,CA,1,0.86351649250303
2024-01-28,DE,1,0.9439945220947266
2024-01-28,GB,1,0.767125129699707
2024-01-28,ID,6,0.9375080525724574
2024-01-28,JM,1,0.7752209603786469
2024-01-28,JP,6,0.7514210769285757
2024-01-28,MY,1,0.4132272054751714
2024-01-28,PH,33,0.8396795722031616
2024-01-28,PL,1,0.8083887497584025
2024-01-28,SG,5,0.8369274356092016
2024-01-28,TH,37,0.8153446953209794
2024-01-28,UA,1,0.9551450461149216
2024-01-28,US,6,0.9159297711319394
2024-01-29,AM,1,0.7027861873308817
2024-01-29,AU,3,0.7842233528693517
2024-01-29,CA,4,0.908484366701709
2024-01-29,ES,1,0.7877978794276714
2024-01-29,GB,3,0.8084244517501068
2024-01-29,GR,1,0.8591671586036682
2024-01-29,ID,6,0.8174834623932838
2024-01-29,IN,1,0.2838829029351473
2024-01-29,JP,6,0.9465554914540716
2024-01-29,KR,1,0.9769606590270996
2024-01-29,MY,2,0.7550645470619202
2024-01-29,NL,1,0.9433535893758137
2024-01-29,PH,28,0.8595525741898534
2024-01-29,SG,5,0.831753810637054
2024-01-29,TH,35,0.7589720978304879
2024-01-29,TW,2,0.642834410071373
2024-01-29,US,4,0.8360094804139364
2024-01-29,VN,2,0.9587525129318237
2024-01-30,AU,2,0.9589837789535522
2024-01-30,CH,1,0.8639345765113831
2024-01-30,CL,1,0.9365790039300919
2024-01-30,GB,8,0.8760269813008961
2024-01-30,HN,2,0.9373008072376251
2024-01-30,HU,1,0.6486340165138245
2024-01-30,ID,8,0.7527922807769342
2024-01-30,IN,1,0.25046673975884914
2024-01-30,JP,5,0.8299322856195046
2024-01-30,KR,2,0.8131959438323975
2024-01-30,NL,1,0.934551477432251
2024-01-30,PH,32,0.8736113596244466
2024-01-30,SG,2,0.8382968753576279
2024-01-30,TH,33,0.7906247416691401
2024-01-30,TW,6,0.7790238211995789
2024-01-30,US,5,0.8340316116809845
2024-01-30,VN,3,0.4240844619149963
2024-01-31,AU,1,0.9351692199707031
2024-01-31,CA,2,0.6854171313988489
2024-01-31,DE,1,0.4996485710144043
2024-01-31,FR,1,0.9663920594113213
2024-01-31,GB,1,0.8679693585092371
2024-01-31,ID,8,0.7382327573740799
2024-01-31,IE,1,0.9449027180671692
2024-01-31,IN,1,0.787594348192215
2024-01-31,JP,5,0.8645865644845697
2024-01-31,KR,1,0.9247287531693776
2024-01-31,MO,3,0.964033047358195
2024-01-31,NL,1,0.9004853367805481
2024-01-31,PH,31,0.8926051001877539
2024-01-31,QA,1,0.73677361117942
2024-01-31,SE,1,0.9658372700214386
2024-01-31,SG,2,0.7571957123279571
2024-01-31,TH,27,0.833089792918698
2024-01-31,TW,2,0.9449216042246138
2024-01-31,US,4,0.83470743522048
2024-01-31,VN,2,0.9486059202998877
2024-02-01,AE,1,0.6686719655990601
2024-02-01,BY,1,0.929831326007843
2024-02-01,CA,2,0.23574701516578594
2024-02-01,DO,2,0.4954201281070709
2024-02-01,GB,1,0.7293858528137207
2024-02-01,ID,4,0.5554057775686184
2024-02-01,JP,4,0.7567847614797453
2024-02-01,KH,1,0.9402669138378568
2024-02-01,MO,1,0.899218248469489
2024-02-01,NL,2,0.839574022591114
2024-02-01,PH,40,0.8270088653833199
2024-02-01,SG,3,0.7813473645259034
2024-02-01,TH,28,0.8070575208470377
2024-02-01,TW,2,0.9409063845872879
2024-02-01,US,3,0.8997734851307339
2024-02-01,VN,2,0.40544071793556213
2024-02-02,AT,1,0.9435831109682719
2024-02-02,AU,2,0.7572351060807705
2024-02-02,CA,1,0.9445523917675018
2024-02-02,ES,2,0.7974778018891812
2024-02-02,FR,1,0.593281764537096
2024-02-02,GB,1,0.7053586319088936
2024-02-02,ID,3,0.9279962695307202
2024-02-02,IT,1,0.9579703410466512
2024-02-02,JP,3,0.801146220540007
2024-02-02,MO,1,0.9506513923406601
2024-02-02,MY,3,0.6064990806496806
2024-02-02,NZ,1,0.9329667372836007
2024-02-02,PH,34,0.8679818016937757
2024-02-02,SG,3,0.9315032604899623
2024-02-02,TH,22,0.8296209162891363
2024-02-02,UA,1,0.9706025123596191
2024-02-02,US,3,0.8870012578037051
2024-02-02,VN,4,0.6952873233140313
2024-02-03,AE,1,0.671960175037384
2024-02-03,AU,1,0.3375683128833771
2024-02-03,BG,1,0.9020981788635254
2024-02-03,CA,1,0.8966341614723206
2024-02-03,ID,12,0.7975747076398246
2024-02-03,JP,6,0.9432672276679012
2024-02-03,KR,1,0.9351841807365417
2024-02-03,LA,1,0.7643778324127197
2024-02-03,MO,1,0.7107554903874794
2024-02-03,PH,38,0.8434565577047958
2024-02-03,PK,1,0.9380407929420471
2024-02-03,SA,1,0.6847882866859436
2024-02-03,SG,3,0.9009499959647655
2024-02-03,TH,39,0.8785524986527983
2024-02-03,TW,3,0.9336718320846558
2024-02-03,US,5,0.8168300112088522
2024-02-03,VN,1,0.5588310360908508
2024-02-04,AE,1,0.4460852569900453
2024-02-04,AU,2,0.5840585344256117
2024-02-04,CA,2,0.7717820902665457
2024-02-04,GB,1,0.9400966763496399
2024-02-04,HU,1,0.08652491122484207
2024-02-04,ID,7,0.7996908743685784
2024-02-04,JP,5,0.8828979426917309
2024-02-04,KR,2,0.813574181869626
2024-02-04,MY,1,0.8564241528511047
2024-02-04,NL,1,0.8506629586219787
2024-02-04,PH,40,0.8426685484501529
2024-02-04,PL,2,0.9191213175654411
2024-02-04,SG,2,0.9363825056287978
2024-02-04,TH,20,0.7488651891006157
2024-02-04,TW,3,0.8826242933670679
2024-02-04,US,5,0.6283202997098367
2024-02-04,VN,2,0.5108966828556731
2024-02-05,AE,1,0.9456813202963935
2024-02-05,AU,1,0.8952673077583313
2024-02-05,CA,3,0.8291597365448721
2024-02-05,CL,1,0.9439280778169632
2024-02-05,ES,1,0.8682512243588766
2024-02-05,FJ,1,0.9683143297831217
2024-02-05,FR,2,0.9514353374640148
2024-02-05,GB,5,0.8253491371293509
2024-02-05,HK,1,0.7746237516403198
2024-02-05,HU,1,0.1833293130621314
2024-02-05,ID,7,0.8841215554340964
2024-02-05,JP,3,0.872090025608817
2024-02-05,MO,2,0.8035004259397587
2024-02-05,MY,3,0.7707775960365931
2024-02-05,NZ,1,0.8175505995750427
2024-02-05,PH,37,0.8908361393162452
2024-02-05,SG,2,0.74884611973539
2024-02-05,TH,36,0.7592113291140695
2024-02-05,TW,2,0.7964837040441732
2024-02-05,US,4,0.610326036500434
2024-02-05,VN,2,0.5941660692372962
2024-02-05,XK,1,0.6605013608932495
2024-02-05,ZA,1,0.10449618846178055
2024-02-06,AU,2,0.9347682197888693
2024-02-06,BY,1,0.9411932826042175
2024-02-06,CA,1,0.2195422351360321
2024-02-06,CN,1,0.9275906072486014
2024-02-06,FR,1,0.9482590556144714
2024-02-06,ID,6,0.8603384617153566
2024-02-06,JP,4,0.8848536496393775
2024-02-06,KH,1,0.8604068756103516
2024-02-06,KR,1,0.9403730630874634
2024-02-06,MO,1,0.6631988137960434
2024-02-06,MY,2,0.7489369288086891
2024-02-06,NZ,1,0.44541187956929207
2024-02-06,PH,33,0.8041545750597845
2024-02-06,TH,25,0.7997589844384655
2024-02-06,TW,4,0.7797520604104765
2024-02-06,US,6,0.8658412508666515
2024-02-06,VN,2,0.6796811868747075
2024-02-07,AE,1,0.9617959022521972
2024-02-07,BY,1,0.9090688228607178
2024-02-07,CA,2,0.5554074496030807
2024-02-07,DE,1,0.9165812879800797
2024-02-07,ID,6,0.7348597019962554
2024-02-07,JP,4,0.9328042442599932
2024-02-07,MO,3,0.7846299034577829
2024-02-07,PH,21,0.8368604146662145
2024-02-07,QA,1,0.9849979281425476
2024-02-07,SG,3,0.8209377938730276
2024-02-07,TH,18,0.8674731740435475
2024-02-07,TW,1,0.963485836982727
2024-02-07,US,2,0.9330552419026692
2024-02-08,AE,1,0.8365544080734253
2024-02-08,AU,2,0.8809635142485301
2024-02-08,BE,1,0.9784326553344727
2024-02-08,BH,1,0.20781803261488677
2024-02-08,FR,2,0.763321228325367
2024-02-08,ID,4,0.7484705409345528
2024-02-08,MY,1,0.9048416316509247
2024-02-08,NZ,1,0.730055173834165
2024-02-08,PH,14,0.7066613384132874
2024-02-08,SA,1,0.48657633868399364
2024-02-08,SG,1,0.9449353814125061
2024-02-08,TH,23,0.8030296247430142
2024-02-08,TW,1,0.9403585493564606
2024-02-08,US,3,0.9597114512213955
2024-02-08,VN,1,0.48403309285640717
2024-02-09,AU,1,0.6330832839012146
2024-02-09,BE,1,0.9784326553344727
2024-02-09,CA,1,0.5288787186145782
2024-02-09,DE,3,0.7640073349078497
2024-02-09,ID,7,0.8019840770690058
2024-02-09,JP,2,0.7675782686565071
2024-02-09,KH,1,0.898670881986618
2024-02-09,KR,1,0.9279532432556152
2024-02-09,MO,1,0.9464564442634582
2024-02-09,PH,29,0.7162886371534873
2024-02-09,RO,1,0.9345302581787109
2024-02-09,SG,3,0.9238810346151393
2024-02-09,TH,16,0.8478747752347281
2024-02-09,US,3,0.3587320496638616
2024-02-09,VN,2,0.9578641171638782
2024-02-10,AU,1,0.7064305941263834
2024-02-10,ID,8,0.6468574045381198
2024-02-10,JP,1,0.9442141105731329
2024-02-10,PH,28,0.7861385888466506
2024-02-10,SA,1,0.8681181066092991
2024-02-10,SG,1,0.870452038266442
2024-02-10,TH,25,0.8147926882372962
2024-02-10,TW,4,0.9015422945221265
2024-02-10,US,3,0.5218985180060068
2024-02-10,VN,1,0.8534153600533804
2024-02-11,AE,1,0.7006997689604759
2024-02-11,AU,3,0.93816444561595
2024-02-11,BE,1,0.8382290005683899
2024-02-11,CA,1,0.9204817414283752
2024-02-11,DE,1,0.938596248626709
2024-02-11,HK,1,0.845818281173706
2024-02-11,ID,10,0.81135478887707
2024-02-11,JP,8,0.8488998559990987
2024-02-11,KR,1,0.9572742998600006
2024-02-11,MO,1,0.7501672324207094
2024-02-11,MY,1,0.6501669958233833
2024-02-11,NZ,1,0.9293251037597656
2024-02-11,PH,30,0.8320873985664239
2024-02-11,SG,3,0.7083970586458842
2024-02-11,TH,31,0.8149019690476897
2024-02-11,TW,3,0.5900610188643137
2024-02-11,US,8,0.7731597331559492
2024-02-12,AU,1,0.9241608381271362
2024-02-12,BE,1,0.7604101151227951
2024-02-12,ES,2,0.7857782998587937
2024-02-12,GB,1,0.8941928744316101
2024-02-12,ID,6,0.7569480535263816
2024-02-12,JP,4,0.8897038937235872
2024-02-12,KR,2,0.7849442213773727
2024-02-12,KW,1,0.9396325349807739
2024-02-12,MO,2,0.9004924794038136
2024-02-12,NL,2,0.751677118241787
2024-02-12,PH,34,0.7712221093116876
2024-02-12,PL,1,0.9574246472782559
2024-02-12,SE,1,0.9700285494327545
2024-02-12,SG,3,0.9554999842509334
2024-02-12,TH,18,0.8487282623695479
2024-02-12,TW,6,0.6429028793266326
2024-02-12,US,10,0.8455698179985796
2024-02-12,VN,1,0.29105010628700256
2024-02-13,AE,1,0.8507131536801656
2024-02-13,AU,1,0.6199226379394531
2024-02-13,BY,1,0.889306366443634
2024-02-13,CA,3,0.8819423332306497
2024-02-13,ES,1,0.8449079990386963
2024-02-13,GB,1,0.5117242553581794
2024-02-13,ID,7,0.8214290089981785
2024-02-13,IE,1,0.8856294759932686
2024-02-13,IT,1,0.02505338191986084
2024-02-13,JP,1,0.9289351403713226
2024-02-13,KZ,1,0.9518346786499023
2024-02-13,LA,2,0.7925195907553038
2024-02-13,MO,2,0.9277079775929451
2024-02-13,MY,1,0.5722888851804393
2024-02-13,PH,21,0.7393557378546373
2024-02-13,SE,1,0.8912147879600525
2024-02-13,SG,3,0.8560842765702142
2024-02-13,TH,19,0.8366836635873606
2024-02-13,TW,1,0.9369519123664269
2024-02-13,US,9,0.8504232934227696
2024-02-13,VN,2,0.6514260061085224
2024-02-14,AU,1,0.5447352230548859
2024-02-14,BY,1,0.9126268029212952
2024-02-14,CA,1,0.7487426400184631
2024-02-14,CH,1,0.8478963375091553
2024-02-14,ES,1,0.6803174120981834
2024-02-14,ID,7,0.8123798668017091
2024-02-14,JP,4,0.8977619037032127
2024-02-14,KR,2,0.9087822437286377
2024-02-14,MO,2,0.6727136876434088
2024-02-14,PH,17,0.8017212178283128
2024-02-14,SA,1,0.819946825504303
2024-02-14,SG,3,0.8562835443114478
2024-02-14,TH,11,0.762183833391462
2024-02-14,TW,5,0.8619480563274452
2024-02-14,US,3,0.7433320780595144
2024-02-14,VN,3,0.6205993981824981
2024-02-15,BY,2,0.769991525847997
2024-02-15,CA,3,0.9131092776854833
2024-02-15,DE,1,0.9290000200271606
2024-02-15,FR,6,0.955598791440328
2024-02-15,ID,6,0.6060767624941137
2024-02-15,JP,6,0.9281678904616643
2024-02-15,KR,1,0.9107365012168884
2024-02-15,ME,1,0.894460916519165
2024-02-15,MY,1,0.47822451560447615
2024-02-15,NZ,1,0.9049903154373169
2024-02-15,PH,24,0.8705526112225251
2024-02-15,SG,2,0.7734026610851288
2024-02-15,TH,15,0.8249871421704204
2024-02-15,TW,3,0.61626438351555
2024-02-15,US,4,0.7542749345302582
2024-02-15,VN,3,0.6381167808064708
2024-02-16,AU,1,0.9378119707107544
2024-02-16,CA,2,0.7364298775792122
2024-02-16,DE,2,0.7410909458994865
2024-02-16,GB,1,0.8301871617635092
2024-02-16,ID,7,0.7251249385731561
2024-02-16,IE,1,0.5895331829786301
2024-02-16,IT,1,0.29118356108665466
2024-02-16,JP,4,0.8285019816830754
2024-02-16,KR,1,0.9398221543857029
2024-02-16,MV,1,0.8064262643456459
2024-02-16,MY,1,0.9747963547706604
2024-02-16,PH,20,0.8447465240671521
2024-02-16,PR,1,0.956845243771871
2024-02-16,SA,1,0.73524409532547
2024-02-16,SG,3,0.7347246557474136
2024-02-16,TH,18,0.8150176381175795
2024-02-16,TW,1,0.7953687542014651
2024-02-16,US,6,0.8653032845920987
2024-02-16,VN,1,0.9688524752855301
2024-02-17,CA,3,0.892729553911421
2024-02-17,FR,1,0.9303935126022056
2024-02-17,ID,7,0.861321954071241
2024-02-17,JP,8,0.9410271014827184
2024-02-17,KH,1,0.7198487520217896
2024-02-17,MY,2,0.9079012859750677
2024-02-17,PH,22,0.8180194776492177
2024-02-17,SG,6,0.8934229998575414
2024-02-17,TH,14,0.836818831746764
2024-02-17,TW,3,0.7844829272841
2024-02-17,US,8,0.6354240378649492
2024-02-17,VN,6,0.7178562109715041
2024-02-18,AU,1,0.8908120393753052
2024-02-18,BR,1,0.5488578081130981
2024-02-18,CA,2,0.8755422532558441
2024-02-18,DE,1,0.9050496816635132
2024-02-18,ID,7,0.7701896542949337
2024-02-18,JP,7,0.9105100238140215
2024-02-18,KR,1,0.9572265446186066
2024-02-18,KW,1,0.520562082529068
2024-02-18,LK,1,0.8899933099746704
2024-02-18,NL,1,0.8577694892883301
2024-02-18,PH,27,0.8223865685759174
2024-02-18,SA,1,0.8708219528198242
2024-02-18,SG,3,0.6710067142835922
2024-02-18,TH,19,0.7604004808689905
2024-02-18,TR,1,0.4403113340958953
2024-02-18,TW,2,0.3844615990916888
2024-02-18,US,3,0.7204182147979736
2024-02-18,VN,3,0.6667253064612547
2024-02-19,CA,5,0.9026897323131561
2024-02-19,DE,1,0.9715743660926819
2024-02-19,ID,4,0.6644437725578125
2024-02-19,JP,9,0.8886117950050036
2024-02-19,MY,1,0.8536919951438904
2024-02-19,NL,1,0.9617525935173035
2024-02-19,NP,1,0.7265638212362925
2024-02-19,PH,15,0.8001664891046498
2024-02-19,SA,1,0.9517076554752532
2024-02-19,SG,2,0.9599028612886156
2024-02-19,TH,19,0.8877228551891906
2024-02-19,TW,4,0.8003353097165624
2024-02-19,US,6,0.7151802583214115
2024-02-19,VN,3,0.8466665099064509
2024-02-19,XK,1,0.9047966599464417
2024-02-20,AU,2,0.7859047502279282
2024-02-20,BY,1,0.8425161590178808
2024-02-20,CA,2,0.6340041396518548
2024-02-20,CH,1,0.9023345351219177
2024-02-20,DE,1,0.9708054214715958
2024-02-20,FR,1,0.9044581204652786
2024-02-20,GB,1,0.9453544020652771
2024-02-20,ID,11,0.6662825268439271
2024-02-20,JP,3,0.8205231080452601
2024-02-20,KR,1,0.9125669002532959
2024-02-20,MY,2,0.7043609094495575
2024-02-20,NG,1,0.7539559602737427
2024-02-20,NZ,1,0.6040232554078102
2024-02-20,PH,18,0.7756653039671835
2024-02-20,PK,1,0.7602090537548065
2024-02-20,PL,1,0.9373886411388714
2024-02-20,SG,3,0.397265129412214
2024-02-20,TH,16,0.7374341207711647
2024-02-20,TW,5,0.7213532631643235
2024-02-20,US,4,0.6228167056106031
2024-02-20,VN,5,0.8435048872729143
2024-02-21,BY,2,0.7192817069590092
2024-02-21,CA,1,0.5027148723602295
2024-02-21,GB,1,0.9510964850584666
2024-02-21,ID,6,0.7058428424514003
2024-02-21,JP,5,0.9222230764535757
2024-02-21,KR,1,0.9362398300852094
2024-02-21,MY,2,0.5718871702750524
2024-02-21,NL,1,0.965514600276947
2024-02-21,PH,12,0.8216618947312235
2024-02-21,SG,4,0.8188214861891336
2024-02-21,TH,15,0.9061219930727645
2024-02-21,TW,3,0.6993535473528837
2024-02-21,US,5,0.6839947740733623
2024-02-21,VN,1,0.6867750100791454
2024-02-22,AE,1,0.8521963357925415
2024-02-22,AR,1,0.9394263327121735
2024-02-22,BE,1,0.8169445991516113
2024-02-22,CA,3,0.5359051500757536
2024-02-22,CZ,1,0.9560316801071167
2024-02-22,FI,1,0.7938465476036072
2024-02-22,GB,1,0.31260761618614197
2024-02-22,ID,8,0.847475401793268
2024-02-22,JP,2,0.8808683936794599
2024-02-22,KR,1,0.714811310172081
2024-02-22,MV,1,0.5824609696865082
2024-02-22,MY,3,0.9013177206118902
2024-02-22,NL,1,0.8521361723542213
2024-02-22,NP,1,0.8791540265083313
2024-02-22,NZ,1,0.8653099536895752
2024-02-22,PH,19,0.8755684221768897
2024-02-22,RO,1,0.9138439893722534
2024-02-22,SG,2,0.41749315871857107
2024-02-22,TH,23,0.7620707662269638
2024-02-22,TW,5,0.8178069861170878
2024-02-22,US,7,0.9110527841043679
2024-02-22,VN,1,0.6969991773366928
2024-02-23,DE,1,0.473341166973114
2024-02-23,FJ,1,0.852879931529363
2024-02-23,GB,3,0.8519676956865522
2024-02-23,ID,7,0.6305893621068785
2024-02-23,JP,7,0.7197944048578092
2024-02-23,MY,2,0.8740784666604466
2024-02-23,NL,1,0.9522649049758911
2024-02-23,PH,22,0.7815251930689636
2024-02-23,RU,1,0.599207466840744
2024-02-23,SG,2,0.7118722401825445
2024-02-23,TH,18,0.7109186349751545
2024-02-23,TW,3,0.6587741000370847
2024-02-23,UG,1,0.8124419450759888
2024-02-23,US,1,0.9578721523284912
2024-02-23,VN,2,0.8867190778255463
2024-02-24,AE,1,0.5053897798061371
2024-02-24,AR,1,0.9223212599754333
2024-02-24,AU,1,0.6096300296485424
2024-02-24,CA,2,0.8742553111579683
2024-02-24,DE,1,0.7929885685443878
2024-02-24,FR,1,0.16673266887664795
2024-02-24,ID,9,0.8087021162392197
2024-02-24,JP,8,0.7542245271719165
2024-02-24,MY,1,0.9443902611732483
2024-02-24,NP,1,0.8239254951477051
2024-02-24,PH,22,0.8158752852184349
2024-02-24,PT,1,0.8562607169151306
2024-02-24,SG,3,0.8576647781663471
2024-02-24,TH,20,0.834262654122902
2024-02-24,TW,1,0.9254452486832937
2024-02-24,US,8,0.8258039367541393
2024-02-24,VN,1,0.21510042250156403
2024-02-25,AU,2,0.6162340193986893
2024-02-25,DE,1,0.8643056452274323
2024-02-25,GB,3,0.569497212767601
2024-02-25,HK,1,0.7342528104782104
2024-02-25,ID,7,0.829790249165325
2024-02-25,JP,8,0.7496317702591315
2024-02-25,KR,2,0.7806443526513047
2024-02-25,MO,1,0.6107462492904493
2024-02-25,MY,3,0.6345133470992247
2024-02-25,NP,1,0.20650444831699133
2024-02-25,PH,26,0.8965773970366289
2024-02-25,PL,1,0.9738890131314596
2024-02-25,SG,3,0.8768942167361576
2024-02-25,TH,23,0.8186274339206332
2024-02-25,TW,7,0.7778300948027107
2024-02-25,US,8,0.776753272364537
2024-02-25,VN,1,0.47997038066387177
2024-02-26,AU,2,0.7144050300121307
2024-02-26,BE,2,0.9299119006503712
2024-02-26,CN,1,0.7717234194278717
2024-02-26,CZ,1,0.7785388976335526
2024-02-26,DE,1,0.8747238516807556
2024-02-26,GB,1,0.06999988108873367
2024-02-26,ID,10,0.6831328337914706
2024-02-26,JP,4,0.823311420985394
2024-02-26,KH,1,0.7982998490333557
2024-02-26,KR,1,0.6443958282470703
2024-02-26,MO,1,0.965735673904419
2024-02-26,NP,1,0.9656110405921936
2024-02-26,PH,13,0.8655651384501568
2024-02-26,SG,1,0.4749656990170479
2024-02-26,TH,22,0.8531941801197805
2024-02-26,TW,1,0.7113973796367645
2024-02-26,US,1,0.8162141442298889
2024-02-26,VN,1,0.6203727247193456
2024-02-27,AR,3,0.7681460008025169
2024-02-27,AU,3,0.6273346344629923
2024-02-27,CA,1,0.8239877223968506
2024-02-27,CH,1,0.9577530026435852
2024-02-27,DE,1,0.8128888458013535
2024-02-27,GB,2,0.8912299791617053
2024-02-27,GE,1,0.9446152448654175
2024-02-27,ID,8,0.667731494562597
2024-02-27,JP,7,0.8297355328591502
2024-02-27,KH,1,0.7896655201911926
2024-02-27,KR,1,0.6050599813461304
2024-02-27,MV,1,0.6382820936185973
2024-02-27,MX,1,0.7024714034050703
2024-02-27,MY,4,0.8240440492878579
2024-02-27,NP,2,0.7202018573880196
2024-02-27,NZ,1,0.8727531731128693
2024-02-27,PH,28,0.7642627150904623
2024-02-27,SG,2,0.8229964226484299
2024-02-27,TH,27,0.8284340903632615
2024-02-27,TW,8,0.7242113604531953
2024-02-27,US,9,0.8032162637415905
2024-02-27,VN,1,0.03718158230185509
2024-02-28,AE,3,0.786173147390838
2024-02-28,BY,1,0.19052939116954803
2024-02-28,CA,1,0.7572972348758152
2024-02-28,CN,2,0.34443767862394453
2024-02-28,GB,1,0.6852791765704751
2024-02-28,ID,8,0.7476091011331822
2024-02-28,JP,6,0.7723226068748369
2024-02-28,KR,1,0.9052518010139465
2024-02-28,MY,3,0.6250945479860381
2024-02-28,NL,1,0.891944408416748
2024-02-28,NP,1,0.8695708513259888
2024-02-28,PH,26,0.8480483253973543
2024-02-28,PL,1,0.9578926265239716
2024-02-28,SG,4,0.8034540089411717
2024-02-28,TH,22,0.7624039616197895
2024-02-28,TW,5,0.5393003871043522
2024-02-28,US,3,0.8162828468614155
2024-02-28,VN,6,0.7580321768919628
2024-02-29,AE,1,0.9179029961427053
2024-02-29,BY,1,0.850827544927597
2024-02-29,CA,2,0.9517332017421722
2024-02-29,GB,1,0.9137699604034424
2024-02-29,ID,3,0.7537502182854546
2024-02-29,JP,6,0.842902933170094
2024-02-29,KR,1,0.9339556097984314
2024-02-29,LV,1,0.5738478327790896
2024-02-29,MY,4,0.8939205035567284
2024-02-29,PH,30,0.8153121998279054
2024-02-29,PK,1,0.9664942026138306
2024-02-29,SA,1,0.7615941415230433
2024-02-29,SG,3,0.7890239129463832
2024-02-29,TH,23,0.8025422195268078
2024-02-29,TW,3,0.6356354853700078
2024-02-29,US,3,0.7905890892540652
2024-02-29,VN,2,0.833638072013855
2024-03-01,AE,3,0.9278976519902548
2024-03-01,AU,3,0.6807465412550503
2024-03-01,DE,1,0.4719075858592987
2024-03-01,GB,1,0.747981538197824
2024-03-01,ID,11,0.6680994428456298
2024-03-01,IT,1,0.7312532489498457
2024-03-01,JP,6,0.804031393594212
2024-03-01,MO,1,0.6773263216018677
2024-03-01,MY,2,0.9446154236793518
2024-03-01,PH,19,0.8002261621120589
2024-03-01,SG,4,0.8302266898254553
2024-03-01,TH,17,0.7523901601022405
2024-03-01,TW,7,0.8527030492822328
2024-03-01,UG,1,0.6999321381251017
2024-03-01,US,11,0.817229393664828
2024-03-01,VN,7,0.772054265392205
2024-03-02,AE,2,0.843462809920311
2024-03-02,AU,1,0.9495929777622223
2024-03-02,GB,4,0.514140659810177
2024-03-02,ID,9,0.7660800910152403
2024-03-02,JP,5,0.8559536115798567
2024-03-02,KR,1,0.9306332319974899
2024-03-02,MY,3,0.7800527339751916
2024-03-02,NZ,1,0.8118714094161987
2024-03-02,PH,15,0.7871596653511126
2024-03-02,QA,1,0.9234707696097237
2024-03-02,SG,7,0.6297419357512678
2024-03-02,TH,20,0.7782724837160536
2024-03-02,TW,3,0.9656190822521845
2024-03-02,US,4,0.8588843949893046
2024-03-02,VN,3,0.6284013175302081
2024-03-03,AE,3,0.7165221646428108
2024-03-03,AU,3,0.8562503357728323
2024-03-03,CA,3,0.8075566989680132
2024-03-03,ES,1,0.5736276209354401
2024-03-03,GB,1,0.9672240555286408
2024-03-03,HR,1,0.9316853710583278
2024-03-03,ID,17,0.7098560744726673
2024-03-03,IT,1,0.9236347675323486
2024-03-03,JP,6,0.8855104599762758
2024-03-03,KR,1,0.9261655867099762
2024-03-03,MO,1,0.6560217528603971
2024-03-03,MY,1,0.9220470786094666
2024-03-03,PH,27,0.8654750393724385
2024-03-03,PK,1,0.05205487832427025
2024-03-03,SG,3,0.9133905856697648
2024-03-03,TH,32,0.7589308096557208
2024-03-03,TW,4,0.8871538877331963
2024-03-03,US,5,0.7910016222577803
2024-03-03,VN,1,0.7058573365211487
2024-03-04,AU,4,0.7768668572211431
2024-03-04,CA,1,0.7790528858701388
2024-03-04,CN,1,0.9676654934883118
2024-03-04,FI,2,0.8335327115654945
2024-03-04,GB,3,0.8747974162300428
2024-03-04,ID,5,0.8962096982532077
2024-03-04,JP,6,0.8381412033307015
2024-03-04,KR,3,0.6294150865740246
2024-03-04,MO,1,0.9232376217842102
2024-03-04,MY,1,0.4669289675851663
2024-03-04,NP,1,0.882863000035286
2024-03-04,PH,21,0.7215536113939481
2024-03-04,QA,1,0.7018124278013905
2024-03-04,SG,1,0.7894838452339172
2024-03-04,TH,31,0.7919680664768207
2024-03-04,TW,4,0.6865660552866757
2024-03-04,US,1,0.6413009315729141
2024-03-04,VN,2,0.75167073480164
2024-03-05,AU,5,0.8110079725459218
2024-03-05,BY,1,0.9113985101381937
2024-03-05,CA,1,0.552482582628727
2024-03-05,CH,1,0.9750841140747071
2024-03-05,DE,1,0.9246717890103658
2024-03-05,ID,9,0.7714627628180164
2024-03-05,IT,1,0.8115781928811755
2024-03-05,JP,12,0.8376589914164659
2024-03-05,KE,1,0.9256117343902588
2024-03-05,KR,1,0.6903090079625448
2024-03-05,MX,1,0.7455426901578903
2024-03-05,MY,2,0.7860757658878963
2024-03-05,NZ,1,0.7995990574359894
2024-03-05,PH,20,0.8232665778558133
2024-03-05,QA,1,0.9607585271199545
2024-03-05,SG,2,0.28887120028957725
2024-03-05,TH,39,0.741734220822352
2024-03-05,US,5,0.7123009571376301
2024-03-05,VN,3,0.8842051679889361
2024-03-06,AU,4,0.8972259345286144
2024-03-06,GB,2,0.7992770150303841
2024-03-06,ID,5,0.8270016670016327
2024-03-06,JP,9,0.9024186361535096
2024-03-06,MO,1,0.735729992389679
2024-03-06,MY,1,0.9536531319220861
2024-03-06,PH,24,0.8867832412019929
2024-03-06,QA,1,0.8269238919019699
2024-03-06,SG,6,0.8539858394563593
2024-03-06,TH,49,0.8078319659753531
2024-03-06,TW,1,0.5619422817188833
2024-03-06,US,2,0.8320687326292198
2024-03-06,VN,2,0.7322923534860213
2024-03-07,AE,2,0.9670403500397999
2024-03-07,AU,3,0.9018036866383183
2024-03-07,CA,3,0.6082225973821349
2024-03-07,ID,8,0.8058312180496398
2024-03-07,JP,15,0.9421613096659581
2024-03-07,KH,2,0.8239990482106805
2024-03-07,KR,1,0.9429051876068115
2024-03-07,MO,1,0.23809737712144852
2024-03-07,PH,17,0.7891233049697765
2024-03-07,SG,1,0.6592801362276077
2024-03-07,TH,32,0.7831113873500273
2024-03-07,TW,3,0.9187306848288787
2024-03-07,US,2,0.9203324897214771
2024-03-07,VN,3,0.6902752853102155
2024-03-08,AE,2,0.8713082149624825
2024-03-08,AU,2,0.3724213927052915
2024-03-08,CA,1,0.9221066236495972
2024-03-08,GB,1,0.9699379205703735
2024-03-08,ID,11,0.7829363697529655
2024-03-08,IT,1,0.9521390795707703
2024-03-08,JP,4,0.9312583696383696
2024-03-08,KR,1,0.8070732863146871
2024-03-08,MY,3,0.5997808759499873
2024-03-08,NL,1,0.8798733403285345
2024-03-08,PH,27,0.8277344843010932
2024-03-08,SG,5,0.752591579593718
2024-03-08,TH,31,0.808633323750706
2024-03-08,TW,2,0.9049200676381588
2024-03-08,US,5,0.8318113136291505
2024-03-08,VN,2,0.6244023569992609
2024-03-09,AE,1,0.49783167243003845
2024-03-09,AU,1,0.9347470700740814
2024-03-09,CA,1,0.805300772190094
2024-03-09,CN,1,0.01354745402932167
2024-03-09,FR,2,0.8499331116676331
2024-03-09,GB,3,0.9240032775534525
2024-03-09,ID,8,0.7846389745439714
2024-03-09,JP,12,0.9072405316249189
2024-03-09,LA,1,0.02816518023610115
2024-03-09,MO,2,0.4089733511209488
2024-03-09,MY,2,0.8546823644659658
2024-03-09,PH,25,0.8451024711255241
2024-03-09,SG,5,0.8726278747130622
2024-03-09,TH,28,0.8063710206252104
2024-03-09,TW,7,0.8041759387604773
2024-03-09,US,5,0.726087811920378
2024-03-09,VN,3,0.8626817011584839
2024-03-10,AE,1,0.852772057056427
2024-03-10,AU,1,0.7164638787508011
2024-03-10,BR,1,0.6696975231170654
2024-03-10,CA,4,0.7492810807501276
2024-03-10,DE,1,0.98286372423172
2024-03-10,GB,4,0.7803905443288386
2024-03-10,ID,8,0.7103326432192977
2024-03-10,IN,1,0.9409120082855225
2024-03-10,JP,5,0.8716361191537645
2024-03-10,KR,2,0.8844004513695836
2024-03-10,MY,4,0.8300760744304398
2024-03-10,PH,29,0.7880418187991899
2024-03-10,SG,9,0.8212722438950966
2024-03-10,TH,36,0.7381457492256208
2024-03-10,TW,1,0.9549081325531006
2024-03-10,US,3,0.8426873141474891
2024-03-10,VN,4,0.5533982800379762
2024-03-11,AE,2,0.8752706249554951
2024-03-11,AU,5,0.9214200158913931
2024-03-11,CA,4,0.8355596596375108
2024-03-11,GB,3,0.9391003648440043
2024-03-11,ID,9,0.7721406489711016
2024-03-11,JP,2,0.5243971871123427
2024-03-11,MY,1,0.6412769109010696
2024-03-11,NP,1,0.6647039633244276
2024-03-11,PH,22,0.7822313246820497
2024-03-11,SG,6,0.9087059741670435
2024-03-11,TH,37,0.750895804440557
2024-03-11,TW,5,0.9265517656242146
2024-03-11,US,7,0.5663544092062719
2024-03-11,VN,2,0.8540049378286327
2024-03-12,AR,1,0.8633679002523422
2024-03-12,AU,3,0.5925923831630171
2024-03-12,CA,3,0.5484689135725299
2024-03-12,DE,1,0.8687371015548706
2024-03-12,ES,1,0.8822718262672424
2024-03-12,FR,1,0.7188720910706454
2024-03-12,GB,3,0.6598297307888666
2024-03-12,ID,13,0.6710619696921991
2024-03-12,JP,6,0.7708379624721905
2024-03-12,KR,1,0.7924506763617197
2024-03-12,NZ,2,0.6708567078979242
2024-03-12,PH,36,0.8288142103054216
2024-03-12,SG,6,0.729868818243729
2024-03-12,TH,31,0.8395850290087289
2024-03-12,TW,3,0.9433095322714912
2024-03-12,US,9,0.8574224171739837
2024-03-12,VN,2,0.7728637754917145
2024-03-13,AE,1,0.9511624276638031
2024-03-13,AU,3,0.7214109546608395
2024-03-13,CA,1,0.8157495200634003
2024-03-13,ES,1,0.5763404555618763
2024-03-13,FR,1,0.9748466610908508
2024-03-13,GB,3,0.9190945771005419
2024-03-13,ID,11,0.6528625801168005
2024-03-13,JP,6,0.8343427870928505
2024-03-13,KR,2,0.9491041722121063
2024-03-13,LA,1,0.9675629734992981
2024-03-13,MY,4,0.6288461331924837
2024-03-13,NL,2,0.8384178359710583
2024-03-13,NZ,1,0.7771886388460795
2024-03-13,PH,23,0.788977428714989
2024-03-13,SG,1,0.9422443509101868
2024-03-13,SK,1,0.6493481993675232
2024-03-13,TH,45,0.7949588675256987
2024-03-13,TW,2,0.93545001745224
2024-03-13,US,7,0.7588934452925511
2024-03-13,VN,3,0.8383467594782511
2024-03-14,AE,1,0.649960920214653
2024-03-14,AU,3,0.6545243163903555
2024-03-14,CA,3,0.7545236427060984
2024-03-14,CN,1,0.8864440321922302
2024-03-14,EG,1,0.836968719959259
2024-03-14,GB,9,0.766663576501571
2024-03-14,ID,8,0.7289323833726701
2024-03-14,JP,5,0.8298931693037351
2024-03-14,KR,1,0.9414300521214803
2024-03-14,LA,1,0.8350225389003754
2024-03-14,MO,1,0.9399805239268711
2024-03-14,MY,7,0.7410420064767643
2024-03-14,NL,1,0.8782564997673035
2024-03-14,NZ,1,0.5423593024412791
2024-03-14,PH,21,0.8359562581765141
2024-03-14,QA,2,0.8334147723560983
2024-03-14,SG,7,0.8349311110792142
2024-03-14,TH,33,0.8072773581915047
2024-03-14,TW,2,0.8589505683630705
2024-03-14,US,2,0.8314213752746582
2024-03-14,VN,6,0.8625491375409107
2024-03-15,AU,1,0.9634108692407608
2024-03-15,CN,2,0.8775581419467926
2024-03-15,ES,1,0.7019640604654948
2024-03-15,FR,1,0.8833149237185717
2024-03-15,GB,3,0.7353075866897901
2024-03-15,ID,9,0.8572265146468832
2024-03-15,JP,3,0.9279775852590432
2024-03-15,KH,1,0.9716853499412537
2024-03-15,KR,1,0.9266088102993212
2024-03-15,MM,1,0.9043442217203287
2024-03-15,MY,2,0.7597615737468004
2024-03-15,NL,1,0.8092798193295796
2024-03-15,PH,26,0.7242453624632751
2024-03-15,PR,1,0.7915236473083497
2024-03-15,SG,3,0.9158761791057057
2024-03-15,TH,55,0.8378695860257586
2024-03-15,TW,3,0.8786157303386264
2024-03-15,US,9,0.7194098294505643
2024-03-15,VN,4,0.7778701837071114
2024-03-16,AE,1,0.872584342956543
2024-03-16,AU,4,0.8800423970135549
2024-03-16,ID,7,0.8468596541455814
2024-03-16,JP,6,0.9140740733142151
2024-03-16,KR,3,0.6919174502293268
2024-03-16,LA,1,0.8912453750769298
2024-03-16,MY,5,0.5798485703547211
2024-03-16,PH,34,0.7885751598396424
2024-03-16,SA,1,0.8925852618719402
2024-03-16,SG,1,0.9655399755998091
2024-03-16,TH,38,0.7899164794218309
2024-03-16,TW,6,0.705703137235509
2024-03-16,US,6,0.8251423834798434
2024-03-16,VN,3,0.7808871815601984
2024-03-17,AE,1,0.9035024202682755
2024-03-17,AU,1,0.7671149922741785
2024-03-17,BY,1,0.7367702759802341
2024-03-17,ES,1,0.908915102481842
2024-03-17,FR,2,0.9045928120613098
2024-03-17,GB,3,0.8442833423614502
2024-03-17,ID,7,0.7491708715856519
2024-03-17,JP,6,0.8488622142695913
2024-03-17,KR,2,0.7607249800391771
2024-03-17,MA,1,0.9022950927416483
2024-03-17,MO,1,0.8510155081748962
2024-03-17,MY,2,0.9693698137998581
2024-03-17,NP,1,0.980932354927063
2024-03-17,PH,30,0.8316016589959581
2024-03-17,PW,1,0.9395885510104043
2024-03-17,QA,2,0.95529146194458
2024-03-17,SG,5,0.7683732755962345
2024-03-17,TH,50,0.7292612229032729
2024-03-17,TW,7,0.8518450464521136
2024-03-17,US,4,0.9406084036454558
2024-03-17,VN,3,0.7739846462176905
2024-03-18,AU,1,0.7760564077783515
2024-03-18,CA,2,0.8269490003585815
2024-03-18,CO,1,0.9284957349300385
2024-03-18,GB,2,0.5711177537450567
2024-03-18,ID,2,0.5017477869987488
2024-03-18,IL,1,0.690912127494812
2024-03-18,JP,6,0.8661005056646625
2024-03-18,KR,1,0.9257455915212631
2024-03-18,MO,1,0.17625033358732858
2024-03-18,MX,2,0.9528340995311737
2024-03-18,MY,2,0.6800161540312202
2024-03-18,NL,1,0.9249131381511688
2024-03-18,NP,1,0.8084035217761993
2024-03-18,PH,21,0.6973264165104945
2024-03-18,SG,5,0.6889505568717917
2024-03-18,TH,43,0.7853049061411662
2024-03-18,TW,6,0.8179318275923531
2024-03-18,US,2,0.6516742572188378
2024-03-19,AR,1,0.9222929775714874
2024-03-19,AU,1,0.9810304045677185
2024-03-19,BE,1,0.5707263031767474
2024-03-19,CA,1,0.6000754833221436
2024-03-19,CH,1,0.8822579085826874
2024-03-19,CN,1,0.9632372856140137
2024-03-19,CO,1,0.9106955515841643
2024-03-19,DE,1,0.9479348063468933
2024-03-19,FR,1,0.9501110911369324
2024-03-19,GB,2,0.6687120596567789
2024-03-19,ID,10,0.875676126224654
2024-03-19,JP,5,0.736006316116878
2024-03-19,MY,4,0.8789820577949286
2024-03-19,NL,1,0.9110309405932351
2024-03-19,NP,3,0.868266194437941
2024-03-19,PH,28,0.8236992963451476
2024-03-19,SG,8,0.9348489736458139
2024-03-19,TH,47,0.7959317769281986
2024-03-19,TW,4,0.9074479918631296
2024-03-19,US,7,0.8997546123961608
2024-03-19,VN,3,0.7603512903054556
2024-03-20,AE,2,0.7177359350025654
2024-03-20,AU,1,0.6787548538607856
2024-03-20,BE,1,0.8125607073307037
2024-03-20,BH,2,0.968891883234838
2024-03-20,CA,2,0.9617798328399658
2024-03-20,ES,2,0.6068899084736283
2024-03-20,FR,3,0.7197193172614375
2024-03-20,GB,2,0.3595890335738659
2024-03-20,ID,7,0.7549835680141336
2024-03-20,IE,1,0.9433432113040577
2024-03-20,JP,5,0.9306708429966655
2024-03-20,KH,1,0.6767231225967407
2024-03-20,KR,1,0.8890290326542325
2024-03-20,MO,1,0.8590841217308628
2024-03-20,MY,1,0.501190980275472
2024-03-20,NL,1,0.8263086080551147
2024-03-20,PH,23,0.7639194228147702
2024-03-20,QA,1,0.8006953299045563
2024-03-20,SG,4,0.7859283020937597
2024-03-20,TH,32,0.8027950958421016
2024-03-20,TW,3,0.8784826238939422
2024-03-20,US,4,0.9126242259073825
2024-03-20,VN,5,0.7112993819656827
2024-03-21,ID,10,0.6691859780079212
2024-03-21,IE,1,0.9015641212463379
2024-03-21,JP,6,0.9013253883355193
2024-03-21,MO,1,0.5198574066162109
2024-03-21,MX,1,0.61911740899086
2024-03-21,MY,1,0.7116461992263794
2024-03-21,NL,1,0.9427635073661804
2024-03-21,NZ,1,0.7118330895900726
2024-03-21,PH,33,0.8279886789344586
2024-03-21,SG,5,0.864688684027642
2024-03-21,TH,36,0.773833285193671
2024-03-21,TW,5,0.893079446728031
2024-03-21,US,3,0.21133202163591272
2024-03-21,VN,7,0.7727516642816009
2024-03-22,AE,1,0.8945435053772397
2024-03-22,BY,1,0.9295923709869385
2024-03-22,CA,1,0.9466058373451233
2024-03-22,CL,1,0.957125186920166
2024-03-22,CN,1,0.9327110946178436
2024-03-22,FR,1,0.8860986232757568
2024-03-22,GB,3,0.6644445961962143
2024-03-22,ID,5,0.9235662654042244
2024-03-22,JP,2,0.903799849251906
2024-03-22,KR,2,0.7723936995413776
2024-03-22,MO,1,0.9334873110055923
2024-03-22,MY,2,0.7036625711868207
2024-03-22,NL,1,0.8645236492156982
2024-03-22,NZ,1,0.8845611214637756
2024-03-22,PH,32,0.8326618939839203
2024-03-22,SG,7,0.857141722997677
2024-03-22,TH,32,0.7785077295714246
2024-03-22,TW,8,0.7949701700991552
2024-03-22,US,3,0.6507010215686427
2024-03-22,VN,4,0.9049280534187952
2024-03-23,AU,2,0.8174810096621513
2024-03-23,CN,1,0.9604647755622864
2024-03-23,FR,1,0.7733627534829653
2024-03-23,GB,1,0.9342390871047973
2024-03-23,ID,8,0.8809028127475798
2024-03-23,JP,5,0.853623061198076
2024-03-23,KH,1,0.890675961971283
2024-03-23,KW,2,0.9147933423519135
2024-03-23,LA,1,0.19429901242256165
2024-03-23,MY,2,0.4787649217178114
2024-03-23,PH,33,0.8938202037228692
2024-03-23,SC,1,0.3666609637439251
2024-03-23,SG,7,0.7352403029024416
2024-03-23,TH,33,0.8249003408108335
2024-03-23,TW,7,0.8097194726859767
2024-03-23,US,3,0.9433468028351113
2024-03-23,VN,3,0.5818127156658606
2024-03-24,AE,2,0.847435712814331
2024-03-24,AT,1,0.9588174819946289
2024-03-24,CA,5,0.9268657550215721
2024-03-24,EG,2,0.9360357969999313
2024-03-24,FR,2,0.5480107925832272
2024-03-24,ID,6,0.9269729368595613
2024-03-24,JP,4,0.7927938394714147
2024-03-24,KH,2,0.7924187853932381
2024-03-24,KR,1,0.8758571743965149
2024-03-24,MO,1,0.5674006314948201
2024-03-24,MY,3,0.8173217547377423
2024-03-24,NL,1,0.8519974648952484
2024-03-24,PH,28,0.7917699419915157
2024-03-24,SG,8,0.7689396255714728
2024-03-24,TH,48,0.798968549844942
2024-03-24,TW,3,0.7577806169788043
2024-03-24,US,6,0.7858296260237694
2024-03-24,VN,2,0.6057899494965872
2024-03-25,AE,1,0.9579262550060565
2024-03-25,AU,1,0.9171366393566132
2024-03-25,CA,1,0.9395215809345245
2024-03-25,ID,3,0.8225737894109141
2024-03-25,JP,6,0.9268391781043462
2024-03-25,KR,2,0.7919609110664438
2024-03-25,KY,1,0.9415310323238373
2024-03-25,MO,2,0.953138206154108
2024-03-25,MY,2,0.7679371269488776
2024-03-25,PH,14,0.8520088888711113
2024-03-25,QA,1,0.7886956632137299
2024-03-25,SA,1,0.9643075227737427
2024-03-25,SG,7,0.8502044279210187
2024-03-25,TH,38,0.8222780943760274
2024-03-25,TW,9,0.7426479433513717
2024-03-25,US,5,0.8509103398999095
2024-03-25,VN,4,0.7690503349527716
2024-03-26,AE,1,0.9746779799461365
2024-03-26,AU,3,0.9533135195573171
2024-03-26,BE,1,0.913376197218895
2024-03-26,BH,1,0.881132960319519
2024-03-26,CH,2,0.5077849105000496
2024-03-26,CN,2,0.5856861633559068
2024-03-26,FR,3,0.8368649180564617
2024-03-26,GB,2,0.7083236727390496
2024-03-26,ID,7,0.8076601795328199
2024-03-26,JP,9,0.9153051292730703
2024-03-26,KR,3,0.6982011946539085
2024-03-26,MO,2,0.8271276312214988
2024-03-26,NL,1,0.8203806761238309
2024-03-26,NZ,1,0.7546350724995137
2024-03-26,PH,29,0.8399809174247896
2024-03-26,SG,2,0.727527857113343
2024-03-26,TH,34,0.8798259620078361
2024-03-26,TW,12,0.8130086768629822
2024-03-26,US,7,0.5684597830941247
2024-03-26,VN,1,0.9415389001369476
2024-03-27,AE,1,0.872222528634248
2024-03-27,AU,1,0.9644756317138672
2024-03-27,DE,1,0.5704749077558517
2024-03-27,FR,1,0.854776939909373
2024-03-27,GB,4,0.8344265912969907
2024-03-27,ID,4,0.8816560532986408
2024-03-27,IT,1,0.04160408116877079
2024-03-27,JP,7,0.7994193480172683
2024-03-27,KH,1,0.9746236205101013
2024-03-27,KR,1,0.6440273523330688
2024-03-27,LA,1,0.9752412232068869
2024-03-27,MO,1,0.91129070520401
2024-03-27,MX,1,0.03206215798854828
2024-03-27,MY,1,0.8270599842071533
2024-03-27,PH,20,0.8082727903225507
2024-03-27,SG,4,0.9108583107590675
2024-03-27,TH,46,0.8594759370367158
2024-03-27,TW,1,0.9302355013787746
2024-03-27,US,6,0.8899742378486715
2024-03-27,VN,2,0.9111975424083663
2024-03-28,AE,1,0.8759409175032661
2024-03-28,AU,2,0.9375180999437969
2024-03-28,CA,2,0.7801882260845918
2024-03-28,CL,1,0.968852162361145
2024-03-28,FR,1,0.8205238708427974
2024-03-28,GB,1,0.891356636725721
2024-03-28,ID,10,0.8340478652690038
2024-03-28,JP,2,0.8765795196999202
2024-03-28,KH,1,0.7797707915306091
2024-03-28,KR,2,0.9104280024766922
2024-03-28,LA,1,0.8333768248558044
2024-03-28,PH,20,0.8838951239004983
2024-03-28,SA,1,0.972082257270813
2024-03-28,SG,3,0.8991447825635236
2024-03-28,TH,32,0.7870698792993102
2024-03-28,TW,4,0.8663974553346634
2024-03-28,US,11,0.8758166564764888
2024-03-28,VN,2,0.8850320875644684
2024-03-29,AE,1,0.9035336315631867
2024-03-29,AU,2,0.9228319932113994
2024-03-29,FR,2,0.8496690804050082
2024-03-29,GR,1,0.9552090167999268
2024-03-29,ID,11,0.8797184706222357
2024-03-29,JP,5,0.8755142878741026
2024-03-29,MO,2,0.9577829986810684
2024-03-29,MY,1,0.9670142531394958
2024-03-29,PH,35,0.8822805209894418
2024-03-29,PL,1,0.7194002171357473
2024-03-29,QA,1,0.8861045089584809
2024-03-29,SG,5,0.6830932233853516
2024-03-29,TH,21,0.677514688717048
2024-03-29,TW,3,0.5674576215032073
2024-03-29,UA,1,0.8214322328567505
2024-03-29,US,13,0.8338618195139281
2024-03-29,VN,3,0.4233475571860456
2024-03-30,AU,2,0.8019533306360245
2024-03-30,BY,1,0.9727169871330261
2024-03-30,CN,1,0.5597834587097168
2024-03-30,DK,1,0.9290860742330551
2024-03-30,DO,1,0.6099706416328748
2024-03-30,GB,1,0.9456479847431183
2024-03-30,ID,5,0.8112796237071356
2024-03-30,JP,9,0.8195256783602156
2024-03-30,MM,2,0.9648481905460358
2024-03-30,MO,1,0.7225123643875122
2024-03-30,MX,1,0.7036606669425964
2024-03-30,MY,2,0.6421548682575424
2024-03-30,NL,1,0.8792420029640198
2024-03-30,NZ,1,0.8277327120304108
2024-03-30,PH,28,0.8049766272167375
2024-03-30,SA,1,0.9596819877624512
2024-03-30,SG,1,0.9589187502861023
2024-03-30,TH,20,0.8348621781253153
2024-03-30,TW,5,0.8436455208394262
2024-03-30,US,7,0.8860074114231836
2024-03-30,VN,4,0.7311381607183388
2024-03-31,AE,1,0.9577480256557465
2024-03-31,AU,1,0.9593666791915894
2024-03-31,FR,1,0.7334493902822335
2024-03-31,ID,2,0.7943496555089951
2024-03-31,JP,4,0.8171999926368395
2024-03-31,KR,2,0.45078558536867297
2024-03-31,MM,1,0.91734435595572
2024-03-31,MO,1,0.5783111780881882
2024-03-31,MY,2,0.5808172126611073
2024-03-31,PH,37,0.8298846059262642
2024-03-31,SG,1,0.849126505975922
2024-03-31,TH,20,0.7202476286521506
2024-03-31,TW,5,0.8442463959318897
2024-03-31,US,4,0.912605220451951
2024-03-31,VN,6,0.6552665415382575
2024-03-31,ZA,1,0.8780319094657898
2024-04-01,CA,1,0.7873201568921407
2024-04-01,FR,2,0.7966615896775491
2024-04-01,GB,2,0.8160258847124436
2024-04-01,ID,13,0.8226990144578724
2024-04-01,IT,1,0.8988407254219055
2024-04-01,JP,6,0.8750282464075892
2024-04-01,KR,2,0.2661698643739025
2024-04-01,LA,1,0.12836246192455292
2024-04-01,MO,2,0.8409847343961399
2024-04-01,NZ,1,0.4579492922251423
2024-04-01,PH,14,0.8374006899067384
2024-04-01,SG,3,0.8707717593739588
2024-04-01,TH,25,0.8771445683954886
2024-04-01,TW,6,0.7826233455356024
2024-04-01,US,5,0.7543192586302757
2024-04-01,VN,3,0.7743771756306673
2024-04-02,AE,2,0.9129722493035453
2024-04-02,AU,1,0.767236989736557
2024-04-02,BR,1,0.9511632720629374
2024-04-02,DE,1,0.5647149085998535
2024-04-02,FR,1,0.7828448123402065
2024-04-02,GB,1,0.910191148519516
2024-04-02,ID,9,0.8150534296798564
2024-04-02,JP,6,0.8299554275894406
2024-04-02,KR,1,0.4342813938856125
2024-04-02,MM,1,0.6589003453652064
2024-04-02,MY,1,0.8861545920372009
2024-04-02,PH,23,0.8693263052939568
2024-04-02,SG,1,0.4935707673430443
2024-04-02,TH,12,0.8239541849904946
2024-04-02,TW,5,0.8853437424410091
2024-04-02,US,5,0.6557763603826363
2024-04-02,VN,4,0.3046554676257074
2024-04-02,ZA,1,0.8681598319034828
2024-04-03,AT,1,0.7094580398665534
2024-04-03,AU,2,0.7293030773289502
2024-04-03,BR,1,0.9057943820953369
2024-04-03,FR,2,0.9192030802369118
2024-04-03,ID,7,0.6458210847368362
2024-04-03,IT,1,0.2694521639496088
2024-04-03,JP,4,0.8069420926444258
2024-04-03,MM,1,0.9546236395835876
2024-04-03,MO,1,0.9106695279479027
2024-04-03,MY,1,0.10541640222072601
2024-04-03,NL,1,0.9201770126819611
2024-04-03,NP,1,0.9451547662417094
2024-04-03,PH,20,0.8559237195608066
2024-04-03,SC,1,0.6716689169406891
2024-04-03,SG,5,0.8169915574159887
2024-04-03,TH,9,0.7938540928341724
2024-04-03,TW,2,0.8208881318569183
2024-04-03,US,6,0.7597389152268993
2024-04-03,VN,5,0.7498414314035167
2024-04-04,AE,1,0.050778578966856
2024-04-04,DE,1,0.9231172750393549
2024-04-04,GB,1,0.017771046608686447
2024-04-04,PH,1,0.7779407501220703
2024-04-04,TH,1,0.7541482888516926
2024-04-04,US,2,0.585089170010011
2024-04-04,VN,1,0.8212354334337371
2024-04-05,ID,1,0.8680858910083771
2024-04-05,SC,1,0.773731529712677
2024-04-05,TW,1,0.7283866788659777
2024-04-06,AE,1,0.2338234931230545
2024-04-06,TH,1,0.9524693489074707
2024-04-06,TW,1,0.8050409561166396
2024-04-06,US,1,0.8813817501068115
2024-04-07,CA,1,0.7540573104470968
2024-04-07,JP,1,0.31907154712826014
2024-04-07,TH,3,0.9202795763100896
2024-04-07,TW,1,0.9597448175368102
2024-04-07,VN,2,0.7606615893542766
2024-04-08,JP,1,0.94855797290802
2024-04-08,PH,1,0.9559749364852905
2024-04-08,SG,1,0.5705074667930603
2024-04-08,TH,4,0.8785679370785753
2024-04-09,ID,1,0.8686386721829573
2024-04-09,PH,1,0.602768013253808
2024-04-09,TH,1,0.972413033246994
2024-04-10,SG,2,0.9481949508190155
2024-04-10,TH,1,0.6438348069787025
2024-04-11,AU,1,0.9627702633539835
2024-04-11,PH,1,0.863127718369166
2024-04-11,TW,1,0.378820538520813
2024-04-11,US,1,0.8600972294807434
2024-04-12,AT,1,0.922144455569131
2024-04-12,AU,1,0.7767999072869619
2024-04-12,PH,1,0.48547578496592386
2024-04-13,AU,1,0.8476015130678812
2024-04-13,IN,1,0.9700527389844258
2024-04-13,JP,2,0.5571985517868376
2024-04-13,PH,1,0.9498178561528524
2024-04-13,US,1,0.8808584809303284
2024-04-14,ID,1,0.881857842206955
2024-04-14,PH,2,0.7683686042825382
2024-04-15,AU,2,0.5315650987128416
2024-04-15,ID,1,0.8931455214818318
2024-04-16,AU,1,0.9665467739105225
2024-04-16,CA,1,0.892599364121755
2024-04-16,ID,2,0.8912570416927338
2024-04-16,PH,1,0.8219099402427673
2024-04-17,BY,1,0.021143576130270958
2024-04-17,CA,1,0.6500644230594238
2024-04-17,GB,1,0.7313623820830669
2024-04-17,ID,1,0.7132319808006287
2024-04-17,TW,1,0.7886974723250778
2024-04-18,GB,1,0.8842220604419708
2024-04-18,ID,1,0.9622887670993805
2024-04-18,PH,3,0.8084481010834376
2024-04-18,TH,1,0.8614145517349243
2024-04-18,VN,1,0.6333531166116396
2024-04-19,CA,1,0.8217183351516724
2024-04-19,TW,1,0.62160042895832
2024-04-20,AU,1,0.8483753335972628
2024-04-20,CA,1,0.7625108957290649
2024-04-20,FJ,1,0.880423367023468
2024-04-20,PH,1,0.8938428163528442
2024-04-21,ID,1,0.9647592902183533
2024-04-21,PH,2,0.5077856382621186
2024-04-21,TH,2,0.33844285817707287
2024-04-22,AU,1,0.7776307836174965
2024-04-22,PH,1,0.6962493032217025
2024-04-22,TH,1,0.7688892707228661
2024-04-22,US,1,0.9598195552825928
2024-04-23,PH,1,0.8729672133922577
2024-04-24,ES,1,0.8062934378782908
2024-04-24,PH,2,0.7442986432640326
2024-04-24,TH,1,0.8502958044409752
2024-04-24,VN,1,0.7683207988739014
2024-04-25,PH,2,0.7691649018250631
2024-04-25,TH,1,0.7953577876091004
2024-04-26,JP,1,0.6885154148330912
2024-04-26,KR,1,0.91830775141716
2024-04-26,PH,1,0.7814210951328278
2024-04-26,TH,3,0.7521720544144542
2024-04-27,ID,1,0.36721693724393845
2024-04-27,PH,1,0.4947347566485405
2024-04-27,TW,4,0.7579700062290216
2024-04-28,AU,1,0.5532655119895935
2024-04-28,ID,1,0.366715501062572
2024-04-28,NL,1,0.6802560202777386
2024-04-29,AE,1,0.8883994069260855
2024-04-29,KR,1,0.7882184982299805
2024-04-29,TW,2,0.9589833319187164
2024-04-30,CA,1,0.9345147609710693
2024-04-30,TW,1,0.9469528022934409
2024-04-30,US,1,0.023111525923013687
2024-05-01,JP,1,0.8615120569864908
2024-05-01,TH,1,0.8916940778493881
2024-05-02,ID,1,0.8314021229743958
2024-05-02,KR,1,0.11767733842134476
2024-05-02,PH,2,0.5943427428603172
2024-05-02,VN,2,0.6666044929826802
2024-05-03,CA,1,0.375537171959877
2024-05-03,PH,3,0.7275445080983142
2024-05-03,SG,2,0.5636914148926735
2024-05-03,VN,1,0.7963043451309204
2024-05-04,ID,1,0.4480408781673759
2024-05-04,KR,1,0.9299083948135376
2024-05-04,PH,1,0.45312023162841797
2024-05-04,TH,1,0.7426660880446434
2024-05-04,TW,1,0.6328953616321087
2024-05-05,AU,1,0.7399722635746002
2024-05-05,GB,1,0.943619430065155
2024-05-05,VN,1,0.8058717846870422
2024-05-06,ID,1,0.9768259525299072
2024-05-06,PH,1,0.8633071333169937
2024-05-06,SG,1,0.42279502749443054
2024-05-06,TH,1,0.6279417624076207
2024-05-06,TW,1,0.9686370193958282
2024-05-06,US,1,0.9521154165267944
2024-05-07,ID,2,0.3461595522239804
2024-05-07,KG,1,0.7680425569415092
2024-05-07,PH,2,0.7976895070945222
2024-05-07,US,1,0.5137641942128539
2024-05-08,PH,1,0.9528913378715516
2024-05-09,PH,2,0.7991822063922882
2024-05-09,SG,1,0.024699028581380844
2024-05-10,ID,1,0.9236549139022827
2024-05-10,SG,1,0.39660051465034485
2024-05-10,US,1,0.6278065145015717
2024-05-11,ID,1,0.5966570824384689
2024-05-11,PH,1,0.8142755031585693
2024-05-11,SG,1,0.7543017864227295
2024-05-11,TH,1,0.7108728090922037
2024-05-12,AU,1,0.7839494049549103
2024-05-12,PH,1,0.8597742915153503
2024-05-12,VN,1,0.29038500785827637
2024-05-13,AE,1,0.7691169338566917
2024-05-13,EC,1,0.7217584426204363
2024-05-13,GB,1,0.5776032209396362
2024-05-13,ID,1,0.7474786681788308
2024-05-13,SG,1,0.7832196652889252
2024-05-13,TH,1,0.8517512604594231
2024-05-14,AU,1,0.7150696791984417
2024-05-14,ID,1,0.6267127990722656
2024-05-14,US,1,0.5019275148709615
2024-05-15,AE,1,0.7803463436042269
2024-05-15,AU,1,0.917692715471441
2024-05-15,PH,1,0.355631560087204
2024-05-15,US,1,0.6048417538404465
2024-05-16,AU,2,0.36707040046652156
2024-05-16,MY,1,0.884437158703804
2024-05-16,SG,2,0.7754085530905286
2024-05-16,US,2,0.8522654780573755
2024-05-17,ID,1,0.5168213620781898
2024-05-17,PH,1,0.9667105078697205
2024-05-18,ID,1,0.9205203574328196
2024-05-18,PH,2,0.8673119768500328
2024-05-18,VN,1,0.9356831709543864
2024-05-19,PH,2,0.919557405133096
2024-05-20,FJ,1,0.9231594204902649
2024-05-20,ID,1,0.7983147303263346
2024-05-20,PH,1,0.24442238360643387
2024-05-21,PH,1,0.903168261051178
2024-05-21,TW,1,0.5024171956770477
2024-05-22,ID,2,0.7757735280394535
2024-05-22,PH,2,0.8109618268914125
2024-05-23,ID,1,0.6511677677432696
2024-05-23,TW,2,0.5997488883013526
2024-05-23,US,1,0.9244515101114908
2024-05-23,VN,1,0.8551826874415079
2024-05-24,ES,1,0.9745374917984009
2024-05-24,ID,1,0.26738543866667897
2024-05-24,PH,2,0.8458299934864044
2024-05-24,TW,1,0.834636926651001
2024-05-25,ID,1,0.929706335067749
2024-05-25,LV,1,0.9235376715660095
2024-05-25,TH,2,0.516124004232032
2024-05-25,TW,1,0.8340626607338587
2024-05-25,US,1,0.5236366985986629
2024-05-26,ID,1,0.7590186707675457
2024-05-26,SG,1,0.8798624873161316
2024-05-26,TH,1,0.9016588032245636
2024-05-26,TW,1,0.7661807123157713
2024-05-27,LV,1,0.9280916849772135
2024-05-27,PH,1,0.4173491920034091
2024-05-27,SG,1,0.9346525410811106
2024-05-27,TH,1,0.9378539323806763
2024-05-27,US,1,0.7179146494716406
2024-05-28,GB,1,0.8704012036323547
2024-05-28,KR,1,0.7096906259655953
2024-05-28,PH,1,0.8613883405923843
2024-05-28,TH,1,0.7137703696886698
2024-05-28,US,1,0.8631090720494589
2024-05-29,GB,2,0.5589789630113435
2024-05-29,ID,3,0.23308046034847696
2024-05-29,US,1,0.4737858176231384
2024-05-30,MY,1,0.46333757042884827
2024-05-30,PH,3,0.9371598060168917
2024-05-30,TH,1,0.5236005187034607
2024-05-30,VN,1,0.3897363543510437
2024-05-31,KR,1,0.9375165343284607
2024-05-31,PH,1,0.8895159363746643
2024-06-01,AU,1,0.2720817029476166
2024-06-01,PH,1,0.3380945026874542
2024-06-01,TH,1,0.8802428841590881
2024-06-02,ID,2,0.8640043831119935
2024-06-02,PH,2,0.7662489600479603
2024-06-02,TH,1,0.6806677526661328
2024-06-02,TW,1,0.9128601934228625
2024-06-02,US,1,0.6105814054608345
2024-06-03,CA,1,0.951707661151886
2024-06-03,ID,2,0.6692090296107375
2024-06-03,LV,1,0.4161304831504822
2024-06-03,PH,1,0.7570553719997406
2024-06-03,VN,1,0.4591459979613622
2024-06-04,CA,1,0.45019898729709285
2024-06-04,ID,1,0.5810825973749161
2024-06-04,PH,3,0.6599486304654015
2024-06-04,TH,1,0.7018259249881509
2024-06-04,US,1,0.9560728669166565
2024-06-04,VN,1,0.7216393128037453
2024-06-05,CA,1,0.4648078704873721
2024-06-05,ID,1,0.6806297020779716
2024-06-05,PH,2,0.9462712894786488
2024-06-06,CA,1,0.9335643649101257
2024-06-06,ID,2,0.5034123534957567
2024-06-06,KR,1,0.9340958893299103
2024-06-06,PH,3,0.8456026986241341
2024-06-06,US,1,0.9022872447967529
2024-06-07,CA,1,0.817823072274526
2024-06-07,ID,3,0.7318673778643721
2024-06-07,PH,1,0.7272173364957174
2024-06-07,PL,1,0.6787732362747192
2024-06-08,AE,1,0.7095383107662201
2024-06-08,CY,1,0.8905145227909088
2024-06-08,US,1,0.5006048604846001
2024-06-09,GB,1,0.25105690211057663
2024-06-09,TH,1,0.6651632149632161
2024-06-10,TW,1,0.8908869028091431
2024-06-10,US,2,0.48114824015647173
2024-06-11,AE,2,0.4305176343768835
2024-06-11,GB,1,0.6873194575309753
2024-06-11,PH,1,0.9383414149284363
2024-06-11,SG,2,0.5143313953032096
2024-06-12,AE,1,0.5608813414971033
2024-06-12,AU,1,0.8847553133964539
2024-06-12,ID,1,0.9465382297833761
2024-06-12,PH,1,0.8621960282325745
2024-06-12,TW,3,0.7093978519861897
2024-06-13,BN,1,0.697931319475174
2024-06-13,CA,1,0.6243900395929813
2024-06-13,GB,1,0.9300427436828613
2024-06-13,PH,2,0.722875180343787
2024-06-13,TW,1,0.41771989564100903
2024-06-13,US,1,0.27007395029067993
2024-06-14,CA,1,0.6627595573663712
2024-06-14,ID,1,0.958877682685852
2024-06-14,PH,1,0.8413375880983142
2024-06-14,US,1,0.4926336246232192
2024-06-14,VN,1,0.6223279803991317
2024-06-15,AU,1,0.5887999087572098
2024-06-15,CA,1,0.2837932427413762
2024-06-16,GB,1,0.8204957246780396
2024-06-16,ID,1,0.8473732769489288
2024-06-16,JP,1,0.7244350612163544
2024-06-17,JP,1,0.6422347764428141
2024-06-17,KR,1,0.4979580631479621
2024-06-17,PH,1,0.9168642532257806
2024-06-17,TW,1,0.8835526257753372
2024-06-18,AU,1,0.8925226330757141
2024-06-18,GB,1,0.06276477873325348
2024-06-18,ID,1,0.46498391777276993
2024-06-18,PH,4,0.9207029901068386
2024-06-18,TH,1,0.43102554231882095
2024-06-18,TW,1,0.517750171944499
2024-06-19,ID,1,0.4464198636511962
2024-06-19,KR,1,0.9196805953979492
2024-06-19,QA,1,0.2071665624777476
2024-06-19,SG,2,0.8199880837434621
2024-06-19,US,4,0.7878972406033427
2024-06-20,CA,1,0.7111838683485985
2024-06-20,PH,2,0.8604617957025766
2024-06-20,RO,1,0.7228534817695618
2024-06-21,ID,1,0.41204300010576844
2024-06-22,AU,1,0.8645431697368622
2024-06-22,CA,1,0.9105921387672424
2024-06-22,ID,1,0.6657118201255798
2024-06-22,MY,1,0.8938137888908386
2024-06-22,PH,2,0.8903329372406006
2024-06-22,US,1,0.055022045969963074
2024-06-23,PH,2,0.8085707478225231
2024-06-24,MV,1,0.9206488132476807
2024-06-24,PH,1,0.7054503043492635
2024-06-24,PT,1,0.28081763722002506
2024-06-25,AU,1,0.7265560626983643
2024-06-25,PH,1,0.529392022639513
2024-06-26,PH,1,0.7867554003993671
2024-06-26,TW,1,0.8211894869804383
2024-06-27,ID,1,0.12144024670124054
2024-06-27,PH,1,0.490895077586174
2024-06-27,QA,1,0.8158931285142899
2024-06-27,TH,3,0.664236738177992
2024-06-28,ID,1,0.929448813199997
2024-06-28,MY,1,0.4979380965232849
2024-06-28,QA,1,0.7014106950826116
2024-06-28,VN,1,0.9394048452377319
2024-06-29,US,1,0.7249151766300201
2024-06-30,AU,1,0.9271619617938995
2024-06-30,CA,1,0.7183629278093576
2024-06-30,KR,1,0.13787159509956837
2024-06-30,PH,1,0.6440214912096659
2024-06-30,SG,1,0.772665411233902
2024-06-30,US,1,0.310880322009325
2024-07-01,AE,2,0.9595175087451935
2024-07-01,AU,1,0.34301917751630145
2024-07-01,BY,1,0.8848758339881897
2024-07-01,CA,1,0.8578171730041504
2024-07-01,FR,1,0.7196387350559235
2024-07-01,GB,2,0.8870693445205688
2024-07-01,ID,11,0.8249363595016543
2024-07-01,JP,11,0.9327522140510838
2024-07-01,MO,1,0.8795977830886841
2024-07-01,MY,1,0.8282487988471985
2024-07-01,NL,1,0.571580708026886
2024-07-01,NZ,1,0.9340409537156423
2024-07-01,PH,21,0.7868027435388937
2024-07-01,SG,3,0.7333635355311411
2024-07-01,TH,13,0.9106084494107034
2024-07-01,TW,6,0.8395421683110974
2024-07-01,US,9,0.8109305931462182
2024-07-01,VN,1,0.320902943611145
2024-07-02,AE,1,0.8400872747103373
2024-07-02,BN,1,0.7049004435539246
2024-07-02,CA,1,0.7974294143773261
2024-07-02,CL,1,0.9122131764888763
2024-07-02,ID,9,0.8272626139686141
2024-07-02,JP,6,0.9219581734484587
2024-07-02,KR,2,0.7247704951358693
2024-07-02,MY,1,0.9502781629562378
2024-07-02,NZ,2,0.49126726602359366
2024-07-02,PH,21,0.7756051576755668
2024-07-02,SG,4,0.853966354082028
2024-07-02,SK,1,0.714043378829956
2024-07-02,TH,15,0.7826367123220017
2024-07-02,TW,10,0.7904878177925243
2024-07-02,US,2,0.9293426970640819
2024-07-02,VN,4,0.7545149177312851
2024-07-03,AE,1,0.9419406652450562
2024-07-03,AU,1,0.9149626716971397
2024-07-03,CA,1,0.11186480522155762
2024-07-03,CH,1,0.9146014004945755
2024-07-03,GB,1,0.8678940534591675
2024-07-03,ID,7,0.8631499750273568
2024-07-03,IT,1,0.8023281693458557
2024-07-03,JP,1,0.9145082400904762
2024-07-03,KR,2,0.5698056658729911
2024-07-03,MO,1,0.40587227791547775
2024-07-03,NZ,1,0.9667795499165853
2024-07-03,PH,25,0.8847393664449402
2024-07-03,SG,4,0.8600535703202089
2024-07-03,TH,21,0.7479148398548399
2024-07-03,TR,1,0.93354731798172
2024-07-03,TW,7,0.8326312396542301
2024-07-03,US,10,0.7149119101764232
2024-07-03,VN,3,0.7825321709175431
2024-07-04,AU,1,0.8526884913444519
2024-07-04,CO,1,0.9079048931598663
2024-07-04,GB,2,0.8744320479532083
2024-07-04,ID,12,0.8598353316645242
2024-07-04,JP,3,0.9226819787706647
2024-07-04,KR,1,0.9706455667813619
2024-07-04,MY,2,0.8224329259246588
2024-07-04,NL,1,0.9494855403900146
2024-07-04,NZ,1,0.8724410136540731
2024-07-04,PH,16,0.7701082190080677
2024-07-04,SG,2,0.8588203837474186
2024-07-04,TH,16,0.7514233836487013
2024-07-04,TW,9,0.8878356065017747
2024-07-04,US,6,0.7722080225745837
2024-07-04,VN,2,0.7055545302480459
2024-07-05,AE,1,0.9503574967384338
2024-07-05,AU,1,0.9266567230224609
2024-07-05,CA,1,0.945845078676939
2024-07-05,ES,2,0.9599267393350601
2024-07-05,FR,1,0.918203204870224
2024-07-05,GB,2,0.7168698833521568
2024-07-05,ID,9,0.7901065679849517
2024-07-05,JP,6,0.8592634610944625
2024-07-05,KH,1,0.9129776060581207
2024-07-05,MO,1,0.595948338508606
2024-07-05,NZ,1,0.945859432220459
2024-07-05,PH,26,0.8393847163012695
2024-07-05,SA,1,0.7868661185105642
2024-07-05,SE,1,0.9222216606140137
2024-07-05,SG,7,0.8588201000549637
2024-07-05,TH,16,0.6773998691988665
2024-07-05,TW,5,0.7910355781515439
2024-07-05,US,7,0.9032010997246275
2024-07-05,VN,2,0.8973543445269268
2024-07-06,GB,2,0.8764724085728328
2024-07-06,ID,3,0.7514262000719706
2024-07-06,JP,2,0.9459537789225578
2024-07-06,KR,1,0.9268432209889095
2024-07-06,PH,12,0.8294536046596038
2024-07-06,TH,5,0.8066705405712128
2024-07-06,TW,3,0.9651783837212456
2024-07-06,US,2,0.8956054250399271
2024-07-07,HU,1,0.9000209867954254
2024-07-07,PH,2,0.8219083721439044
2024-07-07,US,1,0.588928684592247
2024-07-08,PH,2,0.7907759596904118
2024-07-08,TH,1,0.9718461632728577
2024-07-08,TW,1,0.9761518955230712
2024-07-09,AU,1,0.8401261288672686
2024-07-09,PH,2,0.7557736865244806
2024-07-09,TH,1,0.3951105711360772
2024-07-09,TW,1,0.879474401473999
2024-07-10,ID,1,0.8166216918650795
2024-07-10,KR,1,0.9364018042882283
2024-07-10,PH,1,0.7285654544830322
2024-07-10,VN,1,0.32146864756941795
2024-07-11,AU,1,0.8473029720286528
2024-07-11,CA,1,0.7055841684341431
2024-07-11,ID,1,0.8012540340423584
2024-07-11,TH,1,0.776545687019825
2024-07-12,AU,2,0.674448948353529
2024-07-12,JP,1,0.5670146559675535
2024-07-13,AU,1,0.7630971272786459
2024-07-13,PH,2,0.36710628285072744
2024-07-13,TH,1,0.7587699095408121
2024-07-13,TW,2,0.9254646178334951
2024-07-14,PH,1,0.7380074980203063
2024-07-14,US,1,0.9368820786476135
2024-07-15,PH,2,0.7231821641325951
2024-07-16,AU,1,0.36251572457452613
2024-07-16,MY,1,0.833913117647171
2024-07-16,PH,1,0.878480056921641
2024-07-17,AU,1,0.5537313014268875
2024-07-17,GB,1,0.46385878743603826
2024-07-17,KR,1,0.47270891846468055
2024-07-17,PH,2,0.880956634555174
2024-07-17,TW,1,0.0791114866733551
2024-07-18,AU,1,0.34361471943557265
2024-07-18,JP,1,0.9078876972198486
2024-07-18,PH,1,0.9605273821137168
2024-07-18,QA,1,0.5222309343516827
2024-07-19,GB,1,0.7320969594376427
2024-07-19,PH,1,0.8328411956628163
2024-07-19,TH,1,0.4546483052362289
2024-07-20,CN,1,0.9483404556910197
2024-07-20,US,1,0.9291552007198334
2024-07-21,ID,2,0.839963150024414
2024-07-21,PH,2,0.9471711814403534
2024-07-22,MD,1,0.8753321766853333
2024-07-22,PH,1,0.927634725968043
2024-07-23,PH,2,0.5873421182235082
2024-07-23,VN,1,0.6839537732303143
2024-07-24,AE,1,0.9004647970199585
2024-07-24,NL,1,0.9047132531801859
2024-07-26,FR,1,0.44377103447914124
2024-07-26,PH,2,0.6233176489671071
2024-07-27,PH,6,0.9450764097533065
2024-07-27,RE,1,0.8097131039415087
2024-07-27,US,1,0.8026255965232849
2024-07-28,PH,1,0.8997948884963989
2024-07-29,ID,1,0.9468528628349304
2024-07-29,PH,1,0.8169912099838257
2024-07-29,TW,1,0.7243367852095295
2024-07-29,US,1,0.10853531025350094
2024-07-29,VN,1,0.11363822221755981
2024-07-30,GB,1,0.5281963149706522
2024-07-30,PH,2,0.8017862371745563
2024-07-30,SG,1,0.7227816134691238
2024-07-30,US,1,0.821956992149353
2024-07-31,JP,1,0.7658431231975555
2024-07-31,US,1,0.9217869639396667
2024-08-01,BY,2,0.6909133493900299
2024-08-01,GB,1,0.9315172433853149
2024-08-01,ID,5,0.8082150053026039
2024-08-01,JP,9,0.8753937112188283
2024-08-01,NL,2,0.9635528028011322
2024-08-01,PH,20,0.746110536759168
2024-08-01,SG,2,0.6399806936581929
2024-08-01,TH,16,0.8209109642098743
2024-08-01,TW,9,0.7927968914998215
2024-08-01,US,4,0.887390653292338
2024-08-01,VN,1,0.6482327580451965
2024-08-02,AE,1,0.7366932613982095
2024-08-02,AU,1,0.7380737273488194
2024-08-02,DE,1,0.929269552230835
2024-08-02,ES,1,0.9357616305351257
2024-08-02,ID,4,0.8595391455067632
2024-08-02,JP,5,0.8643838890488185
2024-08-02,KR,1,0.08104324340820312
2024-08-02,MO,1,0.941421627998352
2024-08-02,MY,2,0.8943669613864687
2024-08-02,NZ,1,0.3852277919650078
2024-08-02,PH,12,0.8664521864940604
2024-08-02,PL,1,0.8369743674993515
2024-08-02,SG,4,0.8187464875597802
2024-08-02,TH,6,0.8764909670821258
2024-08-02,TW,3,0.9520552158355713
2024-08-02,US,3,0.884619782368342
2024-08-02,VN,5,0.8988120004038016
2024-08-03,CA,1,0.837070773045222
2024-08-03,CN,1,0.5812855362892151
2024-08-03,ID,5,0.7298318794866403
2024-08-03,IT,1,0.8747249245643616
2024-08-03,JP,8,0.8859550649196737
2024-08-03,MY,1,0.7793621718883514
2024-08-03,PH,21,0.756671252968331
2024-08-03,SG,1,0.8179267287254334
2024-08-03,TH,13,0.8033199754631162
2024-08-03,TW,6,0.8675634172546048
2024-08-03,US,11,0.7464142766115921
2024-08-03,VN,3,0.9482925848828422
2024-08-03,ZA,1,0.8909204602241516
2024-08-04,AE,1,0.8798188964525858
2024-08-04,GB,1,0.903921589255333
2024-08-04,HK,3,0.8378872126340866
2024-08-04,ID,5,0.677137624224027
2024-08-04,JP,2,0.6088053919374943
2024-08-04,KR,1,0.8412821430850912
2024-08-04,MO,1,0.4088638696819544
2024-08-04,MY,2,0.847283124923706
2024-08-04,NL,1,0.9546562731266022
2024-08-04,NZ,3,0.6778577577339692
2024-08-04,PH,15,0.8459314456999468
2024-08-04,SG,2,0.9353751584887504
2024-08-04,TH,11,0.7708994345331729
2024-08-04,TW,3,0.750134755684329
2024-08-04,US,6,0.8740400842544607
2024-08-04,VN,1,0.6943937420845032
2024-08-05,AU,1,0.9521974325180054
2024-08-05,HK,1,0.6805244088172913
2024-08-05,ID,8,0.6599217889370352
2024-08-05,JP,4,0.45985546335577965
2024-08-05,KR,1,0.6334535926580429
2024-08-05,MY,1,0.9759770035743713
2024-08-05,NL,1,0.7155137866735458
2024-08-05,PH,13,0.783573805393426
2024-08-05,TH,15,0.7613198337207238
2024-08-05,TW,3,0.872285450498263
2024-08-05,US,2,0.6935329648355643
2024-08-05,VN,2,0.6376530192792416
2024-08-06,AE,1,0.6216682626141442
2024-08-06,AU,2,0.5298507910753999
2024-08-06,CA,1,0.8580430411455925
2024-08-06,GB,3,0.7567027590104511
2024-08-06,HK,1,0.044909413903951645
2024-08-06,ID,4,0.7497199196368456
2024-08-06,IE,1,0.9179487228393555
2024-08-06,IL,1,0.9390731453895569
2024-08-06,JP,3,0.6886417746543884
2024-08-06,KR,1,0.6305555142462254
2024-08-06,MY,3,0.6244327794605246
2024-08-06,NL,1,0.9612298011779785
2024-08-06,NZ,1,0.7849414125084877
2024-08-06,PH,23,0.7852367056790359
2024-08-06,SG,5,0.7728583666682243
2024-08-06,TH,17,0.6851192147792154
2024-08-06,TW,3,0.9119542042414347
2024-08-06,US,2,0.42752051291366416
2024-08-07,BR,2,0.8743607925872008
2024-08-07,CA,1,0.892372727394104
2024-08-07,GB,1,0.8667986770470937
2024-08-07,ID,8,0.8599090577804612
2024-08-07,JP,1,0.6954827656348547
2024-08-07,MX,1,0.9066201862361697
2024-08-07,NL,1,0.9227022528648376
2024-08-07,PH,25,0.8417003082817223
2024-08-07,SG,1,0.9358796626329422
2024-08-07,TH,16,0.849305705865311
2024-08-07,TW,3,0.8340924746460385
2024-08-07,US,1,0.060944341123104095
2024-08-08,AE,1,0.7922386008181742
2024-08-08,BR,1,0.7452283402283987
2024-08-08,CN,1,0.08020029962062836
2024-08-08,GB,2,0.9425879836082458
2024-08-08,ID,4,0.9446992725133896
2024-08-08,JP,5,0.9344757932140715
2024-08-08,MY,1,0.9735676050186157
2024-08-08,NZ,1,0.16343215107917786
2024-08-08,PH,11,0.7159453866042433
2024-08-08,PL,1,0.9486843943595886
2024-08-08,QA,1,0.8690204247832298
2024-08-08,RO,1,0.6866491701867846
2024-08-08,SG,2,0.7323590976496537
2024-08-08,TH,15,0.7040124587080743
2024-08-08,TW,2,0.6625940728932619
2024-08-08,US,3,0.8688770786479667
2024-08-08,VN,1,0.6222190409898758
2024-08-09,AU,1,0.966795556006893
2024-08-09,BH,1,0.9787576794624329
2024-08-09,BR,1,0.8742145210504532
2024-08-09,FR,1,0.9469953775405884
2024-08-09,HK,1,0.5937638878822327
2024-08-09,ID,5,0.9024708924690883
2024-08-09,JP,5,0.7234683144423697
2024-08-09,MY,1,0.5057075396180153
2024-08-09,NL,1,0.5025069713592529
2024-08-09,NZ,1,0.8817932705084482
2024-08-09,PH,18,0.8533953771759986
2024-08-09,SG,2,0.6784941777586937
2024-08-09,TH,10,0.7677819766435359
2024-08-09,TW,2,0.7648786391530717
2024-08-09,US,2,0.7770162168890238
2024-08-09,VN,3,0.9061171660820643
2024-08-10,AE,1,0.7738853724052509
2024-08-10,BH,1,0.4566376805305481
2024-08-10,BR,1,0.17301760613918304
2024-08-10,CH,1,0.1378389298915863
2024-08-10,ES,1,0.8692644354369905
2024-08-10,FR,1,0.9494680166244507
2024-08-10,GB,1,0.9162653088569641
2024-08-10,HK,1,0.8655423521995544
2024-08-10,ID,12,0.5917110280839332
2024-08-10,JP,2,0.9238442003726959
2024-08-10,KR,2,0.7369062375454676
2024-08-10,MO,1,0.9548019170761108
2024-08-10,MY,1,0.9193439483642578
2024-08-10,PH,31,0.7859110459553743
2024-08-10,SG,1,0.7705812454223633
2024-08-10,TH,13,0.7592591666568596
2024-08-10,TW,9,0.8408409060032522
2024-08-10,US,3,0.7667876183986664
2024-08-10,ZA,1,0.1848912313580513
2024-08-11,AU,3,0.7501938137743208
2024-08-11,BR,2,0.8859323424332508
2024-08-11,BY,1,0.9245291749636332
2024-08-11,FR,1,0.37957346346229315
2024-08-11,GB,1,0.9118179157376289
2024-08-11,HK,1,0.49889406288663546
2024-08-11,ID,6,0.7069485141075829
2024-08-11,KR,1,0.6062676161527634
2024-08-11,KW,1,0.8355676634582104
2024-08-11,MY,4,0.9080700948834419
2024-08-11,PH,26,0.8174182641128044
2024-08-11,SG,1,0.917765349149704
2024-08-11,TH,14,0.6806134791778666
2024-08-11,TW,5,0.5495075633749366
2024-08-11,US,3,0.8597833533135671
2024-08-11,VN,1,0.9558776021003723
2024-08-12,BR,1,0.9262365947167078
2024-08-12,BY,1,0.8378134369850159
2024-08-12,CH,1,0.9382584691047668
2024-08-12,FR,1,0.9359269618988038
2024-08-12,ID,4,0.8260148664315541
2024-08-12,JP,7,0.7893571857284144
2024-08-12,MM,1,0.9353139281272889
2024-08-12,MO,1,0.30202488601207733
2024-08-12,MX,2,0.8986832300821941
2024-08-12,MY,1,0.5504078138619661
2024-08-12,PH,11,0.7825202228599939
2024-08-12,SG,3,0.7327069889547096
2024-08-12,TH,13,0.7827424892120891
2024-08-12,TW,7,0.9055411177022117
2024-08-12,US,7,0.8904411211567929
2024-08-13,AE,1,0.7938771632810434
2024-08-13,AU,2,0.9469201266765594
2024-08-13,DE,1,0.840142946690321
2024-08-13,ID,4,0.6827862291605075
2024-08-13,JP,8,0.7636758458421944
2024-08-13,KH,1,0.9815948009490967
2024-08-13,MX,1,0.9574416875839233
2024-08-13,MY,2,0.9609695754267953
2024-08-13,NZ,1,0.8966584716524396
2024-08-13,PH,20,0.832728059974246
2024-08-13,SG,2,0.627168070524931
2024-08-13,TH,16,0.7843801513703762
2024-08-13,TW,8,0.7949921606563121
2024-08-13,US,4,0.9276077819988131
2024-08-13,VN,3,0.6715484145614835
2024-08-14,ES,1,0.8942566414674123
2024-08-14,ID,4,0.8301164226775819
2024-08-14,JP,12,0.8969379850559763
2024-08-14,KR,1,0.9616462707519531
2024-08-14,MO,1,0.9450970813632011
2024-08-14,MY,1,0.9714168310165405
2024-08-14,PH,26,0.8337498435790351
2024-08-14,TH,19,0.789038664393544
2024-08-14,TW,5,0.8428024397956001
2024-08-14,US,3,0.36246953532099724
2024-08-14,VN,4,0.9010660772522291
2024-08-15,AE,1,0.6032894104719162
2024-08-15,AU,2,0.8253706842660904
2024-08-15,BH,1,0.9278074219113305
2024-08-15,GB,2,0.9496237486600876
2024-08-15,HK,1,0.631512893570794
2024-08-15,ID,6,0.72383109657137
2024-08-15,JP,3,0.8642645289500553
2024-08-15,KR,1,0.9682071805000305
2024-08-15,MY,1,0.5738862231373787
2024-08-15,NL,1,0.912305044777253
2024-08-15,NZ,1,0.9808486700057983
2024-08-15,PH,18,0.8397283220525693
2024-08-15,SG,2,0.8352956250309944
2024-08-15,TH,10,0.7537645285658466
2024-08-15,TW,3,0.6983173169077389
2024-08-15,US,4,0.9018719409902891
2024-08-15,VN,2,0.927989403406779
2024-08-16,AE,1,0.9493545691172282
2024-08-16,AU,2,0.6156065872559944
2024-08-16,BR,2,0.9390390896134906
2024-08-16,CA,1,0.8519085645675659
2024-08-16,CY,1,0.9641126394271851
2024-08-16,ES,1,0.8771060705184937
2024-08-16,FR,1,0.6005859375
2024-08-16,GB,1,0.6107087632020315
2024-08-16,HK,1,0.8638312220573425
2024-08-16,ID,5,0.7475054838433433
2024-08-16,JP,5,0.852613365650177
2024-08-16,KH,1,0.9601093530654907
2024-08-16,KR,1,0.9456021785736084
2024-08-16,LA,1,0.9659229516983032
2024-08-16,MO,1,0.9698177244928148
2024-08-16,MY,3,0.6019723003109296
2024-08-16,NL,2,0.8556965763370197
2024-08-16,NZ,1,0.7052419343963265
2024-08-16,PE,1,0.9290263652801514
2024-08-16,PH,18,0.7719885651775744
2024-08-16,QA,1,0.9512250125408173
2024-08-16,SG,3,0.709634293466018
2024-08-16,TH,14,0.7335708777443838
2024-08-16,TW,5,0.8210885627750765
2024-08-16,US,4,0.8097486488275035
2024-08-16,VN,4,0.8892873302102089
2024-08-17,AE,1,0.9023782014846802
2024-08-17,BR,2,0.9082275175799925
2024-08-17,BY,1,0.9518803954124451
2024-08-17,ES,1,0.9638052582740784
2024-08-17,HK,1,0.3625370115041733
2024-08-17,ID,5,0.67621291572597
2024-08-17,JP,6,0.8709945177866353
2024-08-17,KH,1,0.4883522763848305
2024-08-17,MO,3,0.8985240260759989
2024-08-17,MY,2,0.5622774484437995
2024-08-17,PH,21,0.7095847073894836
2024-08-17,SG,3,0.9416223532623715
2024-08-17,TH,17,0.7296271888922681
2024-08-17,TW,1,0.36646226048469543
2024-08-17,US,4,0.8227664925158024
2024-08-17,VN,1,0.36609265208244324
2024-08-18,AE,1,0.9778859913349152
2024-08-18,CN,1,0.7898208288544858
2024-08-18,ES,1,0.6006029338265458
2024-08-18,GB,1,0.7996412414919446
2024-08-18,HK,1,0.5846921652555466
2024-08-18,ID,6,0.818887450275096
2024-08-18,IT,1,0.5437567979097366
2024-08-18,JP,6,0.9113769870665339
2024-08-18,KH,1,0.9582668202263969
2024-08-18,MY,2,0.7782479375600815
2024-08-18,PH,20,0.7908700894385726
2024-08-18,RO,1,0.020583806559443474
2024-08-18,SG,4,0.8876327810124779
2024-08-18,TH,21,0.76852579054257
2024-08-18,TW,3,0.8640829185644785
2024-08-18,US,7,0.787162959684509
2024-08-18,VN,1,0.9432438611984253
2024-08-19,BY,1,0.9798176765441895
2024-08-19,CA,2,0.9503133967518806
2024-08-19,DE,1,0.7096753120422363
2024-08-19,GB,2,0.5250119268894196
2024-08-19,HK,1,0.18430706672370434
2024-08-19,ID,5,0.648327846477429
2024-08-19,JP,2,0.9669097910324733
2024-08-19,KH,1,0.0944247767329216
2024-08-19,KR,1,0.8993641336758932
2024-08-19,MO,1,0.9034734467665354
2024-08-19,MY,1,0.10351146447161834
2024-08-19,NZ,1,0.6572344303131104
2024-08-19,PH,22,0.7978029855676225
2024-08-19,SG,2,0.7360817190880578
2024-08-19,TH,12,0.7787601439466619
2024-08-19,TR,1,0.4815060019493103
2024-08-19,TW,1,0.7798072695732117
2024-08-19,US,3,0.6910495575931338
2024-08-19,VN,2,0.3597324825823307
2024-08-20,GB,1,0.9345131516456604
2024-08-20,HK,1,0.9769092202186584
2024-08-20,ID,6,0.7613454414738549
2024-08-20,IL,1,0.9126362204551697
2024-08-20,JP,4,0.9001542756190666
2024-08-20,KR,2,0.8916367068886757
2024-08-20,MO,1,0.8613261381785074
2024-08-20,MY,4,0.6729288476829728
2024-08-20,PH,13,0.6540990782587224
2024-08-20,SG,5,0.5218036606907844
2024-08-20,TH,14,0.7398538348977629
2024-08-20,TW,4,0.5741440835408866
2024-08-20,US,7,0.8018254862173276
2024-08-20,VN,2,0.5758350417017937
2024-08-21,AE,2,0.6674730315366212
2024-08-21,AU,2,0.7880675798385508
2024-08-21,CA,1,0.7771446059147517
2024-08-21,GB,5,0.7820823264618715
2024-08-21,ID,9,0.815512636969784
2024-08-21,IN,1,0.9274185299873352
2024-08-21,JP,3,0.893202666938305
2024-08-21,KW,1,0.917474776506424
2024-08-21,MO,1,0.8369090557098389
2024-08-21,MY,2,0.4860855508595705
2024-08-21,PH,11,0.8120258804636471
2024-08-21,SG,3,0.6345588204761347
2024-08-21,TH,14,0.7274090251221708
2024-08-21,TW,6,0.6379248681305735
2024-08-21,US,3,0.8733253015412225
2024-08-21,VN,2,0.9255226403474808
2024-08-22,AE,1,0.9065194129943848
2024-08-22,AU,2,0.5435604512484538
2024-08-22,CA,1,0.8797768354415894
2024-08-22,DE,1,0.7732730954885483
2024-08-22,ES,1,0.9659378230571747
2024-08-22,FR,1,0.683858958305791
2024-08-22,GB,2,0.8321387519439061
2024-08-22,ID,7,0.9247809086527143
2024-08-22,JP,4,0.8237626674041773
2024-08-22,KR,2,0.7546049505472183
2024-08-22,MO,1,0.9796414801052639
2024-08-22,PH,16,0.793000152507654
2024-08-22,SG,2,0.6956166080137094
2024-08-22,TH,18,0.6006690833725163
2024-08-22,TW,7,0.6656100781900542
2024-08-22,VN,2,0.8780432492494583
2024-08-23,AE,2,0.8736318041171347
2024-08-23,CA,1,0.6476806700229645
2024-08-23,GB,2,0.8258341908454895
2024-08-23,ID,8,0.6877181364068141
2024-08-23,JP,5,0.7910223297097466
2024-08-23,KR,1,0.9148358106613159
2024-08-23,LA,1,0.8980796039104462
2024-08-23,MO,2,0.6173829476659497
2024-08-23,NO,1,0.9455048441886902
2024-08-23,PH,15,0.7981066137966182
2024-08-23,SG,1,0.7471135428973606
2024-08-23,TH,15,0.8204892153009844
2024-08-23,TW,5,0.8326540577553567
2024-08-23,US,3,0.7407083220425106
2024-08-23,VN,5,0.6640823861956596
2024-08-24,AE,2,0.5818856470286846
2024-08-24,AR,1,0.9601888954639435
2024-08-24,AU,1,0.800138384103775
2024-08-24,CA,1,0.5977069288492203
2024-08-24,CN,1,0.90639410028855
2024-08-24,DE,2,0.7743808875481288
2024-08-24,EE,1,0.943731427192688
2024-08-24,FJ,1,0.6358710971660912
2024-08-24,GB,2,0.9003898650407791
2024-08-24,ID,8,0.8801522445278587
2024-08-24,JP,2,0.737138448903958
2024-08-24,KR,1,0.14146964251995087
2024-08-24,MY,2,0.6466924457810819
2024-08-24,NP,1,0.9630384700638908
2024-08-24,PH,14,0.7981145841663595
2024-08-24,SA,1,0.8092049174010754
2024-08-24,TH,18,0.7532589621693183
2024-08-24,TW,2,0.713887628323088
2024-08-24,US,7,0.8371212130282826
2024-08-24,UZ,1,0.925487756729126
2024-08-24,VN,1,0.9386046429475149
2024-08-25,AE,1,0.8676667213439941
2024-08-25,AU,1,0.5388600081205368
2024-08-25,HK,1,0.8628085374832153
2024-08-25,ID,7,0.6750211097855592
2024-08-25,IE,1,0.9377381801605225
2024-08-25,JP,9,0.796859019782227
2024-08-25,MY,1,0.1441556215286255
2024-08-25,NL,2,0.6900837124110415
2024-08-25,NZ,1,0.36284053325653076
2024-08-25,PH,23,0.7979990544986884
2024-08-25,SG,1,0.9141994288989476
2024-08-25,TH,20,0.7847674276555578
2024-08-25,TW,6,0.7432215611346894
2024-08-25,US,1,0.509171876590699
2024-08-25,VN,2,0.9288881633962904
2024-08-26,AE,1,0.667598307132721
2024-08-26,AU,3,0.8215605780543163
2024-08-26,CN,1,0.9476252198219299
2024-08-26,FR,1,0.8141956366598606
2024-08-26,GB,1,0.6748926341533661
2024-08-26,HK,1,0.6932537058989207
2024-08-26,ID,2,0.8812309503555298
2024-08-26,IT,1,0.9388121366500854
2024-08-26,JP,5,0.7971411175254882
2024-08-26,KR,1,0.37573832273483276
2024-08-26,MO,3,0.8774455436480739
2024-08-26,MY,4,0.5940695274621248
2024-08-26,PH,20,0.7877856052204028
2024-08-26,SG,3,0.8785325578517383
2024-08-26,TH,8,0.8581395652100798
2024-08-26,TN,1,0.943423781130049
2024-08-26,TW,5,0.8113487663782305
2024-08-26,US,8,0.7766286373371258
2024-08-26,VN,2,0.5798487036178509
2024-08-27,AT,1,0.6555486619472504
2024-08-27,AU,1,0.6333120465278625
2024-08-27,BY,1,0.8787545164426168
2024-08-27,CN,1,0.9520660092433294
2024-08-27,GB,2,0.9178967475891113
2024-08-27,ID,7,0.7916569829970573
2024-08-27,JP,6,0.8071256758320207
2024-08-27,KR,3,0.8213223417599996
2024-08-27,MO,2,0.9472177161110772
2024-08-27,MY,1,0.12891700863838196
2024-08-27,NG,1,0.14910520613193512
2024-08-27,NL,1,0.9558961391448975
2024-08-27,NZ,1,0.9011012613773346
2024-08-27,PH,21,0.7879400721871888
2024-08-27,SG,2,0.9355514320460232
2024-08-27,TH,21,0.7933049658489756
2024-08-27,TW,2,0.4878440700704232
2024-08-27,VN,1,0.576433002948761
2024-08-28,AU,1,0.44496697732247414
2024-08-28,GB,2,0.9193378788277958
2024-08-28,HK,1,0.6000023285547892
2024-08-28,ID,6,0.774372762204199
2024-08-28,JP,4,0.9204260963350448
2024-08-28,NL,1,0.6092931676656008
2024-08-28,PH,27,0.779778047260848
2024-08-28,QA,1,0.7028618091639752
2024-08-28,TH,10,0.7782406111637367
2024-08-28,TW,4,0.7392536463836828
2024-08-28,US,7,0.6818510889120045
2024-08-28,VN,5,0.6380494776181876
2024-08-29,AE,1,0.7440208494663239
2024-08-29,GB,1,0.9465929269790649
2024-08-29,HK,1,0.7142935995012522
2024-08-29,ID,2,0.8412757319708666
2024-08-29,JP,5,0.8651899557989655
2024-08-29,KR,1,0.5458840876817703
2024-08-29,MY,2,0.688863447142972
2024-08-29,PH,12,0.8747817603097476
2024-08-29,SI,1,0.8894113898277283
2024-08-29,TH,15,0.7211924397358552
2024-08-29,TW,4,0.8485950695350766
2024-08-29,US,4,0.8728299538294474
2024-08-29,VN,3,0.36060226820409297
2024-08-29,ZA,1,0.7667631436503989
2024-08-30,AU,1,0.43103798222728074
2024-08-30,ES,1,0.935843288898468
2024-08-30,GB,1,0.8930778503417969
2024-08-30,ID,11,0.7688806582323422
2024-08-30,JP,5,0.8497796879525771
2024-08-30,KZ,2,0.9004254788160324
2024-08-30,LA,1,0.915440708398819
2024-08-30,NZ,1,0.7526492793485522
2024-08-30,PH,19,0.8064392130303005
2024-08-30,TH,9,0.8119688049234726
2024-08-30,TW,3,0.6860696224853245
2024-08-30,US,3,0.4342221191359891
2024-08-30,VN,5,0.4867980992139289
2024-08-31,AE,2,0.9350073888897896
2024-08-31,CY,1,0.9159620967507361
2024-08-31,GB,1,0.8898609578609467
2024-08-31,HK,1,0.8837747573852539
2024-08-31,ID,12,0.6970931538783308
2024-08-31,IT,1,0.9093801379203796
2024-08-31,JP,8,0.8799338443426504
2024-08-31,KR,1,0.7443676590919495
2024-08-31,KZ,1,0.8981866836547852
2024-08-31,NO,1,0.9375038544336954
2024-08-31,PH,26,0.725972530180364
2024-08-31,QA,1,0.8265761030561366
2024-08-31,SG,2,0.6721469348089562
2024-08-31,TH,11,0.7389792195450741
2024-08-31,TW,4,0.9168303348124027
2024-08-31,US,4,0.7398590729571879
2024-08-31,VN,6,0.6881840553666865
2024-09-01,AE,2,0.9499511818091075
2024-09-01,GB,1,0.1292721891243543
2024-09-01,ID,8,0.7290673535298704
2024-09-01,JP,5,0.823501524142921
2024-09-01,MO,2,0.9434024145205815
2024-09-01,MY,2,0.8005588548257947
2024-09-01,NO,1,0.6739203929901123
2024-09-01,NZ,1,0.8837219973405203
2024-09-01,PH,25,0.8589264617431495
2024-09-01,RS,1,0.5374376773834229
2024-09-01,TH,22,0.8059014517778131
2024-09-01,TW,9,0.7678878468495829
2024-09-01,US,7,0.8568372698057266
2024-09-01,VN,3,0.8339370016718194
2024-09-02,AE,2,0.7360008715177739
2024-09-02,AU,1,0.924253237247467
2024-09-02,CA,2,0.9620976209640503
2024-09-02,GB,2,0.752031228759072
2024-09-02,ID,8,0.7711364848228792
2024-09-02,IL,1,0.6607842010756334
2024-09-02,JP,6,0.725477528758347
2024-09-02,KR,3,0.7849531475040648
2024-09-02,MO,1,0.7031421881346476
2024-09-02,PH,20,0.766070698001422
2024-09-02,SG,7,0.7746115302800067
2024-09-02,TH,12,0.7944555377667638
2024-09-02,TN,1,0.9390011429786682
2024-09-02,TW,2,0.8574338257312775
2024-09-02,US,4,0.7249811056490039
2024-09-02,VN,4,0.4078774045337923
2024-09-03,AE,1,0.92519611120224
2024-09-03,AU,2,0.8320129625499249
2024-09-03,ES,1,0.9744619727134705
2024-09-03,HK,1,0.2674894332885742
2024-09-03,ID,6,0.7404706375466453
2024-09-03,JP,4,0.8140476097663244
2024-09-03,KE,1,0.9330266714096069
2024-09-03,MY,3,0.7452042798201243
2024-09-03,PH,21,0.7010599246586497
2024-09-03,PK,1,0.9683767557144165
2024-09-03,TH,14,0.7410069419573696
2024-09-03,TW,2,0.8977045714855194
2024-09-03,US,6,0.8671925401522054
2024-09-03,VN,2,0.8756458560625713
2024-09-04,AU,1,0.9336981276671092
2024-09-04,BY,1,0.8646193742752075
2024-09-04,CN,1,0.9651723504066467
2024-09-04,EC,1,0.9526071945826212
2024-09-04,FR,1,0.9704195261001587
2024-09-04,GB,3,0.840228537718455
2024-09-04,HK,1,0.8369458967989142
2024-09-04,ID,10,0.7916806734684441
2024-09-04,JP,1,0.9733465313911438
2024-09-04,KH,1,0.8285945951938629
2024-09-04,KR,1,0.5274403301023302
2024-09-04,MO,1,0.19167237989604474
2024-09-04,NZ,1,0.9745927453041077
2024-09-04,PH,14,0.7816286947193019
2024-09-04,SG,1,0.911519169097855
2024-09-04,TH,11,0.6974220712421837
2024-09-04,TW,3,0.8485150817367767
2024-09-04,US,5,0.5944438842125237
2024-09-04,VN,4,0.5904061151668429
2024-09-05,AE,1,0.9056955128908157
2024-09-05,AU,1,0.9513359069824219
2024-09-05,BR,1,0.8613059989043644
2024-09-05,CH,1,0.9206699224618765
2024-09-05,ID,5,0.7126728475056212
2024-09-05,JP,5,0.8704069794927325
2024-09-05,KH,1,0.8372374176979065
2024-09-05,KR,1,0.9357356429100037
2024-09-05,MY,1,0.23836548129717508
2024-09-05,NZ,1,0.7460165172815323
2024-09-05,PH,21,0.8010445257181277
2024-09-05,PK,1,0.6305162310600281
2024-09-05,PT,1,0.9407318234443665
2024-09-05,TH,17,0.6924183142728004
2024-09-05,TW,2,0.5324231230188161
2024-09-05,VN,4,0.6155757736414671
2024-09-06,AL,1,0.8560981551806132
2024-09-06,ID,11,0.8010316420179183
2024-09-06,IN,1,0.9397515058517456
2024-09-06,JP,2,0.29975225776433945
2024-09-06,MO,1,0.11513312198221684
2024-09-06,MY,1,0.38191868577684673
2024-09-06,NZ,1,0.8617838459355491
2024-09-06,PH,15,0.8236541427053446
2024-09-06,SG,1,0.7204445004463196
2024-09-06,TH,11,0.8757872534606708
2024-09-06,TW,5,0.6274920951184773
2024-09-06,US,3,0.6042056082550323
2024-09-06,VN,4,0.8273544802019993
2024-09-07,AU,3,0.8823354269067446
2024-09-07,CA,1,0.9260501861572266
2024-09-07,GB,1,0.94215194384257
2024-09-07,ID,11,0.7736798806194664
2024-09-07,IT,1,0.8169354200363159
2024-09-07,JP,3,0.8619634738730234
2024-09-07,LA,1,0.4812462031841278
2024-09-07,MY,1,0.7097219550050795
2024-09-07,PH,21,0.8805042986686858
2024-09-07,SG,2,0.935547485947609
2024-09-07,TH,19,0.8633736777779998
2024-09-07,TW,6,0.7200957857194311
2024-09-07,US,4,0.38916498953476547
2024-09-07,VN,3,0.40849059354513884
2024-09-08,AU,1,0.5594880133867264
2024-09-08,ES,1,0.5780094265937805
2024-09-08,GB,1,0.7283783555030823
2024-09-08,HK,2,0.7298579514026642
2024-09-08,ID,10,0.6597608914826479
2024-09-08,JP,12,0.8790908861957366
2024-09-08,KR,3,0.7372906914647714
2024-09-08,MY,3,0.7246896090141187
2024-09-08,NL,1,0.9246576428413391
2024-09-08,PH,23,0.731219528252172
2024-09-08,SG,1,0.971825897693634
2024-09-08,SR,1,0.5164763654271761
2024-09-08,TH,15,0.7898431364938527
2024-09-08,TW,7,0.7845548112250904
2024-09-08,US,8,0.6552789537934587
2024-09-08,VN,2,0.16748001798987389
2024-09-09,AE,1,0.8231984717505318
2024-09-09,AU,1,0.8934828639030457
2024-09-09,BY,1,0.9310381909211477
2024-09-09,CH,1,0.8561456799507141
2024-09-09,GB,2,0.42851292062550783
2024-09-09,HK,3,0.7984856019417444
2024-09-09,ID,6,0.714557659844887
2024-09-09,IN,1,0.702969933549563
2024-09-09,IT,1,0.8665800094604492
2024-09-09,JP,1,0.8556895107030869
2024-09-09,MY,1,0.7463097402027675
2024-09-09,PH,15,0.7621138117988341
2024-09-09,RS,1,0.8775506764650345
2024-09-09,SG,1,0.890923817952474
2024-09-09,TH,12,0.8409016916883544
2024-09-09,TW,2,0.9163668513298034
2024-09-09,US,6,0.746754840016365
2024-09-09,VN,5,0.5143140294589102
2024-09-10,AU,2,0.8137699586804956
2024-09-10,CA,1,0.7897347211837769
2024-09-10,GB,4,0.9103355354629457
2024-09-10,HK,1,0.9234362840652466
2024-09-10,ID,6,0.730446241175135
2024-09-10,JP,3,0.9495217651128769
2024-09-10,KR,1,0.5426669120788574
2024-09-10,NZ,1,0.8401573797067007
2024-09-10,PH,23,0.8423193800842445
2024-09-10,SG,3,0.9014879629398003
2024-09-10,TH,11,0.7909644293890458
2024-09-10,TW,6,0.7095806846912537
2024-09-10,US,8,0.7541714144178306
2024-09-10,VN,6,0.5726314166146848
2024-09-11,AU,2,0.40781006156466904
2024-09-11,CN,1,0.8657685650719537
2024-09-11,ID,3,0.7345241343740513
2024-09-11,JP,6,0.8869745247893864
2024-09-11,KR,4,0.9307170116608696
2024-09-11,MO,2,0.5790009497265731
2024-09-11,MY,1,0.9282848984003067
2024-09-11,NO,1,0.6029135082606916
2024-09-11,PH,24,0.7900734821536934
2024-09-11,SI,1,0.7254728774229686
2024-09-11,TH,11,0.7103092184949472
2024-09-11,TW,1,0.6102356687188148
2024-09-11,US,6,0.710057223756854
2024-09-11,VN,6,0.598018964442114
2024-09-12,AU,3,0.8647708939181434
2024-09-12,GB,2,0.7728312114874522
2024-09-12,HK,1,0.4459837165971597
2024-09-12,ID,6,0.4483050296703974
2024-09-12,JP,5,0.8464912692209084
2024-09-12,MO,1,0.5816925019025803
2024-09-12,MY,1,0.27897781133651733
2024-09-12,NL,1,0.9295406738917033
2024-09-12,NO,1,0.9146732091903687
2024-09-12,PH,34,0.8549566355808049
2024-09-12,QA,1,0.9149038791656494
2024-09-12,SG,2,0.5034665861832244
2024-09-12,TH,10,0.7815334202415414
2024-09-12,TW,1,0.6755200028419495
2024-09-12,US,6,0.7660092801924933
2024-09-12,VN,4,0.7117303218692541
2024-09-13,AU,4,0.859108032392604
2024-09-13,FR,1,0.7702749073505402
2024-09-13,GB,3,0.4103495151094428
2024-09-13,HK,1,0.8730827542868528
2024-09-13,ID,11,0.8459287621691005
2024-09-13,JP,2,0.796295727789402
2024-09-13,LA,1,0.4990570545196533
2024-09-13,MM,1,0.9595089129039219
2024-09-13,MO,1,0.01955285482108593
2024-09-13,NZ,1,0.9236632833878199
2024-09-13,PH,26,0.8526429634895538
2024-09-13,SG,2,0.8227629270404577
2024-09-13,TH,12,0.8012954145647763
2024-09-13,TW,3,0.7068105997724666
2024-09-13,US,6,0.9085801553340476
2024-09-13,VN,2,0.3087764699012041
2024-09-14,AU,1,0.8877961993217468
2024-09-14,CH,1,0.6968013141304255
2024-09-14,ES,1,0.9539005160331726
2024-09-14,GB,2,0.8285877167049682
2024-09-14,ID,11,0.7282284002127543
2024-09-14,JP,7,0.8444399041611524
2024-09-14,MY,3,0.9308546466959847
2024-09-14,NZ,1,0.9202176691456274
2024-09-14,PH,29,0.8588172715548484
2024-09-14,SG,3,0.6100467393795649
2024-09-14,TH,7,0.7794874742905906
2024-09-14,TW,5,0.8656087738151351
2024-09-14,US,4,0.6764216628398351
2024-09-14,VN,3,0.7703408925306229
2024-09-15,AU,1,0.007631626445800066
2024-09-15,DE,1,0.03650996275246143
2024-09-15,FI,1,0.945006288588047
2024-09-15,GB,1,0.6141291558742523
2024-09-15,HK,3,0.9414304608390444
2024-09-15,ID,13,0.8935345466523312
2024-09-15,JP,5,0.8840725938479105
2024-09-15,KR,1,0.9667306542396545
2024-09-15,MO,2,0.808827746836912
2024-09-15,PH,18,0.7797394872565443
2024-09-15,SG,1,0.8185716271400452
2024-09-15,TH,12,0.7489982848129575
2024-09-15,TW,4,0.9250304526752896
2024-09-15,US,5,0.6269841596484185
2024-09-15,VN,4,0.794620974787644
2024-09-16,AE,1,0.7544618248939514
2024-09-16,AU,4,0.9188450031396416
2024-09-16,BE,1,0.9184169267353258
2024-09-16,BN,1,0.824441134929657
2024-09-16,GB,1,0.9444552659988403
2024-09-16,GH,1,0.8628571033477783
2024-09-16,ID,8,0.739795079578956
2024-09-16,JP,6,0.7943921447790606
2024-09-16,KR,3,0.9073394223574608
2024-09-16,MO,1,0.7799461935129429
2024-09-16,MY,1,0.8573442101478577
2024-09-16,PH,20,0.805400163237465
2024-09-16,SG,2,0.7196257710456848
2024-09-16,TH,16,0.8206168504638804
2024-09-16,TW,4,0.7698891125619411
2024-09-16,US,6,0.35056669544040536
2024-09-16,VE,1,0.611838161945343
2024-09-16,VN,2,0.3752579838037491
2024-09-17,AE,3,0.8413573724252207
2024-09-17,AT,1,0.9730542302131653
2024-09-17,AU,5,0.7360159889856974
2024-09-17,DE,1,0.6439657807350159
2024-09-17,ES,1,0.9739498325756618
2024-09-17,GB,4,0.7704669730737805
2024-09-17,ID,5,0.6326180147214069
2024-09-17,IN,1,0.7459549347559611
2024-09-17,JP,8,0.9091293274824108
2024-09-17,MO,1,0.5673967003822327
2024-09-17,MY,3,0.666030922283729
2024-09-17,NL,1,0.7490243315696716
2024-09-17,NO,1,0.8048541247844696
2024-09-17,PH,23,0.7675825986261371
2024-09-17,SG,1,0.6415990442037582
2024-09-17,TH,18,0.7734670730740782
2024-09-17,TW,4,0.6944657366412381
2024-09-17,US,1,0.744327186719712
2024-09-17,VN,6,0.6352419078174464
2024-09-18,AU,1,0.5325592160224915
2024-09-18,CA,1,0.6988038619359335
2024-09-18,CN,1,0.6515321511775255
2024-09-18,GB,1,0.940980076789856
2024-09-18,HK,1,0.9600563049316406
2024-09-18,ID,17,0.7828043551133563
2024-09-18,JP,12,0.8675475325530894
2024-09-18,LK,1,0.23681923747062683
2024-09-18,MM,1,0.6893903017044067
2024-09-18,MO,2,0.8100783377885818
2024-09-18,MY,2,0.8163380631012842
2024-09-18,NZ,2,0.883423425257206
2024-09-18,PH,30,0.7874433710968383
2024-09-18,PK,1,0.7320952452719212
2024-09-18,PL,1,0.8279450535774231
2024-09-18,SG,2,0.5014519772181909
2024-09-18,TH,15,0.8627262944447475
2024-09-18,TW,9,0.6905643861462242
2024-09-18,US,10,0.7991471047801453
2024-09-18,VN,3,0.8654278814792633
2024-09-19,AU,1,0.9661743640899658
2024-09-19,BR,1,0.8661165038744608
2024-09-19,BT,1,0.7048288583755493
2024-09-19,BY,1,0.9312281529108684
2024-09-19,DE,2,0.931524470448494
2024-09-19,DO,1,0.9277748167514801
2024-09-19,ES,1,0.9013099372386932
2024-09-19,GB,1,0.36777533032000065
2024-09-19,HK,1,0.7917348444461823
2024-09-19,ID,10,0.8615450388330531
2024-09-19,JP,9,0.7079130085963423
2024-09-19,KE,1,0.9324631094932556
2024-09-19,KR,2,0.6982398902376492
2024-09-19,MO,3,0.8136661689797485
2024-09-19,MX,1,0.7840616796165705
2024-09-19,MY,2,0.854605476983956
2024-09-19,PH,35,0.7708679022603496
2024-09-19,PK,1,0.6158193449179331
2024-09-19,QA,1,0.9382481873035431
2024-09-19,SG,1,0.8542169332504272
2024-09-19,TH,17,0.8556058745224441
2024-09-19,TW,4,0.8450767389257197
2024-09-19,US,4,0.6066525751724839
2024-09-19,VN,3,0.6608374913533529
2024-09-20,AE,1,0.8813803791999817
2024-09-20,AT,1,0.9722221493721008
2024-09-20,ID,10,0.7959917878983986
2024-09-20,JP,14,0.765002196049177
2024-09-20,KR,1,0.8301812708377838
2024-09-20,MY,1,0.9251089399769192
2024-09-20,PH,19,0.897643512585212
2024-09-20,SG,1,0.9187738299369812
2024-09-20,TH,15,0.8588397060062678
2024-09-20,TW,7,0.7685218859225847
2024-09-20,US,7,0.713261361932382
2024-09-20,VN,4,0.7794197152058283
2024-09-21,AE,2,0.8979779332876205
2024-09-21,DE,1,0.8635848859945934
2024-09-21,GB,1,0.4998242622241378
2024-09-21,ID,9,0.7787345934291312
2024-09-21,JP,7,0.8856269776723263
2024-09-21,KR,1,0.6802821060021718
2024-09-21,MO,1,0.8156820237636566
2024-09-21,MY,8,0.6116450285247043
2024-09-21,PH,29,0.8065935273623474
2024-09-21,PL,1,0.8353481004014611
2024-09-21,SG,1,0.9559296915928522
2024-09-21,TH,19,0.7228198781779064
2024-09-21,TR,1,0.12596648931503296
2024-09-21,TW,10,0.578720421086265
2024-09-21,US,6,0.8492436841692007
2024-09-21,VN,2,0.8775784962943622
2024-09-21,ZA,1,0.8315529227256775
2024-09-22,AU,2,0.7137743074979102
2024-09-22,GB,2,0.8453918248414993
2024-09-22,ID,9,0.900609682897201
2024-09-22,JP,13,0.7980650233489749
2024-09-22,KR,1,0.9102087616920471
2024-09-22,MO,2,0.6827859748154879
2024-09-22,PH,23,0.8370560339703459
2024-09-22,SG,4,0.9358125167588393
2024-09-22,TH,23,0.7272899051212466
2024-09-22,TR,1,0.8964900374412537
2024-09-22,TW,5,0.7488370151151098
2024-09-22,US,6,0.8055817896293269
2024-09-22,VN,4,0.8164686570202725
2024-09-23,AE,2,0.6909765601158142
2024-09-23,GB,1,0.8785853641373771
2024-09-23,ID,13,0.775455404092104
2024-09-23,IT,1,0.8033096313476562
2024-09-23,JP,10,0.8453355869915115
2024-09-23,KR,3,0.875056674083074
2024-09-23,LA,1,0.8755410534364206
2024-09-23,MM,1,0.6512543559074402
2024-09-23,MO,1,0.8527834296226502
2024-09-23,MY,3,0.8749621042774782
2024-09-23,NZ,1,0.5374214500188828
2024-09-23,PH,22,0.7770262131053691
2024-09-23,SG,1,0.3729368656873703
2024-09-23,TH,22,0.7922849634978025
2024-09-23,TR,1,0.005907315295189619
2024-09-23,TW,11,0.7752348736965048
2024-09-23,US,8,0.6925813146172062
2024-09-23,VN,3,0.7636991451942811
2024-09-24,AE,2,0.5652866067759919
2024-09-24,DE,2,0.5476652793586254
2024-09-24,GB,1,0.38163787840555113
2024-09-24,ID,10,0.7953974180965424
2024-09-24,JP,10,0.8539043259455099
2024-09-24,KR,1,0.960401306549708
2024-09-24,MO,1,0.5702766139060259
2024-09-24,MY,1,0.8886263370513916
2024-09-24,NZ,1,0.9145802727767399
2024-09-24,PH,27,0.8348045658267439
2024-09-24,PK,3,0.4974325543476476
2024-09-24,SG,3,0.8208801542098323
2024-09-24,TH,16,0.794622636644081
2024-09-24,TW,3,0.8015344105660915
2024-09-24,US,2,0.5537680014967918
2024-09-24,VN,3,0.8578999042510986
2024-09-25,AU,1,0.8799901604652405
2024-09-25,BO,1,0.602970851957798
2024-09-25,DE,1,0.85679692029953
2024-09-25,GB,3,0.7784940749406815
2024-09-25,ID,6,0.6027408245344784
2024-09-25,JP,9,0.8438297839470642
2024-09-25,KR,2,0.4991494929417968
2024-09-25,MY,1,0.7503418251872063
2024-09-25,NZ,2,0.9403835771575807
2024-09-25,PH,21,0.8134088004513715
2024-09-25,SG,4,0.692877758294344
2024-09-25,TH,12,0.8235603869582215
2024-09-25,TW,7,0.7661935838002736
2024-09-25,US,6,0.5300192925665114
2024-09-25,VN,5,0.8737211399135136
2024-09-26,AE,1,0.43219390511512756
2024-09-26,AT,1,0.8332551717758179
2024-09-26,AU,1,0.4478135108947754
2024-09-26,CA,1,0.9283391386270523
2024-09-26,GB,1,0.04799652472138405
2024-09-26,ID,14,0.7058018716994584
2024-09-26,IT,1,0.9550400559718792
2024-09-26,JP,7,0.8433682370367562
2024-09-26,KR,1,0.9569924473762512
2024-09-26,LK,1,0.7076020538806915
2024-09-26,MO,1,0.8164663910865784
2024-09-26,MY,4,0.6444350555539131
2024-09-26,NZ,1,0.849439075216651
2024-09-26,PH,23,0.8273047839198139
2024-09-26,RO,2,0.901188850402832
2024-09-26,SG,1,0.9395144879817963
2024-09-26,TH,14,0.6492152546419997
2024-09-26,TW,6,0.7334704434698714
2024-09-26,US,2,0.7273572410146396
2024-09-26,VN,1,0.8324121795594692
2024-09-27,AE,1,0.7068274590290256
2024-09-27,AU,1,0.9734682242075602
2024-09-27,BD,1,0.9688644111156464
2024-09-27,CH,1,0.9281204044818878
2024-09-27,CN,1,0.1718570925295353
2024-09-27,FR,1,0.9159458875656128
2024-09-27,GB,1,0.8544790983200073
2024-09-27,ID,8,0.7292149605761681
2024-09-27,JP,12,0.8194813248718864
2024-09-27,MX,1,0.9304475982983907
2024-09-27,MY,2,0.5956596910953522
2024-09-27,NZ,1,0.9320440689722698
2024-09-27,PH,17,0.8488691813242034
2024-09-27,SE,1,0.5906329850355784
2024-09-27,SG,3,0.9512938658396403
2024-09-27,TH,18,0.8363994680220731
2024-09-27,TW,10,0.738713828993163
2024-09-27,US,4,0.7410322020495577
2024-09-27,VN,1,0.8884632775187492
2024-09-28,AR,1,0.6445491068065167
2024-09-28,CA,1,0.9640233874320984
2024-09-28,CN,1,0.6473254095762968
2024-09-28,GB,1,0.7180166979630788
2024-09-28,HK,1,0.7866550505161285
2024-09-28,ID,12,0.757919498208341
2024-09-28,JP,8,0.8517692818985112
2024-09-28,MO,1,0.9456056654453278
2024-09-28,MY,1,0.8944288641214371
2024-09-28,NP,1,0.7840885321299235
2024-09-28,PH,27,0.6833301792697047
2024-09-28,SG,1,0.8648256361484528
2024-09-28,TH,7,0.7515067634386418
2024-09-28,TW,5,0.7147138453523318
2024-09-28,US,7,0.7002169252968818
2024-09-28,VN,3,0.7456940779669416
2024-09-29,AU,1,0.5009694695472717
2024-09-29,BE,1,0.2513796389102936
2024-09-29,CA,1,0.962578296661377
2024-09-29,CH,1,0.9303496360778809
2024-09-29,CN,8,0.9080592865745226
2024-09-29,ES,1,0.5718019530177116
2024-09-29,GB,1,0.4221182664235433
2024-09-29,ID,7,0.8040935703804568
2024-09-29,JP,7,0.8435425773426727
2024-09-29,KH,1,0.32350345452626544
2024-09-29,KR,1,0.9781825542449951
2024-09-29,MO,1,0.8873619437217712
2024-09-29,MY,4,0.8134483162313699
2024-09-29,PH,20,0.7957490578844463
2024-09-29,QA,1,0.6714800298213959
2024-09-29,TH,12,0.8004055167988149
2024-09-29,TW,6,0.7680387657756608
2024-09-29,TZ,1,0.6935782730579376
2024-09-29,US,8,0.7197025418281555
2024-09-29,VN,5,0.8477781802415848
2024-09-30,CN,1,0.8676537275314331
2024-09-30,FR,2,0.889836923032999
2024-09-30,GB,2,0.4942584987729788
2024-09-30,JP,2,0.6523156464099884
2024-09-30,PH,6,0.8245951578848891
2024-09-30,SG,2,0.5312349703162909
2024-09-30,TH,6,0.6588188452380045
2024-09-30,TW,4,0.910519415522233
2024-09-30,US,1,0.782180905342102
2024-10-01,AE,1,0.5782331749796867
2024-10-01,BY,2,0.8830311477184296
2024-10-01,CN,3,0.5931433215737343
2024-10-01,FR,1,0.6411908989151319
2024-10-01,GB,4,0.8219173600276312
2024-10-01,ID,7,0.7375442524713681
2024-10-01,IE,1,0.9375295042991638
2024-10-01,JP,9,0.7538563762194822
2024-10-01,MY,1,0.44540809591611225
2024-10-01,NL,1,0.7971683144569397
2024-10-01,PE,1,0.6460976600646973
2024-10-01,PH,19,0.8783609812241105
2024-10-01,TH,10,0.7942706505954266
2024-10-01,TW,10,0.8605389824491881
2024-10-01,US,14,0.7809409770878062
2024-10-01,VN,3,0.879183312257131
2024-10-02,BE,2,0.7415354721489604
2024-10-02,CA,1,0.05522042140364647
2024-10-02,DE,2,0.7959514707326889
2024-10-02,GB,1,0.954096794128418
2024-10-02,ID,8,0.830958536626505
2024-10-02,IE,1,0.9299479722976685
2024-10-02,JP,4,0.6200935453109975
2024-10-02,LK,1,0.9640916585922241
2024-10-02,MO,1,0.47003415133804083
2024-10-02,PH,14,0.8219734903649185
2024-10-02,SG,3,0.5725809982930771
2024-10-02,TH,16,0.7531705422881836
2024-10-02,TW,10,0.749857930121851
2024-10-02,US,2,0.43666605403025943
2024-10-02,VN,1,0.9740337530771891
2024-10-03,BY,1,0.8674454092979431
2024-10-03,CN,2,0.8501986927456326
2024-10-03,DE,1,0.6113613843917847
2024-10-03,GB,2,0.4774157709272748
2024-10-03,ID,12,0.8078973782611424
2024-10-03,JP,5,0.9169980406761169
2024-10-03,KR,2,0.9224759562810263
2024-10-03,PH,11,0.8761259753805085
2024-10-03,SG,2,0.9317973560732209
2024-10-03,TH,16,0.8452786250525488
2024-10-03,TW,10,0.7561162102328074
2024-10-03,US,3,0.9311632112220481
2024-10-03,VN,2,0.6021128718741238
2024-10-04,AE,1,0.8873924414316813
2024-10-04,CN,2,0.7100599302599828
2024-10-04,DE,1,0.27058330581833917
2024-10-04,ES,1,0.9416001439094543
2024-10-04,FR,1,0.877784013748169
2024-10-04,GB,1,0.8065030097961425
2024-10-04,ID,14,0.8152027464321817
2024-10-04,JP,4,0.8135810919726888
2024-10-04,LK,1,0.9340629180272421
2024-10-04,MO,1,0.920965952532632
2024-10-04,MY,2,0.6701331547716455
2024-10-04,PH,12,0.821340463897854
2024-10-04,PK,1,0.829399511218071
2024-10-04,SA,1,0.9566352367401123
2024-10-04,SG,2,0.5274492827741177
2024-10-04,TH,15,0.8317547979188107
2024-10-04,TW,10,0.8038699922103929
2024-10-04,US,3,0.7469449196543012
2024-10-04,VN,1,0.8481589555740356
2024-10-05,BR,1,0.8906690031290054
2024-10-05,ID,5,0.8219645621875922
2024-10-05,JP,10,0.8110504299245074
2024-10-05,KH,1,0.2479582279920578
2024-10-05,KZ,1,0.6221952438354492
2024-10-05,LA,1,0.4803266879171133
2024-10-05,MO,2,0.7819703929126263
2024-10-05,MY,1,0.941052022576332
2024-10-05,NZ,1,0.6371434703469276
2024-10-05,PH,16,0.8523000606819741
2024-10-05,SG,3,0.6529458466482129
2024-10-05,TH,12,0.7896154415941545
2024-10-05,TW,6,0.8341388838233973
2024-10-05,US,6,0.722412200484957
2024-10-05,VN,3,0.6638106693824132
2024-10-06,CL,1,0.5478501245379448
2024-10-06,CN,1,0.9296310927186694
2024-10-06,GB,2,0.8667086576196281
2024-10-06,ID,14,0.8431072861513372
2024-10-06,JP,17,0.8020823124517451
2024-10-06,KR,1,0.7374863624572754
2024-10-06,LU,1,0.9522754748662313
2024-10-06,MY,2,0.9247015251053705
2024-10-06,NL,1,0.6717480160295963
2024-10-06,PH,23,0.8692948208846284
2024-10-06,TH,16,0.7770535718549715
2024-10-06,TW,6,0.8141876343361757
2024-10-06,US,5,0.6547081179109713
2024-10-06,ZA,1,0.9505853652954102
2024-10-07,AU,1,0.8537788987159729
2024-10-07,BY,2,0.9558920860290527
2024-10-07,CA,1,0.9453720251719157
2024-10-07,CN,1,0.8676537275314331
2024-10-07,FR,1,0.9423401256402334
2024-10-07,GB,2,0.9296316131949425
2024-10-07,ID,8,0.5500834047036719
2024-10-07,IE,1,0.8799729347229004
2024-10-07,JP,17,0.6827222485000912
2024-10-07,KH,1,0.7890757732093334
2024-10-07,KR,5,0.9279851287101655
2024-10-07,MO,1,0.4925484210252762
2024-10-07,MY,2,0.7248566746711731
2024-10-07,NZ,1,0.6696905295054117
2024-10-07,PH,29,0.8654616363492128
2024-10-07,PK,1,0.14545123279094696
2024-10-07,SG,1,0.9339580833911896
2024-10-07,TH,12,0.8176391878247147
2024-10-07,TW,6,0.8042910438878511
2024-10-07,US,9,0.7405546224549596
2024-10-07,VN,2,0.5814343987032771
2024-10-08,AE,2,0.7372501071542501
2024-10-08,BD,1,0.7773386140664419
2024-10-08,BY,1,0.2614990472793579
2024-10-08,CA,1,0.8503192961215973
2024-10-08,CN,3,0.8758665323257446
2024-10-08,FR,1,0.9264152646064758
2024-10-08,ID,7,0.8712535465047473
2024-10-08,JP,11,0.7760226193160136
2024-10-08,KR,1,0.9302305777867635
2024-10-08,KW,1,0.5419008731842041
2024-10-08,MO,1,0.9672278165817261
2024-10-08,MY,1,0.8527196049690247
2024-10-08,NO,2,0.6806288808584213
2024-10-08,NZ,1,0.8962809443473816
2024-10-08,PH,16,0.9220576220897898
2024-10-08,SG,4,0.8671848291016571
2024-10-08,TH,12,0.7970990264043931
2024-10-08,TW,3,0.7836971007513277
2024-10-08,US,8,0.7021275239553125
2024-10-08,VN,8,0.6707819386385381
2024-10-09,CA,1,0.5107259452342987
2024-10-09,CN,1,0.914833535750707
2024-10-09,GB,2,0.6711913977678006
2024-10-09,ID,2,0.891747617473205
2024-10-09,JP,5,0.8281413071685367
2024-10-09,KH,3,0.7251052973171075
2024-10-09,NO,1,0.7630107012732575
2024-10-09,PH,16,0.7829611898978887
2024-10-09,PL,1,0.08051994442939758
2024-10-09,SG,3,0.8618670619196362
2024-10-09,TH,14,0.6755703165501515
2024-10-09,TW,5,0.8340777285397053
2024-10-09,US,2,0.5913028344511986
2024-10-09,VN,3,0.45443386646608513
2024-10-10,AU,1,0.7622290849685669
2024-10-10,BY,1,0.9264675378799438
2024-10-10,DE,2,0.8804918547471364
2024-10-10,GB,3,0.603750842395756
2024-10-10,HK,4,0.8420872854825057
2024-10-10,ID,10,0.7627366676854802
2024-10-10,IT,1,0.9640719890594482
2024-10-10,JP,9,0.9123942557531795
2024-10-10,KH,1,0.8873804807662964
2024-10-10,KR,1,0.7885392904281616
2024-10-10,KW,1,0.8756086256768968
2024-10-10,MY,1,0.3429979607462883
2024-10-10,NZ,1,0.6473109647631645
2024-10-10,PH,21,0.8146230403126942
2024-10-10,PK,1,0.9161161184310913
2024-10-10,TH,12,0.7901562426032291
2024-10-10,TW,4,0.7494346656836569
2024-10-10,US,5,0.8988159447908401
2024-10-10,VN,2,0.6673942655324936
2024-10-11,AE,1,0.886975109577179
2024-10-11,GB,2,0.5242404867894948
2024-10-11,HU,1,0.9478879272937775
2024-10-11,ID,8,0.8345864279092186
2024-10-11,JP,4,0.7457009931380043
2024-10-11,KR,3,0.76689966814149
2024-10-11,LA,1,0.8933310508728027
2024-10-11,MO,2,0.8569281697273254
2024-10-11,MY,3,0.9260067608621386
2024-10-11,PH,18,0.7550373985796509
2024-10-11,SG,5,0.6290326784882281
2024-10-11,TH,13,0.8117274950854909
2024-10-11,TR,1,0.9277575016021729
2024-10-11,TW,7,0.8224269421345859
2024-10-11,US,5,0.7692538203795751
2024-10-11,VN,3,0.8911737865871854
2024-10-12,AR,1,0.9449633806943893
2024-10-12,FR,2,0.7998378425836563
2024-10-12,ID,8,0.8945729605089395
2024-10-12,JP,10,0.8724662690039139
2024-10-12,MM,1,0.9324631094932556
2024-10-12,MO,1,0.9071885347366333
2024-10-12,MY,1,0.7331821619617668
2024-10-12,PH,17,0.8719248155752818
2024-10-12,PL,1,0.8082891305287679
2024-10-12,SG,2,0.9407502015431721
2024-10-12,TH,22,0.8078244731491406
2024-10-12,TW,4,0.7355809714645147
2024-10-12,US,10,0.732116012411813
2024-10-13,BN,1,0.979167620340983
2024-10-13,CN,1,0.7741898256871435
2024-10-13,DE,1,0.5435486286878586
2024-10-13,ES,1,0.8127003345224592
2024-10-13,GB,2,0.5902018803530014
2024-10-13,HK,1,0.3443698585033417
2024-10-13,ID,12,0.7699326525131861
2024-10-13,JP,5,0.9349550326665244
2024-10-13,KR,1,0.2633298709988594
2024-10-13,MO,1,0.8942263126373291
2024-10-13,MY,2,0.7045746224621932
2024-10-13,PH,29,0.7633866343776013
2024-10-13,SE,1,0.7075169086456299
2024-10-13,SG,1,0.7510550916194916
2024-10-13,TH,14,0.7298383216114922
2024-10-13,TR,1,0.9336172342300415
2024-10-13,TW,4,0.9372239584724108
2024-10-13,US,9,0.7226447355416086
2024-10-13,VN,3,0.8488258322079977
2024-10-13,ZA,1,0.8268305659294128
2024-10-14,AE,1,0.8522414267063141
2024-10-14,BY,2,0.6035051047801971
2024-10-14,DK,1,0.8314533829689026
2024-10-14,GB,4,0.8857908360660076
2024-10-14,HK,1,0.07079946249723434
2024-10-14,HU,1,0.8343729972839355
2024-10-14,ID,12,0.8128178649445074
2024-10-14,JP,7,0.8863111297031502
2024-10-14,KE,1,0.8874456584453583
2024-10-14,KR,1,0.23724998533725739
2024-10-14,MO,2,0.5063795261085033
2024-10-14,NZ,1,0.6291519072320727
2024-10-14,PH,29,0.7627947570378546
2024-10-14,PL,1,0.9293116331100464
2024-10-14,SG,1,0.9048621654510498
2024-10-14,TH,15,0.7601873656631672
2024-10-14,TR,1,0.8161678314208984
2024-10-14,TW,9,0.7547317636233788
2024-10-14,US,6,0.8551251204270455
2024-10-14,VN,1,0.9767763316631317
2024-10-15,AE,2,0.9158800621827443
2024-10-15,CN,1,0.7624885764110972
2024-10-15,ES,1,0.9474093914031982
2024-10-15,GB,1,0.880532443523407
2024-10-15,HU,1,0.4891139684865872
2024-10-15,ID,7,0.8168280163691157
2024-10-15,JP,6,0.880325358774927
2024-10-15,KH,2,0.48396032489836216
2024-10-15,KR,4,0.8787314535843002
2024-10-15,MO,3,0.8831664003510639
2024-10-15,MY,1,0.7282967418432236
2024-10-15,PH,18,0.7740119366037996
2024-10-15,SG,3,0.5157556474401009
2024-10-15,TH,22,0.8351768435326978
2024-10-15,TW,9,0.6892986983278102
2024-10-15,US,6,0.8487277051640881
2024-10-15,VN,2,0.6737018078565598
2024-10-16,AE,1,0.8670035004615784
2024-10-16,AU,2,0.7184626292437315
2024-10-16,DE,2,0.4031302332878113
2024-10-16,FJ,1,0.9375649094581604
2024-10-16,GB,1,0.8640155792236328
2024-10-16,HK,2,0.8849707841873169
2024-10-16,ID,7,0.8099554474426576
2024-10-16,JP,6,0.7970253399164272
2024-10-16,KH,1,0.8354648947715759
2024-10-16,KR,1,0.9073178963631943
2024-10-16,MO,3,0.5442739731321732
2024-10-16,NL,1,0.9498630166053772
2024-10-16,NZ,1,0.7192555020252864
2024-10-16,PH,25,0.7522585018953634
2024-10-16,PK,1,0.8754386901855469
2024-10-16,SG,2,0.7498881369829178
2024-10-16,TH,21,0.792162706669634
2024-10-16,TW,6,0.6864739831088594
2024-10-16,US,5,0.8328493188960211
2024-10-17,AU,1,0.8704485080458901
2024-10-17,CA,1,0.878512978553772
2024-10-17,CN,1,0.9120569229125977
2024-10-17,GB,1,0.9019868075847626
2024-10-17,ID,13,0.7202210961084845
2024-10-17,JP,5,0.7712349138408899
2024-10-17,KH,1,0.9735801219940186
2024-10-17,MO,1,0.9205946574608485
2024-10-17,MY,2,0.9021111875772476
2024-10-17,PH,20,0.8512617976604842
2024-10-17,PR,1,0.9016958832740783
2024-10-17,RS,1,0.5673520565032959
2024-10-17,SG,2,0.819454995470076
2024-10-17,TH,19,0.7989922032838921
2024-10-17,TW,8,0.7984341859728807
2024-10-17,US,7,0.7758409919783527
2024-10-17,VN,1,0.6670422411213318
2024-10-18,AU,2,0.8534789259235065
2024-10-18,ES,1,0.5925884445508321
2024-10-18,GB,3,0.7193910789779491
2024-10-18,HK,2,0.36922536995261906
2024-10-18,HU,1,0.8494450449943542
2024-10-18,ID,10,0.837540646062957
2024-10-18,JP,5,0.7332359895183175
2024-10-18,KH,1,0.5938748121261597
2024-10-18,MM,1,0.9561821818351746
2024-10-18,MY,2,0.7822072990238667
2024-10-18,NL,1,0.9726399183273315
2024-10-18,PH,18,0.8090145796631629
2024-10-18,QA,1,0.9665629863739014
2024-10-18,SG,4,0.9251977528134981
2024-10-18,TH,22,0.7971365498586526
2024-10-18,TW,2,0.48769921929176363
2024-10-18,US,2,0.7642580852610991
2024-10-18,VN,3,0.7902744337916374
2024-10-19,AE,1,0.7611146668593088
2024-10-19,AU,1,0.9410014847914377
2024-10-19,BY,1,0.9228042364120483
2024-10-19,CA,1,0.8760508298873901
2024-10-19,GB,1,0.8754515051841736
2024-10-19,HU,1,0.8595643639564514
2024-10-19,ID,12,0.7989243092674138
2024-10-19,IE,1,0.8227756738662719
2024-10-19,JP,7,0.8824570341420079
2024-10-19,KH,2,0.8320342898368835
2024-10-19,KR,1,0.7467487752437592
2024-10-19,KZ,2,0.7873644990805577
2024-10-19,MO,2,0.6494629211516844
2024-10-19,MY,2,0.9569651608665783
2024-10-19,NZ,2,0.8652400970458984
2024-10-19,PH,11,0.9081301919512229
2024-10-19,SG,8,0.7813762623840692
2024-10-19,TH,17,0.7497516486480708
2024-10-19,TW,4,0.7380632300148993
2024-10-19,US,6,0.9231222799668709
2024-10-19,VN,1,0.581681102514267
2024-10-20,AE,1,0.878258228302002
2024-10-20,BY,1,0.7550722161928812
2024-10-20,CA,1,0.8724556267261505
2024-10-20,FI,1,0.9377358853816986
2024-10-20,FR,1,0.8010299404462179
2024-10-20,GB,1,0.7208042266693983
2024-10-20,HK,1,0.9645516872406006
2024-10-20,ID,13,0.7811092319603786
2024-10-20,JP,9,0.8781445932293696
2024-10-20,KR,1,0.4092743694782257
2024-10-20,MO,2,0.7563754239882756
2024-10-20,MY,2,0.9211456924676895
2024-10-20,PH,36,0.8100877905627101
2024-10-20,SG,4,0.8125546039525597
2024-10-20,TH,25,0.6825670961710432
2024-10-20,TW,6,0.8431808072038822
2024-10-20,US,4,0.810215026140213
2024-10-20,VN,1,0.8119711577892303
2024-10-21,AE,1,0.5786633491516113
2024-10-21,AR,1,0.8036373555660248
2024-10-21,AU,1,0.9118005434672037
2024-10-21,BW,1,0.8510296046733856
2024-10-21,BY,2,0.9345872193574906
2024-10-21,CA,1,0.29554947279393673
2024-10-21,CN,1,0.8311497370402018
2024-10-21,DE,2,0.9235109463334084
2024-10-21,ES,1,0.3337730293472608
2024-10-21,FR,1,0.3067249258359273
2024-10-21,GB,1,0.8332756236195564
2024-10-21,ID,14,0.7986872907033028
2024-10-21,IE,1,0.6346144080162048
2024-10-21,IT,2,0.8340809245904286
2024-10-21,JP,6,0.8614691451071175
2024-10-21,KH,1,0.9254335761070251
2024-10-21,KR,4,0.6356212738901377
2024-10-21,MO,2,0.40706985266879203
2024-10-21,MY,3,0.870346968786584
2024-10-21,NZ,1,0.7189823463559151
2024-10-21,PH,25,0.8417584030462508
2024-10-21,QA,1,0.9793423414230347
2024-10-21,SG,2,0.5105010457336903
2024-10-21,TH,45,0.8258880012743469
2024-10-21,TW,9,0.7453362295938725
2024-10-21,US,6,0.8019823365741305
2024-10-21,VN,1,0.3981155601019661
2024-10-22,AU,1,0.9323707392269915
2024-10-22,CA,1,0.9641081690788269
2024-10-22,DE,1,0.9416176676750183
2024-10-22,GB,1,0.6209218502044678
2024-10-22,HK,1,0.764017716050148
2024-10-22,ID,13,0.7981442292531331
2024-10-22,IT,1,0.6980185906092325
2024-10-22,JP,6,0.7738742498624506
2024-10-22,LA,1,0.9626253843307495
2024-10-22,MO,3,0.847859668597165
2024-10-22,MY,3,0.9338960264410292
2024-10-22,PH,16,0.7448732097131112
2024-10-22,SG,1,0.7345375219980875
2024-10-22,TH,26,0.7918611023657582
2024-10-22,TW,9,0.7953549917628062
2024-10-22,US,6,0.8646373032720066
2024-10-22,VN,2,0.7023418843746185
2024-10-23,AE,1,0.5629247824350992
2024-10-23,AU,1,0.20312026143074036
2024-10-23,CA,1,0.5394509851932525
2024-10-23,DE,3,0.844501127799352
2024-10-23,GB,4,0.8549702316522598
2024-10-23,HK,1,0.8814502060413361
2024-10-23,HU,1,0.8342849026554499
2024-10-23,ID,10,0.8235845215604002
2024-10-23,JP,7,0.8883206768088093
2024-10-23,KH,2,0.6280341164933311
2024-10-23,KR,1,0.948432288386605
2024-10-23,MO,1,0.9572942157586416
2024-10-23,MX,1,0.36376332119107246
2024-10-23,MY,1,0.9387439986069998
2024-10-23,PH,35,0.8709262786186514
2024-10-23,PK,1,0.12278491258621216
2024-10-23,QA,1,0.9586442708969116
2024-10-23,RO,1,0.9274346828460693
2024-10-23,SG,4,0.7423467669263939
2024-10-23,TH,18,0.844962662415634
2024-10-23,TW,10,0.750677514067083
2024-10-23,US,6,0.7543798356006542
2024-10-23,VN,4,0.8934193260967731
2024-10-24,GB,2,0.9341503083705902
2024-10-24,HK,1,0.8199992080529531
2024-10-24,ID,10,0.8273547085826145
2024-10-24,JP,9,0.8281304324544639
2024-10-24,KR,3,0.8919624984264374
2024-10-24,MM,1,0.9745224118232727
2024-10-24,MO,1,0.5345982201397419
2024-10-24,NP,1,0.978091299533844
2024-10-24,OM,1,0.9526984691619873
2024-10-24,PH,28,0.7201905265678487
2024-10-24,SG,3,0.6590361156397396
2024-10-24,TH,21,0.790041583247374
2024-10-24,TW,7,0.8032458579443319
2024-10-24,US,7,0.8864567387570329
2024-10-24,VN,1,0.6123804245144129
2024-10-25,CA,2,0.8610072937394891
2024-10-25,ES,2,0.9030994757733963
2024-10-25,FI,1,0.8788297772407532
2024-10-25,FR,2,0.8235991100470225
2024-10-25,GB,3,0.7917547008791376
2024-10-25,HK,1,0.8753073414166769
2024-10-25,ID,9,0.8021736378621573
2024-10-25,JP,8,0.8899482784844521
2024-10-25,KH,1,0.9426743447780609
2024-10-25,KR,2,0.7671088791555829
2024-10-25,PH,28,0.7766307855683324
2024-10-25,SG,3,0.5470506301149726
2024-10-25,TH,23,0.7068031104133716
2024-10-25,TW,9,0.6477535375298825
2024-10-25,US,7,0.7466872818413235
2024-10-25,VN,1,0.9292754828929901
2024-10-26,CA,1,0.38109521691997844
2024-10-26,CG,1,0.9705146749814352
2024-10-26,ES,1,0.5230434536933899
2024-10-26,GB,2,0.8625824010620515
2024-10-26,HK,2,0.9160682887345422
2024-10-26,ID,12,0.783975983886287
2024-10-26,JP,4,0.8610311345201292
2024-10-26,KR,1,0.6620499491691589
2024-10-26,LA,1,0.8096674084663391
2024-10-26,NL,1,0.4988488256931305
2024-10-26,PH,28,0.8262278570837467
2024-10-26,QA,1,0.819100677013439
2024-10-26,SG,2,0.6373489759862423
2024-10-26,TH,21,0.8247807228557191
2024-10-26,TW,5,0.6387028825282065
2024-10-26,US,8,0.8738000317988716
2024-10-26,VN,2,0.896718442440033
2024-10-27,AE,2,0.8966614305973053
2024-10-27,AU,1,0.693258598446846
2024-10-27,CA,2,0.6380237930764754
2024-10-27,ES,1,0.9215072318911552
2024-10-27,GB,1,0.8100179433822632
2024-10-27,ID,8,0.8959994694691092
2024-10-27,IT,1,0.886975109577179
2024-10-27,JP,5,0.8541202152122018
2024-10-27,MN,1,0.9240934252738953
2024-10-27,MO,3,0.7293259193085961
2024-10-27,PH,31,0.8017541490065229
2024-10-27,SG,2,0.8268033424392343
2024-10-27,TH,31,0.7926023642673443
2024-10-27,TW,7,0.8664556074853724
2024-10-27,US,6,0.777710651677464
2024-10-27,VN,1,0.8357331156730652
2024-10-28,BR,1,0.8710503429174423
2024-10-28,GB,1,0.9244665304819742
2024-10-28,HK,2,0.7635920842488606
2024-10-28,HU,1,0.9176763594150543
2024-10-28,ID,10,0.7182725672270098
2024-10-28,IT,1,0.9547784754208156
2024-10-28,JP,5,0.8888329066336155
2024-10-28,MO,2,0.9276240542531013
2024-10-28,MY,1,0.7630184888839722
2024-10-28,NP,1,0.8515620231628418
2024-10-28,PH,30,0.7843369911650666
2024-10-28,SG,3,0.6272731993110879
2024-10-28,TH,21,0.8312284444245487
2024-10-28,TW,5,0.822774729934977
2024-10-28,UA,1,0.8134432236353556
2024-10-28,US,4,0.6319228336215019
2024-10-28,VN,1,0.9355811029672623
2024-10-29,AE,2,0.7106763817783859
2024-10-29,BR,1,0.396370317786932
2024-10-29,CN,1,0.9674512147903442
2024-10-29,DE,1,0.7187857783532569
2024-10-29,GB,3,0.5859720077779559
2024-10-29,ID,10,0.7963048800442255
2024-10-29,IT,1,0.5600900948047638
2024-10-29,JP,6,0.8463059547739525
2024-10-29,KH,1,0.652895353911888
2024-10-29,KR,1,0.9094256818294525
2024-10-29,MO,1,0.6936996579170227
2024-10-29,MY,3,0.7151164141638825
2024-10-29,NL,2,0.722166121006012
2024-10-29,NZ,2,0.9096944332122803
2024-10-29,PH,18,0.8269522094630519
2024-10-29,SG,4,0.9236084843675295
2024-10-29,TH,26,0.8032629336581836
2024-10-29,TW,6,0.8642191356185962
2024-10-29,US,5,0.5676893927156925
2024-10-29,VN,3,0.8642196246871242
2024-10-30,AE,1,0.8699029833078384
2024-10-30,CA,1,0.8297803232368702
2024-10-30,CN,1,0.4376608307162921
2024-10-30,FR,1,0.5778483520261943
2024-10-30,GB,5,0.8505847111344338
2024-10-30,HK,2,0.8099922835826874
2024-10-30,ID,8,0.8726852004261066
2024-10-30,JP,15,0.8598701031538674
2024-10-30,MY,1,0.054949382320046425
2024-10-30,PH,17,0.7494699279656564
2024-10-30,RS,1,0.9398151728841994
2024-10-30,TH,18,0.7121383780187794
2024-10-30,TW,5,0.7532972213485811
2024-10-30,US,5,0.8305934529187102
2024-10-30,VN,1,0.9618774801492691
2024-10-31,AE,1,0.9065803289413452
2024-10-31,DK,1,0.5331279976027352
2024-10-31,GB,4,0.7678379512258938
2024-10-31,HK,1,0.9666662812232971
2024-10-31,ID,16,0.735404952648257
2024-10-31,JP,7,0.6883661753681748
2024-10-31,KR,1,0.9634509550200568
2024-10-31,KW,1,0.9471600145101547
2024-10-31,MY,1,0.9193633794784546
2024-10-31,NL,1,0.812170684337616
2024-10-31,NZ,1,0.862979531288147
2024-10-31,PH,28,0.8184296714338846
2024-10-31,PK,1,0.9487863183021545
2024-10-31,SG,3,0.9339266896247863
2024-10-31,TH,37,0.772616116593725
2024-10-31,TW,4,0.76497271421055
2024-10-31,US,3,0.7843970156930111
2024-11-01,BR,1,0.8816244825720787
2024-11-01,DE,2,0.8138289994427136
2024-11-01,FR,1,0.8853962421417236
2024-11-01,GB,1,0.939537525177002
2024-11-01,ID,12,0.7884225185078093
2024-11-01,JP,4,0.8647067505866289
2024-11-01,KH,2,0.4310715217143297
2024-11-01,KR,1,0.8527534604072571
2024-11-01,MY,1,0.9168080687522888
2024-11-01,NP,1,0.895345151424408
2024-11-01,PH,28,0.7765035226152796
2024-11-01,SA,1,0.9441866874694824
2024-11-01,SG,3,0.6301752649957225
2024-11-01,TH,19,0.878546851652063
2024-11-01,TW,5,0.6898630821953218
2024-11-01,US,4,0.5186969384085387
2024-11-01,VN,2,0.8705714121460915
2024-11-02,AU,1,0.8762922286987305
2024-11-02,BY,1,0.49742733538150785
2024-11-02,EC,1,0.721777985493342
2024-11-02,ES,1,0.8212929964065552
2024-11-02,FR,2,0.811521661778291
2024-11-02,HK,1,0.9645128548145294
2024-11-02,ID,13,0.7842321278964044
2024-11-02,IE,1,0.8462390204270681
2024-11-02,JP,5,0.8111266082542994
2024-11-02,KH,2,0.6865504467859864
2024-11-02,MA,1,0.8976588845252991
2024-11-02,MT,1,0.8845154345035553
2024-11-02,MY,1,0.9724744260311127
2024-11-02,NL,2,0.5704332934692502
2024-11-02,PH,27,0.7360207247433027
2024-11-02,SA,1,0.9555394053459167
2024-11-02,TH,22,0.8152353594528651
2024-11-02,TW,3,0.9303705586327448
2024-11-02,US,5,0.7069311344499389
2024-11-02,VN,4,0.6539947633605657
2024-11-03,AE,2,0.8976044744253159
2024-11-03,AU,1,0.5318370014429092
2024-11-03,BY,1,0.8841937780380249
2024-11-03,CA,1,0.8351272465661168
2024-11-03,CH,1,0.9368521571159363
2024-11-03,CZ,1,0.8968178530534109
2024-11-03,ES,1,0.8827506048338754
2024-11-03,GB,3,0.8294708968107662
2024-11-03,HK,1,0.845531702041626
2024-11-03,ID,12,0.7716505438012149
2024-11-03,JP,10,0.8814450037355398
2024-11-03,KH,1,0.9241635203361511
2024-11-03,MM,1,0.8311045368512472
2024-11-03,MO,1,0.7854678215725082
2024-11-03,MY,4,0.6363946343106883
2024-11-03,PH,22,0.8496125636092667
2024-11-03,SG,1,0.8485599420964718
2024-11-03,TH,23,0.8264316450968916
2024-11-03,TW,4,0.7150667757571986
2024-11-03,US,6,0.47666948225038747
2024-11-03,VN,2,0.8847204127482006
2024-11-04,AU,1,0.3870128393173218
2024-11-04,CA,1,0.9688016325235367
2024-11-04,CL,3,0.9408936655237561
2024-11-04,CY,1,0.6546824773152669
2024-11-04,FR,1,0.8228944250279002
2024-11-04,GB,1,0.9749703407287598
2024-11-04,ID,14,0.7787008523632201
2024-11-04,JP,8,0.8838116864368896
2024-11-04,KR,2,0.6752576527651399
2024-11-04,MO,1,0.8308994695544243
2024-11-04,PH,21,0.8398921092615885
2024-11-04,SG,4,0.6293470971286297
2024-11-04,TH,16,0.7711658705051782
2024-11-04,TW,11,0.8398002177331741
2024-11-04,US,9,0.705193233532532
2024-11-04,VN,1,0.9422413408756256
2024-11-05,AE,1,0.910513699054718
2024-11-05,BY,1,0.9249240756034851
2024-11-05,GB,1,0.9431546330451965
2024-11-05,HK,3,0.7204309975107511
2024-11-05,ID,12,0.8368086523265813
2024-11-05,JP,4,0.7901568803054008
2024-11-05,KH,1,0.8262535035610199
2024-11-05,LK,1,0.9377482533454895
2024-11-05,MY,1,0.8081790208816528
2024-11-05,NL,1,0.9445524215698242
2024-11-05,PH,28,0.8206084506869386
2024-11-05,RO,1,0.8840534090995789
2024-11-05,TH,25,0.783265259925384
2024-11-05,TW,12,0.791457252152245
2024-11-05,US,8,0.7873383037125071
2024-11-05,VN,1,0.7166273146867752
2024-11-06,AE,1,0.56324711907655
2024-11-06,BY,2,0.9409073548657554
2024-11-06,CN,1,0.9198511242866516
2024-11-06,DE,1,0.9433314800262451
2024-11-06,DK,1,0.9189248747295804
2024-11-06,GB,2,0.8083657971686786
2024-11-06,ID,11,0.7520188548595444
2024-11-06,JP,6,0.9134850177499984
2024-11-06,KR,1,0.7248397601975335
2024-11-06,KW,1,0.9801577925682068
2024-11-06,MM,1,0.9378001093864441
2024-11-06,MY,1,0.7810828029695484
2024-11-06,NZ,1,0.9678941488265991
2024-11-06,PH,19,0.8621199115185276
2024-11-06,SG,3,0.8989302929716579
2024-11-06,TH,32,0.8374925107751808
2024-11-06,TW,5,0.8706583983409736
2024-11-06,US,6,0.8298093645846367
2024-11-06,VN,4,0.9300541058182716
2024-11-07,AE,3,0.9375941648527428
2024-11-07,AL,1,0.9087302684783936
2024-11-07,BD,1,0.9297528862953186
2024-11-07,CN,1,0.6087690591812134
2024-11-07,FR,1,0.6692417630304893
2024-11-07,GB,5,0.7713385430268116
2024-11-07,HK,2,0.8648954518139362
2024-11-07,ID,10,0.8048524971620494
2024-11-07,JP,8,0.814742968151612
2024-11-07,KZ,1,0.9074545502662659
2024-11-07,NZ,1,0.9177953402201334
2024-11-07,PH,19,0.8271282100418599
2024-11-07,SG,4,0.7563877553679049
2024-11-07,TH,30,0.7620936395166502
2024-11-07,TW,6,0.8965891731163812
2024-11-07,US,9,0.8146311844664591
2024-11-07,VN,2,0.6747202207851741
2024-11-08,AE,1,0.8958501666784286
2024-11-08,ES,1,0.8037239788100123
2024-11-08,FJ,1,0.815184473991394
2024-11-08,GB,1,0.7863398256401221
2024-11-08,HK,2,0.7572688410679499
2024-11-08,ID,18,0.6922112225374969
2024-11-08,JP,14,0.8617220690539046
2024-11-08,KH,2,0.8731326262156169
2024-11-08,MO,1,0.8728973269462585
2024-11-08,NL,1,0.9133919179439545
2024-11-08,PH,26,0.7640667821862877
2024-11-08,SG,4,0.9009091268692697
2024-11-08,TH,16,0.7206251232433862
2024-11-08,TW,8,0.8044940997969687
2024-11-08,US,4,0.7696887240745127
2024-11-08,VN,1,0.5316221714019775
2024-11-08,ZA,1,0.9501838088035583
2024-11-09,AE,1,0.9316711783409118
2024-11-09,BD,1,0.9457181692123413
2024-11-09,BN,1,0.841637986200807
2024-11-09,CA,1,0.10555858165025711
2024-11-09,DE,1,0.9634860081057395
2024-11-09,FR,1,0.9300280809402466
2024-11-09,GB,2,0.8733712434768677
2024-11-09,ID,13,0.8162167522948629
2024-11-09,JP,5,0.9320489201731235
2024-11-09,KR,3,0.8916410963476441
2024-11-09,MY,1,0.6147981286048889
2024-11-09,NL,1,0.9110711812973022
2024-11-09,NP,1,0.8423602879047394
2024-11-09,PH,23,0.7962209298392657
2024-11-09,QA,1,0.7979062050580978
2024-11-09,SA,1,0.6477709462245306
2024-11-09,SG,2,0.6253838390111923
2024-11-09,TH,19,0.8580036038269497
2024-11-09,TW,5,0.8802941541780125
2024-11-09,US,5,0.7700569857369718
2024-11-09,VN,4,0.8654547609388828
2024-11-10,AE,1,0.9622708413336012
2024-11-10,AU,2,0.9099540412425995
2024-11-10,BD,1,0.6840623021125793
2024-11-10,BE,1,0.9709439277648926
2024-11-10,ES,1,0.7878822626339065
2024-11-10,FR,1,0.9672743901610374
2024-11-10,GB,1,0.9392606019973755
2024-11-10,ID,16,0.7711726355183003
2024-11-10,JP,10,0.8154317773186388
2024-11-10,KR,1,0.8059676703479555
2024-11-10,MO,1,0.8866256475448608
2024-11-10,MY,2,0.8572706969247923
2024-11-10,PH,33,0.8094286298429697
2024-11-10,SG,4,0.7549963546295961
2024-11-10,TH,27,0.8368922254484714
2024-11-10,TR,1,0.5292054302990437
2024-11-10,TW,5,0.5852139855424563
2024-11-10,US,5,0.8074444949626922
2024-11-10,VN,4,0.8150493274238848
2024-11-11,AU,1,0.5720832298199335
2024-11-11,BE,1,0.9552045464515686
2024-11-11,CN,1,0.7183060832321644
2024-11-11,DE,1,0.9414466619491577
2024-11-11,GB,4,0.7878050926244922
2024-11-11,ID,10,0.6247537474272151
2024-11-11,IT,1,0.9444128274917603
2024-11-11,JP,13,0.8043664035048622
2024-11-11,KH,1,0.8617411255836487
2024-11-11,KR,1,0.9114649573961894
2024-11-11,MO,3,0.833274265130361
2024-11-11,MX,1,0.9269024729728699
2024-11-11,MY,2,0.7925120691458385
2024-11-11,PH,21,0.7871447766584704
2024-11-11,SG,5,0.728511229051011
2024-11-11,TH,16,0.7750307120763013
2024-11-11,TW,4,0.843837739066586
2024-11-11,US,9,0.7731064940718637
2024-11-11,VN,4,0.9533416223667917
2024-11-12,GB,1,0.9420026540756226
2024-11-12,HK,1,0.942287802696228
2024-11-12,ID,21,0.797118762758816
2024-11-12,JP,4,0.6600246069331963
2024-11-12,KR,2,0.8764175735414028
2024-11-12,MO,3,0.8353178095782088
2024-11-12,NO,1,0.7496142983436584
2024-11-12,NZ,1,0.7175320287545522
2024-11-12,PH,28,0.8011606555866593
2024-11-12,QA,1,0.6699759614254747
2024-11-12,SE,1,0.8889922323050323
2024-11-12,SG,4,0.6417460029846743
2024-11-12,TH,25,0.7728219054998223
2024-11-12,TW,2,0.46654035337269306
2024-11-12,US,3,0.5567331535534726
2024-11-12,VN,7,0.6357130301184952
2024-11-13,AL,1,0.8686027328173319
2024-11-13,CA,1,0.4186605215072632
2024-11-13,CN,1,0.8284432888031006
2024-11-13,DE,2,0.44914016872644424
2024-11-13,DK,1,0.9075845181941986
2024-11-13,ES,1,0.24004264920949936
2024-11-13,GB,3,0.7310226133300198
2024-11-13,HK,1,0.3559785507619381
2024-11-13,ID,11,0.7821910879151388
2024-11-13,JP,7,0.7854564836514848
2024-11-13,KH,1,0.7873601317405701
2024-11-13,KR,2,0.9261329573663799
2024-11-13,MY,4,0.6241636681370437
2024-11-13,NL,1,0.9628952741622925
2024-11-13,PH,23,0.7873717129451865
2024-11-13,RS,1,0.8891330659389496
2024-11-13,SG,3,0.7936802625656129
2024-11-13,TH,21,0.8086230901783243
2024-11-13,TW,6,0.8213248251669222
2024-11-13,US,9,0.7958011418856956
2024-11-13,VN,2,0.8503058315254748
2024-11-14,AE,1,0.7404972538352013
2024-11-14,CA,1,0.5605408698320389
2024-11-14,CN,1,0.726220123356942
2024-11-14,GB,1,0.9385226964950562
2024-11-14,ID,16,0.8550174466829121
2024-11-14,IN,1,0.8003044873476028
2024-11-14,JP,3,0.8630144286614199
2024-11-14,MM,1,0.9704633355140686
2024-11-14,MO,3,0.9172353297472
2024-11-14,MY,3,0.6605618856847286
2024-11-14,NZ,1,0.9734586328268051
2024-11-14,PE,1,0.966202845176061
2024-11-14,PH,19,0.7823535891580375
2024-11-14,SG,6,0.9193092889192268
2024-11-14,TH,23,0.7524027917154186
2024-11-14,TW,5,0.8552803837507963
2024-11-14,US,7,0.7286120350132622
2024-11-14,VN,5,0.8225778969625631
2024-11-15,AU,2,0.908225072754754
2024-11-15,CA,1,0.9146698117256165
2024-11-15,ES,1,0.6526204347610474
2024-11-15,GB,2,0.9589991122484207
2024-11-15,ID,7,0.766935112948219
2024-11-15,JP,5,0.9134576735231612
2024-11-15,KR,1,0.9633369445800781
2024-11-15,MM,1,0.7066712975502014
2024-11-15,MO,1,0.8848320841789246
2024-11-15,MY,3,0.571609915047884
2024-11-15,PH,20,0.8601948558246232
2024-11-15,QA,2,0.8959067016839981
2024-11-15,SG,5,0.8151231978975592
2024-11-15,TH,26,0.7728906622971834
2024-11-15,TW,2,0.5866153538227081
2024-11-15,US,6,0.7905544049636107
2024-11-15,VN,1,0.7583854034543037
2024-11-16,AE,1,0.031248461455106735
2024-11-16,AR,1,0.8126471638679504
2024-11-16,AU,1,0.6002376433461905
2024-11-16,CA,1,0.01552316639572382
2024-11-16,CH,1,0.9594568312168121
2024-11-16,CO,1,0.9287188053131104
2024-11-16,FJ,1,0.7747418287964095
2024-11-16,GB,3,0.7725494205951691
2024-11-16,GE,1,0.4613629877567291
2024-11-16,ID,8,0.6746398045086406
2024-11-16,JP,7,0.6979046116982187
2024-11-16,KR,1,0.8085220812095536
2024-11-16,MO,1,0.9131542965769768
2024-11-16,MX,1,0.9476856191953024
2024-11-16,MY,3,0.7171677350997925
2024-11-16,PH,18,0.7305954448920393
2024-11-16,SG,5,0.7309535152170861
2024-11-16,TH,22,0.7503607546149996
2024-11-16,TW,4,0.8152153409417078
2024-11-16,US,8,0.8363914211458039
2024-11-16,VN,1,0.6074406504631042
2024-11-17,AR,1,0.7986653447151184
2024-11-17,AU,1,0.718138724565506
2024-11-17,BE,1,0.8716184496879578
2024-11-17,BR,1,0.9135760813951492
2024-11-17,CA,2,0.5332920141518116
2024-11-17,ES,1,0.8946585853894552
2024-11-17,HK,1,0.933500811457634
2024-11-17,ID,13,0.7571904091735203
2024-11-17,JP,12,0.908157483269742
2024-11-17,KH,1,0.9296947826038707
2024-11-17,KR,1,0.4812462031841278
2024-11-17,MY,3,0.8543687644932004
2024-11-17,NL,1,0.961920420328776
2024-11-17,PH,27,0.7934536434438649
2024-11-17,PK,1,0.6355726119751732
2024-11-17,QA,1,0.8518498639265696
2024-11-17,SA,1,0.9588858604431152
2024-11-17,SG,3,0.8501207409081636
2024-11-17,TH,21,0.7611854071105891
2024-11-17,TW,4,0.8742958294848601
2024-11-17,US,3,0.8963674902915955
2024-11-18,BE,1,0.9557043313980103
2024-11-18,CN,2,0.8656669735908509
2024-11-18,DE,1,0.8490325510501862
2024-11-18,FR,1,0.7718875408172607
2024-11-18,GB,2,0.785173577212152
2024-11-18,HK,1,0.9325564801692963
2024-11-18,ID,10,0.8520093978982832
2024-11-18,IT,1,0.3176988363265991
2024-11-18,JP,7,0.7863121978860331
2024-11-18,MO,2,0.8669209281603496
2024-11-18,MX,1,0.7493776366114616
2024-11-18,MY,2,0.8970305919647217
2024-11-18,NZ,1,0.8879207372665405
2024-11-18,PH,19,0.8905106215329285
2024-11-18,SG,1,0.9252387881278992
2024-11-18,TH,17,0.6508500239720532
2024-11-18,TW,6,0.763000242175564
2024-11-18,US,10,0.8571045270990284
2024-11-18,VN,2,0.6375819548136659
2024-11-18,ZA,1,0.9115886569023133
2024-11-19,AE,4,0.9292762792772717
2024-11-19,AU,1,0.7346998474427632
2024-11-19,BY,1,0.09462612122297287
2024-11-19,CA,1,0.927311638991038
2024-11-19,CN,1,0.6840930581092834
2024-11-19,DE,1,0.3999559134244919
2024-11-19,FR,1,0.9290221287653997
2024-11-19,GB,3,0.5564988613542583
2024-11-19,HK,1,0.5779616882403692
2024-11-19,ID,14,0.693495768346336
2024-11-19,JP,13,0.822424883427625
2024-11-19,MO,1,0.6876157564776284
2024-11-19,MX,1,0.04431311786174774
2024-11-19,MY,1,0.9146472811698914
2024-11-19,PH,32,0.7597348100173114
2024-11-19,RO,1,0.9209577441215515
2024-11-19,SG,6,0.6273924804085659
2024-11-19,TH,36,0.827925092031736
2024-11-19,TW,7,0.7440083223749839
2024-11-19,US,7,0.7678224690376767
2024-11-19,VN,5,0.7450777331367135
2024-11-20,BE,1,0.5506052523851395
2024-11-20,BY,1,0.05700215883553028
2024-11-20,FR,1,0.8975419998168945
2024-11-20,GB,2,0.5744489391023915
2024-11-20,ID,6,0.7451085506391432
2024-11-20,IE,1,0.4098747543990612
2024-11-20,JP,5,0.7848937698772975
2024-11-20,LA,1,0.5148555735747019
2024-11-20,MO,2,0.5843272544443607
2024-11-20,MY,1,0.9601738452911377
2024-11-20,NG,1,0.951524019241333
2024-11-20,PH,27,0.8606301908847915
2024-11-20,PL,1,0.7441460836368303
2024-11-20,SG,3,0.6601692461649563
2024-11-20,SI,1,0.44111584685742855
2024-11-20,TH,21,0.816279102368681
2024-11-20,TW,3,0.7198763539393743
2024-11-20,US,8,0.7929240862114562
2024-11-20,VN,2,0.7475255313329399
2024-11-21,AE,2,0.6828269490864701
2024-11-21,AU,1,0.7272509932518005
2024-11-21,BR,1,0.975309431552887
2024-11-21,BY,1,0.35539904112617177
2024-11-21,CH,1,0.9368561506271362
2024-11-21,HK,1,0.671044111251831
2024-11-21,HU,1,0.8731113430999574
2024-11-21,ID,7,0.7413973991875087
2024-11-21,IT,1,0.9381390511989594
2024-11-21,JP,3,0.7955033637228466
2024-11-21,KR,1,0.9487226009368896
2024-11-21,MX,1,0.9218647678693136
2024-11-21,MY,1,0.906868040561676
2024-11-21,PH,27,0.7512102130958054
2024-11-21,SG,5,0.7167391001445871
2024-11-21,TH,20,0.7903328394232261
2024-11-21,TW,3,0.7369788432286845
2024-11-21,US,6,0.8960288852219169
2024-11-21,VN,5,0.7463604274605002
2024-11-22,AE,1,0.9637508392333984
2024-11-22,AU,2,0.9721129238605499
2024-11-22,DE,1,0.8866431713104248
2024-11-22,HK,1,0.9261542061964672
2024-11-22,ID,9,0.7172701580458054
2024-11-22,JP,8,0.8990147754740478
2024-11-22,KR,1,0.9300267696380615
2024-11-22,MO,1,0.8208872278531393
2024-11-22,MY,1,0.8598262624006079
2024-11-22,PH,32,0.8124397400877861
2024-11-22,SG,2,0.7041443987084286
2024-11-22,TH,27,0.7528872076202734
2024-11-22,TW,2,0.33953031501732767
2024-11-22,US,2,0.6385646955420574
2024-11-22,VN,4,0.5542863624791304
2024-11-23,AE,2,0.8569966797475461
2024-11-23,AT,1,0.7745667099952698
2024-11-23,GB,2,0.7512617111206055
2024-11-23,ID,11,0.6141005152977551
2024-11-23,JP,5,0.6853154710883445
2024-11-23,KH,1,0.966606855392456
2024-11-23,KR,1,0.9076770320534706
2024-11-23,LA,3,0.9164031661219068
2024-11-23,MO,1,0.8639587263266245
2024-11-23,NZ,1,0.9158310890197754
2024-11-23,PH,17,0.7782479193670299
2024-11-23,SG,3,0.6417857066118792
2024-11-23,TH,22,0.7991827424046146
2024-11-23,TW,3,0.7518015604121265
2024-11-23,US,6,0.8340424698575464
2024-11-23,VN,5,0.6294991503445766
2024-11-24,AE,1,0.9314049482345581
2024-11-24,CA,1,0.8551093339920044
2024-11-24,GB,3,0.6781471284727255
2024-11-24,ID,9,0.7989144749336956
2024-11-24,IL,1,0.9455670118331909
2024-11-24,IT,1,0.7806722316890955
2024-11-24,JP,7,0.8813654744908923
2024-11-24,KR,2,0.7568381544616487
2024-11-24,MO,5,0.9061132215915766
2024-11-24,NZ,1,0.9189928591251374
2024-11-24,PH,26,0.7738532881129567
2024-11-24,SG,5,0.7422321655565784
2024-11-24,TH,18,0.8003940896812216
2024-11-24,TT,1,0.9560263156890869
2024-11-24,TW,1,0.44167434982955456
2024-11-24,US,3,0.36632037803927364
2024-11-24,VN,5,0.6500618681311607
2024-11-25,AE,1,0.9683004319667816
2024-11-25,AU,1,0.9487046599388123
2024-11-25,EC,1,0.8241922326504237
2024-11-25,EG,1,0.7980716037361518
2024-11-25,GB,3,0.8608741362889608
2024-11-25,ID,8,0.7649732337022821
2024-11-25,JP,5,0.8829241772492727
2024-11-25,KR,1,0.46846436709165573
2024-11-25,MY,1,0.522362108528614
2024-11-25,NZ,2,0.7280463694594801
2024-11-25,PH,20,0.7463129420354364
2024-11-25,SG,3,0.8805927768331454
2024-11-25,TH,31,0.8280815324125044
2024-11-25,TW,6,0.7994978448274078
2024-11-25,US,5,0.6214503920637071
2024-11-25,VN,4,0.8192756544798613
2024-11-26,AU,3,0.699143373830752
2024-11-26,BE,1,0.5021604597568512
2024-11-26,BN,1,0.9329516887664795
2024-11-26,FR,2,0.9223327010869979
2024-11-26,GB,2,0.8965079555908839
2024-11-26,HK,2,0.8935337315003078
2024-11-26,ID,16,0.6981642276203881
2024-11-26,JP,5,0.8199467947085699
2024-11-26,KH,1,0.9472983479499817
2024-11-26,KR,1,0.17055225372314453
2024-11-26,MO,2,0.41698008179664614
2024-11-26,MY,1,0.8986955881118774
2024-11-26,PH,21,0.8145235160635342
2024-11-26,PK,1,0.3663206696510315
2024-11-26,SG,5,0.8774515299073743
2024-11-26,TH,31,0.8315195132693672
2024-11-26,TW,2,0.9217604361474514
2024-11-26,US,5,0.7174933387587468
2024-11-26,VN,3,0.9292462611639941
2024-11-27,AE,2,0.5311257156232994
2024-11-27,AU,2,0.4645528494380414
2024-11-27,BR,1,0.384606271982193
2024-11-27,BY,1,0.9519444704055786
2024-11-27,CA,1,0.032032813876867294
2024-11-27,ID,11,0.7808059279472281
2024-11-27,JP,4,0.8690035654852788
2024-11-27,KR,2,0.8661214510599772
2024-11-27,LA,1,0.8849067986011505
2024-11-27,MX,1,0.9233046770095825
2024-11-27,MY,3,0.6246593591239717
2024-11-27,NL,1,0.8862539397419564
2024-11-27,PH,24,0.8083666680030808
2024-11-27,SG,2,0.6471696211542521
2024-11-27,TH,30,0.7957021395028168
2024-11-27,TW,11,0.8894912542172999
2024-11-27,US,4,0.8542992118450384
2024-11-27,VN,1,0.28900545835494995
2024-11-28,AE,1,0.5048443600535393
2024-11-28,AU,1,0.6762532100633338
2024-11-28,BH,1,0.9284615740180016
2024-11-28,CA,1,0.5842588739469647
2024-11-28,CO,1,0.6746656814856189
2024-11-28,DE,2,0.7816705220275455
2024-11-28,GB,1,0.9437538385391235
2024-11-28,HK,1,0.73090860247612
2024-11-28,ID,9,0.7965149321386383
2024-11-28,JP,7,0.865939490822336
2024-11-28,KH,1,0.6726427599787712
2024-11-28,KR,1,0.9051502048969269
2024-11-28,MM,1,0.9633200466632843
2024-11-28,MY,1,0.885786235332489
2024-11-28,NL,1,0.9413779973983765
2024-11-28,PH,20,0.8399091986604479
2024-11-28,QA,1,0.894803159766727
2024-11-28,SG,1,0.7874162594477335
2024-11-28,TH,26,0.7874340624614828
2024-11-28,TW,6,0.8133555508322186
2024-11-28,US,3,0.7166795162927536
2024-11-28,VN,3,0.8765353180645477
2024-11-28,ZA,1,0.9202491574817233
2024-11-29,AE,1,0.8640780448913574
2024-11-29,AU,1,0.9367486039797465
2024-11-29,BH,1,0.9513896703720093
2024-11-29,GB,3,0.6836861868699392
2024-11-29,HK,1,0.8551116983095806
2024-11-29,ID,9,0.8437765712956814
2024-11-29,JP,5,0.9318401308861155
2024-11-29,KH,1,0.9623811841011047
2024-11-29,MM,2,0.8171507318814595
2024-11-29,MX,1,0.9209254781405131
2024-11-29,MY,3,0.6106343026459217
2024-11-29,PH,30,0.7361448171641645
2024-11-29,QA,1,0.9711100260416666
2024-11-29,SG,3,0.9294597638977898
2024-11-29,TH,20,0.8238606274338105
2024-11-29,TW,6,0.877917601518264
2024-11-29,US,2,0.4758378714323044
2024-11-30,BR,1,0.9485145807266235
2024-11-30,CA,1,0.946031669775645
2024-11-30,HK,1,0.6962582170963287
2024-11-30,ID,7,0.6950977059347289
2024-11-30,IT,1,0.8648192882537842
2024-11-30,JP,8,0.8946557629274523
2024-11-30,MX,1,0.905937852418941
2024-11-30,MY,1,0.8889862149953842
2024-11-30,NL,1,0.7268914580345154
2024-11-30,PH,33,0.7969231174131725
2024-11-30,SG,4,0.7589881128321091
2024-11-30,TH,21,0.7879751775392053
2024-11-30,TW,7,0.9272339922415761
2024-11-30,US,6,0.7304406360619597
2024-11-30,VN,2,0.962800670415163
2024-12-01,AE,2,0.7075386494398117
2024-12-01,AU,1,0.8952631771564483
2024-12-01,BN,1,0.78193149715662
2024-12-01,BY,2,0.4793448634445667
2024-12-01,CA,1,0.42991840839385986
2024-12-01,CN,1,0.9278743712675004
2024-12-01,FR,2,0.8375966231028239
2024-12-01,GB,1,0.9810132384300232
2024-12-01,HK,1,0.969768837094307
2024-12-01,ID,12,0.8580038551349344
2024-12-01,IT,1,0.9206009656190872
2024-12-01,JP,6,0.8535458178828574
2024-12-01,LA,2,0.7599527041117351
2024-12-01,LV,1,0.9524369835853577
2024-12-01,MY,3,0.74075634446409
2024-12-01,PH,33,0.8528510292195265
2024-12-01,SG,9,0.9086648603694307
2024-12-01,TH,22,0.8243675030756321
2024-12-01,TW,4,0.9184048212101233
2024-12-01,US,6,0.6426678241051809
2024-12-01,VN,3,0.9545590008062029
2024-12-02,AE,1,0.9449087094377587
2024-12-02,AU,2,0.9137197397649288
2024-12-02,BY,4,0.607686112013956
2024-12-02,GB,2,0.7743991136550903
2024-12-02,HK,1,0.9064892530441284
2024-12-02,ID,17,0.8769517521152026
2024-12-02,JP,3,0.8906608356369866
2024-12-02,KR,2,0.8360414852698643
2024-12-02,LA,1,0.8139079660177231
2024-12-02,MO,6,0.7282405565764577
2024-12-02,MX,1,0.9573382139205933
2024-12-02,MY,5,0.854611000418663
2024-12-02,PH,28,0.8090819352736673
2024-12-02,SG,5,0.9107058113698093
2024-12-02,TH,22,0.7748339193782577
2024-12-02,TW,5,0.8908412343060326
2024-12-02,US,11,0.8895292666373831
2024-12-02,VN,5,0.7563248653733541
2024-12-03,AU,1,0.9381499555375842
2024-12-03,BY,1,0.982664167881012
2024-12-03,ET,1,0.9044466912746429
2024-12-03,FI,1,0.9399400949478149
2024-12-03,ID,20,0.7871816436680621
2024-12-03,JP,7,0.8354703940603198
2024-12-03,KR,1,0.4895181891042739
2024-12-03,MO,3,0.9085843977000979
2024-12-03,MY,2,0.7343447124585509
2024-12-03,NL,1,0.9111399322748184
2024-12-03,PH,38,0.8641802615202007
2024-12-03,SA,1,0.9765588045120239
2024-12-03,SG,10,0.7037920544976158
2024-12-03,TH,28,0.7671216120158719
2024-12-03,TW,6,0.663063787544767
2024-12-03,US,5,0.8283601232098811
2024-12-03,VN,5,0.7586456793404761
2024-12-04,CA,1,0.8152481317520142
2024-12-04,DE,1,0.9186866879463196
2024-12-04,FR,1,0.8696436773646962
2024-12-04,HK,1,0.7099043428897858
2024-12-04,ID,15,0.7746739721698879
2024-12-04,JP,8,0.8440010217163945
2024-12-04,KH,1,0.05718299001455307
2024-12-04,KR,3,0.8965045577949948
2024-12-04,KZ,1,0.17797867953777313
2024-12-04,MM,1,0.9678731799125672
2024-12-04,MO,2,0.46635549515485764
2024-12-04,MY,4,0.7040022543853238
2024-12-04,NL,1,0.5294217467308044
2024-12-04,NP,1,0.8590245246887207
2024-12-04,PH,26,0.7942545283019806
2024-12-04,SA,2,0.9289527641875404
2024-12-04,SG,2,0.8655722601847216
2024-12-04,TH,20,0.8413890318017139
2024-12-04,TW,1,0.898058232333925
2024-12-04,US,6,0.9487896801364109
2024-12-04,VN,3,0.7680275324318143
2024-12-05,AU,2,0.775001086294651
2024-12-05,BG,1,0.9023668766021729
2024-12-05,CN,1,0.9655004143714905
2024-12-05,GB,1,0.8695360251835415
2024-12-05,ID,8,0.8922939095646143
2024-12-05,JP,7,0.9060581915671863
2024-12-05,KH,1,0.8705163598060608
2024-12-05,MO,1,0.932166850566864
2024-12-05,MU,1,0.8466977179050446
2024-12-05,MV,1,0.7824132906066047
2024-12-05,MY,1,0.9427331260272435
2024-12-05,NL,2,0.847388356924057
2024-12-05,PH,34,0.8122111511813263
2024-12-05,SG,3,0.7296126807729403
2024-12-05,TH,29,0.8206401142086294
2024-12-05,TW,8,0.7890068684116398
2024-12-05,US,7,0.866764345623198
2024-12-05,VN,6,0.8393850700013221
2024-12-06,AU,1,0.9146286249160767
2024-12-06,BY,1,0.6027442812919617
2024-12-06,DO,1,0.48274877294898033
2024-12-06,ES,1,0.8147374987602234
2024-12-06,ET,1,0.9645121097564697
2024-12-06,GB,1,0.9691093266010284
2024-12-06,GU,1,0.9339647591114044
2024-12-06,HK,1,0.559985206595489
2024-12-06,ID,9,0.8411551214468779
2024-12-06,JP,14,0.8793632713869172
2024-12-06,KR,4,0.8409513394392671
2024-12-06,MM,1,0.6871216297149658
2024-12-06,MY,3,0.8930946588516235
2024-12-06,PH,24,0.8275501937546309
2024-12-06,SG,4,0.6419577445568783
2024-12-06,TH,21,0.8126227742452993
2024-12-06,TW,3,0.7549495638037721
2024-12-06,US,2,0.8916310568650563
2024-12-06,VN,2,0.7823450565338135
2024-12-06,ZA,6,0.9358641058206558
2024-12-07,AU,1,0.30781471729278564
2024-12-07,DE,1,0.9272889494895935
2024-12-07,ES,1,0.8180289268493652
2024-12-07,GB,2,0.7755172550678253
2024-12-07,ID,17,0.8573654179805418
2024-12-07,JP,10,0.8872475032805509
2024-12-07,KH,2,0.9544822701386043
2024-12-07,KR,1,0.934366782506307
2024-12-07,MY,3,0.7284089912556939
2024-12-07,PH,25,0.8434931501733236
2024-12-07,PW,1,0.4819266574146847
2024-12-07,SG,6,0.7720168914647086
2024-12-07,TH,25,0.8499834477742689
2024-12-07,TW,4,0.9081756049394607
2024-12-07,US,4,0.9250208802521229
2024-12-07,VN,5,0.8328540927438055
2024-12-07,ZA,3,0.947495623713448
2024-12-08,AE,1,0.9745471104979515
2024-12-08,AU,2,0.8215581595897674
2024-12-08,BN,1,0.5785882100462914
2024-12-08,BY,3,0.73217658046633
2024-12-08,DE,2,0.6424618610180914
2024-12-08,ES,1,0.7439326047897339
2024-12-08,FR,1,0.5096584940329194
2024-12-08,GB,1,0.949159038066864
2024-12-08,HK,2,0.8616833556443453
2024-12-08,ID,26,0.8336926425613076
2024-12-08,JP,8,0.8799147129631213
2024-12-08,KH,2,0.8262479901313782
2024-12-08,KR,2,0.8591307699680328
2024-12-08,KW,1,0.8740965276956558
2024-12-08,LA,1,0.7526164501905441
2024-12-08,MA,1,0.4519329071044922
2024-12-08,MX,1,0.8510631918907166
2024-12-08,MY,5,0.813908891280492
2024-12-08,NL,2,0.9142506768486717
2024-12-08,NZ,1,0.9644081592559814
2024-12-08,PG,1,0.0173651035875082
2024-12-08,PH,29,0.8385353184576066
2024-12-08,PK,1,0.9579111536343893
2024-12-08,PW,1,0.4949344089254737
2024-12-08,SG,2,0.8473775180486532
2024-12-08,TH,33,0.832177250197716
2024-12-08,TR,1,0.8624548614025116
2024-12-08,TW,4,0.934825100004673
2024-12-08,US,5,0.8307987177322309
2024-12-08,VN,2,0.6369588449597359
2024-12-09,AE,1,0.9271341443061829
2024-12-09,BY,1,0.35160361292461556
2024-12-09,GB,4,0.9140268930130535
2024-12-09,ID,14,0.8001585884343209
2024-12-09,JP,5,0.9256306219100953
2024-12-09,MV,1,0.9107353091239929
2024-12-09,MX,1,0.942203614446852
2024-12-09,PH,25,0.8345646307588658
2024-12-09,PK,1,0.9257369637489319
2024-12-09,SG,2,0.7877621452013652
2024-12-09,TH,28,0.8868070450234044
2024-12-09,TW,3,0.8805255716497248
2024-12-09,US,8,0.6183742206055849
2024-12-09,VN,2,0.6583374515175819
2024-12-10,AU,3,0.6316432108481725
2024-12-10,BY,2,0.7432779550552369
2024-12-10,CN,2,0.5948877856135368
2024-12-10,ES,1,0.01787314936518669
2024-12-10,GB,1,0.6793587803840637
2024-12-10,GR,1,0.9555491209030151
2024-12-10,HK,1,0.9676405191421509
2024-12-10,ID,24,0.7673877331335838
2024-12-10,IT,1,0.6112087871879339
2024-12-10,JP,8,0.9091719765724107
2024-12-10,LA,1,0.872649073600769
2024-12-10,MY,3,0.73785534216298
2024-12-10,NL,1,0.8361911773681641
2024-12-10,PH,21,0.9160091103227049
2024-12-10,PK,2,0.9366355538368225
2024-12-10,RS,1,0.8048855066299438
2024-12-10,SG,2,0.8540658509697426
2024-12-10,TH,24,0.8416215308299839
2024-12-10,TW,2,0.9490868690468016
2024-12-10,US,4,0.6970163678504631
2024-12-10,VN,3,0.7806982295587659
2024-12-10,ZA,5,0.9649172360013271
2024-12-11,AE,1,0.9379712748030822
2024-12-11,AR,1,0.9750033318996429
2024-12-11,AU,1,0.8566087633371353
2024-12-11,AZ,1,0.9143093228340149
2024-12-11,CA,1,0.3671269901096821
2024-12-11,DE,1,0.42492735385894775
2024-12-11,DK,1,0.9527518153190613
2024-12-11,ES,1,0.9466633200645447
2024-12-11,GB,3,0.6520692474312253
2024-12-11,HK,2,0.9417105112412962
2024-12-11,ID,15,0.7838494130828315
2024-12-11,JP,7,0.7549095112593874
2024-12-11,KR,3,0.6069247492899498
2024-12-11,MX,1,0.9607384204864502
2024-12-11,MY,2,0.9533675474425156
2024-12-11,NL,2,0.8970302326811685
2024-12-11,NZ,1,0.8123514652252197
2024-12-11,PH,32,0.7692717249845478
2024-12-11,SE,1,0.7157090827822685
2024-12-11,SG,8,0.6530690792565926
2024-12-11,TH,23,0.835778773141089
2024-12-11,TW,2,0.9317619800567627
2024-12-11,UA,1,0.7722310473521551
2024-12-11,US,3,0.7843746800013264
2024-12-11,VN,2,0.923006221652031
2024-12-12,AE,1,0.828935550920891
2024-12-12,AU,1,0.9124619960784912
2024-12-12,CA,1,0.8646706342697144
2024-12-12,DZ,1,0.6760954260826111
2024-12-12,ES,1,0.9609977602958679
2024-12-12,GB,2,0.9328078925609589
2024-12-12,ID,22,0.8376516679372432
2024-12-12,JP,7,0.9202663758579567
2024-12-12,KR,1,0.9404675960540771
2024-12-12,MY,3,0.9283692746451407
2024-12-12,NL,2,0.9376540556550026
2024-12-12,PE,1,0.9542810916900635
2024-12-12,PH,22,0.876257444609843
2024-12-12,PL,1,0.87477046251297
2024-12-12,SG,3,0.9491090164692313
2024-12-12,TH,20,0.8537590068394069
2024-12-12,TW,2,0.7533540651202202
2024-12-12,US,4,0.6130436938256025
2024-12-12,VN,3,0.8336536387602488
2024-12-13,AE,1,0.932285338640213
2024-12-13,AU,1,0.4624616323659817
2024-12-13,CA,1,0.772487998008728
2024-12-13,DE,1,0.9725304245948792
2024-12-13,FJ,1,0.966730785369873
2024-12-13,GB,4,0.9275123849511147
2024-12-13,ID,14,0.7491193063272625
2024-12-13,JP,2,0.39657685812562704
2024-12-13,KH,3,0.8072774034873064
2024-12-13,KR,1,0.855449378490448
2024-12-13,MG,1,0.9438344240188599
2024-12-13,MY,4,0.8482158109545708
2024-12-13,NZ,1,0.9676492512226105
2024-12-13,PH,23,0.8859962247043269
2024-12-13,SG,3,0.6334236479467816
2024-12-13,TH,18,0.8295852526443858
2024-12-13,TW,9,0.8445552320603186
2024-12-13,US,8,0.790931672460699
2024-12-13,VN,3,0.6732360902759763
2024-12-14,AE,1,0.9407457078204435
2024-12-14,AU,1,0.888677179813385
2024-12-14,BE,1,0.9749148488044739
2024-12-14,CA,1,0.5410304876665274
2024-12-14,FR,1,0.9415716230869293
2024-12-14,GB,2,0.8930061683058739
2024-12-14,HK,1,0.19672814011573792
2024-12-14,ID,14,0.8158558247732549
2024-12-14,JP,15,0.9177484866829818
2024-12-14,KR,1,0.9409779906272888
2024-12-14,MY,2,0.8218064233660698
2024-12-14,PH,23,0.8377824576452167
2024-12-14,PW,1,0.8814445704221725
2024-12-14,SG,6,0.7868419686790614
2024-12-14,TH,17,0.7235742494823058
2024-12-14,TW,4,0.8257439098864172
2024-12-14,US,7,0.7474127458287524
2024-12-14,VN,1,0.888477087020874
2024-12-15,AE,2,0.9506505012512207
2024-12-15,AU,1,0.9074545502662659
2024-12-15,BY,1,0.9141638875007629
2024-12-15,DE,1,0.5566684609279037
2024-12-15,HR,1,0.9419163465499878
2024-12-15,ID,11,0.7298462629386776
2024-12-15,JP,9,0.8660224334398906
2024-12-15,KR,1,0.8373686522245407
2024-12-15,MU,1,0.9006686508655548
2024-12-15,MY,2,0.4994014594703913
2024-12-15,NL,2,0.8914887955715756
2024-12-15,NZ,1,0.9617304461342948
2024-12-15,PH,19,0.7502973234621728
2024-12-15,SG,3,0.7913325145840645
2024-12-15,TH,27,0.8027645198489828
2024-12-15,TW,5,0.8814271265306534
2024-12-15,US,7,0.8969414211921141
2024-12-15,VN,1,0.1448596864938736
2024-12-15,ZA,1,0.9119892120361328
2024-12-16,AE,1,0.6434993147850037
2024-12-16,BY,1,0.8326147794723511
2024-12-16,CA,1,0.9017390310764313
2024-12-16,DE,1,0.9142908155918121
2024-12-16,FR,1,0.9263153473536173
2024-12-16,GB,6,0.8207416491858938
2024-12-16,ID,16,0.8086634344601451
2024-12-16,JP,5,0.8727285681851209
2024-12-16,KH,3,0.9674220714304181
2024-12-16,KY,1,0.9312105178833008
2024-12-16,LA,2,0.8367326706647873
2024-12-16,MO,1,0.8528569489717484
2024-12-16,MX,1,0.9420538204056876
2024-12-16,MY,1,0.031064145267009735
2024-12-16,NL,3,0.7299784012138844
2024-12-16,PH,19,0.7941225537806844
2024-12-16,QA,1,0.6807509437203407
2024-12-16,SE,1,0.8025237421194713
2024-12-16,SG,3,0.7553894488820955
2024-12-16,TH,25,0.8465394577029137
2024-12-16,TW,3,0.9262148728876403
2024-12-16,US,7,0.7197121013564115
2024-12-16,VN,1,0.6416519888573222
2024-12-16,ZA,2,0.9284824132919312
2024-12-17,BY,1,0.7705011367797852
2024-12-17,CN,1,0.967414935429891
2024-12-17,GB,4,0.8258149698376656
2024-12-17,HK,3,0.9364074570792061
2024-12-17,ID,15,0.7071134869009257
2024-12-17,JP,8,0.8716308456188879
2024-12-17,KR,2,0.6822126971350776
2024-12-17,LA,3,0.5038180651453634
2024-12-17,MM,1,0.9040961265563965
2024-12-17,MO,1,0.9691025614738464
2024-12-17,MY,2,0.5229615087155253
2024-12-17,NZ,1,0.25271257758140564
2024-12-17,PH,26,0.8952847394815061
2024-12-17,RS,2,0.8355559706687927
2024-12-17,SG,6,0.8643601288122159
2024-12-17,TH,24,0.8915265707713035
2024-12-17,TW,8,0.8113744243282418
2024-12-17,US,4,0.9036138753096262
2024-12-17,VN,2,0.6611982840113342
2024-12-18,AE,1,0.8716332614421844
2024-12-18,AU,1,0.8217757344245911
2024-12-18,CA,1,0.7689476311206818
2024-12-18,CL,1,0.9549579739570617
2024-12-18,FR,1,0.7005849054881504
2024-12-18,GB,3,0.8799161116282145
2024-12-18,ID,10,0.8614174186331885
2024-12-18,JP,9,0.8629796690353967
2024-12-18,KH,1,0.9695930778980255
2024-12-18,KR,3,0.9109208782513937
2024-12-18,LA,1,0.963359534740448
2024-12-18,MO,1,0.00791082065552473
2024-12-18,MY,2,0.94066022336483
2024-12-18,NP,1,0.2493826150894165
2024-12-18,PH,17,0.8845596723281263
2024-12-18,SG,5,0.5155846813072761
2024-12-18,TH,32,0.7912435928255224
2024-12-18,TW,12,0.6763864641105255
2024-12-18,US,9,0.5653197955840302
2024-12-18,VN,2,0.8599174634406441
2024-12-19,AE,1,0.9164332747459412
2024-12-19,AU,2,0.8972977995872498
2024-12-19,GB,2,0.9287526656372356
2024-12-19,ID,16,0.7963475190833884
2024-12-19,JP,11,0.8168428862291709
2024-12-19,LA,1,0.8932358920574188
2024-12-19,MO,1,0.182004788890481
2024-12-19,MX,1,0.9248743057250977
2024-12-19,MY,4,0.8891178201074186
2024-12-19,NG,1,0.8567394018173218
2024-12-19,NZ,1,0.4255644443134467
2024-12-19,PH,18,0.8217476801480933
2024-12-19,QA,2,0.9630483190218608
2024-12-19,SG,2,0.7095000073313713
2024-12-19,TH,19,0.7584868443155269
2024-12-19,TW,4,0.7152618838784596
2024-12-19,US,4,0.8321325559582975
2024-12-19,VN,1,0.9054768482844034
2024-12-20,AE,1,0.8356115818023682
2024-12-20,BY,1,0.7429302930831909
2024-12-20,CN,1,0.4212583067516486
2024-12-20,CO,1,0.982238233089447
2024-12-20,HK,2,0.9634801454014248
2024-12-20,ID,17,0.814420536811488
2024-12-20,IT,1,0.8688192367553711
2024-12-20,JP,17,0.8596089525210996
2024-12-20,KH,1,0.7131902575492859
2024-12-20,LA,2,0.9426506459712982
2024-12-20,MM,1,0.9778558611869812
2024-12-20,MO,1,0.9338776469230652
2024-12-20,MY,1,0.6354444324970245
2024-12-20,NZ,1,0.9223021566867828
2024-12-20,PH,17,0.7544989685364091
2024-12-20,SG,5,0.8176313603503838
2024-12-20,TH,25,0.8104311007566315
2024-12-20,TR,1,0.878955602645874
2024-12-20,TW,7,0.7756404021573434
2024-12-20,US,10,0.738548340027531
2024-12-20,VN,6,0.7527912019737183
2024-12-21,AE,1,0.7874134182929993
2024-12-21,AU,1,0.7983172982931137
2024-12-21,BE,1,0.7785588800907135
2024-12-21,CA,1,0.5469394920926008
2024-12-21,GB,1,0.9529372354348501
2024-12-21,ID,15,0.8112574635409697
2024-12-21,JP,13,0.7990960919397163
2024-12-21,KR,1,0.861323893070221
2024-12-21,MO,2,0.9196058809757233
2024-12-21,MY,1,0.9339962303638458
2024-12-21,NL,1,0.9359080791473389
2024-12-21,PG,1,0.9335873126983643
2024-12-21,PH,16,0.8355103988048902
2024-12-21,SG,4,0.9077007242256687
2024-12-21,TH,27,0.811868618084612
2024-12-21,TW,3,0.6276202504301355
2024-12-21,US,3,0.8943307698600821
2024-12-21,VN,1,0.4185250761608283
2024-12-22,AE,2,0.6659347961346309
2024-12-22,CA,1,0.9449894891844856
2024-12-22,FR,1,0.5856631596883138
2024-12-22,GB,4,0.7782613449681934
2024-12-22,ID,12,0.805037897300941
2024-12-22,JP,14,0.793044980047412
2024-12-22,LA,1,0.9672121107578278
2024-12-22,MY,2,0.9416236629088719
2024-12-22,PH,24,0.8574412756442128
2024-12-22,QA,1,0.952553391456604
2024-12-22,SG,5,0.8091754276417786
2024-12-22,TH,27,0.8049304898577871
2024-12-22,TW,4,0.9570494838171836
2024-12-22,US,10,0.7906206669906776
2024-12-22,VN,1,0.9460171580314636
2024-12-23,BY,1,0.9092543721199036
2024-12-23,DE,1,0.9684448639551798
2024-12-23,GB,2,0.9550635814666748
2024-12-23,ID,15,0.7837927221726158
2024-12-23,JP,7,0.8394149835939496
2024-12-23,KH,1,0.9784922003746033
2024-12-23,KR,1,0.7617504764348269
2024-12-23,LA,1,0.9622266888618469
2024-12-23,MO,3,0.8768269074341607
2024-12-23,MY,4,0.7754786658204265
2024-12-23,PH,19,0.857614251936853
2024-12-23,SG,1,0.8879648168881734
2024-12-23,TH,16,0.8521044916420936
2024-12-23,TW,5,0.5558219098382525
2024-12-23,US,6,0.8634131360069784
2024-12-23,VN,5,0.9364759922027588
2024-12-24,BY,1,0.9667860865592957
2024-12-24,CA,1,0.5560468177000681
2024-12-24,CH,1,0.8914136050002914
2024-12-24,CN,1,0.9717580676078796
2024-12-24,FR,1,0.9514809250831604
2024-12-24,GB,2,0.7222303040325642
2024-12-24,ID,14,0.703676528977378
2024-12-24,JP,7,0.9420495775989162
2024-12-24,KR,3,0.6328943951262368
2024-12-24,MM,2,0.9399279356002808
2024-12-24,MY,4,0.49711582426070455
2024-12-24,NZ,1,0.9313064366579056
2024-12-24,PH,21,0.8349523032069138
2024-12-24,SA,1,0.9380145917336146
2024-12-24,SG,6,0.9026871729074489
2024-12-24,TH,30,0.7844318920799116
2024-12-24,TR,1,0.9667051434516907
2024-12-24,TW,9,0.7734086574089748
2024-12-24,US,11,0.7697299431544714
2024-12-24,VN,2,0.7735491022467613
2024-12-24,ZA,1,0.9715781807899475
2024-12-25,AU,1,0.82541823387146
2024-12-25,BY,3,0.8966336766878764
2024-12-25,CA,1,0.8916340172290802
2024-12-25,DE,2,0.9403730690479278
2024-12-25,DZ,1,0.893466055393219
2024-12-25,GB,3,0.7948381874296401
2024-12-25,HK,3,0.9257844090461731
2024-12-25,ID,16,0.8359129817970467
2024-12-25,JP,22,0.8708778813373947
2024-12-25,KH,1,0.816376248995463
2024-12-25,KR,2,0.6482578361804825
2024-12-25,LA,1,0.8574255108833313
2024-12-25,MM,3,0.9277262628078461
2024-12-25,MO,2,0.9329405613974029
2024-12-25,MY,3,0.7337809856592988
2024-12-25,PH,29,0.8624202036948528
2024-12-25,QA,1,0.932495724161466
2024-12-25,SG,5,0.9134379072181303
2024-12-25,TH,31,0.8001217773527916
2024-12-25,TW,9,0.822909288334124
2024-12-25,US,13,0.8156270643568828
2024-12-25,VN,3,0.7865292072296143
2024-12-25,ZA,1,0.9676796555519104
2024-12-26,AU,1,0.9695310950279236
2024-12-26,ID,15,0.8088986020897526
2024-12-26,JP,5,0.8847443866233032
2024-12-26,KR,1,0.9788514375686646
2024-12-26,MY,2,0.9583580605685711
2024-12-26,PG,1,0.9339711666107178
2024-12-26,PH,16,0.9009250309815756
2024-12-26,SA,1,0.9774204850196838
2024-12-26,SG,7,0.8205874830247863
2024-12-26,TH,18,0.886758934552728
2024-12-26,TR,3,0.964654546881479
2024-12-26,TW,3,0.6418225327713621
2024-12-26,US,14,0.7905539952405007
2024-12-26,VN,1,0.9143678545951843
2024-12-26,ZA,2,0.917171522974968
2024-12-27,AL,1,0.8809272050857544
2024-12-27,AU,1,0.9808467030525208
2024-12-27,FI,1,0.11450622230768204
2024-12-27,GB,5,0.6258170112086288
2024-12-27,HK,1,0.8808622539043427
2024-12-27,ID,14,0.7990535314777727
2024-12-27,JP,7,0.9238497545676572
2024-12-27,KH,1,0.94894337952137
2024-12-27,KR,3,0.6978794857859612
2024-12-27,LA,1,0.940369114279747
2024-12-27,MM,1,0.965600331624349
2024-12-27,MO,1,0.9498699903488159
2024-12-27,MY,1,0.9196805953979492
2024-12-27,NZ,1,0.8544731504387326
2024-12-27,PH,26,0.8235327363104031
2024-12-27,SG,3,0.8305939129657216
2024-12-27,TH,26,0.7508489811316811
2024-12-27,TR,8,0.9449956218256198
2024-12-27,TW,3,0.49434686203797656
2024-12-27,US,5,0.8544264481890769
2024-12-27,VN,4,0.8609795086085796
2024-12-28,AU,3,0.6717766298602025
2024-12-28,BY,2,0.9648803429944175
2024-12-28,CA,1,0.969524602095286
2024-12-28,GB,4,0.6018960165411489
2024-12-28,GU,1,0.9599919060866039
2024-12-28,HK,4,0.6628362465417013
2024-12-28,ID,18,0.8524188577891072
2024-12-28,IT,1,0.7667581072698038
2024-12-28,JP,10,0.8797999744303524
2024-12-28,KR,3,0.7272801217105654
2024-12-28,LT,1,0.680464856675826
2024-12-28,MY,5,0.8384976408534028
2024-12-28,PH,27,0.7756928343896993
2024-12-28,SG,5,0.8356800666873653
2024-12-28,TC,1,0.7455028626653883
2024-12-28,TH,25,0.8123176304029828
2024-12-28,TW,4,0.8314709681804137
2024-12-28,UA,1,0.9571189681688944
2024-12-28,US,9,0.8830018516216014
2024-12-28,VN,1,0.6221788972616196
2024-12-29,AU,3,0.830157430108074
2024-12-29,CN,1,0.44544318318367004
2024-12-29,DE,1,0.6857893168926239
2024-12-29,FR,1,0.7910143733024597
2024-12-29,GB,1,0.8640158758922056
2024-12-29,HK,1,0.8389427661895752
2024-12-29,ID,9,0.7481031223211759
2024-12-29,JP,13,0.8600914551443233
2024-12-29,KH,1,0.9596419334411621
2024-12-29,MO,1,0.9476566910743713
2024-12-29,MY,5,0.8696610010521753
2024-12-29,NL,1,0.8373359044392904
2024-12-29,PH,34,0.8096202618549964
2024-12-29,SG,4,0.8042641811072827
2024-12-29,TH,32,0.8505073231563978
2024-12-29,TW,1,0.9476094561464646
2024-12-29,US,5,0.8842829856558732
2024-12-30,AU,2,0.9480528372029463
2024-12-30,CA,1,0.8276664614677429
2024-12-30,ES,2,0.9336858689785004
2024-12-30,GB,2,0.9071381390094757
2024-12-30,ID,13,0.8368759791961483
2024-12-30,JP,13,0.8929638287964503
2024-12-30,KR,1,0.8997690762792315
2024-12-30,LT,2,0.5599250520269076
2024-12-30,MO,2,0.94117880695396
2024-12-30,MY,1,0.8897388219833374
2024-12-30,NL,1,0.9334141534299422
2024-12-30,PH,29,0.8449552969825942
2024-12-30,SG,4,0.7773017164940635
2024-12-30,TH,24,0.7788851514586604
2024-12-30,TW,3,0.6778446836655753
2024-12-30,US,4,0.5205214846879244
2024-12-31,AE,1,0.9352557957172394
2024-12-31,AU,2,0.8190258145332336
2024-12-31,BY,2,0.6825839966535568
2024-12-31,EE,1,0.8695324659347534
2024-12-31,GB,1,0.890897773206234
2024-12-31,ID,17,0.8520467812275547
2024-12-31,JP,15,0.8429557278752327
2024-12-31,MY,1,0.8566333734326892
2024-12-31,NL,1,0.8335375189781189
2024-12-31,NZ,1,0.7791171967983246
2024-12-31,PH,21,0.9045774941563488
2024-12-31,SA,1,0.9593460559844971
2024-12-31,SG,1,0.9476066331068674
2024-12-31,TH,17,0.8675670868843223
2024-12-31,TW,5,0.8731129741668701
2024-12-31,US,11,0.8520926087218977
2024-12-31,VN,1,0.9694745600223541
2024-12-31,ZA,1,0.8700139224529266
2025-01-01,BD,1,0.9019902348518372
2025-01-01,BN,1,0.9664433598518372
2025-01-01,CA,2,0.8575992584228516
2025-01-01,DE,4,0.7713538746659954
2025-01-01,EE,1,0.9604784676006862
2025-01-01,GB,1,0.8887616358697414
2025-01-01,HK,1,0.177457083016634
2025-01-01,ID,13,0.8617937386360903
2025-01-01,JP,11,0.9037247005608176
2025-01-01,LA,1,0.943723738193512
2025-01-01,LV,1,0.9704115390777588
2025-01-01,MY,2,0.9551957249641418
2025-01-01,NL,3,0.9102912611431546
2025-01-01,PA,1,0.9013336151838303
2025-01-01,PH,28,0.8367880819727401
2025-01-01,SG,6,0.8360563900392277
2025-01-01,TH,20,0.7988022138793317
2025-01-01,TW,5,0.8193567659528483
2025-01-01,US,7,0.9041108075942431
2025-01-02,BH,1,0.9625919593705071
2025-01-02,BN,1,0.8038296964433459
2025-01-02,BY,2,0.8815520326606929
2025-01-02,CA,1,0.8221999406814575
2025-01-02,CN,1,0.9383411539925469
2025-01-02,EE,1,0.9600405693054199
2025-01-02,FR,1,0.7595751956105232
2025-01-02,GB,3,0.4632879565987322
2025-01-02,HK,1,0.8071775436401367
2025-01-02,ID,18,0.8761529588251337
2025-01-02,JP,9,0.7876144184575726
2025-01-02,KH,1,0.9448838495846951
2025-01-02,KR,1,0.8993723889191946
2025-01-02,MY,6,0.7448020329491959
2025-01-02,NZ,1,0.07122315466403961
2025-01-02,PH,29,0.7946160990510315
2025-01-02,QA,1,0.9028940379619599
2025-01-02,SG,4,0.7826099012118692
2025-01-02,TH,31,0.7656837918146482
2025-01-02,TW,6,0.8508280555407207
2025-01-02,US,3,0.9395464112361273
2025-01-02,VN,1,0.7544618248939514
2025-01-03,BG,1,0.9012146592140198
2025-01-03,BN,1,0.7883013686786096
2025-01-03,BY,2,0.8812061734497547
2025-01-03,CA,1,0.5732513964176178
2025-01-03,CN,1,0.966103059904916
2025-01-03,FR,1,0.48390217622121173
2025-01-03,GB,6,0.7612952548079193
2025-01-03,HK,2,0.8878286544765746
2025-01-03,ID,17,0.8028421378286641
2025-01-03,JP,3,0.6368522931119053
2025-01-03,KR,1,0.9531629681587219
2025-01-03,LK,1,0.9436262547969818
2025-01-03,MM,1,0.38221704959869385
2025-01-03,MY,1,0.9270413666963577
2025-01-03,NZ,1,0.8973599854442807
2025-01-03,PH,20,0.8091765885170126
2025-01-03,SA,3,0.8319293003943232
2025-01-03,SG,5,0.5931966816385587
2025-01-03,TH,25,0.8396633349073273
2025-01-03,TW,6,0.8697981672251925
2025-01-03,US,5,0.8613460386171937
2025-01-03,VN,2,0.9214200377464294
2025-01-03,ZA,1,0.9586283564567566
2025-01-04,AU,4,0.5594369481007258
2025-01-04,CN,1,0.953029215335846
2025-01-04,DE,1,0.9151563942432404
2025-01-04,ES,5,0.912515571048201
2025-01-04,FR,1,0.9678626656532288
2025-01-04,GB,1,0.7033419013023376
2025-01-04,ID,23,0.786505813450553
2025-01-04,JP,9,0.8324645322881302
2025-01-04,KH,2,0.7456599857125963
2025-01-04,KR,2,0.6124577020641928
2025-01-04,MO,1,0.9568229019641876
2025-01-04,MY,2,0.982696495950222
2025-01-04,PH,34,0.7925964874238879
2025-01-04,RO,2,0.759718269109726
2025-01-04,SA,1,0.7914475798606873
2025-01-04,SG,2,0.47855585487115954
2025-01-04,TH,28,0.703683225404442
2025-01-04,TW,8,0.7571048125003775
2025-01-04,US,7,0.8489951825632162
2025-01-04,VN,2,0.7173103094100952
2025-01-04,ZA,3,0.9285111675659815
2025-01-05,AE,1,0.6819580119990167
2025-01-05,AU,1,0.4936874806880951
2025-01-05,BN,1,0.7691833674907684
2025-01-05,BR,1,0.9408889412879944
2025-01-05,BY,1,0.2339862734079361
2025-01-05,CA,1,0.889690813422203
2025-01-05,DE,1,0.884894073009491
2025-01-05,ES,1,0.8999188432482059
2025-01-05,HK,1,0.8225408792495728
2025-01-05,ID,20,0.8282500365484389
2025-01-05,JP,6,0.6963562343269586
2025-01-05,KH,1,0.86918955296278
2025-01-05,KR,2,0.7685263589024544
2025-01-05,MY,4,0.753430461766673
2025-01-05,PH,41,0.7692645263207224
2025-01-05,SG,10,0.8213299535934595
2025-01-05,TH,32,0.7704284766594922
2025-01-05,TW,2,0.9560279250144958
2025-01-05,US,7,0.8152808025986159
2025-01-05,VN,1,0.4044344127178192
2025-01-06,AE,1,0.9285574952761332
2025-01-06,AU,2,0.7847872913770733
2025-01-06,BY,1,0.9611625234285991
2025-01-06,CA,2,0.7817680165171623
2025-01-06,CN,1,0.9462104241053263
2025-01-06,GB,3,0.9254398743311564
2025-01-06,HK,1,0.9222164154052734
2025-01-06,ID,19,0.8629790378026776
2025-01-06,JP,4,0.9230506943197909
2025-01-06,MO,2,0.8958421361943085
2025-01-06,MX,1,0.8535477292652314
2025-01-06,MY,4,0.9058344965179761
2025-01-06,PH,35,0.7777564292957844
2025-01-06,SG,5,0.8707319357991219
2025-01-06,TH,36,0.8153690437859487
2025-01-06,TW,5,0.6596068931122622
2025-01-06,UG,1,0.018489623442292213
2025-01-06,US,5,0.8986350388438613
2025-01-06,VN,3,0.828409731388092
2025-01-07,AU,1,0.6650805920362473
2025-01-07,CA,1,0.821774810552597
2025-01-07,FR,2,0.749690991308954
2025-01-07,GB,1,0.7836776077747345
2025-01-07,ID,19,0.8105574988223095
2025-01-07,JP,4,0.8512491583306756
2025-01-07,KR,3,0.45348761479059857
2025-01-07,LA,1,0.8115163738528887
2025-01-07,MO,3,0.8947601020336151
2025-01-07,MY,5,0.9320646252897051
2025-01-07,NL,1,0.6702382862567902
2025-01-07,PH,23,0.847308599413076
2025-01-07,SA,1,0.9388165374596914
2025-01-07,SG,5,0.6305548284892682
2025-01-07,TH,16,0.7233527015039323
2025-01-07,TW,4,0.8025984610948298
2025-01-07,US,11,0.787158659713074
2025-01-07,VN,1,0.8907821575800577
2025-01-07,ZA,2,0.9272756965160369
2025-01-08,AE,1,0.9342477798461915
2025-01-08,AU,2,0.8958687196175257
2025-01-08,BN,1,0.696519706501729
2025-01-08,BY,1,0.9384825229644775
2025-01-08,CA,2,0.8169472754001618
2025-01-08,CZ,1,0.9759655594825745
2025-01-08,DE,2,0.7461351244710386
2025-01-08,FR,1,0.2609640061855316
2025-01-08,GB,2,0.6076004964609941
2025-01-08,HK,1,0.9294661402702331
2025-01-08,ID,21,0.7231154429601621
2025-01-08,JP,13,0.8446329111703719
2025-01-08,KR,2,0.8800219347079594
2025-01-08,KW,1,0.9638276596864065
2025-01-08,MO,1,0.7937204378346602
2025-01-08,MY,8,0.7649916190033158
2025-01-08,NP,1,0.9033063811560472
2025-01-08,PH,32,0.7763963804267456
2025-01-08,SG,4,0.8829588098185404
2025-01-08,TH,29,0.8212586179926887
2025-01-08,TW,9,0.7926295983156673
2025-01-08,US,4,0.8016940355300903
2025-01-08,VN,4,0.8194186060378948
2025-01-09,AU,1,0.6779041290283203
2025-01-09,CA,1,0.7502748568852742
2025-01-09,CN,2,0.8350178022469793
2025-01-09,DE,1,0.886975109577179
2025-01-09,GB,1,0.4743108317255974
2025-01-09,ID,11,0.7745348431938026
2025-01-09,JP,12,0.8667549214019833
2025-01-09,KR,3,0.8668621261914571
2025-01-09,MX,1,0.9079479813575745
2025-01-09,MY,1,0.9305014424026012
2025-01-09,NZ,1,0.9096340636412302
2025-01-09,PH,21,0.8132406672196728
2025-01-09,SG,5,0.9407268847737994
2025-01-09,TH,34,0.8302032249473549
2025-01-09,TW,4,0.8803117319115527
2025-01-09,UG,1,0.8991257011890411
2025-01-09,US,2,0.666353574488312
2025-01-09,VN,3,0.6122585013508797
2025-01-10,AE,3,0.7993771885359098
2025-01-10,AT,1,0.9496979713439941
2025-01-10,CA,1,0.8182638138532639
2025-01-10,CH,1,0.6174843377537198
2025-01-10,DE,1,0.8828058573934766
2025-01-10,ES,1,0.7477250794569651
2025-01-10,FR,1,0.8618037462234497
2025-01-10,GB,1,0.8913845419883728
2025-01-10,HK,2,0.7660127654671669
2025-01-10,ID,12,0.7588123051993941
2025-01-10,JP,6,0.8892628527483062
2025-01-10,LA,1,0.9522032737731934
2025-01-10,MO,2,0.8862570226192474
2025-01-10,MX,1,0.9142371609807014
2025-01-10,MY,4,0.7511547994080254
2025-01-10,NL,1,0.6292726993560791
2025-01-10,PH,28,0.8362729631335915
2025-01-10,PK,1,0.8488613267739614
2025-01-10,QA,1,0.9635232546750236
2025-01-10,SA,1,0.8901206652323405
2025-01-10,SE,1,0.8920650035142899
2025-01-10,SG,2,0.7210719332409401
2025-01-10,TH,36,0.7822605799421397
2025-01-10,TW,3,0.6811723109875989
2025-01-10,US,5,0.6608409118486775
2025-01-10,ZA,2,0.9110480521551587
2025-01-11,AU,1,0.6187741160392761
2025-01-11,CN,1,0.7717237680677383
2025-01-11,DE,1,0.9320397973060608
2025-01-11,HK,1,0.817059800028801
2025-01-11,ID,11,0.8144725783003701
2025-01-11,JP,7,0.7529405570614348
2025-01-11,LA,1,0.9432068467140198
2025-01-11,MO,1,0.8160550594329834
2025-01-11,MX,1,0.8384011805057525
2025-01-11,MY,1,0.801618741108821
2025-01-11,PH,32,0.8491407946764451
2025-01-11,SA,1,0.8785892128944397
2025-01-11,SG,3,0.8181972642739614
2025-01-11,TH,36,0.8448493041292893
2025-01-11,TW,3,0.7904753316016424
2025-01-11,UG,1,0.8919232487678528
2025-01-11,US,7,0.6648735567217782
2025-01-11,VN,1,0.6641817109828646
2025-01-11,ZA,2,0.6376536794834666
2025-01-12,AU,2,0.5615825690329075
2025-01-12,CA,1,0.8810566902160645
2025-01-12,GB,2,0.26087793769935763
2025-01-12,HK,1,0.56304831802845
2025-01-12,ID,15,0.8589133085125539
2025-01-12,JP,5,0.7485232814436867
2025-01-12,KR,3,0.8659500692503683
2025-01-12,MX,1,0.9548202852408091
2025-01-12,MY,1,0.9258797764778137
2025-01-12,PH,31,0.8751017998372703
2025-01-12,RS,2,0.35963988630101085
2025-01-12,SG,5,0.8802393890089458
2025-01-12,TH,23,0.7905590783367503
2025-01-12,TJ,1,0.4894442306831479
2025-01-12,TW,5,0.7940068892141183
2025-01-12,US,10,0.8033877498904864
2025-01-12,VN,3,0.9365618937846386
2025-01-13,AE,2,0.5329984799027443
2025-01-13,AU,2,0.6720046531409025
2025-01-13,CA,2,0.9521802489956219
2025-01-13,GB,3,0.6479891720745298
2025-01-13,GU,1,0.8785384893417358
2025-01-13,HK,3,0.9207340757052104
2025-01-13,ID,15,0.8872112502074905
2025-01-13,IT,1,0.9420026540756226
2025-01-13,JP,4,0.746338949073106
2025-01-13,LA,1,0.9375612487395605
2025-01-13,MV,1,0.9398338794708252
2025-01-13,MX,1,0.8822694646523279
2025-01-13,MY,1,0.912515276670456
2025-01-13,NL,3,0.9258051762978236
2025-01-13,PA,1,0.7441740234692891
2025-01-13,PH,32,0.8449305317733821
2025-01-13,SG,5,0.7432265374236382
2025-01-13,TH,20,0.7795113938836715
2025-01-13,TW,5,0.7887337188732314
2025-01-13,US,12,0.9200102278844469
2025-01-13,VN,1,0.9514733751614889
2025-01-14,AU,1,0.9511372447013855
2025-01-14,DE,1,0.9442889065969557
2025-01-14,FR,1,0.7539590108208358
2025-01-14,GB,2,0.3621888644682864
2025-01-14,ID,21,0.8012614984655213
2025-01-14,IT,1,0.0239929286763072
2025-01-14,JP,6,0.804368262540216
2025-01-14,KR,1,0.8409110556046169
2025-01-14,MO,2,0.8107138960104849
2025-01-14,MY,3,0.9398297866185507
2025-01-14,NZ,1,0.8310891820324792
2025-01-14,PH,23,0.8421946840459513
2025-01-14,SG,3,0.6375421762673391
2025-01-14,TH,23,0.7729166402545268
2025-01-14,TW,2,0.5142967556603253
2025-01-14,US,12,0.9125365317186893
2025-01-14,VN,1,0.9040095408757528
2025-01-15,AT,1,0.9329650402069092
2025-01-15,AU,1,0.5467349940703975
2025-01-15,CL,1,0.5340745523571968
2025-01-15,CN,1,0.7948112841695547
2025-01-15,DE,1,0.674477756023407
2025-01-15,GB,2,0.9382762491703034
2025-01-15,HK,2,0.8604669123888016
2025-01-15,ID,17,0.7871341909926244
2025-01-15,JP,7,0.8425040568686043
2025-01-15,KH,1,0.8141364306211472
2025-01-15,KR,1,0.9704458341002464
2025-01-15,LA,1,0.631409615278244
2025-01-15,MY,2,0.9601902067661285
2025-01-15,NL,1,0.9327208995819092
2025-01-15,PH,29,0.8006488110823505
2025-01-15,RS,1,0.731271656230092
2025-01-15,SA,1,0.9049673974514008
2025-01-15,SG,5,0.817857090342376
2025-01-15,TH,37,0.8163175042509537
2025-01-15,TW,7,0.7696745976527122
2025-01-15,US,5,0.8882270137468973
2025-01-16,AE,1,0.8976172208786011
2025-01-16,AU,1,0.6838758463660876
2025-01-16,FR,1,0.8081486622492472
2025-01-16,HK,4,0.8502760194242001
2025-01-16,ID,12,0.8348764180175393
2025-01-16,JP,8,0.8465642671148194
2025-01-16,KH,1,0.9509515762329102
2025-01-16,KR,1,0.7298689770201842
2025-01-16,MM,1,0.9120308756828308
2025-01-16,MO,1,0.9767505281111774
2025-01-16,MY,4,0.8849238604307175
2025-01-16,NL,2,0.8334923011679498
2025-01-16,PH,37,0.8108023770237247
2025-01-16,RU,1,0.7935959011316299
2025-01-16,SA,2,0.95674929022789
2025-01-16,SG,6,0.792480340351661
2025-01-16,TH,21,0.7425454119824363
2025-01-16,TW,3,0.6548662515978019
2025-01-16,US,12,0.8125809753087886
2025-01-16,VN,2,0.940968135992686
2025-01-16,ZA,1,0.9765629768371582
2025-01-17,AE,1,0.8181734792888165
2025-01-17,AT,1,0.7330431342124939
2025-01-17,AU,1,0.9337229132652283
2025-01-17,BY,2,0.4631583131849766
2025-01-17,CN,1,0.9765134751796722
2025-01-17,GB,2,0.7375396266579628
2025-01-17,ID,14,0.7232773910232243
2025-01-17,JP,11,0.8428478482605034
2025-01-17,KR,3,0.663161346109377
2025-01-17,MM,1,0.9510429501533508
2025-01-17,MO,2,0.6965883076190948
2025-01-17,MY,5,0.9466466307640076
2025-01-17,NG,1,0.9384068131446839
2025-01-17,NZ,1,0.9119137525558472
2025-01-17,PH,28,0.837690540420479
2025-01-17,SG,2,0.9035337641835213
2025-01-17,TH,22,0.8011576872289955
2025-01-17,TW,5,0.6921524034085728
2025-01-17,US,5,0.7236293137073517
2025-01-17,VN,3,0.7944945767521858
2025-01-18,AU,2,0.7911858235796292
2025-01-18,BY,2,0.9656650424003601
2025-01-18,GB,2,0.9499146342277527
2025-01-18,HK,4,0.6217851124238223
2025-01-18,ID,10,0.7518772674329354
2025-01-18,IT,1,0.5662237070500851
2025-01-18,JP,4,0.9127617935753531
2025-01-18,KH,1,0.722106680739671
2025-01-18,MY,4,0.730799114331603
2025-01-18,PH,36,0.8065393596614316
2025-01-18,SA,1,0.8510299623012543
2025-01-18,SG,4,0.8050520447393259
2025-01-18,TH,25,0.8079082474754559
2025-01-18,TW,3,0.5221499488999446
2025-01-18,US,7,0.8683087489231914
2025-01-18,VN,1,0.016717152670025826
2025-01-18,ZA,1,0.9260558187961578
2025-01-19,AE,3,0.5725818930400742
2025-01-19,CH,1,0.8317247231801351
2025-01-19,DE,1,0.4847451448440552
2025-01-19,ES,2,0.683760792016983
2025-01-19,GB,5,0.8955974916617075
2025-01-19,HK,1,0.7472996613942087
2025-01-19,HR,1,0.9785213470458984
2025-01-19,ID,17,0.7273631086404305
2025-01-19,JP,15,0.8270072105717766
2025-01-19,KR,2,0.87535560131073
2025-01-19,MO,1,0.7529331048329672
2025-01-19,MY,3,0.8412159606814384
2025-01-19,NL,2,0.5060058459639549
2025-01-19,NO,1,0.8274072408676147
2025-01-19,PH,46,0.8379499523262793
2025-01-19,QA,1,0.9512466121287573
2025-01-19,SG,6,0.6000986361920478
2025-01-19,TH,28,0.8092730857950142
2025-01-19,TW,2,0.5934524809320767
2025-01-19,UG,1,0.8612271547317505
2025-01-19,US,2,0.9286779553601237
2025-01-19,VN,2,0.8257414070405197
2025-01-20,AE,1,0.9068781316280365
2025-01-20,AL,1,0.00836802739650011
2025-01-20,BE,1,0.9129037857055664
2025-01-20,BR,1,0.7628327012062073
2025-01-20,BY,5,0.8402801718030657
2025-01-20,CA,1,0.8925179221563869
2025-01-20,CN,2,0.9517147243022919
2025-01-20,FR,1,0.9218535780906677
2025-01-20,GB,2,0.7828829810023308
2025-01-20,HK,2,0.5224195793271065
2025-01-20,ID,14,0.7719204314797761
2025-01-20,IT,1,0.7044844266027213
2025-01-20,JP,5,0.8334650839368501
2025-01-20,KH,1,0.9402651786804199
2025-01-20,KR,2,0.8177019320428371
2025-01-20,LA,1,0.823217511177063
2025-01-20,MO,2,0.909504571557045
2025-01-20,MY,1,0.9714043289422989
2025-01-20,NL,3,0.8785804256244942
2025-01-20,NP,1,0.944763720035553
2025-01-20,PH,32,0.842541711275985
2025-01-20,PL,1,0.973343034585317
2025-01-20,RS,1,0.8710796805789918
2025-01-20,SG,2,0.7964513809420168
2025-01-20,SK,1,0.28673630952835083
2025-01-20,TH,28,0.8018237129109158
2025-01-20,TW,6,0.8937515769249353
2025-01-20,US,8,0.7702034163784615
2025-01-20,VN,5,0.8364546803917203
2025-01-21,AE,1,0.7773789390921593
2025-01-21,AU,2,0.7874233034542866
2025-01-21,BY,2,0.961699053645134
2025-01-21,CN,2,0.11271502701565624
2025-01-21,GB,7,0.7160931514719359
2025-01-21,HK,1,0.9697365760803223
2025-01-21,ID,22,0.7678187140617667
2025-01-21,JP,9,0.8476848088675674
2025-01-21,KR,2,0.7636750042438507
2025-01-21,MO,1,0.7010777071118355
2025-01-21,MY,4,0.7185095639123271
2025-01-21,NG,1,0.8225840396524428
2025-01-21,NL,3,0.9242794041832288
2025-01-21,NP,1,0.9616612493991852
2025-01-21,NZ,1,0.6219334006309509
2025-01-21,PH,62,0.8410357462696703
2025-01-21,SG,4,0.7457742354433452
2025-01-21,TH,39,0.8220071148624731
2025-01-21,TW,4,0.8713164561004801
2025-01-21,US,12,0.794725648422415
2025-01-21,VN,1,0.7089430689811707
2025-01-22,AE,1,0.6728167782227199
2025-01-22,AU,4,0.9294829626523313
2025-01-22,BR,1,0.46237614937126637
2025-01-22,GB,5,0.7468066096780767
2025-01-22,HK,1,0.9198413292566935
2025-01-22,ID,16,0.8038957559814056
2025-01-22,IT,2,0.9361928403377533
2025-01-22,JP,8,0.7331738988203662
2025-01-22,KH,1,0.9750153422355652
2025-01-22,MO,2,0.9434181874574616
2025-01-22,MY,2,0.7356733699284849
2025-01-22,NL,1,0.7512823939323425
2025-01-22,PH,45,0.863329673783532
2025-01-22,SE,1,0.9544101225005256
2025-01-22,SG,6,0.5682998224472006
2025-01-22,TH,34,0.7532322076129848
2025-01-22,TW,6,0.791597655194777
2025-01-22,US,8,0.696821237823719
2025-01-22,VN,4,0.7812544964907462
2025-01-23,AU,6,0.7686473008884925
2025-01-23,BR,1,0.16756289899349214
2025-01-23,CA,3,0.8392311429885764
2025-01-23,DE,2,0.9483607262372971
2025-01-23,GB,4,0.7917051203367482
2025-01-23,ID,11,0.6949122934041795
2025-01-23,JP,10,0.8314321551902146
2025-01-23,KH,1,0.9572004535131984
2025-01-23,KZ,1,0.7432993431886037
2025-01-23,LT,1,0.24225947571297488
2025-01-23,NL,1,0.6833445429801941
2025-01-23,NP,1,0.8949643075466156
2025-01-23,NZ,2,0.8332134513627916
2025-01-23,PH,31,0.8815382249329012
2025-01-23,SG,1,0.9037674218416214
2025-01-23,TH,25,0.7171717080745142
2025-01-23,TW,2,0.848150618569482
2025-01-23,UG,1,0.5372806861996651
2025-01-23,US,8,0.6952543753951821
2025-01-24,AE,2,0.8410823444525402
2025-01-24,AU,1,0.011331652291119099
2025-01-24,BY,1,0.9297528862953186
2025-01-24,ES,1,0.9610415697097778
2025-01-24,GB,3,0.9094323673182063
2025-01-24,HK,1,0.7779458794328901
2025-01-24,ID,15,0.767113722471159
2025-01-24,IT,2,0.7815541779114441
2025-01-24,JP,6,0.6683795525966708
2025-01-24,KR,1,0.822217121720314
2025-01-24,MO,3,0.9638407693968879
2025-01-24,MV,1,0.7304014470428228
2025-01-24,MY,2,0.8684914377000597
2025-01-24,NL,1,0.3663818836212158
2025-01-24,NZ,1,0.38754504546523094
2025-01-24,PH,37,0.8198887102126428
2025-01-24,QA,1,0.8813684036334355
2025-01-24,SG,2,0.7587137978085701
2025-01-24,TH,23,0.7356327216652382
2025-01-24,TW,3,0.7932134323260364
2025-01-24,US,5,0.8520341096445918
2025-01-24,VN,2,0.6929971724748611
2025-01-25,AE,1,0.9034628868103027
2025-01-25,AU,2,0.9262372919104316
2025-01-25,CA,2,0.5456768794295688
2025-01-25,CN,1,0.956229031085968
2025-01-25,DE,2,0.6785671518051198
2025-01-25,ET,1,0.830491304397583
2025-01-25,FR,1,0.8978959960596902
2025-01-25,GB,6,0.8701108429167005
2025-01-25,HK,1,0.9410637617111206
2025-01-25,ID,14,0.8019346268955534
2025-01-25,JP,4,0.9152741618454456
2025-01-25,KH,2,0.9485739204618666
2025-01-25,KR,2,0.44265398165831965
2025-01-25,MO,2,0.8602642839153607
2025-01-25,MY,3,0.8632754668356881
2025-01-25,NL,1,0.9283148050308228
2025-01-25,PH,32,0.7941896926876646
2025-01-25,PK,1,0.9432514905929565
2025-01-25,QA,3,0.8867614368597666
2025-01-25,SG,6,0.9195234209023141
2025-01-25,SK,1,0.017596250399947166
2025-01-25,TH,25,0.6914372415790079
2025-01-25,TR,1,0.9490976929664612
2025-01-25,TW,6,0.834418510315424
2025-01-25,US,6,0.6946205398688714
2025-01-26,AU,2,0.9010110795497894
2025-01-26,BE,2,0.6425639607689597
2025-01-26,BR,1,0.8893100991845131
2025-01-26,GB,3,0.8221676186968884
2025-01-26,ID,13,0.8001677950605367
2025-01-26,JP,6,0.8201058789762476
2025-01-26,KR,1,0.6573758075634638
2025-01-26,MV,1,0.6502490416169167
2025-01-26,MX,1,0.8906353100267038
2025-01-26,MY,1,0.9344419742885389
2025-01-26,NL,1,0.762370839715004
2025-01-26,NO,1,0.43260799162089825
2025-01-26,PH,43,0.7713222042358382
2025-01-26,PK,1,0.8921955620485639
2025-01-26,QA,1,0.931216401713235
2025-01-26,SG,2,0.7015146746610601
2025-01-26,TH,22,0.6970575440389136
2025-01-26,TW,5,0.9369637431369888
2025-01-26,US,6,0.8807028018765979
2025-01-26,VN,3,0.6613614201884378
2025-01-27,AU,2,0.9547580803434055
2025-01-27,DE,1,0.8671048214038213
2025-01-27,GB,1,0.918845405181249
2025-01-27,HK,1,0.7048152615316212
2025-01-27,ID,18,0.7322304796985574
2025-01-27,JP,8,0.792436676029856
2025-01-27,KR,2,0.47081108316779136
2025-01-27,MO,1,0.863655686378479
2025-01-27,MY,4,0.7193895053739349
2025-01-27,PH,31,0.8007401861120065
2025-01-27,SG,1,0.8292248149712881
2025-01-27,TH,19,0.7398641081150318
2025-01-27,TW,11,0.8870104319526501
2025-01-27,US,9,0.7668990910881095
2025-01-28,AU,2,0.8985483646392822
2025-01-28,BE,1,0.9021314978599548
2025-01-28,CN,1,0.4940020013600588
2025-01-28,DE,1,0.44742792528122666
2025-01-28,DK,1,0.9085144996643066
2025-01-28,GB,3,0.8793206115563711
2025-01-28,HK,1,0.9261526266733805
2025-01-28,ID,19,0.7698882803589443
2025-01-28,JP,6,0.7679250062339835
2025-01-28,KR,3,0.7947277572419909
2025-01-28,MV,1,0.37995607949172455
2025-01-28,NP,1,0.7699550464749336
2025-01-28,PH,29,0.8079166467885345
2025-01-28,QA,1,0.9674403468767802
2025-01-28,SG,2,0.96384924191695
2025-01-28,TH,16,0.7609360449154314
2025-01-28,TR,1,0.9300937056541443
2025-01-28,TW,3,0.5984262290100256
2025-01-28,US,9,0.7503338424610956
2025-01-28,VN,2,0.8370996862649918
2025-01-29,AE,1,0.8522445360819498
2025-01-29,AU,3,0.8627146133354732
2025-01-29,BY,1,0.12136349244974554
2025-01-29,DE,1,0.9478718638420105
2025-01-29,FR,2,0.676943630380211
2025-01-29,GB,5,0.9108706063628198
2025-01-29,ID,18,0.7211701196200566
2025-01-29,JP,8,0.667279573623091
2025-01-29,KR,3,0.6788726449012756
2025-01-29,LA,1,0.6999507546424866
2025-01-29,LV,1,0.20427318724493185
2025-01-29,MO,1,0.895852784315745
2025-01-29,MX,1,0.8457541614770889
2025-01-29,MY,4,0.9082044782117009
2025-01-29,PH,39,0.839916961168564
2025-01-29,SG,3,0.8725791586295667
2025-01-29,TH,26,0.7807436744907646
2025-01-29,TW,5,0.8260876758701421
2025-01-29,US,9,0.7096699985710007
2025-01-30,BY,2,0.6335858330130577
2025-01-30,EC,1,0.8961287140846252
2025-01-30,GB,5,0.835658382707172
2025-01-30,HK,1,0.9094647169113159
2025-01-30,ID,20,0.8121494184765551
2025-01-30,JP,8,0.8614568577262322
2025-01-30,KR,1,0.4774802327156067
2025-01-30,MO,1,0.9636163264513016
2025-01-30,MY,6,0.885557676297732
2025-01-30,PH,37,0.8442291798020573
2025-01-30,SG,2,0.6644246901075045
2025-01-30,TH,15,0.8776460346418283
2025-01-30,TW,10,0.7103576238965145
2025-01-30,US,4,0.4349495538044721
2025-01-30,VN,1,0.9257546067237854
2025-01-31,AE,1,0.8602340221405029
2025-01-31,BS,1,0.8381307721138
2025-01-31,BY,1,0.10038881003856659
2025-01-31,CA,1,0.5137370824813843
2025-01-31,DE,1,0.8198988363146782
2025-01-31,EG,1,0.6982560455799103
2025-01-31,GB,4,0.875505838667353
2025-01-31,HK,1,0.9503023368971688
2025-01-31,ID,10,0.6917314472637834
2025-01-31,JP,7,0.8528747876109529
2025-01-31,KH,1,0.8882822394371033
2025-01-31,KR,2,0.6033744812011719
2025-01-31,MO,3,0.7760329864919185
2025-01-31,MU,1,0.9487523883581161
2025-01-31,MY,1,0.9495922587811947
2025-01-31,NZ,1,0.7178438752889633
2025-01-31,PH,46,0.7809805504756555
2025-01-31,SG,3,0.8321744231162248
2025-01-31,TH,13,0.607714845907545
2025-01-31,TW,6,0.8751138721903166
2025-01-31,US,9,0.8993671322310411
2025-02-01,AE,1,0.9576067328453064
2025-02-01,BE,1,0.5478898882865906
2025-02-01,BY,2,0.8170718513429165
2025-02-01,CA,3,0.34418346111973125
2025-02-01,CZ,1,0.9028784036636353
2025-02-01,DE,2,0.902014496922493
2025-02-01,ES,1,0.7326574722925822
2025-02-01,GB,1,0.8755063414573669
2025-02-01,HK,2,0.8755427860459791
2025-02-01,ID,22,0.773095119698138
2025-02-01,JP,5,0.9166082172758049
2025-02-01,MM,2,0.901929813126723
2025-02-01,MO,2,0.9315299838781357
2025-02-01,MY,4,0.8311246012647947
2025-02-01,NL,1,0.9658412933349609
2025-02-01,NO,1,0.9327510744333267
2025-02-01,NZ,1,0.9465367197990417
2025-02-01,PH,36,0.8452677807516296
2025-02-01,PL,1,0.9785213470458984
2025-02-01,SG,1,0.7303378383318583
2025-02-01,TH,17,0.778867874688962
2025-02-01,TW,4,0.8365203952860265
2025-02-01,US,5,0.7934972396741311
2025-02-01,VN,1,0.020457230508327484
2025-02-02,AE,2,0.6019927989691496
2025-02-02,CN,1,0.739563912153244
2025-02-02,CZ,1,0.8215423643589019
2025-02-02,ES,1,0.5263870544731617
2025-02-02,FR,1,0.8870481967926025
2025-02-02,GB,1,0.8185943365097046
2025-02-02,GE,1,0.818143755197525
2025-02-02,HK,2,0.7604396939277649
2025-02-02,ID,24,0.8167369959880252
2025-02-02,JP,15,0.849723258227273
2025-02-02,KH,2,0.7534419372677803
2025-02-02,KR,3,0.7695607650611137
2025-02-02,MO,3,0.46346503278861445
2025-02-02,MX,1,0.9213533798853556
2025-02-02,MY,2,0.7756743729114532
2025-02-02,NL,1,0.8191919182737668
2025-02-02,NP,1,0.8379994332790375
2025-02-02,PH,29,0.7946661284725977
2025-02-02,SA,1,0.9639762192964554
2025-02-02,SG,3,0.7632761654599259
2025-02-02,TH,12,0.8470854467874954
2025-02-02,TW,6,0.8773936883506611
2025-02-02,US,7,0.6811093813488408
2025-02-03,AE,1,0.972377136349678
2025-02-03,BY,1,0.07683417946100235
2025-02-03,CH,1,0.6030046939849854
2025-02-03,GB,6,0.8140631750869898
2025-02-03,HK,1,0.3270014226436615
2025-02-03,ID,14,0.7963950163592056
2025-02-03,JP,4,0.7337126270204549
2025-02-03,KR,2,0.9365418255329132
2025-02-03,MM,1,0.9729895889759064
2025-02-03,MO,2,0.9496131479740143
2025-02-03,MY,1,0.5827592015266418
2025-02-03,PH,37,0.7395548131972696
2025-02-03,SA,1,0.955844447016716
2025-02-03,SG,4,0.6838133055716753
2025-02-03,TH,13,0.727254468566762
2025-02-03,TW,3,0.8254409780104955
2025-02-03,US,11,0.8028825819556847
2025-02-03,VN,1,0.5376647859811783
2025-02-04,AU,4,0.8344216494510571
2025-02-04,CN,2,0.8494256809353828
2025-02-04,EC,1,0.9263078485216413
2025-02-04,FR,2,0.8411026634275913
2025-02-04,GB,2,0.275923777371645
2025-02-04,HK,2,0.8668120205402374
2025-02-04,ID,28,0.7867768875650784
2025-02-04,JP,5,0.8210745389848595
2025-02-04,KR,2,0.9016558354099591
2025-02-04,MO,3,0.8645397901535034
2025-02-04,MY,2,0.9074552655220032
2025-02-04,NL,1,0.9368142113089561
2025-02-04,NZ,1,0.9155997633934021
2025-02-04,PH,43,0.8359631325707465
2025-02-04,RO,1,0.9792650938034058
2025-02-04,SG,5,0.836337477962176
2025-02-04,TH,21,0.7089374703555371
2025-02-04,TW,7,0.7498429443028306
2025-02-04,US,9,0.8375688132864458
2025-02-04,VN,4,0.8954964030223588
2025-02-05,AE,2,0.8108602361753583
2025-02-05,BR,2,0.9346878901124
2025-02-05,CN,1,0.9497764110565186
2025-02-05,ES,1,0.3579472675919533
2025-02-05,FR,1,0.49508378049358726
2025-02-05,GB,3,0.8803200513124466
2025-02-05,HK,2,0.8590826243162155
2025-02-05,ID,29,0.7815041812778577
2025-02-05,JP,6,0.9232608502109846
2025-02-05,KH,1,0.8434736529986063
2025-02-05,KR,5,0.608236658638891
2025-02-05,MY,1,0.18769602477550507
2025-02-05,NL,1,0.7567217024043202
2025-02-05,PH,31,0.8427730474383317
2025-02-05,SG,2,0.8234998468585588
2025-02-05,TH,14,0.8421341157803426
2025-02-05,TW,7,0.8465116758431707
2025-02-05,US,5,0.7372304779291153
2025-02-05,VN,4,0.8483021521416809
2025-02-06,AU,1,0.8979341983795166
2025-02-06,BR,1,0.9605074048042297
2025-02-06,BT,1,0.9557738365798161
2025-02-06,CA,1,0.9558174212773641
2025-02-06,FR,1,0.9408640265464783
2025-02-06,GB,2,0.6582836583838798
2025-02-06,ID,18,0.7727017493849551
2025-02-06,JP,7,0.8056380708026445
2025-02-06,KR,5,0.7211063880473375
2025-02-06,MO,1,0.9228899776935577
2025-02-06,MY,2,0.797308832194124
2025-02-06,NG,1,0.8221324277836192
2025-02-06,PH,35,0.8275564667977764
2025-02-06,SG,3,0.5574114823506938
2025-02-06,TH,11,0.8316371579931416
2025-02-06,TW,4,0.842530706524849
2025-02-06,US,8,0.8003951405485471
2025-02-06,VN,5,0.6995747743144868
2025-02-07,AE,1,0.9659212529659271
2025-02-07,AU,2,0.7686972618103027
2025-02-07,BR,2,0.780291504093579
2025-02-07,CA,1,0.12736710906028748
2025-02-07,CH,1,0.8575106263160706
2025-02-07,CN,2,0.9043160085494701
2025-02-07,EE,1,0.8837520480155945
2025-02-07,GB,3,0.8730474809805552
2025-02-07,GR,1,0.4629674032330513
2025-02-07,HK,2,0.4052541106939316
2025-02-07,ID,18,0.7858484186174435
2025-02-07,JP,9,0.8711498224828192
2025-02-07,KR,1,0.9362549185752869
2025-02-07,MO,1,0.31253794497913784
2025-02-07,MY,2,0.9481849521398544
2025-02-07,PH,30,0.8072860044524913
2025-02-07,PK,1,0.6120034456253052
2025-02-07,SG,2,0.8774819821119308
2025-02-07,TH,18,0.7637300472338626
2025-02-07,TW,8,0.7721397147430772
2025-02-07,US,6,0.6863560827138523
2025-02-07,VN,4,0.8827258571982384
2025-02-08,AE,1,0.7946129695457571
2025-02-08,AU,3,0.6853737557237899
2025-02-08,BS,1,0.9674602945645651
2025-02-08,BY,1,0.7134889894227187
2025-02-08,GB,5,0.9304588357459694
2025-02-08,HK,1,0.8713476591640048
2025-02-08,ID,25,0.8138351343125104
2025-02-08,JP,6,0.9230731914440792
2025-02-08,MO,3,0.7658409112029606
2025-02-08,NL,1,0.7658636016505105
2025-02-08,NP,2,0.9555381827056408
2025-02-08,PH,36,0.8644728890525697
2025-02-08,SA,1,0.41825350161109653
2025-02-08,SG,2,0.8526020757853985
2025-02-08,TH,9,0.7628656705910408
2025-02-08,TW,3,0.7521949010708976
2025-02-08,UG,1,0.7017656366030375
2025-02-08,US,6,0.836130946480408
2025-02-08,VN,2,0.892348951276611
2025-02-09,AU,2,0.885405224560126
2025-02-09,BD,1,0.6535364389419556
2025-02-09,CZ,1,0.9119136333465576
2025-02-09,ES,1,0.882950484752655
2025-02-09,GB,2,0.7870963473493855
2025-02-09,ID,19,0.8348631429975651
2025-02-09,IT,1,0.9376017947991689
2025-02-09,JP,8,0.7793113808344406
2025-02-09,KR,1,0.1645137518644333
2025-02-09,MO,1,0.6435071097479926
2025-02-09,MY,1,0.9295660853385925
2025-02-09,PH,28,0.7922730482458806
2025-02-09,SG,2,0.925726056098938
2025-02-09,TH,21,0.787862696644622
2025-02-09,TW,4,0.7216419838368893
2025-02-09,US,2,0.5942705236375332
2025-02-09,VN,3,0.7837862835990058
2025-02-10,AU,1,0.11998176574707031
2025-02-10,BY,5,0.8737311984811511
2025-02-10,CZ,1,0.9493786295255026
2025-02-10,HK,2,0.9216117941670947
2025-02-10,ID,14,0.759244972916453
2025-02-10,IT,1,0.7531269192695618
2025-02-10,JP,7,0.8226703491268886
2025-02-10,KW,1,0.6994449496269226
2025-02-10,MX,2,0.6628624356041353
2025-02-10,MY,2,0.957327800989151
2025-02-10,PH,25,0.7991651688719016
2025-02-10,QA,1,0.9125829339027405
2025-02-10,SA,1,0.7623563148081303
2025-02-10,SG,2,0.6917630159684146
2025-02-10,TH,18,0.7706146570477647
2025-02-10,TW,1,0.7666240793963274
2025-02-10,US,1,0.6689387237032255
2025-02-10,VN,3,0.7884126091093728
2025-02-11,AE,2,0.8457237333059311
2025-02-11,AU,1,0.8542696237564087
2025-02-11,BY,1,0.9661615192890167
2025-02-11,GB,3,0.7380466709534327
2025-02-11,HK,2,0.7518250564711967
2025-02-11,ID,12,0.7467945228310772
2025-02-11,IE,1,0.9737942218780518
2025-02-11,JP,5,0.8996914148034053
2025-02-11,KR,4,0.6787644997239113
2025-02-11,MX,1,0.6576683847492354
2025-02-11,MY,2,0.8033928666263819
2025-02-11,NL,1,0.8690855652093887
2025-02-11,NZ,1,0.9405501484870911
2025-02-11,PH,34,0.811172622584838
2025-02-11,PL,1,0.8992482622464498
2025-02-11,SA,1,0.9214672108491261
2025-02-11,SG,5,0.8439974737664064
2025-02-11,TH,15,0.7478064186484725
2025-02-11,TW,2,0.5235284805297852
2025-02-11,US,4,0.7331601257125536
2025-02-11,VN,7,0.7214026429705204
2025-02-11,ZA,1,0.5623003244400024
2025-02-12,AU,2,0.8173785461112857
2025-02-12,BE,1,0.9078949689865112
2025-02-12,BY,2,0.8204171508550644
2025-02-12,CN,1,0.4469889259586732
2025-02-12,CZ,1,0.9532725960016251
2025-02-12,DE,1,0.8328281760215759
2025-02-12,GB,1,0.8260177075862885
2025-02-12,GE,1,0.6750822067260742
2025-02-12,ID,17,0.770213882343889
2025-02-12,JP,6,0.9075121058215491
2025-02-12,KR,2,0.7861375374098618
2025-02-12,NL,1,0.8949330904904533
2025-02-12,PH,26,0.8390361506934875
2025-02-12,SG,1,0.5401202738285065
2025-02-12,TH,30,0.7818126338379133
2025-02-12,TW,3,0.8601948916912079
2025-02-12,US,10,0.8266294910758735
2025-02-12,VN,5,0.6701571203768253
2025-02-13,AU,1,0.893283236026764
2025-02-13,BY,2,0.8048685033406531
2025-02-13,CO,1,0.8232620805501938
2025-02-13,ES,1,0.759047066171964
2025-02-13,GB,1,0.9425577074289322
2025-02-13,HK,1,0.7503474554733226
2025-02-13,ID,12,0.828735294485056
2025-02-13,IT,1,0.4998348454634349
2025-02-13,JP,7,0.8386145320568917
2025-02-13,KR,4,0.8766911932034418
2025-02-13,MO,2,0.6758584106961887
2025-02-13,MY,4,0.8747018093243242
2025-02-13,NL,2,0.8350787982344627
2025-02-13,NZ,1,0.5597078517079354
2025-02-13,PH,36,0.7696242259393535
2025-02-13,SG,5,0.9011230319738388
2025-02-13,TH,27,0.778697954278564
2025-02-13,TW,8,0.8298267355002463
2025-02-13,US,5,0.8640200298566084
2025-02-13,VN,5,0.833684404194355
2025-02-14,AD,1,0.961181640625
2025-02-14,AE,1,0.9014349381128947
2025-02-14,BH,1,0.006947282701730728
2025-02-14,BR,1,0.952273122288964
2025-02-14,CA,2,0.8016902302702268
2025-02-14,GB,2,0.7980039715766907
2025-02-14,HK,1,0.9666739106178284
2025-02-14,ID,17,0.7750532243681534
2025-02-14,JP,10,0.8196429458684346
2025-02-14,KR,1,0.9454508423805237
2025-02-14,MY,1,0.5036369804292917
2025-02-14,NZ,2,0.9180038869380951
2025-02-14,PH,26,0.7523707917014968
2025-02-14,RO,1,0.6685235500335693
2025-02-14,SA,1,0.8170485496520996
2025-02-14,SG,2,0.6235896820823352
2025-02-14,TH,14,0.7050674249551125
2025-02-14,TW,3,0.908693168560664
2025-02-14,US,8,0.7000679820620765
2025-02-14,VN,4,0.5015541696920991
2025-02-15,AU,1,0.8997027192796979
2025-02-15,BD,1,0.6033754975845417
2025-02-15,BR,1,0.9484896063804626
2025-02-15,BY,1,0.9097518523534139
2025-02-15,CA,1,0.8754730088015398
2025-02-15,CN,2,0.7953941226005554
2025-02-15,GB,2,0.4683853041912828
2025-02-15,ID,16,0.7794883675562838
2025-02-15,JP,10,0.8751176619437331
2025-02-15,KR,2,0.8564138145496447
2025-02-15,MY,1,0.9671308696269989
2025-02-15,NO,1,0.7419704049825668
2025-02-15,PH,26,0.8111703419812442
2025-02-15,SG,2,0.6986979199573398
2025-02-15,TH,11,0.7607695213098662
2025-02-15,TW,4,0.9549605563282967
2025-02-15,US,9,0.6942408529328712
2025-02-15,VN,4,0.8959341377019883
2025-02-16,AU,2,0.7816827008500695
2025-02-16,CN,1,0.6814566254615784
2025-02-16,DE,2,0.5624087676405907
2025-02-16,FR,2,0.46748260346551734
2025-02-16,GB,2,0.7111408922466493
2025-02-16,ID,15,0.6977783258023833
2025-02-16,JP,9,0.8889332709144475
2025-02-16,KR,2,0.877263218164444
2025-02-16,MY,3,0.8280240998913845
2025-02-16,NL,1,0.6165564656257629
2025-02-16,NZ,1,0.7419902086257935
2025-02-16,PH,35,0.7791849837152911
2025-02-16,SG,3,0.7772668264806271
2025-02-16,TH,30,0.8525089866883419
2025-02-16,TW,3,0.8889215536739515
2025-02-16,US,2,0.441765695810318
2025-02-16,VN,6,0.7452987010418265
2025-02-17,AD,1,0.9449832439422607
2025-02-17,AR,1,0.9491889278093973
2025-02-17,AU,3,0.7395511198636124
2025-02-17,BR,1,0.9165199796358744
2025-02-17,BY,1,0.891356348991394
2025-02-17,CN,1,0.8690685033798218
2025-02-17,DE,2,0.4540083490058102
2025-02-17,ES,1,0.6604087240993977
2025-02-17,FR,1,0.9297528862953186
2025-02-17,GB,3,0.8861612489459172
2025-02-17,HK,2,0.8094288557767868
2025-02-17,ID,13,0.6854351068202783
2025-02-17,JP,10,0.9096172694654928
2025-02-17,KR,3,0.8744069344940639
2025-02-17,MO,1,0.6514036059379578
2025-02-17,MX,1,0.9190978929400444
2025-02-17,MY,4,0.7195929264028866
2025-02-17,NG,1,0.6928465962409973
2025-02-17,NL,1,0.9663742780685425
2025-02-17,PH,21,0.8236760918341032
2025-02-17,SA,2,0.9097061157226562
2025-02-17,SG,4,0.8390725003555417
2025-02-17,TH,30,0.7344742249508472
2025-02-17,TW,1,0.9545925656954447
2025-02-17,US,5,0.5937826704233885
2025-02-17,VN,2,0.7011958070927196
2025-02-18,AD,1,0.9669808447360992
2025-02-18,AU,2,0.6874875173620556
2025-02-18,BY,1,0.8736193776130676
2025-02-18,CZ,1,0.5426176432520151
2025-02-18,FR,1,0.9097967876328362
2025-02-18,GB,3,0.7553593276866845
2025-02-18,HK,1,0.2280471734702587
2025-02-18,ID,16,0.7581743113144012
2025-02-18,IL,2,0.6271091271191835
2025-02-18,JP,5,0.7956353625043844
2025-02-18,KR,2,0.8184064201833237
2025-02-18,MO,1,0.8011392951011658
2025-02-18,MY,3,0.6800440341234207
2025-02-18,NL,1,0.9172099828720093
2025-02-18,NP,1,0.9515858590602875
2025-02-18,NZ,1,0.5573871582746506
2025-02-18,PH,36,0.8522233606645954
2025-02-18,SG,1,0.8481387495994568
2025-02-18,TH,36,0.783515724928709
2025-02-18,TW,8,0.7130790537755404
2025-02-18,US,7,0.9030998001969051
2025-02-18,VN,4,0.484232476601998
2025-02-19,AS,1,0.15571661293506622
2025-02-19,AU,3,0.9390871673822403
2025-02-19,BR,1,0.46505922079086304
2025-02-19,BY,3,0.9045555779227504
2025-02-19,ES,1,0.7204591065645218
2025-02-19,FR,1,0.8735715250174205
2025-02-19,GB,1,0.6627286672592163
2025-02-19,HK,2,0.8548447986443837
2025-02-19,HR,1,0.9322067201137543
2025-02-19,ID,20,0.782003748272006
2025-02-19,IE,2,0.9177987892180681
2025-02-19,IL,2,0.9018795937299728
2025-02-19,JP,11,0.806403936318648
2025-02-19,KE,2,0.9525660276412964
2025-02-19,KR,4,0.8417899755842901
2025-02-19,MO,1,0.9360410571098328
2025-02-19,MX,1,0.9563984274864197
2025-02-19,NG,1,0.9241377512613932
2025-02-19,PH,35,0.7625973075182387
2025-02-19,PK,1,0.9447603225708008
2025-02-19,SG,5,0.7574046909809112
2025-02-19,TH,43,0.7704789113718933
2025-02-19,TO,1,0.7833980503492057
2025-02-19,TW,4,0.6214758662972599
2025-02-19,US,3,0.7646772850442817
2025-02-19,VN,4,0.7557580812523763
2025-02-20,AU,3,0.6283627851969666
2025-02-20,BE,1,0.7775046914815903
2025-02-20,BR,1,0.8989471346139908
2025-02-20,CA,1,0.7856085151433945
2025-02-20,CZ,1,0.9287263921328953
2025-02-20,DE,1,0.9347916146119436
2025-02-20,HK,5,0.5648904331856304
2025-02-20,HU,1,0.8441413044929504
2025-02-20,ID,19,0.6896335610732385
2025-02-20,IL,1,0.6664972752332687
2025-02-20,JP,6,0.7906252291013408
2025-02-20,KR,3,0.905164627234141
2025-02-20,MM,1,0.9736471772193909
2025-02-20,MO,1,0.8031469583511353
2025-02-20,MY,2,0.9184441765149435
2025-02-20,NZ,1,0.7742310414711634
2025-02-20,PH,30,0.8539710578294705
2025-02-20,SG,7,0.8391556517151343
2025-02-20,TH,33,0.726770469320928
2025-02-20,TW,5,0.6611452043056488
2025-02-20,US,9,0.8247246924373839
2025-02-20,VN,3,0.6485185799381089
2025-02-21,AE,1,0.96060401648283
2025-02-21,AU,2,0.5218263876934846
2025-02-21,CA,1,0.6271732946236929
2025-02-21,DE,2,0.9111624956130981
2025-02-21,FR,1,0.7581403255462646
2025-02-21,GB,1,0.9650506973266602
2025-02-21,HK,1,0.45763341523706913
2025-02-21,ID,18,0.7954673507331415
2025-02-21,IL,1,0.9523638784885406
2025-02-21,JP,15,0.7965169344085962
2025-02-21,MO,1,0.7449631989002228
2025-02-21,MY,1,0.6672849443275481
2025-02-21,PH,39,0.8045145965771904
2025-02-21,SG,5,0.45983008338529385
2025-02-21,TH,30,0.7867186960375603
2025-02-21,TW,6,0.7014279943156652
2025-02-21,US,4,0.6678367933879296
2025-02-21,VN,1,0.9780458211898804
2025-02-22,AU,2,0.7837457011143367
2025-02-22,CZ,1,0.6794004142284393
2025-02-22,DK,1,0.8093312382698059
2025-02-22,GB,2,0.48016747273504734
2025-02-22,HK,3,0.3675213046371937
2025-02-22,ID,22,0.834321898631859
2025-02-22,JP,13,0.8215561241361888
2025-02-22,KR,5,0.7346806746721268
2025-02-22,LA,1,0.46467703580856323
2025-02-22,LT,1,0.9329732457796733
2025-02-22,MO,1,0.7756817390521367
2025-02-22,PH,35,0.7755602016594252
2025-02-22,SG,2,0.9409958571195602
2025-02-22,TH,33,0.7397843660461794
2025-02-22,TW,6,0.7324258159432145
2025-02-22,US,2,0.9023724049329758
2025-02-22,VN,5,0.6250951640733651
2025-02-23,AU,2,0.8736154139041901
2025-02-23,BR,1,0.7317389100790024
2025-02-23,CH,1,0.841890960931778
2025-02-23,CN,1,0.9229393601417542
2025-02-23,FR,1,0.8758129047022926
2025-02-23,GB,2,0.9036870002746582
2025-02-23,HK,1,0.6017276917894682
2025-02-23,ID,15,0.8407119813331929
2025-02-23,JP,20,0.8073830021201589
2025-02-23,KR,3,0.7258666555086771
2025-02-23,LA,1,0.8978937864303589
2025-02-23,MO,1,0.6678421497344971
2025-02-23,MY,7,0.7564137993225206
2025-02-23,PH,35,0.8213700245316017
2025-02-23,QA,1,0.9629387259483337
2025-02-23,SE,1,0.46736177802085876
2025-02-23,SG,1,0.6931397914886475
2025-02-23,TH,44,0.8103368982021345
2025-02-23,TW,7,0.7315247271623876
2025-02-23,US,10,0.8385446734229725
2025-02-23,VN,6,0.5656510336945454
2025-02-24,AE,2,0.9004818151394527
2025-02-24,BR,1,0.886206717044115
2025-02-24,BY,2,0.9260590832967024
2025-02-24,CA,2,0.5780786275863647
2025-02-24,CH,1,0.901726484298706
2025-02-24,FI,1,0.6444104313850403
2025-02-24,FR,2,0.9389504343271255
2025-02-24,GB,3,0.8539818943374686
2025-02-24,HK,2,0.6720425963401795
2025-02-24,ID,17,0.7393823732080936
2025-02-24,JP,21,0.8400880931196651
2025-02-24,LA,1,0.9280217811465263
2025-02-24,MO,1,0.8716997901598612
2025-02-24,MY,4,0.8000177906682858
2025-02-24,PA,1,0.8096114109669413
2025-02-24,PH,45,0.7989600828574848
2025-02-24,SG,3,0.7269092995954293
2025-02-24,TH,30,0.746446859591184
2025-02-24,TW,5,0.9301543049017589
2025-02-24,US,5,0.8872721784455436
2025-02-24,VN,3,0.8773996829986572
2025-02-25,AE,1,0.9642379283905029
2025-02-25,AU,3,0.6709779080890473
2025-02-25,BR,1,0.7521844627657414
2025-02-25,DO,1,0.8985897699991862
2025-02-25,ES,1,0.9238521978259087
2025-02-25,GB,3,0.6453026429270253
2025-02-25,HK,3,0.6472131352457735
2025-02-25,ID,14,0.8307210877862952
2025-02-25,IT,1,0.46513904482126234
2025-02-25,JP,10,0.8834202622828865
2025-02-25,KH,2,0.861121008793513
2025-02-25,KR,2,0.6329642087221146
2025-02-25,KW,1,0.8420380253833954
2025-02-25,MO,2,0.721834022551775
2025-02-25,MY,1,0.9259980916976929
2025-02-25,NL,1,0.9230496883392334
2025-02-25,NP,1,0.8921525547137628
2025-02-25,NZ,1,0.9172515869140625
2025-02-25,PH,43,0.7663341561433972
2025-02-25,SA,1,0.5410633459687233
2025-02-25,SG,6,0.752794057244642
2025-02-25,TH,53,0.7804292841574363
2025-02-25,TW,5,0.8016852854165446
2025-02-25,US,4,0.6907592001371086
2025-02-25,VN,3,0.7160221735636393
2025-02-26,AE,2,0.9327669233083725
2025-02-26,AU,1,0.8806130364537239
2025-02-26,BE,1,0.9536542743444443
2025-02-26,CA,2,0.5251261867498132
2025-02-26,CN,2,0.8534149825572968
2025-02-26,DE,3,0.6240678626019015
2025-02-26,FR,1,0.7234398424625397
2025-02-26,GB,3,0.7873826775522459
2025-02-26,HK,1,0.8858492374420166
2025-02-26,HU,1,0.17172414561112723
2025-02-26,ID,16,0.7329672967935819
2025-02-26,IT,1,0.8278347452481588
2025-02-26,JP,13,0.8665860171081261
2025-02-26,KR,2,0.9479408860206604
2025-02-26,MO,1,0.8763214548428854
2025-02-26,MX,1,0.8951544612646103
2025-02-26,MY,3,0.5198399070798169
2025-02-26,PH,36,0.8072035976022786
2025-02-26,PK,1,0.33077605068683624
2025-02-26,SG,1,0.42073300915459794
2025-02-26,TH,40,0.7110963220434157
2025-02-26,TR,1,0.7003150582313538
2025-02-26,TW,4,0.7007070248170445
2025-02-26,US,6,0.6766419586518572
2025-02-26,VN,5,0.8209249666989559
2025-02-26,ZA,1,0.9111585319042206
2025-02-27,AU,1,0.9682537913322449
2025-02-27,FR,2,0.6818078731497128
2025-02-27,GB,3,0.9282098015149435
2025-02-27,HK,1,0.900537520647049
2025-02-27,ID,12,0.7219070125552308
2025-02-27,JP,9,0.8683175274179148
2025-02-27,KH,1,0.8687459826469421
2025-02-27,KR,2,0.8407837748527527
2025-02-27,MO,1,0.9161189330948724
2025-02-27,MY,1,0.7904270934458407
2025-02-27,NZ,1,0.5172189846634865
2025-02-27,PH,47,0.8007481272696528
2025-02-27,SG,4,0.713369384435643
2025-02-27,TH,35,0.7873131824742602
2025-02-27,TW,3,0.7703799513524127
2025-02-27,US,8,0.8427972861675598
2025-02-27,VN,5,0.656470029676954
2025-02-28,AU,1,0.9574333429336548
2025-02-28,BR,1,0.15148719129237262
2025-02-28,CN,1,0.8267581118270755
2025-02-28,FR,2,0.9465442895889282
2025-02-28,GB,1,0.8938604933874947
2025-02-28,ID,17,0.7455080823678152
2025-02-28,JP,6,0.8148229345580731
2025-02-28,KR,2,0.6650914028286934
2025-02-28,MO,1,0.897774875164032
2025-02-28,MX,2,0.9476712942123413
2025-02-28,MY,1,0.950219558344947
2025-02-28,NL,1,0.7280887282556958
2025-02-28,NZ,1,0.11436888575553894
2025-02-28,PH,50,0.8713247182875601
2025-02-28,SG,2,0.869111567735672
2025-02-28,TH,40,0.7777110354934162
2025-02-28,TW,4,0.8183288480554308
2025-02-28,US,8,0.9153889988031653
2025-02-28,VN,5,0.7254977795237314
2025-03-01,AE,1,0.8275652006268501
2025-03-01,BR,1,0.6633132994174957
2025-03-01,CA,1,0.007080568000674248
2025-03-01,CL,1,0.969550222158432
2025-03-01,CN,1,0.8540234805809127
2025-03-01,CR,1,0.9635940790176392
2025-03-01,ES,1,0.2823236857851346
2025-03-01,FR,1,0.5206297785043716
2025-03-01,GB,4,0.7709077292432388
2025-03-01,GE,1,0.007315417286008596
2025-03-01,HK,2,0.9199285010496776
2025-03-01,ID,19,0.7908638577560491
2025-03-01,JP,18,0.8309186408137442
2025-03-01,KR,1,0.7799423336982727
2025-03-01,MY,2,0.9611456580460072
2025-03-01,PH,53,0.860288212324889
2025-03-01,SA,1,0.9378272294998169
2025-03-01,SG,6,0.6966216454713746
2025-03-01,TH,39,0.6764300761608049
2025-03-01,TW,4,0.616472160226355
2025-03-01,US,4,0.6025118213146925
2025-03-01,VN,2,0.8595242500305176
2025-03-02,AE,1,0.9253049691518148
2025-03-02,AU,2,0.9226742386817932
2025-03-02,BE,1,0.9687740564346313
2025-03-02,BJ,1,0.958979606628418
2025-03-02,BR,1,0.7712369031376309
2025-03-02,CA,1,0.46143463253974915
2025-03-02,ES,1,0.8796407547261981
2025-03-02,FR,2,0.5212071798741817
2025-03-02,GB,2,0.9320982433855534
2025-03-02,HK,2,0.9379372224211693
2025-03-02,ID,23,0.7964267779303438
2025-03-02,JP,17,0.7785935478648267
2025-03-02,KH,1,0.9094328284263611
2025-03-02,KR,2,0.8960760772228241
2025-03-02,MO,5,0.5898834508711446
2025-03-02,MX,1,0.9517793357372284
2025-03-02,MY,1,0.9170060157775879
2025-03-02,PH,63,0.7928831509170216
2025-03-02,QA,1,0.7276180287202199
2025-03-02,SG,2,0.8256037011742592
2025-03-02,TH,58,0.8122564516385655
2025-03-02,TW,11,0.8310752402744757
2025-03-02,US,10,0.8039898266394934
2025-03-02,VN,7,0.7333053130720988
2025-03-03,AE,1,0.3998032592236996
2025-03-03,AU,4,0.7164569593345126
2025-03-03,CA,1,0.784195370040834
2025-03-03,CH,1,0.9490334483293387
2025-03-03,CZ,1,0.9371609191099802
2025-03-03,ES,1,0.3218823969364166
2025-03-03,FR,1,0.9239048759142557
2025-03-03,GB,4,0.841636658542686
2025-03-03,HK,4,0.9412744306027889
2025-03-03,ID,17,0.7499620485091301
2025-03-03,IE,1,0.9022579789161682
2025-03-03,JP,12,0.912600237655549
2025-03-03,KR,2,0.39519599359482527
2025-03-03,MO,2,0.8934905511491439
2025-03-03,MX,1,0.8713654279708862
2025-03-03,MY,2,0.9405104350298643
2025-03-03,PH,51,0.7959005806936048
2025-03-03,SG,3,0.8179330329100291
2025-03-03,TH,46,0.7746027487423082
2025-03-03,TR,1,0.9609694480895996
2025-03-03,TW,8,0.6944487793060641
2025-03-03,US,7,0.7241149181596488
2025-03-03,VN,2,0.3988980371505022
2025-03-04,AE,1,0.9069423079490662
2025-03-04,CA,1,0.965735936164856
2025-03-04,CH,1,0.12879501283168793
2025-03-04,FR,1,0.6721657663583755
2025-03-04,GB,3,0.6803578436374664
2025-03-04,HK,1,0.8499140739440918
2025-03-04,HU,1,0.5694622308015823
2025-03-04,ID,12,0.7125961492114716
2025-03-04,JP,10,0.8474663600739506
2025-03-04,KH,2,0.9300179719924927
2025-03-04,KR,2,0.6040382740320638
2025-03-04,MO,2,0.9499179869890213
2025-03-04,MY,3,0.9219568206204308
2025-03-04,NL,1,0.8541571795940399
2025-03-04,NP,1,0.8554639220237732
2025-03-04,PH,36,0.8750831793768683
2025-03-04,SE,1,0.9782787263393402
2025-03-04,SG,5,0.8413410509957208
2025-03-04,TH,50,0.7725019836160442
2025-03-04,TW,3,0.758715719912515
2025-03-04,US,6,0.7134764285033776
2025-03-04,VN,4,0.6322172805666924
2025-03-05,AE,2,0.859516054391861
2025-03-05,CZ,1,0.9258712828159332
2025-03-05,DE,1,0.7549244773884615
2025-03-05,FR,1,0.9470294713973999
2025-03-05,GB,2,0.49579184874892235
2025-03-05,HK,1,0.47138999216258526
2025-03-05,ID,19,0.8869542627498551
2025-03-05,JP,12,0.8706684968343112
2025-03-05,KR,1,0.9636831614706252
2025-03-05,MO,1,0.9491059432427088
2025-03-05,MY,2,0.9020134508609772
2025-03-05,NZ,1,0.9468139410018921
2025-03-05,PH,36,0.8545443719049683
2025-03-05,SG,4,0.6742789410054684
2025-03-05,SV,1,0.3686241954565048
2025-03-05,TH,37,0.7629203692500972
2025-03-05,TW,7,0.7404648399423985
2025-03-05,US,6,0.6995415167055197
2025-03-05,VN,7,0.5698427217030505
2025-03-06,AU,4,0.8209081739187241
2025-03-06,CA,2,0.8751278078804414
2025-03-06,CN,1,0.9290100506373814
2025-03-06,ES,1,0.12280365824699402
2025-03-06,FI,1,0.9145835638046265
2025-03-06,GB,2,0.7372296884655952
2025-03-06,ID,13,0.8116872785008737
2025-03-06,JP,6,0.8199332610600525
2025-03-06,KR,1,0.8917680581410726
2025-03-06,MY,1,0.9489119350910187
2025-03-06,NZ,1,0.4509630997975667
2025-03-06,PH,35,0.805394155048263
2025-03-06,PK,1,0.8209632039070129
2025-03-06,TH,37,0.7598786481164703
2025-03-06,TW,6,0.8429219324969583
2025-03-06,US,10,0.8027131314193534
2025-03-06,VN,6,0.7976179346442223
2025-03-07,AU,1,0.9651557803153992
2025-03-07,BE,1,0.6624737779299418
2025-03-07,CA,2,0.9503791630268097
2025-03-07,FR,1,0.8688259124755859
2025-03-07,GB,5,0.8318542197346688
2025-03-07,HK,1,0.7999809021130204
2025-03-07,ID,16,0.7007313257397647
2025-03-07,JP,14,0.8410135921386841
2025-03-07,KG,1,0.8037137190382632
2025-03-07,KR,3,0.5347729722658793
2025-03-07,MY,2,0.9220555126667023
2025-03-07,NL,1,0.8947585026423136
2025-03-07,NO,1,0.9818149209022522
2025-03-07,NZ,2,0.711778707895428
2025-03-07,PH,39,0.8415005583806425
2025-03-07,PL,1,0.6899619996547699
2025-03-07,QA,1,0.9711655577023824
2025-03-07,SG,3,0.6569283877809843
2025-03-07,TH,45,0.8008267352122032
2025-03-07,TW,16,0.7982687629026373
2025-03-07,US,10,0.8137792124847572
2025-03-07,VN,2,0.9202635735273361
2025-03-07,ZA,1,0.9742762446403503
2025-03-08,AE,1,0.9623600244522095
2025-03-08,AU,3,0.8899906762772135
2025-03-08,CA,1,0.8164300388760037
2025-03-08,FR,1,0.7856181859970093
2025-03-08,GB,2,0.8055045008659363
2025-03-08,ID,12,0.8455435843435319
2025-03-08,JP,7,0.9190752538187164
2025-03-08,KR,2,0.31248317658901215
2025-03-08,KW,1,0.772633470594883
2025-03-08,MO,2,0.7683056779205799
2025-03-08,MY,1,0.9728260636329651
2025-03-08,NL,2,0.9571516662836075
2025-03-08,PH,43,0.7979111951046984
2025-03-08,SG,2,0.652136225418912
2025-03-08,TH,40,0.8453690052302107
2025-03-08,TW,9,0.7912388350262686
2025-03-08,US,7,0.8303222842969601
2025-03-08,VN,3,0.6967279861370722
2025-03-08,ZA,1,0.614955946803093
2025-03-09,BY,3,0.769117831459476
2025-03-09,CA,1,0.86057910323143
2025-03-09,CH,1,0.9396363198757172
2025-03-09,GB,4,0.9120250797520081
2025-03-09,HK,1,0.9353044629096985
2025-03-09,ID,15,0.7859407202752992
2025-03-09,IM,1,0.8957161068916321
2025-03-09,JP,13,0.8659655974896013
2025-03-09,MM,1,0.021640855818986893
2025-03-09,MO,1,0.6526725441217422
2025-03-09,MY,1,0.9080989062786102
2025-03-09,NL,2,0.8863779074615903
2025-03-09,NP,1,0.9570062508185705
2025-03-09,PH,47,0.7780136540406809
2025-03-09,SG,3,0.4458749577403069
2025-03-09,TH,43,0.8212267738035687
2025-03-09,TW,2,0.9372253268957138
2025-03-09,US,1,0.14917321503162384
2025-03-09,VN,5,0.8131935391208482
2025-03-10,AU,2,0.7427234773834546
2025-03-10,BY,1,0.9632107019424438
2025-03-10,CN,1,0.8740142285823822
2025-03-10,DE,1,0.9703190326690674
2025-03-10,GB,2,0.8527968724568684
2025-03-10,HK,1,0.9285399488040379
2025-03-10,ID,9,0.7418633794651828
2025-03-10,IT,1,0.9130713509188758
2025-03-10,JP,10,0.8362195579278918
2025-03-10,KR,3,0.9115190816740705
2025-03-10,MO,2,0.6807478765646617
2025-03-10,MX,1,0.3951061957826217
2025-03-10,MY,2,0.946200042963028
2025-03-10,PH,26,0.8607469154094313
2025-03-10,PL,1,0.9616219401359558
2025-03-10,SA,1,0.9441996117432913
2025-03-10,SG,3,0.6728800868408548
2025-03-10,TH,31,0.8147583277889026
2025-03-10,TR,1,0.8163473308086395
2025-03-10,TW,2,0.7394696665661675
2025-03-10,US,8,0.7837991910572681
2025-03-10,VN,3,0.651227917522192
2025-03-11,AE,1,0.9399442587579999
2025-03-11,BY,1,0.8644351363182068
2025-03-11,CA,1,0.8591684699058533
2025-03-11,CL,1,0.04604708030819893
2025-03-11,DE,1,0.13465037941932678
2025-03-11,FR,2,0.8139209894320228
2025-03-11,GB,1,0.8511133952574297
2025-03-11,ID,10,0.750265510818507
2025-03-11,JP,10,0.6993052682231611
2025-03-11,KR,2,0.6245137157716921
2025-03-11,MA,1,0.86357581615448
2025-03-11,MX,1,0.7733676514471881
2025-03-11,MY,1,0.8974166139960289
2025-03-11,NP,1,0.8025565732910176
2025-03-11,NZ,1,0.7404892966151237
2025-03-11,PH,37,0.7955465696338417
2025-03-11,QA,1,0.9626616835594177
2025-03-11,SA,2,0.9396700747311115
2025-03-11,TH,32,0.7938632978751776
2025-03-11,TW,9,0.8293823280254095
2025-03-11,TZ,1,0.9638219078381857
2025-03-11,US,8,0.8269870578833489
2025-03-11,VN,4,0.8201977331634789
2025-03-12,BH,1,0.9266865849494934
2025-03-12,BY,1,0.8992502987384796
2025-03-12,CA,1,0.9793792963027954
2025-03-12,DE,1,0.6726009367654721
2025-03-12,ES,2,0.8706471034222178
2025-03-12,FR,1,0.7119002706474729
2025-03-12,GB,4,0.7374015629291535
2025-03-12,HK,1,0.9363491535186768
2025-03-12,ID,7,0.8320025196442238
2025-03-12,JP,13,0.883045506652744
2025-03-12,KH,1,0.9412572383880615
2025-03-12,KR,1,0.9011676371097564
2025-03-12,LA,1,0.8563593029975891
2025-03-12,MY,3,0.9472337469222053
2025-03-12,NL,1,0.943575382232666
2025-03-12,NZ,1,0.9205265045166016
2025-03-12,PH,30,0.7623940788003338
2025-03-12,SE,1,0.7337089876333872
2025-03-12,SG,2,0.9473650753498077
2025-03-12,TH,55,0.8134976842131405
2025-03-12,TW,8,0.8345101441758885
2025-03-12,US,7,0.751307133786262
2025-03-12,VN,8,0.7563114215053031
2025-03-13,AE,1,0.09781307145021856
2025-03-13,AR,1,0.9707364141941071
2025-03-13,BY,1,0.9269862174987793
2025-03-13,CA,1,0.37602894846349955
2025-03-13,GB,2,0.41595612205564975
2025-03-13,HU,1,0.21812918782234192
2025-03-13,ID,10,0.8007356917935532
2025-03-13,IT,1,0.9446262717247009
2025-03-13,JP,8,0.794920391168473
2025-03-13,KR,2,0.48696395033408724
2025-03-13,NZ,2,0.8562075008327763
2025-03-13,OM,1,0.9764441967010498
2025-03-13,PH,31,0.8415091223179446
2025-03-13,SG,3,0.8573284946043384
2025-03-13,TH,38,0.8180717679438009
2025-03-13,TW,5,0.8170888036489486
2025-03-13,US,8,0.8188058626616285
2025-03-13,VN,8,0.7800183147306569
2025-03-14,BY,2,0.8510675132274628
2025-03-14,GB,2,0.7842000817026704
2025-03-14,ID,9,0.8205190189117056
2025-03-14,JP,19,0.875619182890677
2025-03-14,KR,1,0.7504535555839539
2025-03-14,MO,1,0.22681854665279388
2025-03-14,MY,1,0.963800460100174
2025-03-14,NL,1,0.8934264779090881
2025-03-14,NP,1,0.8872571852472093
2025-03-14,PH,23,0.7304305956519402
2025-03-14,PL,1,0.7558646202087402
2025-03-14,SG,1,0.901254840195179
2025-03-14,TH,43,0.8731473161932904
2025-03-14,TW,3,0.8303920129934946
2025-03-14,US,7,0.7349609960580156
2025-03-14,VN,4,0.7842192872737845
2025-03-15,AU,2,0.754049887880683
2025-03-15,BH,1,0.9611415266990662
2025-03-15,BY,1,0.9813312292098999
2025-03-15,CA,2,0.6932444845636685
2025-03-15,DE,1,0.8954401248031192
2025-03-15,ES,1,0.7340545003060942
2025-03-15,GB,4,0.7341607715934515
2025-03-15,HK,2,0.6790055215358735
2025-03-15,ID,7,0.935080167180274
2025-03-15,IE,1,0.20735600590705872
2025-03-15,IT,1,0.8933714628219604
2025-03-15,JP,4,0.9183703983823459
2025-03-15,KR,4,0.4722248503498526
2025-03-15,MY,2,0.7842017263174057
2025-03-15,NZ,1,0.8967639803886414
2025-03-15,OM,1,0.849508353642055
2025-03-15,PH,39,0.8209302353429434
2025-03-15,SA,1,0.9423423409461975
2025-03-15,SG,4,0.7875609396025538
2025-03-15,TH,42,0.8601226713963105
2025-03-15,TW,8,0.7368549368922797
2025-03-15,US,9,0.8042392444680837
2025-03-15,VN,3,0.582784166932106
2025-03-16,AE,2,0.7973220305783408
2025-03-16,AU,2,0.9254305275777976
2025-03-16,FR,1,0.920792962193015
2025-03-16,ID,12,0.8106929903700845
2025-03-16,IE,1,0.9076694761003766
2025-03-16,JP,12,0.798596539681446
2025-03-16,KR,6,0.7429151348631691
2025-03-16,LA,1,0.9717197588511876
2025-03-16,MO,2,0.7633903073717137
2025-03-16,MV,1,0.8767001443439059
2025-03-16,MY,4,0.7032066853184785
2025-03-16,NP,1,0.95271036028862
2025-03-16,NZ,1,0.45480174105614424
2025-03-16,PH,23,0.8603977488774347
2025-03-16,SG,3,0.9014561573664347
2025-03-16,TH,36,0.7648721758084607
2025-03-16,TW,6,0.6829989004495834
2025-03-16,US,6,0.7643399488117195
2025-03-16,VN,2,0.4423365443944931
2025-03-17,AU,2,0.9488548014247626
2025-03-17,BY,1,0.4790027059614658
2025-03-17,GB,3,0.7446086837185754
2025-03-17,HK,2,0.7879229689141114
2025-03-17,ID,5,0.5450554425828159
2025-03-17,JP,7,0.6318214362457631
2025-03-17,KR,3,0.7360158761342367
2025-03-17,MO,1,0.8992005452513695
2025-03-17,MY,1,0.609274243315061
2025-03-17,PH,37,0.7723580249326223
2025-03-17,SG,1,0.8338875472545624
2025-03-17,TH,24,0.7195964130843434
2025-03-17,TW,5,0.3857205960899591
2025-03-17,US,4,0.5829838511223594
2025-03-17,VN,2,0.7812610616286596
2025-03-18,AU,3,0.7302186402181784
2025-03-18,BY,3,0.5969251105561852
2025-03-18,DK,1,0.6284513175487518
2025-03-18,GB,1,0.4294137144461274
2025-03-18,ID,10,0.7412867542645998
2025-03-18,JP,4,0.9447397702033558
2025-03-18,KR,1,0.5546603798866272
2025-03-18,MY,4,0.6644630490743098
2025-03-18,NL,1,0.9437021613121033
2025-03-18,NP,1,0.9349619630844362
2025-03-18,NZ,1,0.80104481925567
2025-03-18,PH,38,0.787940961075578
2025-03-18,SG,3,0.9041067678185682
2025-03-18,TH,51,0.8034989199688256
2025-03-18,TW,3,0.7673519111962782
2025-03-18,US,2,0.4819581910967827
2025-03-18,VN,1,0.8076186895370483
2025-03-19,AU,3,0.601455909521106
2025-03-19,BR,1,0.9697608947753906
2025-03-19,BY,2,0.670960624109615
2025-03-19,CA,1,0.7914918661117554
2025-03-19,GB,2,0.7486826358363032
2025-03-19,HK,2,0.6587673312053084
2025-03-19,ID,8,0.6183763946303062
2025-03-19,JP,16,0.8615904663182381
2025-03-19,KH,1,0.969207227230072
2025-03-19,KR,1,0.9715832206938002
2025-03-19,MX,1,0.7477474709351858
2025-03-19,MY,3,0.5635374284901277
2025-03-19,PH,22,0.8598736515268683
2025-03-19,SG,2,0.8287821011962715
2025-03-19,TH,34,0.8190513159407096
2025-03-19,TW,8,0.5387569206844395
2025-03-19,US,9,0.6924901421699259
2025-03-19,VN,1,0.10716016590595245
2025-03-20,AU,2,0.8660317845642567
2025-03-20,BR,1,0.9098299064419486
2025-03-20,CN,1,0.9275715351104736
2025-03-20,GB,1,0.776260963508061
2025-03-20,HK,2,0.27174973487854004
2025-03-20,ID,10,0.7219545609503984
2025-03-20,JP,11,0.8562116744210923
2025-03-20,KR,2,0.9760556221008301
2025-03-20,MY,3,0.6987818523689553
2025-03-20,NP,2,0.9628588557243347
2025-03-20,PH,25,0.7902865536175622
2025-03-20,QA,1,0.9405888319015503
2025-03-20,SA,1,0.9347930600245794
2025-03-20,SG,4,0.8336031648485611
2025-03-20,TH,37,0.8222810486051618
2025-03-20,TW,4,0.7662808218970896
2025-03-20,US,6,0.6845143920121094
2025-03-20,VN,6,0.7328727356687424
2025-03-20,ZA,1,0.9729243636131286
2025-03-21,AT,1,0.8555696827393992
2025-03-21,AU,5,0.6756876796483994
2025-03-21,DE,1,0.5057353973388672
2025-03-21,FR,1,0.9367088675498962
2025-03-21,GB,2,0.7898106475091643
2025-03-21,ID,7,0.782663154832664
2025-03-21,JP,10,0.8046029061979304
2025-03-21,KR,2,0.5715669963373871
2025-03-21,KZ,1,0.7772601209580898
2025-03-21,MY,1,0.8416212201118469
2025-03-21,NZ,1,0.9304427742958069
2025-03-21,PH,26,0.8137176806424349
2025-03-21,SG,3,0.7759917413273817
2025-03-21,TH,36,0.7988728759473792
2025-03-21,TW,10,0.7983856203034521
2025-03-21,US,4,0.7891196316108108
2025-03-21,VN,5,0.6009041446571549
2025-03-22,CN,1,0.8566172122955322
2025-03-22,DE,1,0.4721406623721123
2025-03-22,ES,1,0.7104486031901268
2025-03-22,FR,1,0.17467176914215088
2025-03-22,ID,12,0.6765255564127245
2025-03-22,JP,15,0.886576722059829
2025-03-22,KR,2,0.7927113411327202
2025-03-22,MO,3,0.9205416142940521
2025-03-22,MY,1,0.6044913232326508
2025-03-22,NL,1,0.7317204028367996
2025-03-22,NZ,2,0.8912673067979802
2025-03-22,PH,39,0.7921020615405254
2025-03-22,PK,1,0.8401277033668575
2025-03-22,QA,1,0.9198925942182541
2025-03-22,SG,3,0.9070749713314905
2025-03-22,TH,33,0.8113597413094215
2025-03-22,TW,8,0.7333943179371117
2025-03-22,US,6,0.8689966759832837
2025-03-22,VN,7,0.7335923539385909
2025-03-23,AU,1,0.4114199663911547
2025-03-23,DE,1,0.7996741533279419
2025-03-23,GB,2,0.8758279581864674
2025-03-23,HK,1,0.6340149392684301
2025-03-23,ID,15,0.8031515288036284
2025-03-23,JO,1,0.8866732865571976
2025-03-23,JP,6,0.9360406216647891
2025-03-23,KR,2,0.838182857260108
2025-03-23,MO,2,0.9733020663261414
2025-03-23,MT,1,0.8891360188523928
2025-03-23,MY,3,0.7187729443940851
2025-03-23,NL,1,0.9638364911079407
2025-03-23,PH,46,0.7255986358031268
2025-03-23,PK,1,0.861799274260799
2025-03-23,SA,1,0.8417057991027832
2025-03-23,SG,6,0.8158167344368777
2025-03-23,TH,50,0.7864532993514782
2025-03-23,TW,7,0.8854140251326612
2025-03-23,UG,1,0.8670618534088135
2025-03-23,US,8,0.8975540149244882
2025-03-23,VN,4,0.9054405333917765
2025-03-24,AE,1,0.28000408411026
2025-03-24,AU,2,0.815491259098053
2025-03-24,BY,1,0.01369466446340084
2025-03-24,CA,1,0.8884192605813345
2025-03-24,CH,1,0.6777651011943817
2025-03-24,CN,1,0.9706741571426392
2025-03-24,DE,1,0.3800879418849945
2025-03-24,ID,13,0.824793829010704
2025-03-24,JP,16,0.82393117454733
2025-03-24,KR,4,0.6235628366470337
2025-03-24,KW,1,0.9411576986312866
2025-03-24,MX,1,0.8261496841907501
2025-03-24,MY,2,0.7251729965209961
2025-03-24,NL,1,0.5686294904910028
2025-03-24,PH,40,0.7197272400756674
2025-03-24,PK,1,0.808084558074673
2025-03-24,SA,3,0.9330777668035948
2025-03-24,SG,6,0.5473488702438772
2025-03-24,TH,51,0.7643906254162043
2025-03-24,TW,5,0.7532786967220884
2025-03-24,US,9,0.863851723519057
2025-03-24,VN,4,0.6425612336412693
2025-03-24,ZA,1,0.9619226455688477
2025-03-25,AU,3,0.6983824005971352
2025-03-25,CA,2,0.9033903617944037
2025-03-25,ES,1,0.9340815075806209
2025-03-25,FR,2,0.90766341984272
2025-03-25,GB,3,0.890429987793877
2025-03-25,ID,9,0.8011673618361735
2025-03-25,JP,6,0.903207823910095
2025-03-25,KH,1,0.9750267267227173
2025-03-25,KR,1,0.3959929347038269
2025-03-25,KZ,1,0.5566545030723016
2025-03-25,MO,1,0.8447487950325012
2025-03-25,MX,1,0.9307643175125122
2025-03-25,MY,1,0.834748312830925
2025-03-25,NP,1,0.8221898078918457
2025-03-25,PH,38,0.7878743750674042
2025-03-25,PL,1,0.8360748291015625
2025-03-25,SA,1,0.8128978411356608
2025-03-25,SG,4,0.7359236637751261
2025-03-25,TH,34,0.8247705512302714
2025-03-25,TW,2,0.7610091745542984
2025-03-25,US,7,0.7033110677446953
2025-03-25,VN,4,0.6795053109526634
2025-03-26,AU,1,0.8222241230083235
2025-03-26,CA,1,0.8570829629898071
2025-03-26,CH,1,0.7745487689971924
2025-03-26,CZ,1,0.0259554460644722
2025-03-26,GB,2,0.37069181218329406
2025-03-26,ID,12,0.7967467122352195
2025-03-26,IE,1,0.4111323058605194
2025-03-26,JP,12,0.8630522758320526
2025-03-26,KH,1,0.8728282928466797
2025-03-26,KR,3,0.6864293759895697
2025-03-26,LK,1,0.95057612657547
2025-03-26,MO,1,0.2764412257820368
2025-03-26,MY,2,0.8554839065298439
2025-03-26,PH,26,0.7895385923983305
2025-03-26,RS,1,0.4228910505771637
2025-03-26,SA,2,0.7855703415615218
2025-03-26,SG,4,0.7986681129886872
2025-03-26,SL,1,0.8846390048662821
2025-03-26,TH,46,0.8439414911181657
2025-03-26,TW,3,0.9143897717197736
2025-03-26,US,7,0.8082552031189406
2025-03-26,VN,7,0.7371148919837982
2025-03-27,AR,1,0.816508925623364
2025-03-27,AU,1,0.6953193545341492
2025-03-27,BY,1,0.4612810015678406
2025-03-27,EC,1,0.7745452225208282
2025-03-27,GB,1,0.9388222023844719
2025-03-27,ID,8,0.7053331870702095
2025-03-27,IL,1,0.753894567489624
2025-03-27,JP,12,0.8943298386616839
2025-03-27,KH,1,0.9645341485738754
2025-03-27,MY,1,0.8279072716832161
2025-03-27,NL,1,0.6174951277673244
2025-03-27,NO,1,0.647021860950109
2025-03-27,NZ,2,0.6593043791751068
2025-03-27,PH,39,0.8100795922207081
2025-03-27,SA,1,0.9578407960278648
2025-03-27,SG,4,0.8747188837991821
2025-03-27,TH,38,0.8724598079042133
2025-03-27,TW,3,0.9121394157409668
2025-03-27,US,7,0.6921810506709984
2025-03-27,VN,6,0.6176536534912884
2025-03-28,AE,1,0.9529951214790344
2025-03-28,AU,2,0.7290208832671246
2025-03-28,BR,1,0.8443126082420349
2025-03-28,BY,1,0.028880024328827858
2025-03-28,CA,1,0.9064059774080913
2025-03-28,CL,1,0.87048695931832
2025-03-28,CZ,1,0.8833533525466919
2025-03-28,DE,2,0.7816837877035141
2025-03-28,ES,1,0.8139755120128394
2025-03-28,FR,1,0.9333967636613285
2025-03-28,GB,2,0.936170818120764
2025-03-28,ID,12,0.7588469449732327
2025-03-28,JP,15,0.8890756751351859
2025-03-28,KR,1,0.9475383162498474
2025-03-28,MY,2,0.9241966605186462
2025-03-28,NZ,1,0.29115575396766263
2025-03-28,PH,37,0.7859311116287604
2025-03-28,PT,1,0.5779598951339722
2025-03-28,SG,1,0.8452667994574914
2025-03-28,TH,19,0.8163711901218844
2025-03-28,TW,3,0.5703742462727758
2025-03-28,US,7,0.7520829840365685
2025-03-28,VN,3,0.6302656682415141
2025-03-28,ZA,1,0.7652506828308105
2025-03-29,BY,1,0.5114634037017822
2025-03-29,GB,2,0.11943847592920065
2025-03-29,GR,1,0.9291294316450754
2025-03-29,HK,1,0.6687651425600052
2025-03-29,HN,1,0.9560269713401794
2025-03-29,ID,20,0.7028479043337883
2025-03-29,JP,10,0.8855653270688795
2025-03-29,KH,1,0.9699641168117523
2025-03-29,KR,1,0.8617392182350159
2025-03-29,NO,1,0.6906102692489239
2025-03-29,PH,40,0.8011201168989425
2025-03-29,RS,1,0.9010016918182373
2025-03-29,SA,1,0.8191744486490885
2025-03-29,SG,2,0.7528891712427139
2025-03-29,TH,30,0.8265330113500805
2025-03-29,TW,6,0.893540165690009
2025-03-29,US,3,0.9405784447987875
2025-03-29,VN,4,0.6253799539602671
2025-03-30,AR,1,0.41330060362815857
2025-03-30,AU,1,0.8956728577613831
2025-03-30,CN,1,0.5313876271247864
2025-03-30,DK,1,0.6191713446751237
2025-03-30,EG,1,0.9280103743076324
2025-03-30,GB,1,0.6080775856971741
2025-03-30,HK,2,0.4690629368027051
2025-03-30,ID,14,0.7407900256342211
2025-03-30,JP,8,0.9283667135983705
2025-03-30,KR,4,0.8257398687303066
2025-03-30,NZ,1,0.9472919570075141
2025-03-30,PH,34,0.8661466369245473
2025-03-30,PT,1,0.4793659867718816
2025-03-30,SG,2,0.7762345373630524
2025-03-30,TH,25,0.8173819805195851
2025-03-30,TW,1,0.468881344422698
2025-03-30,US,8,0.7361980146794979
2025-03-30,VN,8,0.7034628048849603
2025-03-31,AU,1,0.6277162134647369
2025-03-31,CA,1,0.9589265485604604
2025-03-31,CH,1,0.7318591400980949
2025-03-31,ET,1,0.9610174298286438
2025-03-31,FR,1,0.8811278790235519
2025-03-31,GB,2,0.511367678642273
2025-03-31,HK,1,0.2746302355080843
2025-03-31,ID,7,0.8020273274372495
2025-03-31,IE,1,0.5848454117774964
2025-03-31,IT,1,0.6524154543876648
2025-03-31,JP,5,0.8112074774503707
2025-03-31,KR,2,0.8565266132354736
2025-03-31,LA,1,0.898623784383138
2025-03-31,MY,2,0.8617166976133983
2025-03-31,NP,1,0.9343936443328857
2025-03-31,NZ,2,0.9158268998066584
2025-03-31,PH,32,0.863752868114457
2025-03-31,QA,1,0.7268162220716476
2025-03-31,SA,1,0.9326387047767639
2025-03-31,SG,2,0.4846096932888031
2025-03-31,TH,41,0.8116735483736309
2025-03-31,TW,8,0.9247943768898647
2025-03-31,US,4,0.48432237372423215
2025-03-31,VN,4,0.7284386307001114
2025-04-01,AE,2,0.9149913493165935
2025-04-01,AU,3,0.9197794482111931
2025-04-01,ES,1,0.9538449496030807
2025-04-01,HK,2,0.8760116125146549
2025-04-01,ID,16,0.7627691852402904
2025-04-01,JP,17,0.8166224014020498
2025-04-01,KR,2,0.7664122791339953
2025-04-01,LK,1,0.4352559298276901
2025-04-01,MY,2,0.6409470485523343
2025-04-01,NL,2,0.9207354485988617
2025-04-01,NZ,3,0.9541877624061371
2025-04-01,PH,41,0.766054178821552
2025-04-01,PL,1,0.5984271317720413
2025-04-01,SG,3,0.7105781926049127
2025-04-01,TH,35,0.777006990816071
2025-04-01,TW,3,0.9016411975026131
2025-04-01,US,5,0.8334721267223358
2025-04-01,VN,2,0.2605257499963045
2025-04-01,ZA,1,0.3610471189022064
2025-04-02,AE,1,0.9752811789512634
2025-04-02,AU,5,0.790813774233339
2025-04-02,CA,1,0.7725575156509876
2025-04-02,CH,1,0.9201481342315674
2025-04-02,EC,1,0.38949466263875365
2025-04-02,ES,1,0.8998225927352905
2025-04-02,GB,1,0.8408694602549076
2025-04-02,HK,1,0.9701189398765564
2025-04-02,ID,13,0.6706972802219338
2025-04-02,JP,9,0.8174903314622816
2025-04-02,KR,1,0.9721471071243286
2025-04-02,MM,1,0.856971263885498
2025-04-02,MO,1,0.9331575930118561
2025-04-02,MY,1,0.9134068489074707
2025-04-02,NO,1,0.5369166127509541
2025-04-02,PG,1,0.7925643920898438
2025-04-02,PH,41,0.7965526837930543
2025-04-02,SG,3,0.6575806452932521
2025-04-02,TH,23,0.7577774454376034
2025-04-02,TR,1,0.5435886254741086
2025-04-02,TW,7,0.6573242154563703
2025-04-02,US,4,0.5266957422718406
2025-04-02,VN,4,0.8661766474445661
2025-04-03,AU,3,0.7003198963782143
2025-04-03,BR,1,0.9373810291290283
2025-04-03,CN,1,0.9020505801198029
2025-04-03,DO,1,0.738669549425443
2025-04-03,FR,1,0.7947391867637634
2025-04-03,GB,3,0.6880699102249411
2025-04-03,HK,2,0.9406693602601688
2025-04-03,ID,19,0.6681251695813601
2025-04-03,JP,14,0.8280869186000556
2025-04-03,KH,1,0.9379420578479767
2025-04-03,KR,2,0.5545797273516655
2025-04-03,LA,1,0.9289225339889526
2025-04-03,MY,1,0.9688600599765778
2025-04-03,PH,30,0.8362467984117651
2025-04-03,SG,1,0.6227917671203613
2025-04-03,TH,29,0.7745906432728108
2025-04-03,TW,9,0.844257745763034
2025-04-03,US,2,0.9220060408115387
2025-04-03,VN,5,0.6632191121578217
2025-04-04,AE,2,0.6862639382015914
2025-04-04,AU,4,0.8235578124473493
2025-04-04,CA,1,0.5086242084701856
2025-04-04,GB,3,0.5015749241358468
2025-04-04,ID,14,0.7896524440424058
2025-04-04,JP,14,0.855123836901926
2025-04-04,KH,2,0.7582678337891897
2025-04-04,KR,1,0.6774297781726893
2025-04-04,KZ,1,0.8068497851490974
2025-04-04,MY,3,0.8496409420208592
2025-04-04,NL,2,0.8823606882776533
2025-04-04,NO,1,0.6873164032807663
2025-04-04,PH,37,0.7997751359089276
2025-04-04,PT,1,0.8690041104952494
2025-04-04,SG,6,0.7382527690786773
2025-04-04,TH,31,0.7541022609657709
2025-04-04,TW,3,0.8111131363444858
2025-04-04,US,5,0.7814153919617335
2025-04-04,VN,4,0.5321380556755078
2025-04-05,AE,3,0.9299615665718362
2025-04-05,AU,1,0.9175525486469269
2025-04-05,CN,1,0.9346485137939453
2025-04-05,FR,1,0.9768486022949219
2025-04-05,GB,1,0.9322429299354553
2025-04-05,HK,2,0.858159237437778
2025-04-05,ID,20,0.6951497036432785
2025-04-05,JP,18,0.8933608734695319
2025-04-05,KH,3,0.9682324753394203
2025-04-05,KR,2,0.6692825226734083
2025-04-05,MM,1,0.7510047554969788
2025-04-05,MY,3,0.6711183132396803
2025-04-05,NL,1,0.8999304493268331
2025-04-05,PH,39,0.8005717839355437
2025-04-05,PT,1,0.8339735746383667
2025-04-05,SE,1,0.12430334091186523
2025-04-05,SG,2,0.4660275294445455
2025-04-05,TH,42,0.7025876454280787
2025-04-05,TW,6,0.6820871730282644
2025-04-05,US,6,0.8493128754393934
2025-04-05,VN,2,0.778114720784566
2025-04-06,AU,5,0.9142914267381033
2025-04-06,GB,2,0.9226875007152557
2025-04-06,ID,24,0.7616441293057098
2025-04-06,JP,9,0.9131283046102818
2025-04-06,KR,1,0.9652414098381996
2025-04-06,MM,1,0.9587778449058533
2025-04-06,MY,3,0.8552133440971375
2025-04-06,PH,39,0.8233317305497283
2025-04-06,SA,1,0.9494564533233643
2025-04-06,SG,4,0.8529671853252997
2025-04-06,TH,35,0.8139925017342251
2025-04-06,TW,9,0.8157039127218976
2025-04-06,US,6,0.804136275831196
2025-04-06,VN,7,0.574259860565265
2025-04-07,AU,1,0.3744136542081833
2025-04-07,CA,2,0.9250933825969696
2025-04-07,EC,1,0.946824312210083
2025-04-07,FR,1,0.9684076990400042
2025-04-07,GB,1,0.6830047965049744
2025-04-07,ID,20,0.7694857066474377
2025-04-07,JP,5,0.8269938588524475
2025-04-07,KH,1,0.2508358657360077
2025-04-07,KR,2,0.6053965538740158
2025-04-07,NZ,1,0.9142903685569763
2025-04-07,PH,31,0.8408338170014338
2025-04-07,RU,1,0.8686257600784302
2025-04-07,SG,2,0.8784457109868526
2025-04-07,TH,34,0.7567948917311619
2025-04-07,TW,7,0.8863683624523494
2025-04-07,US,13,0.8211987036876924
2025-04-07,VN,3,0.730787380412221
2025-04-08,AU,3,0.7753024903066151
2025-04-08,BH,1,0.9218335747718811
2025-04-08,BR,1,0.7361792812035197
2025-04-08,CA,1,0.9683800935745239
2025-04-08,ES,1,0.7041819617152214
2025-04-08,GB,1,0.6363912874625789
2025-04-08,GG,1,0.7943242159154681
2025-04-08,HK,1,0.38392666975657147
2025-04-08,ID,13,0.7986147021138866
2025-04-08,IE,1,0.9419514766106238
2025-04-08,JP,9,0.8010501216457684
2025-04-08,LA,1,0.5993269669697694
2025-04-08,MO,1,0.9066003059086046
2025-04-08,MY,2,0.5282132029533386
2025-04-08,NL,1,0.8362593054771423
2025-04-08,PH,28,0.8156193133188394
2025-04-08,SG,1,0.8725354373455048
2025-04-08,TH,31,0.846507836086576
2025-04-08,TW,10,0.7943810169441654
2025-04-08,UA,1,0.9292145768801371
2025-04-08,US,8,0.7069582750555128
2025-04-08,VN,4,0.5068430341780186
2025-04-09,AU,1,0.9201761782169342
2025-04-09,CA,1,0.8959506154060364
2025-04-09,CN,1,0.7218368798494339
2025-04-09,DE,1,0.22967655956745148
2025-04-09,EC,1,0.8039678931236267
2025-04-09,GB,2,0.9619305020286923
2025-04-09,GU,1,0.5084162354469299
2025-04-09,HK,2,0.9569370688663588
2025-04-09,ID,16,0.807404583324963
2025-04-09,JP,11,0.726736112966768
2025-04-09,MX,1,0.8521919647852579
2025-04-09,MY,5,0.8094820831660872
2025-04-09,NG,1,0.3089197228352229
2025-04-09,NL,2,0.895497465133667
2025-04-09,PH,47,0.7328390524737216
2025-04-09,SE,1,0.6631540730595589
2025-04-09,SG,2,0.6512190848588943
2025-04-09,TH,40,0.7545055283822353
2025-04-09,TW,7,0.7488889504005486
2025-04-09,US,7,0.8586136258783794
2025-04-09,VN,5,0.7638293368120987
2025-04-09,ZA,1,0.9437316879630089
2025-04-10,AE,2,0.8201103322207928
2025-04-10,AU,2,0.9211871065199375
2025-04-10,BY,3,0.6278624882300695
2025-04-10,CA,1,0.8205710053443909
2025-04-10,ES,1,0.8868121445178986
2025-04-10,GB,1,0.6161019802093506
2025-04-10,HK,1,0.9548998872439066
2025-04-10,ID,13,0.7571831258414016
2025-04-10,JP,8,0.7579504725625598
2025-04-10,KR,1,0.9438545107841492
2025-04-10,LA,1,0.9737529820866055
2025-04-10,MX,2,0.8506282667318981
2025-04-10,MY,2,0.9306624755263329
2025-04-10,NL,1,0.9412365555763245
2025-04-10,NZ,1,0.881682018438975
2025-04-10,OM,1,0.9007481986449825
2025-04-10,PH,30,0.8352986135858077
2025-04-10,QA,1,0.9213416973749796
2025-04-10,SG,4,0.6941542362910695
2025-04-10,TH,31,0.7308808297020478
2025-04-10,TW,5,0.7695414602756501
2025-04-10,US,6,0.7601385370724731
2025-04-10,VN,8,0.634635793355604
2025-04-11,AU,1,0.8171911239624023
2025-04-11,EC,1,0.9851059913635254
2025-04-11,FR,1,0.9702782779932022
2025-04-11,GB,3,0.8736739257971445
2025-04-11,GT,1,0.11888980120420456
2025-04-11,HK,1,0.8396790027618408
2025-04-11,ID,17,0.8162631006264734
2025-04-11,IT,1,0.3523091971874237
2025-04-11,JP,9,0.9205866525185714
2025-04-11,KR,1,0.4042561481913759
2025-04-11,MO,3,0.8131788036889501
2025-04-11,NZ,1,0.9187463521957397
2025-04-11,PH,24,0.8173474248085681
2025-04-11,QA,2,0.512442972821494
2025-04-11,SG,3,0.6344781219959259
2025-04-11,TH,29,0.8184541697431231
2025-04-11,TW,6,0.7156625077967035
2025-04-11,US,5,0.7372272223234176
2025-04-11,VN,7,0.6892876744963777
2025-04-12,AE,2,0.731262736255303
2025-04-12,DK,1,0.6583213210105896
2025-04-12,EC,1,0.9633129743429331
2025-04-12,ES,2,0.9173598567644755
2025-04-12,GB,4,0.834578556366838
2025-04-12,HK,1,0.7300294427550398
2025-04-12,HR,1,0.5326741337776184
2025-04-12,ID,23,0.7841702427562707
2025-04-12,JP,9,0.6778836144057053
2025-04-12,KH,1,0.8975822031497955
2025-04-12,LA,1,0.885980524122715
2025-04-12,MV,1,0.9279161691665649
2025-04-12,MY,1,0.9824876189231873
2025-04-12,NL,1,0.907473623752594
2025-04-12,OM,1,0.8036854309695107
2025-04-12,PH,26,0.7577920235456929
2025-04-12,PL,1,0.7900517489761114
2025-04-12,SG,1,0.8690047292482285
2025-04-12,TH,48,0.7604936121203872
2025-04-12,TW,2,0.8908401166017239
2025-04-12,US,4,0.7262766841799021
2025-04-12,VN,7,0.7608160207314151
2025-04-13,AE,1,0.8728632995715508
2025-04-13,AR,1,0.7217156421393156
2025-04-13,AU,1,0.5515642166137695
2025-04-13,DK,1,0.5138110322877765
2025-04-13,FJ,1,0.87611523270607
2025-04-13,GB,1,0.8721482008695602
2025-04-13,HK,1,0.947644829750061
2025-04-13,ID,22,0.8298859703538326
2025-04-13,JP,13,0.861975459855883
2025-04-13,KR,3,0.7563893265194364
2025-04-13,KZ,1,0.793070912361145
2025-04-13,MY,1,0.29257406387478113
2025-04-13,NL,2,0.40803109530714293
2025-04-13,NP,1,0.891789048910141
2025-04-13,NZ,2,0.9710056324799856
2025-04-13,PH,30,0.7084207929149616
2025-04-13,QA,1,0.9640261180260602
2025-04-13,SG,2,0.9507211148738861
2025-04-13,TH,22,0.6938287772775334
2025-04-13,TR,1,0.9420244495073954
2025-04-13,TW,6,0.6076281207426396
2025-04-13,US,4,0.9158644106179948
2025-04-14,AE,1,0.9783873657385508
2025-04-14,BH,1,0.8084679444630941
2025-04-14,BY,1,0.5379702846209208
2025-04-14,CN,1,0.5515666753053665
2025-04-14,DE,2,0.919300342599551
2025-04-14,ES,1,0.7430763608561113
2025-04-14,GB,2,0.5382505860179663
2025-04-14,HR,1,0.7585697174072266
2025-04-14,ID,18,0.7800790636423888
2025-04-14,IT,1,0.8798098464806875
2025-04-14,JP,4,0.8778925028940042
2025-04-14,MM,1,0.9072639710373349
2025-04-14,MY,3,0.8950478623310726
2025-04-14,NL,1,0.8594687581062317
2025-04-14,PH,23,0.7993886939509384
2025-04-14,SG,3,0.8070123137699233
2025-04-14,TH,29,0.8008535716966096
2025-04-14,TW,7,0.5684833934182649
2025-04-14,US,11,0.7374766672368754
2025-04-14,VN,2,0.8089199472218752
2025-04-14,ZA,1,0.886975109577179
2025-04-15,AE,2,0.9410045657839095
2025-04-15,AU,1,0.9328268587589263
2025-04-15,DE,1,0.27295638620853424
2025-04-15,GB,3,0.17728395325442156
2025-04-15,HK,2,0.9046538323163986
2025-04-15,ID,11,0.6211680402047077
2025-04-15,IN,2,0.8921532422777206
2025-04-15,JP,10,0.8528470419518639
2025-04-15,KH,3,0.9060739775498708
2025-04-15,KR,1,0.9196773767471313
2025-04-15,KW,1,0.94036030570666
2025-04-15,MO,2,0.9095839858055115
2025-04-15,MT,1,0.8493961746493974
2025-04-15,MX,1,0.880016760531958
2025-04-15,PH,25,0.7817206412906162
2025-04-15,QA,1,0.9246721959114075
2025-04-15,SG,4,0.8522274047136307
2025-04-15,TH,29,0.816836743736885
2025-04-15,TR,1,0.8037158897412675
2025-04-15,TW,4,0.5702327241511306
2025-04-15,US,6,0.737683623097837
2025-04-15,VN,12,0.6866869756000895
2025-04-16,AE,1,0.9674842119216919
2025-04-16,AU,3,0.7864572649437284
2025-04-16,BH,1,0.9128341674804688
2025-04-16,BY,2,0.907567451397578
2025-04-16,CZ,1,0.9043814751234922
2025-04-16,DE,1,0.9281021952629089
2025-04-16,FR,1,0.47223350405693054
2025-04-16,GB,1,0.8033137857913971
2025-04-16,GE,1,0.7746396064758301
2025-04-16,HK,1,0.6827419456094503
2025-04-16,HR,1,0.4213498681783676
2025-04-16,ID,17,0.8086315478012575
2025-04-16,IT,1,0.9366465210914612
2025-04-16,JP,10,0.8405971750497443
2025-04-16,KZ,1,0.005334821995347738
2025-04-16,MV,1,0.6158754825592041
2025-04-16,MY,1,0.8972538510958353
2025-04-16,NZ,1,0.9551459043695215
2025-04-16,PH,20,0.7150407229223668
2025-04-16,PK,1,0.36737412214279175
2025-04-16,QA,1,0.6597780596671833
2025-04-16,SE,1,0.8533735871315002
2025-04-16,TH,31,0.8490615070616016
2025-04-16,TW,7,0.7933652890575289
2025-04-16,UA,1,0.6816224008798599
2025-04-16,US,8,0.6342425420007203
2025-04-16,VN,2,0.5932515621616963
2025-04-16,ZA,1,0.9248719289898872
2025-04-17,AE,1,0.927520751953125
2025-04-17,BH,1,0.9215376106175509
2025-04-17,CL,1,0.8377262417759214
2025-04-17,DE,1,0.7971760522988108
2025-04-17,GB,4,0.7416705310655136
2025-04-17,HR,1,0.8685346204500932
2025-04-17,ID,10,0.9161383977174186
2025-04-17,IT,1,0.907940258582433
2025-04-17,JP,13,0.7962758554325363
2025-04-17,KH,1,0.42700264882296324
2025-04-17,KR,3,0.6716837521332005
2025-04-17,MM,1,0.9718816578388214
2025-04-17,MV,1,0.9164750576019287
2025-04-17,MY,2,0.7783657095649026
2025-04-17,NL,1,0.9468904137611389
2025-04-17,NO,1,0.6549799938996633
2025-04-17,NP,1,0.946636438369751
2025-04-17,PH,32,0.8189668658250455
2025-04-17,QA,1,0.9274031519889832
2025-04-17,SG,1,0.6925877742469311
2025-04-17,TH,32,0.8051299503647513
2025-04-17,TW,6,0.8920724157450928
2025-04-17,US,4,0.8330876336495081
2025-04-17,VN,2,0.9190175086259842
2025-04-18,AU,1,0.9527676403522491
2025-04-18,BR,1,0.05092991515994072
2025-04-18,CA,1,0.858395516872406
2025-04-18,DE,1,0.00986327106753985
2025-04-18,FR,1,0.9281286926496596
2025-04-18,GB,4,0.9123819599548976
2025-04-18,ID,17,0.7831708686716461
2025-04-18,JP,6,0.8827714316079006
2025-04-18,KR,2,0.8974906099694115
2025-04-18,MO,1,0.5201074630022049
2025-04-18,MY,4,0.8450640353839844
2025-04-18,NP,1,0.9639245271682739
2025-04-18,NZ,1,0.8915780484676361
2025-04-18,PH,24,0.7799675580848877
2025-04-18,SA,1,0.9565733538733588
2025-04-18,SG,6,0.8779967661698659
2025-04-18,TH,40,0.8348308477711475
2025-04-18,TW,3,0.9080664051903619
2025-04-18,US,10,0.7607695956315312
2025-04-18,VN,7,0.7163388034151424
2025-04-19,AU,1,0.9105477184057236
2025-04-19,CN,2,0.5806742509206136
2025-04-19,CO,1,0.747228741645813
2025-04-19,DE,1,0.30033212900161743
2025-04-19,FR,1,0.8122876311341921
2025-04-19,GB,1,0.8657712340354919
2025-04-19,HK,3,0.8582818234960238
2025-04-19,ID,16,0.8144086430474999
2025-04-19,JP,9,0.7667885477176954
2025-04-19,KR,2,0.8871261802943129
2025-04-19,LA,1,0.8748649954795837
2025-04-19,MX,2,0.9454974730809529
2025-04-19,MY,2,0.8044024109840393
2025-04-19,NZ,1,0.9514680589948382
2025-04-19,PH,23,0.7495959751002023
2025-04-19,SG,5,0.9127973026230786
2025-04-19,TH,45,0.8230187161167664
2025-04-19,TW,1,0.8952741974343856
2025-04-19,US,9,0.6169578711769762
2025-04-19,VN,3,0.5237260063489279
2025-04-20,AE,1,0.8092799418502384
2025-04-20,AU,2,0.79750668220222
2025-04-20,BY,2,0.8286035972483018
2025-04-20,CA,3,0.8148333099153308
2025-04-20,DE,2,0.8309319100032251
2025-04-20,GB,2,0.5372725781564042
2025-04-20,HK,3,0.8911902639600965
2025-04-20,HR,1,0.9214322566986084
2025-04-20,ID,17,0.8824067794237355
2025-04-20,JP,4,0.933717313905557
2025-04-20,KR,3,0.7538222385524976
2025-04-20,LA,1,0.5800315141677856
2025-04-20,MV,1,0.06202101334929466
2025-04-20,MY,3,0.8606947376614525
2025-04-20,PH,28,0.8262093219669834
2025-04-20,PK,1,0.5913110971450806
2025-04-20,PL,1,0.6109177470207214
2025-04-20,SG,2,0.9157728403806686
2025-04-20,TH,39,0.8037266817702151
2025-04-20,TW,4,0.6858023085487297
2025-04-20,US,12,0.8080782264471055
2025-04-20,VN,6,0.8597820092820458
2025-04-21,AU,2,0.40143979527056217
2025-04-21,DE,1,0.9176015853881836
2025-04-21,ES,1,0.7527988232948162
2025-04-21,FR,1,0.9041597992181778
2025-04-21,GB,4,0.7239279393796567
2025-04-21,HK,1,0.9370531916618348
2025-04-21,ID,23,0.8245237807100042
2025-04-21,JP,12,0.8318640808523116
2025-04-21,KR,2,0.9098330843629259
2025-04-21,KZ,2,0.9451853394508362
2025-04-21,LA,2,0.39502365912000337
2025-04-21,MY,3,0.8572651313410865
2025-04-21,NP,1,0.961421936750412
2025-04-21,NZ,1,0.48370805149897933
2025-04-21,PH,24,0.7956821974352626
2025-04-21,PT,1,0.44820552070935565
2025-04-21,SG,3,0.7689151661470532
2025-04-21,TH,39,0.8127973105979032
2025-04-21,TW,9,0.8884144490147814
2025-04-21,US,6,0.9225915638463839
2025-04-21,VN,7,0.6923073157313324
2025-04-22,AU,1,0.7374395446644889
2025-04-22,BJ,1,0.8052538732687633
2025-04-22,DE,1,0.876486524939537
2025-04-22,ES,1,0.9341414570808411
2025-04-22,GB,2,0.674361541601164
2025-04-22,HK,3,0.5979573859108819
2025-04-22,ID,19,0.7743097152355026
2025-04-22,IE,1,0.8580670356750488
2025-04-22,JP,6,0.8402710700261586
2025-04-22,KR,3,0.6111714344678654
2025-04-22,MO,1,0.5328186579048634
2025-04-22,MY,3,0.9043164959660283
2025-04-22,NZ,1,0.9412938576677571
2025-04-22,PH,23,0.7684417970431323
2025-04-22,QA,2,0.9354022964835167
2025-04-22,SA,1,0.892108753323555
2025-04-22,SG,3,0.5572790147529708
2025-04-22,TH,38,0.7436237389164602
2025-04-22,TR,1,0.9701146057673863
2025-04-22,TW,6,0.9006005350322951
2025-04-22,UA,1,0.9119910299777985
2025-04-22,US,10,0.7775301506121953
2025-04-22,VN,5,0.6747611557133496
2025-04-23,AE,2,0.6861365476090993
2025-04-23,AU,3,0.7773757028910849
2025-04-23,BY,2,0.29465617751702666
2025-04-23,CN,1,0.8280702233314514
2025-04-23,DE,1,0.9417944848537445
2025-04-23,FR,1,0.8161383782114301
2025-04-23,GB,5,0.768719747301304
2025-04-23,HR,1,0.894685685634613
2025-04-23,ID,17,0.7538859645436917
2025-04-23,IT,2,0.9325751140713692
2025-04-23,JP,12,0.841818276957818
2025-04-23,KH,2,0.6366222103436787
2025-04-23,LA,1,0.7204660610074088
2025-04-23,MO,2,0.8905050986579487
2025-04-23,MY,5,0.7576808266865175
2025-04-23,NL,1,0.7419518679380417
2025-04-23,NZ,1,0.9305570721626282
2025-04-23,OM,1,0.8779480494558811
2025-04-23,PE,1,0.9172443747520447
2025-04-23,PH,28,0.869907972245116
2025-04-23,SA,2,0.8558540592590969
2025-04-23,SG,2,0.8151534078021845
2025-04-23,TH,36,0.8018981156702175
2025-04-23,TR,1,0.5419741785153747
2025-04-23,TW,4,0.782686754091022
2025-04-23,UA,1,0.7222737669944763
2025-04-23,US,6,0.7873853284430194
2025-04-23,VN,3,0.8188423415025076
2025-04-24,AT,1,0.975093424320221
2025-04-24,AU,3,0.8453497207827039
2025-04-24,BY,1,0.09222029894590378
2025-04-24,CA,1,0.7868510782718658
2025-04-24,CH,1,0.8025264143943787
2025-04-24,DE,1,0.7725762489896554
2025-04-24,GB,8,0.8329415384757642
2025-04-24,HK,2,0.9366995556788011
2025-04-24,ID,13,0.8415029465405174
2025-04-24,JP,8,0.9037870110219551
2025-04-24,KR,4,0.8463921522100767
2025-04-24,KZ,1,0.9321588277816772
2025-04-24,LA,1,0.9072365814989264
2025-04-24,MO,1,0.5417163968086243
2025-04-24,MY,2,0.8955477045642005
2025-04-24,NL,1,0.8427034616470337
2025-04-24,NZ,1,0.8222741354256868
2025-04-24,PH,24,0.8066790571947835
2025-04-24,SG,3,0.6420043284694353
2025-04-24,TH,36,0.785902474535025
2025-04-24,TR,1,0.7199166005566007
2025-04-24,TW,7,0.8637421617334563
2025-04-24,US,7,0.8567046383681595
2025-04-24,VN,2,0.7434439066383574
2025-04-24,ZA,1,0.7041821939249834
2025-04-25,AM,1,0.9654796719551086
2025-04-25,AU,3,0.7635933993827729
2025-04-25,CA,1,0.6084485188126564
2025-04-25,ES,1,0.4571678042411804
2025-04-25,FR,1,0.07581895589828491
2025-04-25,GB,1,0.8867841958999634
2025-04-25,HK,3,0.8392365127801895
2025-04-25,ID,17,0.8679713597977717
2025-04-25,JP,3,0.876443528663367
2025-04-25,KR,2,0.522881954908371
2025-04-25,LA,4,0.6414434823475084
2025-04-25,MM,1,0.8933310508728027
2025-04-25,MO,1,0.9333895444869995
2025-04-25,MY,1,0.8640565872192383
2025-04-25,NZ,2,0.851995050907135
2025-04-25,PH,33,0.696232096576486
2025-04-25,PL,1,0.6859377225240072
2025-04-25,PR,1,0.9368734955787659
2025-04-25,QA,1,0.7007926292717457
2025-04-25,SA,1,0.6478240787982941
2025-04-25,SG,2,0.8586936364571254
2025-04-25,SK,1,0.7852907776832581
2025-04-25,TH,36,0.844399820436828
2025-04-25,TW,9,0.8348481015474708
2025-04-25,US,3,0.7932143037517866
2025-04-25,VN,7,0.7907092518491662
2025-04-26,AU,4,0.8477057324101528
2025-04-26,BY,1,0.7989468574523926
2025-04-26,CA,1,0.37925371527671814
2025-04-26,DE,1,0.16915607824921608
2025-04-26,GB,2,0.7710430567463239
2025-04-26,ID,16,0.749219002606963
2025-04-26,JP,7,0.8848202746571718
2025-04-26,KR,4,0.6608562130880142
2025-04-26,KW,1,0.43411375042051076
2025-04-26,MO,1,0.9221866130828857
2025-04-26,NZ,1,0.9717616438865662
2025-04-26,PH,34,0.8597274536059132
2025-04-26,QA,1,0.9525914986928303
2025-04-26,SG,2,0.8612724790970485
2025-04-26,TH,40,0.829669020019046
2025-04-26,TR,1,0.47723971710850793
2025-04-26,TW,10,0.8368119316796461
2025-04-26,US,3,0.8436831550465689
2025-04-26,VN,3,0.840972857342826
2025-04-27,AM,1,0.9662800828615824
2025-04-27,AU,2,0.9542334212197198
2025-04-27,BY,2,0.8268341983065886
2025-04-27,CA,1,0.8900377154350281
2025-04-27,ES,1,0.9254830645190345
2025-04-27,GB,1,0.9331285953521729
2025-04-27,HK,1,0.8209131012360255
2025-04-27,ID,19,0.8247334819076471
2025-04-27,IT,1,0.9021314978599548
2025-04-27,JP,6,0.8211146668255669
2025-04-27,KH,1,0.8250350952148438
2025-04-27,LA,1,0.8116466303666433
2025-04-27,MO,2,0.9107723037401836
2025-04-27,MY,2,0.7226763119300206
2025-04-27,NZ,1,0.8942796687285105
2025-04-27,PE,1,0.9058449864387512
2025-04-27,PH,35,0.8392205150851182
2025-04-27,SG,7,0.7721811556711353
2025-04-27,TH,28,0.7710493988889754
2025-04-27,TW,5,0.8328042006492614
2025-04-27,US,7,0.7703992339471977
2025-04-27,VN,2,0.9330651164054871
2025-04-28,AE,2,0.6171261514537036
2025-04-28,AR,2,0.5663366488491495
2025-04-28,AU,2,0.6881399204333623
2025-04-28,BR,1,0.9150500655174255
2025-04-28,BY,2,0.4852200895547867
2025-04-28,CN,1,0.5234729629786065
2025-04-28,ES,2,0.9367432019540242
2025-04-28,GB,1,0.7720746695995331
2025-04-28,ID,13,0.8140884535903836
2025-04-28,JP,8,0.905405846443921
2025-04-28,KR,2,0.332147978246212
2025-04-28,KW,1,0.8535574376583099
2025-04-28,LA,1,0.5507644329752241
2025-04-28,MO,1,0.8239485621452332
2025-04-28,MY,2,0.7418396466722091
2025-04-28,NL,1,0.9706870913505554
2025-04-28,NP,1,0.8646002054214478
2025-04-28,PH,36,0.775993284255897
2025-04-28,QA,1,0.9462622404098511
2025-04-28,SG,4,0.7026858584334453
2025-04-28,TH,44,0.7969021899493423
2025-04-28,TW,9,0.7668344521242262
2025-04-28,US,7,0.823692793824843
2025-04-28,VN,6,0.6300543056869948
2025-04-29,BR,2,0.858284049128027
2025-04-29,CN,1,0.9696409106254578
2025-04-29,DE,1,0.6633059105111493
2025-04-29,GB,4,0.8966083993514379
2025-04-29,HK,1,0.929104745388031
2025-04-29,ID,12,0.7390927856824997
2025-04-29,IT,2,0.8476530015468597
2025-04-29,JP,4,0.8115579967020136
2025-04-29,KH,1,0.9467089176177979
2025-04-29,KR,4,0.598915575693051
2025-04-29,MY,1,0.9576767086982727
2025-04-29,NP,1,0.8328707218170166
2025-04-29,NZ,1,0.9429869949817657
2025-04-29,PH,28,0.7916664668109744
2025-04-29,SG,3,0.7276129589548476
2025-04-29,TH,36,0.8308705392181154
2025-04-29,TW,7,0.7156178183853626
2025-04-29,US,8,0.672243145235282
2025-04-29,VN,2,0.368022583425045
2025-04-30,AE,1,0.771320903301239
2025-04-30,AU,1,0.7199925283590952
2025-04-30,ES,1,0.9696757644414902
2025-04-30,FR,1,0.9096024036407471
2025-04-30,GB,2,0.9042221109072368
2025-04-30,HK,4,0.9197056328966504
2025-04-30,ID,27,0.7452746242658653
2025-04-30,JP,7,0.7762470991131174
2025-04-30,KR,2,0.7862297919663517
2025-04-30,LA,2,0.7999017362228849
2025-04-30,MO,2,0.7469495239357153
2025-04-30,MY,3,0.4348964437376708
2025-04-30,NP,1,0.7310714721679688
2025-04-30,NZ,1,0.5486240486303965
2025-04-30,PH,29,0.7682881885852748
2025-04-30,QA,1,0.1690586358308792
2025-04-30,SA,2,0.8140435740351677
2025-04-30,SG,4,0.6810024521158388
2025-04-30,TH,30,0.8274514452828351
2025-04-30,TW,3,0.4627180260916551
2025-04-30,US,5,0.8764160332761193
2025-04-30,VN,1,0.9118276238441467
2025-05-01,AL,4,0.8947564102709293
2025-05-01,AR,1,0.7585608267180977
2025-05-01,AU,4,0.7413428508016902
2025-05-01,BY,2,0.7263130434704097
2025-05-01,CA,1,0.9267293810844421
2025-05-01,FR,1,0.9730844348669052
2025-05-01,GB,2,0.8487457036972046
2025-05-01,HK,1,0.9138477444648743
2025-05-01,ID,13,0.7863742966778003
2025-05-01,JP,10,0.8563664869295481
2025-05-01,KH,1,0.6658036112785339
2025-05-01,KR,2,0.5635245740413666
2025-05-01,MX,1,0.921570873260498
2025-05-01,NP,2,0.8079546133263245
2025-05-01,PH,29,0.8383670732792411
2025-05-01,SG,5,0.8452547637621561
2025-05-01,TH,34,0.8158468960539427
2025-05-01,TW,2,0.900423099597295
2025-05-01,US,7,0.7756816276482174
2025-05-01,VN,4,0.6669338250843186
2025-05-01,ZA,1,0.9364182353019714
2025-05-02,AU,3,0.7023997455835342
2025-05-02,BD,1,0.8750640153884888
2025-05-02,BY,6,0.8829410600707047
2025-05-02,CA,1,0.8813957031816244
2025-05-02,CY,1,0.9307301938533783
2025-05-02,HK,1,0.9552125930786133
2025-05-02,ID,11,0.8414966802705418
2025-05-02,JP,17,0.7729844422263105
2025-05-02,KH,1,0.490678321570158
2025-05-02,KR,2,0.8360110534863039
2025-05-02,LA,1,0.6786551877856255
2025-05-02,MO,1,0.8752103745937347
2025-05-02,MY,2,0.7396327278443745
2025-05-02,NL,2,0.8918241923763638
2025-05-02,PH,31,0.7665398074034553
2025-05-02,SG,3,0.5800419648488363
2025-05-02,TH,37,0.8062573389589415
2025-05-02,TW,3,0.8027686658832761
2025-05-02,UA,1,0.9703468680381775
2025-05-02,US,8,0.6729560490590162
2025-05-02,VN,3,0.39958809564510983
2025-05-03,AE,1,0.9018011093139648
2025-05-03,AT,1,0.2083352953195572
2025-05-03,AU,2,0.9547615547974904
2025-05-03,BY,1,0.6565542221069336
2025-05-03,CA,1,0.5113735198974609
2025-05-03,CL,1,0.8174831173185146
2025-05-03,GB,1,0.9718610644340515
2025-05-03,HK,1,0.6913839876651764
2025-05-03,ID,14,0.8081190768526391
2025-05-03,IE,1,0.07514994591474533
2025-05-03,JP,3,0.8675098485416836
2025-05-03,KH,1,0.8794704079627991
2025-05-03,KR,2,0.7920725959966974
2025-05-03,MY,1,0.49939823150634766
2025-05-03,NZ,4,0.9468745173390565
2025-05-03,PH,25,0.7626211527340746
2025-05-03,SG,3,0.4882523698939217
2025-05-03,TH,33,0.7666219818506895
2025-05-03,TR,1,0.41872280836105347
2025-05-03,TW,1,0.47678279392421247
2025-05-03,US,3,0.7973085211382972
2025-05-03,VN,3,0.8809142311414083
2025-05-04,AU,2,0.8666891430444257
2025-05-04,BY,1,0.8828625082969666
2025-05-04,CA,1,0.9605887134869894
2025-05-04,CN,1,0.5591692924499512
2025-05-04,DE,1,0.9282809446255366
2025-05-04,ES,1,0.9630686044692993
2025-05-04,GB,1,0.819784514605999
2025-05-04,HK,1,0.9601233303546906
2025-05-04,ID,13,0.8011680234366575
2025-05-04,JP,6,0.8446794153137159
2025-05-04,KR,2,0.7648771904246321
2025-05-04,LK,1,0.8935598433017731
2025-05-04,MX,1,0.9704115390777588
2025-05-04,MY,4,0.8060068296534675
2025-05-04,NZ,2,0.9255524713259478
2025-05-04,PH,35,0.8097102450500303
2025-05-04,SG,4,0.7486607608679235
2025-05-04,TH,38,0.772797980464169
2025-05-04,TR,1,0.9377185106277466
2025-05-04,TW,3,0.874144380291303
2025-05-04,US,5,0.6688264096667742
2025-05-04,VN,7,0.7020064862540956
2025-05-05,AU,2,0.8744699422802245
2025-05-05,BY,1,0.9358618259429932
2025-05-05,DE,1,0.9211512207984924
2025-05-05,EG,1,0.39620592320958775
2025-05-05,GB,2,0.8856713064014912
2025-05-05,HK,4,0.8432701230049133
2025-05-05,ID,21,0.8167482072269292
2025-05-05,JP,12,0.8802345031042864
2025-05-05,KH,1,0.8732321059538258
2025-05-05,KR,4,0.7288171413931108
2025-05-05,LA,1,0.7672287225723267
2025-05-05,MO,1,0.5333911801377932
2025-05-05,MX,3,0.9280927653114001
2025-05-05,MY,4,0.6637948690280066
2025-05-05,NZ,1,0.9555952228032626
2025-05-05,PH,21,0.8652249276232696
2025-05-05,SA,1,0.9602356553077698
2025-05-05,SG,4,0.8401731222867965
2025-05-05,TH,49,0.7874091336005007
2025-05-05,TW,3,0.9280186494191488
2025-05-05,US,10,0.815662380747306
2025-05-05,VN,12,0.8816772977470276
2025-05-05,ZA,1,0.6074575132557324
2025-05-06,BY,1,0.9659277200698853
2025-05-06,CH,1,0.8447943925857544
2025-05-06,DE,1,0.5974888205528259
2025-05-06,ES,1,0.9772706627845764
2025-05-06,GB,4,0.8835667947163949
2025-05-06,ID,22,0.8151550957136436
2025-05-06,JP,13,0.8302623949310445
2025-05-06,KE,1,0.636639729142189
2025-05-06,KR,2,0.6833323086611927
2025-05-06,MY,4,0.5584817317624887
2025-05-06,NL,2,0.9017014404137929
2025-05-06,NZ,2,0.842299641110003
2025-05-06,PH,43,0.8345693926327212
2025-05-06,PL,1,0.9524539709091187
2025-05-06,SG,5,0.6586724547935383
2025-05-06,SK,1,0.9347874522209167
2025-05-06,TH,26,0.8138113273573774
2025-05-06,TT,1,0.888119637966156
2025-05-06,TW,5,0.7852211607531423
2025-05-06,UA,1,0.955501139163971
2025-05-06,US,10,0.7134229306324453
2025-05-06,VN,5,0.7110018330812454
2025-05-06,ZA,1,0.8947007358074188
2025-05-07,AE,1,0.15418779850006104
2025-05-07,AT,1,0.9172161221504211
2025-05-07,BR,1,0.9382298141717911
2025-05-07,BY,2,0.3518048715777695
2025-05-07,CA,1,0.9564696947733561
2025-05-07,CN,1,0.956720769405365
2025-05-07,DE,1,0.9080138802528381
2025-05-07,FR,1,0.9481052160263062
2025-05-07,GB,3,0.7633692423502604
2025-05-07,HK,1,0.9408777356147766
2025-05-07,ID,17,0.7212705096736746
2025-05-07,IN,1,0.749938577413559
2025-05-07,JP,15,0.8290302901797717
2025-05-07,KR,3,0.5447158645062397
2025-05-07,KZ,1,0.2115822285413742
2025-05-07,MM,1,0.8470035940408707
2025-05-07,MO,2,0.9496934115886688
2025-05-07,MX,1,0.9730401039123535
2025-05-07,MY,3,0.6928470730781555
2025-05-07,NL,2,0.9207028647263844
2025-05-07,NZ,2,0.9571552574634552
2025-05-07,PG,1,0.9595376193523407
2025-05-07,PH,37,0.8123512715897364
2025-05-07,SG,2,0.5407259790226817
2025-05-07,TH,34,0.7609879408391064
2025-05-07,TW,6,0.8775971642246952
2025-05-07,US,5,0.8151907775728475
2025-05-07,VN,6,0.718882076015723
2025-05-07,ZA,1,0.6390109062194824
2025-05-08,PH,1,0.5232729651965201
2025-05-08,TH,4,0.6021209314659548
2025-05-08,TW,1,0.7275997602513858
2025-05-08,US,1,0.9318389296531677
2025-05-08,VN,1,0.8179624527692795
2025-09-01,AE,1,0.9449305335680643
2025-09-01,AU,3,0.9096054602654373
2025-09-01,BY,1,0.9229393601417542
2025-09-01,FR,1,0.49626100063323975
2025-09-01,ID,8,0.8777608969446384
2025-09-01,IL,1,0.9715111255645752
2025-09-01,IT,1,0.885688841342926
2025-09-01,JP,9,0.8381841356183691
2025-09-01,KR,3,0.9110780599078646
2025-09-01,MM,1,0.7807554006576538
2025-09-01,NP,1,0.95003462433815
2025-09-01,PG,1,0.7116460248827934
2025-09-01,PH,21,0.8089879556089385
2025-09-01,SG,2,0.7635295242071152
2025-09-01,TH,19,0.7712872549372585
2025-09-01,TW,5,0.7721405220633013
2025-09-01,US,6,0.9083793726232318
2025-09-01,VN,1,0.3483581729233265
2025-09-02,CN,1,0.8149478236834208
2025-09-02,HK,1,0.828602135181427
2025-09-02,ID,4,0.7895545999597138
2025-09-02,JP,9,0.9322292034921053
2025-09-02,KH,1,0.6524030566215515
2025-09-02,KR,1,0.8432695865631104
2025-09-02,MM,1,0.5430803894996643
2025-09-02,MY,2,0.5864569917321205
2025-09-02,NP,2,0.68946160475413
2025-09-02,PH,16,0.7594681331663325
2025-09-02,SG,2,0.4964114259928465
2025-09-02,TH,24,0.7613347039018995
2025-09-02,TW,2,0.7842195495963097
2025-09-02,US,2,0.476826728011171
2025-09-03,AE,1,0.8484580144286156
2025-09-03,BR,1,0.9513874053955078
2025-09-03,CA,1,0.9653181185324987
2025-09-03,CH,1,0.9386120736598969
2025-09-03,CN,1,0.9112246566348605
2025-09-03,ES,1,0.6221176162362099
2025-09-03,GB,2,0.8287513554096222
2025-09-03,ID,11,0.7520093519263239
2025-09-03,JP,8,0.8552206061772054
2025-09-03,KH,1,0.6096740216016769
2025-09-03,KR,1,0.9277455389499665
2025-09-03,KZ,1,0.9517089525858561
2025-09-03,LA,1,0.8956311866641045
2025-09-03,MO,2,0.6581263214349746
2025-09-03,NZ,1,0.9507003426551819
2025-09-03,PH,18,0.8421146528003027
2025-09-03,SG,4,0.7322748336527083
2025-09-03,TH,24,0.7031230190474685
2025-09-03,TW,4,0.7946994571946562
2025-09-03,US,2,0.8351786062121391
2025-09-03,VN,3,0.6481396704912186
2025-09-04,AU,1,0.975607693195343
2025-09-04,BY,2,0.7071573957800865
2025-09-04,GB,1,0.8311294515927633
2025-09-04,ID,5,0.8605453567372429
2025-09-04,JP,8,0.9246796568140688
2025-09-04,NP,1,0.8122090995311737
2025-09-04,PH,18,0.748423998788446
2025-09-04,SG,1,0.9240032434463501
2025-09-04,TH,20,0.859378346073551
2025-09-04,TW,2,0.8697300255298615
2025-09-04,US,4,0.832956425100565
2025-09-04,VN,2,0.7411681547126643
2025-09-05,AE,1,0.9158350825309753
2025-09-05,BY,1,0.4484625806411107
2025-09-05,CA,3,0.7794577218592167
2025-09-05,GB,1,0.9299494922161102
2025-09-05,ID,7,0.8389255681208202
2025-09-05,JP,9,0.8433513293707461
2025-09-05,KH,2,0.8918001254399617
2025-09-05,KR,2,0.957290329264872
2025-09-05,PH,18,0.7555267198609166
2025-09-05,SA,1,0.9477843642234802
2025-09-05,SG,2,0.24040566571056843
2025-09-05,TH,26,0.8017165083526202
2025-09-05,TW,6,0.9065732326772479
2025-09-05,UG,1,0.9417816996574402
2025-09-05,US,4,0.7445427905768156
2025-09-05,VN,7,0.6683587815536349
2025-09-06,CA,1,0.5015688762068748
2025-09-06,CN,1,0.9504718726331537
2025-09-06,ES,1,0.9131480852762858
2025-09-06,GB,3,0.8560780220167347
2025-09-06,ID,5,0.7081504328176379
2025-09-06,JP,14,0.8119055701506296
2025-09-06,KR,1,0.9595946934488084
2025-09-06,MM,1,0.9385021328926086
2025-09-06,MY,3,0.8072241379155053
2025-09-06,PH,31,0.8623044543124876
2025-09-06,SA,1,0.5470213264226913
2025-09-06,SG,2,0.9525687439101083
2025-09-06,TH,22,0.8095454120038219
2025-09-06,TW,7,0.7570236955902406
2025-09-06,US,1,0.8864941000938416
2025-09-06,VN,3,0.6291256723580537
2025-09-07,AE,2,0.80703456999941
2025-09-07,BR,1,0.7885053081171853
2025-09-07,GB,3,0.7744398476004047
2025-09-07,HK,1,0.9495362639427185
2025-09-07,ID,19,0.6963751675419324
2025-09-07,IT,1,0.8569911867380142
2025-09-07,JP,17,0.8534106663907387
2025-09-07,LT,1,0.9455590546131134
2025-09-07,MY,1,0.7524713724851608
2025-09-07,NZ,1,0.7184774652123451
2025-09-07,PH,31,0.7452101795096505
2025-09-07,SG,2,0.9550921005862101
2025-09-07,TH,20,0.6505077978613927
2025-09-07,TW,7,0.9200694213310878
2025-09-07,US,4,0.8370865378528833
2025-09-07,VN,5,0.7887960604081552
2025-09-08,FR,1,0.4675685800611973
2025-09-08,GB,2,0.7877522733594691
2025-09-08,HK,2,0.7331408142991778
2025-09-08,ID,5,0.8570023032388201
2025-09-08,JP,11,0.9146986187746127
2025-09-08,KH,2,0.6535105307896931
2025-09-08,KR,2,0.7182463170960545
2025-09-08,MO,1,0.23483278043568134
2025-09-08,MY,3,0.9471265489146822
2025-09-08,PH,25,0.7616572127965866
2025-09-08,SG,2,0.39720351386953284
2025-09-08,TH,23,0.7912027698524716
2025-09-08,TW,4,0.9029798531283935
2025-09-08,US,1,0.6358816477780541
2025-09-08,VE,1,0.8806253384488324
2025-09-08,VN,5,0.6337017823908091
2025-09-09,AU,2,0.7947087118712564
2025-09-09,BY,1,0.8349830508232117
2025-09-09,FR,3,0.7740050032734871
2025-09-09,GB,2,0.768855189106294
2025-09-09,HK,1,0.9692337870597839
2025-09-09,ID,12,0.7845260107152465
2025-09-09,JP,6,0.8127220719582091
2025-09-09,KR,1,0.9435790479183197
2025-09-09,MO,1,0.7194452262148747
2025-09-09,NZ,1,0.9348614752292633
2025-09-09,PH,14,0.8463234872342628
2025-09-09,SG,2,0.5823027677834034
2025-09-09,TH,14,0.7110173430669443
2025-09-09,TW,3,0.8234771889186016
2025-09-09,US,3,0.9348414838314056
2025-09-09,VN,8,0.6673279150522181
2025-09-10,BN,1,0.937904566526413
2025-09-10,CN,1,0.7493548265525273
2025-09-10,ID,8,0.7977573372740863
2025-09-10,IT,1,0.7371567636728287
2025-09-10,JP,5,0.8453950810946651
2025-09-10,KH,1,0.5985610634088516
2025-09-10,MO,1,0.5648688673973083
2025-09-10,NL,1,0.6041505932807922
2025-09-10,NZ,2,0.6719831377267838
2025-09-10,PH,21,0.8535598129964935
2025-09-10,SG,3,0.8702680203649734
2025-09-10,TH,15,0.8124816280455373
2025-09-10,TW,1,0.8372214237848918
2025-09-10,US,3,0.9287980836897877
2025-09-10,VN,4,0.7677668332862548
2025-09-11,BR,1,0.22511289454996586
2025-09-11,CA,1,0.8980226016740005
2025-09-11,ES,1,0.9771183133125305
2025-09-11,FR,1,0.643180625513196
2025-09-11,ID,10,0.7301507885943419
2025-09-11,JP,6,0.8428961641440985
2025-09-11,KR,2,0.8924130012315732
2025-09-11,LA,2,0.9630117324136552
2025-09-11,LT,1,0.8779710829257965
2025-09-11,MO,1,0.8799958427747091
2025-09-11,MY,1,0.661682041025617
2025-09-11,PH,19,0.744491361987325
2025-09-11,PT,1,0.8546321988105774
2025-09-11,QA,1,0.9343551397323608
2025-09-11,SG,1,0.25058963894844055
2025-09-11,TH,26,0.7283012288958287
2025-09-11,TW,7,0.542750276609388
2025-09-11,US,2,0.8144898414611816
2025-09-11,VN,5,0.8166100540161132
2025-09-12,AE,2,0.4733891404854755
2025-09-12,DE,1,0.9801689982414246
2025-09-12,GB,2,0.8028455674648285
2025-09-12,ID,7,0.8922504342927718
2025-09-12,JP,18,0.8642865435494609
2025-09-12,KH,2,0.7761345059743949
2025-09-12,KR,1,0.7287307331072432
2025-09-12,PH,20,0.8374245352901353
2025-09-12,SG,4,0.6946570749248783
2025-09-12,TH,21,0.8483196098606482
2025-09-12,TR,1,0.023369531787466258
2025-09-12,TW,5,0.8829660101897187
2025-09-12,US,4,0.5969709630257317
2025-09-12,VN,4,0.912726879119873
2025-09-13,AE,1,0.9617399970690409
2025-09-13,CN,1,0.5788739789277315
2025-09-13,FR,1,0.8761249979337057
2025-09-13,GB,1,0.9013077020645142
2025-09-13,ID,7,0.7678633723940168
2025-09-13,JP,13,0.9066612776263412
2025-09-13,KR,4,0.8703493735442559
2025-09-13,LK,1,0.7390126155482398
2025-09-13,PH,23,0.8302736582364377
2025-09-13,SG,1,0.904179036617279
2025-09-13,TH,18,0.7998144407329855
2025-09-13,TW,8,0.7620235847578096
2025-09-13,US,5,0.8932732999324798
2025-09-13,VN,5,0.4713436394433181
2025-09-14,AE,1,0.9389395713806152
2025-09-14,ES,1,0.9218679647797193
2025-09-14,GB,1,0.8450355529785156
2025-09-14,HK,1,0.7048865874608358
2025-09-14,ID,12,0.8409774592307621
2025-09-14,JP,12,0.8532653600046481
2025-09-14,KR,1,0.9110971689224243
2025-09-14,MM,1,0.6760981380939484
2025-09-14,MY,3,0.8560142980681525
2025-09-14,NZ,1,0.6402113189299902
2025-09-14,PH,14,0.764096683592123
2025-09-14,TH,26,0.6585537671466898
2025-09-14,TW,5,0.8458600631781987
2025-09-14,US,1,0.977775514125824
2025-09-14,VN,4,0.8001906322470556
2025-09-15,AE,1,0.5675175786018372
2025-09-15,DE,1,0.5907532751560212
2025-09-15,ES,1,0.5025720000267029
2025-09-15,FR,1,0.9118650078773498
2025-09-15,GB,2,0.8889108300209045
2025-09-15,ID,5,0.7727664200278619
2025-09-15,JP,6,0.9331192921934127
2025-09-15,KR,1,0.8595888614654541
2025-09-15,MX,1,0.9732426702976227
2025-09-15,MY,2,0.8733069951335589
2025-09-15,NL,1,0.9641176422437032
2025-09-15,NZ,1,0.45847400774558383
2025-09-15,PH,13,0.799754242628016
2025-09-15,PK,1,0.861215353012085
2025-09-15,SG,1,0.5402821898460388
2025-09-15,TH,34,0.8342996989818927
2025-09-15,TW,4,0.7401320291419757
2025-09-15,US,4,0.41767506316925085
2025-09-15,VN,2,0.5064005315027855
2025-09-16,AU,2,0.8530760364873069
2025-09-16,BR,1,0.8452845215797424
2025-09-16,HK,1,0.9155916770299276
2025-09-16,ID,7,0.8508174917651866
2025-09-16,JP,10,0.7320961497566498
2025-09-16,KH,1,0.9144192934036255
2025-09-16,KR,3,0.8663835125783134
2025-09-16,LA,1,0.4742905058358845
2025-09-16,PH,16,0.8040948676016189
2025-09-16,SG,5,0.85999682645003
2025-09-16,TH,21,0.7591800801075843
2025-09-16,TW,5,0.5542921385829191
2025-09-16,US,2,0.7134974002838135
2025-09-16,VN,7,0.7439740570409903
2025-09-17,AE,2,0.9341760575771332
2025-09-17,AU,1,0.9478116482496262
2025-09-17,BY,2,0.9027677501241367
2025-09-17,GB,1,0.9794518947601318
2025-09-17,HK,2,0.5630784125532955
2025-09-17,ID,7,0.7460343106161981
2025-09-17,JP,17,0.8921418436596622
2025-09-17,KH,1,0.7983431220054626
2025-09-17,KR,1,0.9776608943939209
2025-09-17,LA,1,0.9391232331593832
2025-09-17,MY,2,0.9303184151649475
2025-09-17,PH,18,0.8732319495172995
2025-09-17,SG,2,0.8466459115346272
2025-09-17,SK,1,0.010972683317959309
2025-09-17,TH,23,0.8040232814766581
2025-09-17,TW,1,0.6842727065086365
2025-09-17,US,1,0.520842151509391
2025-09-17,VN,2,0.9120501458644867
2025-09-18,AU,1,0.9081817984580993
2025-09-18,BY,1,0.8306020498275757
2025-09-18,FR,1,0.9735893805821737
2025-09-18,GB,3,0.9302593568960825
2025-09-18,ID,5,0.7181185673390116
2025-09-18,JP,6,0.9486763365521244
2025-09-18,LK,1,0.6746942400932312
2025-09-18,MY,1,0.9498833378156025
2025-09-18,PH,15,0.7866263849731304
2025-09-18,SA,1,0.9095008288111005
2025-09-18,SG,1,0.8765499467651049
2025-09-18,TH,27,0.831376317158142
2025-09-18,TW,1,0.0754553023725748
2025-09-18,US,7,0.6823336320760119
2025-09-18,VN,6,0.8462683585191529
2025-09-19,AU,1,0.9093406051397324
2025-09-19,BY,1,0.8385052680969238
2025-09-19,DE,1,0.9331169724464417
2025-09-19,GB,1,0.9041325946648915
2025-09-19,HK,1,0.9520554542541504
2025-09-19,ID,12,0.7434333686280564
2025-09-19,JP,18,0.8653388480128592
2025-09-19,KH,2,0.8009909093379974
2025-09-19,KR,1,0.8748489320278168
2025-09-19,LA,1,0.962579220533371
2025-09-19,MY,1,0.8478485494852066
2025-09-19,PH,25,0.8094900626132342
2025-09-19,SE,1,0.9573566913604736
2025-09-19,SG,1,0.927818775177002
2025-09-19,TH,12,0.8839214649746224
2025-09-19,TW,3,0.7324001100328233
2025-09-19,US,2,0.9254849255084991
2025-09-19,VN,5,0.7737258906165759
2025-09-20,AE,2,0.9390194724003473
2025-09-20,AU,1,0.9734993577003479
2025-09-20,CA,1,0.7844560046990713
2025-09-20,HK,1,0.9331145087877909
2025-09-20,ID,3,0.7737380670176611
2025-09-20,IN,1,0.6519312659899393
2025-09-20,JP,18,0.8819207765485135
2025-09-20,KH,1,0.9007299542427063
2025-09-20,KR,2,0.6004902443715504
2025-09-20,KW,1,0.958869144320488
2025-09-20,MY,3,0.867894450823466
2025-09-20,NG,1,0.33960257644454633
2025-09-20,PH,18,0.9055559109507139
2025-09-20,QA,1,0.388036772608757
2025-09-20,SG,2,0.9530685370167096
2025-09-20,TH,16,0.7414249431666439
2025-09-20,TW,6,0.8874682444619175
2025-09-20,UG,1,0.8588123321533203
2025-09-20,US,6,0.7859744402387786
2025-09-20,VN,2,0.5131211263629106
2025-09-21,AE,1,0.9095335602760315
2025-09-21,BY,1,0.5441809892654419
2025-09-21,CA,1,0.9746919790903728
2025-09-21,GB,1,0.9620199501514435
2025-09-21,ID,9,0.8165605790676579
2025-09-21,IN,1,0.6389023065567017
2025-09-21,JP,18,0.8985142536018523
2025-09-21,KR,2,0.8333408650424745
2025-09-21,MY,2,0.865422934293747
2025-09-21,NZ,1,0.7821070849895477
2025-09-21,PH,26,0.8244970722090916
2025-09-21,SG,1,0.8930468839438012
2025-09-21,TH,25,0.8259848860142723
2025-09-21,TW,2,0.9220409329448427
2025-09-21,US,7,0.7515186642767553
2025-09-21,VN,5,0.7370014270146688
2025-09-22,AE,1,0.9743906021118164
2025-09-22,FR,1,0.8933310508728027
2025-09-22,ID,4,0.914426961603264
2025-09-22,JP,13,0.854982497495047
2025-09-22,KR,4,0.880031297202496
2025-09-22,MO,1,0.9652470648288727
2025-09-22,MY,1,0.9287808239459991
2025-09-22,NP,1,0.9173882603645325
2025-09-22,PH,21,0.7796748565466105
2025-09-22,SG,4,0.8281406624538994
2025-09-22,TH,19,0.8021984374807626
2025-09-22,TW,7,0.9321848731139536
2025-09-22,US,3,0.8489109532286724
2025-09-22,VN,4,0.8845798476288715
2025-09-23,AE,1,0.9646463592847189
2025-09-23,DE,1,0.20297110080718994
2025-09-23,GB,1,0.9231017827987671
2025-09-23,ID,10,0.7083865726159678
2025-09-23,JP,18,0.8947882729449442
2025-09-23,KR,3,0.7688935018248028
2025-09-23,MM,1,0.9598633050918579
2025-09-23,MX,1,0.8887867480516434
2025-09-23,MY,2,0.9281605408849941
2025-09-23,NO,1,0.6826958656311035
2025-09-23,PG,1,0.45644521713256836
2025-09-23,PH,27,0.83447181211795
2025-09-23,SG,1,0.954858660697937
2025-09-23,TH,17,0.7704447812049112
2025-09-23,TW,2,0.8994044661521912
2025-09-23,US,5,0.7504547349115213
2025-09-23,VN,3,0.6145301873071326
2025-09-24,AU,3,0.6139578547639152
2025-09-24,CA,1,0.9306081905961037
2025-09-24,ID,5,0.7314253360778094
2025-09-24,JP,18,0.8175687297591785
2025-09-24,KR,1,0.912535160779953
2025-09-24,MO,1,0.5468563437461853
2025-09-24,MX,1,0.9183126016268655
2025-09-24,MY,1,0.41629092892011005
2025-09-24,NZ,1,0.681709007670482
2025-09-24,PH,13,0.8211057193811315
2025-09-24,SA,1,0.9746205177572038
2025-09-24,SG,4,0.8410468071344352
2025-09-24,SK,1,0.9188741991917292
2025-09-24,TH,22,0.806986819254385
2025-09-24,TW,6,0.5899336411307256
2025-09-24,US,5,0.5462374057860349
2025-09-24,VN,3,0.8403379896767119
2025-09-25,AE,1,0.8360055685043335
2025-09-25,EC,1,0.8799141944696506
2025-09-25,GB,2,0.8005684580550425
2025-09-25,HK,1,0.3867162764072418
2025-09-25,ID,8,0.8719115003990504
2025-09-25,IN,1,0.9686365988519456
2025-09-25,JP,13,0.7777165237363179
2025-09-25,KH,1,0.7023340448737144
2025-09-25,KR,1,0.9681286215782166
2025-09-25,MM,1,0.007630298845469952
2025-09-25,MY,3,0.8347441293299198
2025-09-25,PH,15,0.8746834416008595
2025-09-25,QA,1,0.10101154694954555
2025-09-25,SG,2,0.938301537057449
2025-09-25,TH,26,0.7963508939058952
2025-09-25,TW,4,0.8578895095270127
2025-09-25,US,5,0.9426175951957703
2025-09-25,ZA,1,0.9535631835460663
2025-09-26,CA,2,0.937877615292867
2025-09-26,CL,1,0.9412036511633132
2025-09-26,GB,1,0.9076156616210938
2025-09-26,ID,5,0.9222677229156415
2025-09-26,JP,11,0.9002524532352818
2025-09-26,MX,1,0.9149090791570729
2025-09-26,MY,3,0.689307863399283
2025-09-26,PH,21,0.874390855624789
2025-09-26,SG,4,0.9031461551785469
2025-09-26,TH,28,0.7746819480670227
2025-09-26,TW,4,0.557542982022278
2025-09-26,US,3,0.635176216562589
2025-09-26,VN,4,0.9375146516909202
2025-09-27,AE,2,0.9424420577522956
2025-09-27,BE,2,0.8682494759559631
2025-09-27,BR,1,0.7361230105161667
2025-09-27,BY,1,0.10241376608610153
2025-09-27,GB,3,0.5174268564830223
2025-09-27,HK,1,0.8450790544350942
2025-09-27,ID,13,0.7551714345454597
2025-09-27,IT,1,0.8689526915550232
2025-09-27,JP,11,0.8773377720346495
2025-09-27,MX,1,0.9127451181411743
2025-09-27,MY,2,0.808226681003968
2025-09-27,NP,1,0.7496481537818909
2025-09-27,PH,30,0.7624582009830883
2025-09-27,SG,2,0.7194519620388746
2025-09-27,TH,33,0.8457610402133234
2025-09-27,TW,10,0.6869463195262308
2025-09-27,US,6,0.8048668766789365
2025-09-28,AU,1,0.31109959141661725
2025-09-28,BR,1,0.41700980936487514
2025-09-28,BY,1,0.9348369091749191
2025-09-28,GB,1,0.8877233217159907
2025-09-28,ID,9,0.7709365313487491
2025-09-28,JP,16,0.8322618724192322
2025-09-28,KR,1,0.7255489031473795
2025-09-28,MX,1,0.9722779393196106
2025-09-28,MY,1,0.9453248977661133
2025-09-28,NZ,3,0.710286985809852
2025-09-28,PH,24,0.8058677777980586
2025-09-28,QA,1,0.8895138180642216
2025-09-28,SG,4,0.6997224290079127
2025-09-28,TH,20,0.7677477740638934
2025-09-28,TW,3,0.9269757324741
2025-09-28,US,6,0.6911872986704112
2025-09-28,VN,6,0.7068910452388767
2025-09-29,AU,2,0.6562194377183914
2025-09-29,DE,1,0.9692152142524719
2025-09-29,ES,1,0.9158273388942083
2025-09-29,GB,5,0.7339001768908072
2025-09-29,HK,2,0.5833245170199208
2025-09-29,ID,3,0.775554206636217
2025-09-29,JP,13,0.7732716393970704
2025-09-29,KH,1,0.4705718785524368
2025-09-29,KR,2,0.6145767337746091
2025-09-29,MM,1,0.9737304151058197
2025-09-29,MO,1,0.6089979584018389
2025-09-29,MY,3,0.8847091860241361
2025-09-29,PH,18,0.8281783561162043
2025-09-29,SG,1,0.8851141105095545
2025-09-29,TH,17,0.7926349767730778
2025-09-29,TW,2,0.9236320113906493
2025-09-29,US,5,0.8510172445123846
2025-09-29,VN,2,0.6953131631016731
2025-09-30,BY,1,0.8514456748962402
2025-09-30,ES,1,0.7319172024726868
2025-09-30,HK,1,0.9167439331610998
2025-09-30,ID,5,0.7399695848907972
2025-09-30,JP,16,0.8487648718821335
2025-09-30,KH,1,0.9295266270637512
2025-09-30,KR,1,0.6146152019500732
2025-09-30,MO,1,0.8934548497200012
2025-09-30,MY,2,0.8153983668113748
2025-09-30,NZ,1,0.7964302033185959
2025-09-30,PH,23,0.8398737281455687
2025-09-30,PK,1,0.8258289441466331
2025-09-30,SC,1,0.8276538337979998
2025-09-30,SG,5,0.7218900233507156
2025-09-30,TH,18,0.8233503379616902
2025-09-30,TW,7,0.8131169176970918
2025-09-30,US,6,0.7862343952828456
2025-09-30,VN,3,0.7958965935640866
2025-10-01,AE,1,0.9427068860907304
2025-10-01,AU,1,0.9270334541797638
2025-10-01,BY,3,0.7353254881772129
2025-10-01,DE,1,0.7766297360261282
2025-10-01,FI,1,0.6800783902406693
2025-10-01,HK,1,0.9635372956593832
2025-10-01,ID,6,0.6704743527289895
2025-10-01,JP,13,0.8566952344065165
2025-10-01,KH,1,0.7798448204994202
2025-10-01,KW,1,0.8644543762008349
2025-10-01,MO,2,0.9377665817737579
2025-10-01,MY,2,0.9152452312409878
2025-10-01,PH,22,0.8891475596886435
2025-10-01,SA,1,0.9730007946491241
2025-10-01,SG,4,0.7248105321611676
2025-10-01,TH,20,0.8088202799043582
2025-10-01,TW,7,0.8375751914345211
2025-10-01,US,3,0.8208470854494307
2025-10-01,VN,4,0.7157789394259453
2025-10-01,ZA,1,0.2556816039606929
2025-10-02,AU,1,0.9526570332355989
2025-10-02,DE,1,0.9549703001976013
2025-10-02,HK,1,0.8643863797187805
2025-10-02,ID,2,0.9144831555230277
2025-10-02,JP,10,0.861231562801596
2025-10-02,KH,1,0.7933415472507477
2025-10-02,KR,1,0.9550550809273353
2025-10-02,LA,1,0.8719344801372952
2025-10-02,MO,1,0.40029418965180713
2025-10-02,PH,22,0.8426383024057448
2025-10-02,SC,1,0.9108214841948615
2025-10-02,SG,2,0.9240862429141998
2025-10-02,TH,18,0.6526837270827619
2025-10-02,TW,2,0.3813858214393258
2025-10-02,US,5,0.8761230717516607
2025-10-02,VN,2,0.9679133945617123
2025-10-03,BY,1,0.9507719874382019
2025-10-03,GB,1,0.9754878282546997
2025-10-03,ID,7,0.8069041488426072
2025-10-03,JP,15,0.9105435993497709
2025-10-03,MY,1,0.9229393601417542
2025-10-03,NL,1,0.40050162374973297
2025-10-03,PH,22,0.8911602510464569
2025-10-03,SG,4,0.8983936940372248
2025-10-03,TH,16,0.7436581324746973
2025-10-03,TW,1,0.5663470402359962
2025-10-03,VN,2,0.9070367105305195
2025-10-04,AU,3,0.5731991976499557
2025-10-04,BY,4,0.8560033736129602
2025-10-04,GB,2,0.8854536165793736
2025-10-04,HK,1,0.11617060285061598
2025-10-04,ID,9,0.5352356963549499
2025-10-04,JP,11,0.8260752290870301
2025-10-04,KR,1,0.963615894317627
2025-10-04,NL,1,0.9040361046791077
2025-10-04,NP,1,0.8853971600532532
2025-10-04,PH,26,0.8548877796020283
2025-10-04,QA,1,0.9680303111672401
2025-10-04,SG,1,0.9503728747367859
2025-10-04,TH,19,0.77227531032685
2025-10-04,TW,2,0.6214516758918762
2025-10-04,US,5,0.7418290910576328
2025-10-04,VN,5,0.8182136982821284
2025-10-05,AU,2,0.8527348587910335
2025-10-05,BY,1,0.9357473663985729
2025-10-05,CA,1,0.704897990822792
2025-10-05,HK,1,0.691855788230896
2025-10-05,ID,5,0.6934526069418473
2025-10-05,IE,1,0.9635889604687691
2025-10-05,IN,1,0.6927889585494995
2025-10-05,JP,17,0.9070061856306697
2025-10-05,KR,1,0.6889858245849609
2025-10-05,LA,1,0.9631118476390839
2025-10-05,MY,1,0.6819941587746143
2025-10-05,NG,1,0.8623834103345871
2025-10-05,PH,23,0.7770399990804165
2025-10-05,SG,1,0.7748169302940369
2025-10-05,TH,16,0.7032713709603293
2025-10-05,TT,1,0.7954352696736654
2025-10-05,TW,4,0.871875261954431
2025-10-05,US,4,0.6767449285835028
2025-10-06,AE,1,0.7479655742645264
2025-10-06,AU,4,0.926026430403276
2025-10-06,BY,1,0.9499039053916931
2025-10-06,HK,1,0.6180608868598938
2025-10-06,ID,7,0.8339612254885589
2025-10-06,IT,2,0.853464246338064
2025-10-06,JP,12,0.8258770964935113
2025-10-06,KH,1,0.9452990293502808
2025-10-06,KR,2,0.9185859143733979
2025-10-06,MM,1,0.931437075138092
2025-10-06,NP,1,0.8251448273658752
2025-10-06,NZ,1,0.9699513571602958
2025-10-06,PH,22,0.8607548174250759
2025-10-06,PK,1,0.5900650024414062
2025-10-06,SA,1,0.9742213785648346
2025-10-06,SG,4,0.9211175923164074
2025-10-06,TH,16,0.7436862455464767
2025-10-06,TW,1,0.6308738887310028
2025-10-06,UG,1,0.8928470611572266
2025-10-06,US,5,0.9090159313834232
2025-10-06,VN,4,0.8098735498885313
2025-10-07,AU,1,0.962962344288826
2025-10-07,BY,3,0.85665602684021
2025-10-07,CA,1,0.9352294504642487
2025-10-07,DE,1,0.9565563797950745
2025-10-07,GB,1,0.8929095268249512
2025-10-07,GG,1,0.9330306649208069
2025-10-07,ID,11,0.7723523551544436
2025-10-07,JP,8,0.755869459667862
2025-10-07,KH,2,0.9707076296210289
2025-10-07,KR,5,0.7864851772785186
2025-10-07,LA,1,0.6036643981933594
2025-10-07,MM,4,0.8765754625201225
2025-10-07,MO,1,0.9584978222846985
2025-10-07,NL,1,0.7956896560266614
2025-10-07,PH,34,0.7193193924013018
2025-10-07,SG,4,0.721761163789779
2025-10-07,TH,15,0.7962224403993227
2025-10-07,TW,4,0.6910259921207196
2025-10-07,US,4,0.9266559443884081
2025-10-07,VN,4,0.6426090057939291
2025-10-08,AU,1,0.7374051585793495
2025-10-08,BY,4,0.9294792022556067
2025-10-08,DE,1,0.9033380150794983
2025-10-08,ID,9,0.8356575852639421
2025-10-08,JP,13,0.8155100992011527
2025-10-08,KH,2,0.23966711573302746
2025-10-08,LA,1,0.7395034432411194
2025-10-08,MM,4,0.8572176471352577
2025-10-08,MO,2,0.9513753592967987
2025-10-08,MY,2,0.5680768925341821
2025-10-08,NZ,1,0.8933650851249695
2025-10-08,PH,34,0.8043161635540589
2025-10-08,SG,2,0.869001633177201
2025-10-08,TH,18,0.6744836434504231
2025-10-08,TW,2,0.844787276305613
2025-10-08,US,2,0.46112670044641235
2025-10-08,VN,2,0.8171757360299428
2025-10-09,AU,4,0.8890612215904417
2025-10-09,BY,1,0.9090492725372314
2025-10-09,CA,1,0.9701868465968541
2025-10-09,DE,1,0.7390521168708801
2025-10-09,FJ,1,0.8830195831755797
2025-10-09,GB,1,0.7805463589727879
2025-10-09,ID,5,0.8549036918547419
2025-10-09,JP,7,0.7955756350127398
2025-10-09,KR,2,0.8398832529783249
2025-10-09,MM,1,0.061343077570199966
2025-10-09,MY,1,0.9156798553845239
2025-10-09,NZ,2,0.6477251299656928
2025-10-09,PH,35,0.7967409149386002
2025-10-09,TH,19,0.8687277650604164
2025-10-09,TW,6,0.7884137759718931
2025-10-09,US,4,0.6278759514292082
2025-10-09,VN,2,0.7168669551610947
2025-10-10,AU,1,0.9272984365622202
2025-10-10,BY,1,0.014432038180530071
2025-10-10,FR,1,0.9451238334178924
2025-10-10,HK,1,0.8444364666938782
2025-10-10,ID,9,0.6266237293227672
2025-10-10,JP,8,0.8816863366913122
2025-10-10,KR,3,0.8786661867052317
2025-10-10,KW,1,0.8001827001571655
2025-10-10,MX,2,0.9501978059609731
2025-10-10,MY,1,0.9817665219306946
2025-10-10,NZ,1,0.6125367035468419
2025-10-10,PH,16,0.8833104799532483
2025-10-10,QA,1,0.3847729067007701
2025-10-10,SG,2,0.6880320489613546
2025-10-10,TH,16,0.7202543122697691
2025-10-10,TR,1,0.5410942733287811
2025-10-10,TW,2,0.8835239013036091
2025-10-10,US,2,0.8479819446802139
2025-10-10,VN,3,0.6998835988342762
2025-10-11,BR,1,0.7108532786369324
2025-10-11,FR,1,0.9491636604070663
2025-10-11,GB,5,0.9034992061058681
2025-10-11,HK,1,0.9387167096138
2025-10-11,ID,6,0.7542003045144378
2025-10-11,JP,11,0.8354297702441683
2025-10-11,KH,1,0.14337846636772156
2025-10-11,KR,1,0.7055030316114426
2025-10-11,MY,4,0.7457968544628885
2025-10-11,PH,34,0.8201380068718611
2025-10-11,PK,1,0.8943742513656616
2025-10-11,QA,1,0.9075450897216797
2025-10-11,SG,5,0.8099029087329039
2025-10-11,TH,14,0.8821904320326098
2025-10-11,TW,6,0.9094317870007621
2025-10-11,US,6,0.7401993260557805
2025-10-11,VN,6,0.7817035046006953
2025-10-12,AE,1,0.9732881188392639
2025-10-12,AU,2,0.8066280466155149
2025-10-12,BR,1,0.9369745564460754
2025-10-12,BY,2,0.8157443702220917
2025-10-12,CA,2,0.49885048530995846
2025-10-12,FR,1,0.9471933901309967
2025-10-12,GB,3,0.8328244591396974
2025-10-12,HK,1,0.7659219279885292
2025-10-12,ID,11,0.8334063180469908
2025-10-12,JP,9,0.9025434030867991
2025-10-12,KR,2,0.9054705172777175
2025-10-12,LA,1,0.9269265532493591
2025-10-12,LK,1,0.9369595646858215
2025-10-12,MO,1,0.8064142862955729
2025-10-12,MY,3,0.9114466341084273
2025-10-12,NP,1,0.9391723871231079
2025-10-12,PH,41,0.867873878047276
2025-10-12,SA,1,0.9617727518081665
2025-10-12,SG,2,0.9026757761836052
2025-10-12,TH,20,0.8361605985603775
2025-10-12,TL,1,0.8678828701376915
2025-10-12,TW,4,0.9259078424423933
2025-10-12,US,8,0.7745756739550781
2025-10-12,VN,1,0.7258262038230896
2025-10-13,AU,1,0.9590347309907278
2025-10-13,BY,2,0.8979612986246746
2025-10-13,CA,1,0.7704263726870219
2025-10-13,GB,1,0.8299768288166095
2025-10-13,ID,15,0.6965213608892815
2025-10-13,JP,11,0.806731593298684
2025-10-13,MO,1,0.6916277408599854
2025-10-13,MX,1,0.4935888135805726
2025-10-13,MY,1,0.9604125469923019
2025-10-13,PH,27,0.8583274569559564
2025-10-13,TH,26,0.7779715958282399
2025-10-13,TW,9,0.7869794523080488
2025-10-13,US,6,0.8613470096200232
2025-10-13,VN,3,0.6665360858043035
2025-10-14,CA,1,0.8881823321183523
2025-10-14,PH,3,0.7950762511403472
2025-10-14,TH,4,0.4984261168166995
2025-10-14,US,1,0.6055294871330261
